2026-01-04 00:32:15 | INFO     | ExoplanetDownloader | Logging initialized. Log file: logs\download_20260104_003215.log
2026-01-04 00:32:15 | INFO     | ExoplanetDownloader | Starting download pipeline...
2026-01-04 00:32:15 | INFO     | ExoplanetDownloader | Querying Kepler confirmed planets...
2026-01-04 00:32:15 | DEBUG    | ExoplanetDownloader | Executing query: SELECT kepid, kepoi_name, kepler_name, koi_disposition, koi_period, koi_period_err1, koi_period_err2...
2026-01-04 00:32:19 | INFO     | ExoplanetDownloader | Query returned 2746 rows
2026-01-04 00:32:19 | INFO     | ExoplanetDownloader | Retrieved 2746 Kepler confirmed planets
2026-01-04 00:32:19 | INFO     | ExoplanetDownloader | Querying K2 confirmed planets...
2026-01-04 00:32:19 | DEBUG    | ExoplanetDownloader | Executing query: SELECT tic_id, pl_name, hostname, disc_facility, pl_orbper, pl_orbpererr1, pl_orbpererr2, pl_trandep...
2026-01-04 00:32:22 | WARNING  | ExoplanetDownloader | Query attempt 1 failed: HTTP Error 400: ERROR
2026-01-04 00:32:25 | WARNING  | ExoplanetDownloader | Query attempt 2 failed: HTTP Error 400: ERROR
2026-01-04 00:32:29 | WARNING  | ExoplanetDownloader | Query attempt 3 failed: HTTP Error 400: ERROR
2026-01-04 00:32:29 | ERROR    | ExoplanetDownloader | Query failed after 3 attempts
2026-01-04 00:32:29 | INFO     | ExoplanetDownloader | Querying TESS confirmed planets...
2026-01-04 00:32:29 | DEBUG    | ExoplanetDownloader | Executing query: SELECT tic_id, pl_name, hostname, disc_facility, pl_orbper, pl_orbpererr1, pl_orbpererr2, pl_trandep...
2026-01-04 00:32:31 | WARNING  | ExoplanetDownloader | Query attempt 1 failed: HTTP Error 400: ERROR
2026-01-04 00:32:34 | WARNING  | ExoplanetDownloader | Query attempt 2 failed: HTTP Error 400: ERROR
2026-01-04 00:32:38 | WARNING  | ExoplanetDownloader | Query attempt 3 failed: HTTP Error 400: ERROR
2026-01-04 00:32:38 | ERROR    | ExoplanetDownloader | Query failed after 3 attempts
2026-01-04 00:32:39 | INFO     | ExoplanetDownloader | Total unique confirmed planets: 1973
2026-01-04 00:32:39 | INFO     | ExoplanetDownloader | Saved catalog to: data\confirmed_planets.csv
2026-01-04 00:32:39 | INFO     | ExoplanetDownloader | Lightkurve cache directory: D:\.lightkurve2
2026-01-04 00:32:39 | INFO     | ExoplanetDownloader | Resuming: skipping 1073 already completed targets
2026-01-04 00:32:39 | INFO     | ExoplanetDownloader | Downloading 900 targets with 8 workers
2026-01-04 00:32:44 | DEBUG    | ExoplanetDownloader | Retry 1 for KIC 1873513 after 2.0s: Error in reading Data product D:\.lightkurve\cache\mastDownload\Kepler\kplr001873513_lc_Q000000000000001111\kplr001873513-2013011073258_llc.fits of type KeplerLightCurve .
This file may be corrupt due to an interrupted download. Please remove it from your disk and try again.
2026-01-04 00:32:45 | DEBUG    | ExoplanetDownloader | Retry 1 for KIC 2161536 after 2.0s: Error in reading Data product D:\.lightkurve\cache\mastDownload\Kepler\kplr002161536_lc_Q011111111111111111\kplr002161536-2009350155506_llc.fits of type KeplerLightCurve .
This file may be corrupt due to an interrupted download. Please remove it from your disk and try again.
2026-01-04 00:32:46 | DEBUG    | ExoplanetDownloader | Retry 1 for KIC 1026957 after 2.0s: Error in reading Data product D:\.lightkurve\cache\mastDownload\Kepler\kplr001026957_lc_Q111111111111111111\kplr001026957-2010174085026_llc.fits of type KeplerLightCurve .
This file may be corrupt due to an interrupted download. Please remove it from your disk and try again.
2026-01-04 00:32:46 | DEBUG    | ExoplanetDownloader | Retry 1 for KIC 2142522 after 2.0s: Error in reading Data product D:\.lightkurve\cache\mastDownload\Kepler\kplr002142522_lc_Q111111111111111111\kplr002142522-2009259160929_llc.fits of type KeplerLightCurve .
This file may be corrupt due to an interrupted download. Please remove it from your disk and try again.
2026-01-04 00:32:47 | DEBUG    | ExoplanetDownloader | Retry 1 for KIC 1865042 after 2.0s: Error in reading Data product D:\.lightkurve\cache\mastDownload\Kepler\kplr001865042_lc_Q011111111111111111\kplr001865042-2010078095331_llc.fits of type KeplerLightCurve .
This file may be corrupt due to an interrupted download. Please remove it from your disk and try again.
2026-01-04 00:32:47 | DEBUG    | ExoplanetDownloader | Retry 2 for KIC 1873513 after 4.0s: Error in reading Data product D:\.lightkurve\cache\mastDownload\Kepler\kplr001873513_lc_Q000000000000001111\kplr001873513-2013011073258_llc.fits of type KeplerLightCurve .
This file may be corrupt due to an interrupted download. Please remove it from your disk and try again.
2026-01-04 00:32:48 | DEBUG    | ExoplanetDownloader | Retry 1 for KIC 1725016 after 2.0s: Error in reading Data product D:\.lightkurve\cache\mastDownload\Kepler\kplr001725016_lc_Q000011111111111111\kplr001725016-2012088054726_llc.fits of type KeplerLightCurve .
This file may be corrupt due to an interrupted download. Please remove it from your disk and try again.
2026-01-04 00:32:48 | DEBUG    | ExoplanetDownloader | Retry 2 for KIC 2161536 after 4.0s: Error in reading Data product D:\.lightkurve\cache\mastDownload\Kepler\kplr002161536_lc_Q011111111111111111\kplr002161536-2009350155506_llc.fits of type KeplerLightCurve .
This file may be corrupt due to an interrupted download. Please remove it from your disk and try again.
2026-01-04 00:32:48 | DEBUG    | ExoplanetDownloader | Retry 1 for KIC 1871056 after 2.0s: Error in reading Data product D:\.lightkurve\cache\mastDownload\Kepler\kplr001871056_lc_Q111111111111111111\kplr001871056-2010355172524_llc.fits of type KeplerLightCurve .
This file may be corrupt due to an interrupted download. Please remove it from your disk and try again.
2026-01-04 00:32:49 | DEBUG    | ExoplanetDownloader | Retry 1 for KIC 1161345 after 2.0s: Error in reading Data product D:\.lightkurve\cache\mastDownload\Kepler\kplr001161345_lc_Q111111111111111111\kplr001161345-2012088054726_llc.fits of type KeplerLightCurve .
This file may be corrupt due to an interrupted download. Please remove it from your disk and try again.
2026-01-04 00:32:50 | DEBUG    | ExoplanetDownloader | Retry 2 for KIC 2142522 after 4.0s: Error in reading Data product D:\.lightkurve\cache\mastDownload\Kepler\kplr002142522_lc_Q111111111111111111\kplr002142522-2009259160929_llc.fits of type KeplerLightCurve .
This file may be corrupt due to an interrupted download. Please remove it from your disk and try again.
2026-01-04 00:32:50 | DEBUG    | ExoplanetDownloader | Retry 2 for KIC 1026957 after 4.0s: Error in reading Data product D:\.lightkurve\cache\mastDownload\Kepler\kplr001026957_lc_Q111111111111111111\kplr001026957-2010174085026_llc.fits of type KeplerLightCurve .
This file may be corrupt due to an interrupted download. Please remove it from your disk and try again.
2026-01-04 00:32:50 | DEBUG    | ExoplanetDownloader | Retry 2 for KIC 1865042 after 4.0s: Error in reading Data product D:\.lightkurve\cache\mastDownload\Kepler\kplr001865042_lc_Q011111111111111111\kplr001865042-2010078095331_llc.fits of type KeplerLightCurve .
This file may be corrupt due to an interrupted download. Please remove it from your disk and try again.
2026-01-04 00:32:53 | DEBUG    | ExoplanetDownloader | Retry 2 for KIC 1871056 after 4.0s: Error in reading Data product D:\.lightkurve\cache\mastDownload\Kepler\kplr001871056_lc_Q111111111111111111\kplr001871056-2010355172524_llc.fits of type KeplerLightCurve .
This file may be corrupt due to an interrupted download. Please remove it from your disk and try again.
2026-01-04 00:32:54 | DEBUG    | ExoplanetDownloader | Retry 2 for KIC 1725016 after 4.0s: Error in reading Data product D:\.lightkurve\cache\mastDownload\Kepler\kplr001725016_lc_Q000011111111111111\kplr001725016-2012088054726_llc.fits of type KeplerLightCurve .
This file may be corrupt due to an interrupted download. Please remove it from your disk and try again.
2026-01-04 00:32:56 | DEBUG    | ExoplanetDownloader | Retry 1 for KIC 2164169 after 2.0s: Error in reading Data product D:\.lightkurve\cache\mastDownload\Kepler\kplr002164169_lc_Q011111111111111111\kplr002164169-2009350155506_llc.fits of type KeplerLightCurve .
This file may be corrupt due to an interrupted download. Please remove it from your disk and try again.
2026-01-04 00:32:58 | DEBUG    | ExoplanetDownloader | Retry 1 for KIC 2304320 after 2.0s: Error in reading Data product D:\.lightkurve\cache\mastDownload\Kepler\kplr002304320_lc_Q011111111111111111\kplr002304320-2010078095331_llc.fits of type KeplerLightCurve .
This file may be corrupt due to an interrupted download. Please remove it from your disk and try again.
2026-01-04 00:33:00 | DEBUG    | ExoplanetDownloader | Retry 1 for KIC 2438264 after 2.0s: Error in reading Data product D:\.lightkurve\cache\mastDownload\Kepler\kplr002438264_lc_Q011111111111111111\kplr002438264-2009259160929_llc.fits of type KeplerLightCurve .
This file may be corrupt due to an interrupted download. Please remove it from your disk and try again.
2026-01-04 00:33:00 | DEBUG    | ExoplanetDownloader | Retry 2 for KIC 1161345 after 4.0s: Error in reading Data product D:\.lightkurve\cache\mastDownload\Kepler\kplr001161345_lc_Q111111111111111111\kplr001161345-2012088054726_llc.fits of type KeplerLightCurve .
This file may be corrupt due to an interrupted download. Please remove it from your disk and try again.
2026-01-04 00:33:01 | DEBUG    | ExoplanetDownloader | Retry 2 for KIC 2164169 after 4.0s: Error in reading Data product D:\.lightkurve\cache\mastDownload\Kepler\kplr002164169_lc_Q011111111111111111\kplr002164169-2009350155506_llc.fits of type KeplerLightCurve .
This file may be corrupt due to an interrupted download. Please remove it from your disk and try again.
2026-01-04 00:33:01 | DEBUG    | ExoplanetDownloader | Retry 1 for KIC 2439243 after 2.0s: Error in reading Data product D:\.lightkurve\cache\mastDownload\Kepler\kplr002439243_lc_Q000011111111111111\kplr002439243-2010355172524_llc.fits of type KeplerLightCurve .
This file may be corrupt due to an interrupted download. Please remove it from your disk and try again.
2026-01-04 00:33:03 | DEBUG    | ExoplanetDownloader | Retry 2 for KIC 2438264 after 4.0s: Error in reading Data product D:\.lightkurve\cache\mastDownload\Kepler\kplr002438264_lc_Q011111111111111111\kplr002438264-2009259160929_llc.fits of type KeplerLightCurve .
This file may be corrupt due to an interrupted download. Please remove it from your disk and try again.
2026-01-04 00:33:03 | DEBUG    | ExoplanetDownloader | Retry 2 for KIC 2304320 after 4.0s: Error in reading Data product D:\.lightkurve\cache\mastDownload\Kepler\kplr002304320_lc_Q011111111111111111\kplr002304320-2010078095331_llc.fits of type KeplerLightCurve .
This file may be corrupt due to an interrupted download. Please remove it from your disk and try again.
2026-01-04 00:33:04 | DEBUG    | ExoplanetDownloader | Retry 1 for KIC 2444412 after 2.0s: Error in reading Data product D:\.lightkurve\cache\mastDownload\Kepler\kplr002444412_lc_Q111111111111111111\kplr002444412-2010174085026_llc.fits of type KeplerLightCurve .
This file may be corrupt due to an interrupted download. Please remove it from your disk and try again.
2026-01-04 00:33:06 | DEBUG    | ExoplanetDownloader | Retry 2 for KIC 2439243 after 4.0s: Error in reading Data product D:\.lightkurve\cache\mastDownload\Kepler\kplr002439243_lc_Q000011111111111111\kplr002439243-2010355172524_llc.fits of type KeplerLightCurve .
This file may be corrupt due to an interrupted download. Please remove it from your disk and try again.
2026-01-04 00:33:07 | DEBUG    | ExoplanetDownloader | Retry 1 for KIC 2556650 after 2.0s: Error in reading Data product D:\.lightkurve\cache\mastDownload\Kepler\kplr002556650_lc_Q011111111111111111\kplr002556650-2010265121752_llc.fits of type KeplerLightCurve .
This file may be corrupt due to an interrupted download. Please remove it from your disk and try again.
2026-01-04 00:33:10 | DEBUG    | ExoplanetDownloader | Retry 2 for KIC 2444412 after 4.0s: Error in reading Data product D:\.lightkurve\cache\mastDownload\Kepler\kplr002444412_lc_Q111111111111111111\kplr002444412-2010174085026_llc.fits of type KeplerLightCurve .
This file may be corrupt due to an interrupted download. Please remove it from your disk and try again.
2026-01-04 00:33:12 | DEBUG    | ExoplanetDownloader | Retry 1 for KIC 2557816 after 2.0s: Error in reading Data product D:\.lightkurve\cache\mastDownload\Kepler\kplr002557816_lc_Q011111111111111111\kplr002557816-2011073133259_llc.fits of type KeplerLightCurve .
This file may be corrupt due to an interrupted download. Please remove it from your disk and try again.
2026-01-04 00:33:13 | DEBUG    | ExoplanetDownloader | Retry 2 for KIC 2556650 after 4.0s: Error in reading Data product D:\.lightkurve\cache\mastDownload\Kepler\kplr002556650_lc_Q011111111111111111\kplr002556650-2010265121752_llc.fits of type KeplerLightCurve .
This file may be corrupt due to an interrupted download. Please remove it from your disk and try again.
2026-01-04 00:33:15 | DEBUG    | ExoplanetDownloader | Retry 1 for KIC 2574338 after 2.0s: I/O operation on closed file.
2026-01-04 00:33:17 | DEBUG    | ExoplanetDownloader | Retry 1 for KIC 2581316 after 2.0s: Error in reading Data product D:\.lightkurve\cache\mastDownload\Kepler\kplr002581316_lc_Q111111111111111111\kplr002581316-2010355172524_llc.fits of type KeplerLightCurve .
This file may be corrupt due to an interrupted download. Please remove it from your disk and try again.
2026-01-04 00:33:21 | DEBUG    | ExoplanetDownloader | Retry 2 for KIC 2557816 after 4.0s: Error in reading Data product D:\.lightkurve\cache\mastDownload\Kepler\kplr002557816_lc_Q011111111111111111\kplr002557816-2011073133259_llc.fits of type KeplerLightCurve .
This file may be corrupt due to an interrupted download. Please remove it from your disk and try again.
2026-01-04 00:33:23 | DEBUG    | ExoplanetDownloader | Retry 1 for KIC 2692377 after 2.0s: Error in reading Data product D:\.lightkurve\cache\mastDownload\Kepler\kplr002692377_lc_Q111111111111111111\kplr002692377-2011177032512_llc.fits of type KeplerLightCurve .
This file may be corrupt due to an interrupted download. Please remove it from your disk and try again.
2026-01-04 00:33:24 | DEBUG    | ExoplanetDownloader | Retry 2 for KIC 2574338 after 4.0s: Error in reading Data product D:\.lightkurve\cache\mastDownload\Kepler\kplr002574338_lc_Q011111111111111111\kplr002574338-2011271113734_llc.fits of type KeplerLightCurve .
This file may be corrupt due to an interrupted download. Please remove it from your disk and try again.
2026-01-04 00:33:25 | DEBUG    | ExoplanetDownloader | Retry 2 for KIC 2581316 after 4.0s: Error in reading Data product D:\.lightkurve\cache\mastDownload\Kepler\kplr002581316_lc_Q111111111111111111\kplr002581316-2010355172524_llc.fits of type KeplerLightCurve .
This file may be corrupt due to an interrupted download. Please remove it from your disk and try again.
2026-01-04 00:33:26 | DEBUG    | ExoplanetDownloader | Retry 1 for KIC 2715695 after 2.0s: Error in reading Data product D:\.lightkurve\cache\mastDownload\Kepler\kplr002715695_lc_Q001011111111111111\kplr002715695-2012088054726_llc.fits of type KeplerLightCurve .
This file may be corrupt due to an interrupted download. Please remove it from your disk and try again.
2026-01-04 00:33:28 | DEBUG    | ExoplanetDownloader | Retry 1 for KIC 2716801 after 2.0s: Error in reading Data product D:\.lightkurve\cache\mastDownload\Kepler\kplr002716801_lc_Q001111111111111111\kplr002716801-2011177032512_llc.fits of type KeplerLightCurve .
This file may be corrupt due to an interrupted download. Please remove it from your disk and try again.
2026-01-04 00:33:28 | DEBUG    | ExoplanetDownloader | Retry 1 for KIC 2715135 after 2.0s: Error in reading Data product D:\.lightkurve\cache\mastDownload\Kepler\kplr002715135_lc_Q011111111111111111\kplr002715135-2013131215648_llc.fits of type KeplerLightCurve .
This file may be corrupt due to an interrupted download. Please remove it from your disk and try again.
2026-01-04 00:33:34 | DEBUG    | ExoplanetDownloader | Retry 2 for KIC 2692377 after 4.0s: Error in reading Data product D:\.lightkurve\cache\mastDownload\Kepler\kplr002692377_lc_Q111111111111111111\kplr002692377-2011177032512_llc.fits of type KeplerLightCurve .
This file may be corrupt due to an interrupted download. Please remove it from your disk and try again.
2026-01-04 00:33:35 | DEBUG    | ExoplanetDownloader | Retry 1 for KIC 2717158 after 2.0s: Error in reading Data product D:\.lightkurve\cache\mastDownload\Kepler\kplr002717158_lc_Q011111111111111111\kplr002717158-2012277125453_llc.fits of type KeplerLightCurve .
This file may be corrupt due to an interrupted download. Please remove it from your disk and try again.
2026-01-04 00:33:37 | DEBUG    | ExoplanetDownloader | Retry 1 for KIC 2721030 after 2.0s: Error in reading Data product D:\.lightkurve\cache\mastDownload\Kepler\kplr002721030_lc_Q011111111111111111\kplr002721030-2010078095331_llc.fits of type KeplerLightCurve .
This file may be corrupt due to an interrupted download. Please remove it from your disk and try again.
2026-01-04 00:33:38 | DEBUG    | ExoplanetDownloader | Retry 2 for KIC 2715695 after 4.0s: Error in reading Data product D:\.lightkurve\cache\mastDownload\Kepler\kplr002715695_lc_Q001011111111111111\kplr002715695-2012088054726_llc.fits of type KeplerLightCurve .
This file may be corrupt due to an interrupted download. Please remove it from your disk and try again.
2026-01-04 00:33:38 | DEBUG    | ExoplanetDownloader | Retry 2 for KIC 2716801 after 4.0s: Error in reading Data product D:\.lightkurve\cache\mastDownload\Kepler\kplr002716801_lc_Q001111111111111111\kplr002716801-2011177032512_llc.fits of type KeplerLightCurve .
This file may be corrupt due to an interrupted download. Please remove it from your disk and try again.
2026-01-04 00:33:41 | DEBUG    | ExoplanetDownloader | Retry 1 for KIC 2857607 after 2.0s: Error in reading Data product D:\.lightkurve\cache\mastDownload\Kepler\kplr002857607_lc_Q011111111111111111\kplr002857607-2009350155506_llc.fits of type KeplerLightCurve .
This file may be corrupt due to an interrupted download. Please remove it from your disk and try again.
2026-01-04 00:33:42 | DEBUG    | ExoplanetDownloader | Retry 2 for KIC 2721030 after 4.0s: Error in reading Data product D:\.lightkurve\cache\mastDownload\Kepler\kplr002721030_lc_Q011111111111111111\kplr002721030-2010078095331_llc.fits of type KeplerLightCurve .
This file may be corrupt due to an interrupted download. Please remove it from your disk and try again.
2026-01-04 00:33:43 | DEBUG    | ExoplanetDownloader | Retry 2 for KIC 2715135 after 4.0s: Error in reading Data product D:\.lightkurve\cache\mastDownload\Kepler\kplr002715135_lc_Q011111111111111111\kplr002715135-2013131215648_llc.fits of type KeplerLightCurve .
This file may be corrupt due to an interrupted download. Please remove it from your disk and try again.
2026-01-04 00:33:44 | DEBUG    | ExoplanetDownloader | Retry 1 for KIC 2849805 after 2.0s: Error in reading Data product D:\.lightkurve\cache\mastDownload\Kepler\kplr002849805_lc_Q011111111111111111\kplr002849805-2012088054726_llc.fits of type KeplerLightCurve .
This file may be corrupt due to an interrupted download. Please remove it from your disk and try again.
2026-01-04 00:33:45 | DEBUG    | ExoplanetDownloader | Retry 2 for KIC 2857607 after 4.0s: Error in reading Data product D:\.lightkurve\cache\mastDownload\Kepler\kplr002857607_lc_Q011111111111111111\kplr002857607-2009350155506_llc.fits of type KeplerLightCurve .
This file may be corrupt due to an interrupted download. Please remove it from your disk and try again.
2026-01-04 00:33:45 | DEBUG    | ExoplanetDownloader | Retry 2 for KIC 2717158 after 4.0s: Error in reading Data product D:\.lightkurve\cache\mastDownload\Kepler\kplr002717158_lc_Q011111111111111111\kplr002717158-2012277125453_llc.fits of type KeplerLightCurve .
This file may be corrupt due to an interrupted download. Please remove it from your disk and try again.
2026-01-04 00:33:46 | DEBUG    | ExoplanetDownloader | Retry 1 for KIC 2975770 after 2.0s: Error in reading Data product D:\.lightkurve\cache\mastDownload\Kepler\kplr002975770_lc_Q000110011001100110\kplr002975770-2011073133259_llc.fits of type KeplerLightCurve .
This file may be corrupt due to an interrupted download. Please remove it from your disk and try again.
2026-01-04 00:33:49 | DEBUG    | ExoplanetDownloader | Retry 1 for KIC 2985767 after 2.0s: Error in reading Data product D:\.lightkurve\cache\mastDownload\Kepler\kplr002985767_lc_Q111111111111111111\kplr002985767-2010078095331_llc.fits of type KeplerLightCurve .
This file may be corrupt due to an interrupted download. Please remove it from your disk and try again.
2026-01-04 00:33:49 | DEBUG    | ExoplanetDownloader | Retry 2 for KIC 2849805 after 4.0s: Error in reading Data product D:\.lightkurve\cache\mastDownload\Kepler\kplr002849805_lc_Q011111111111111111\kplr002849805-2012088054726_llc.fits of type KeplerLightCurve .
This file may be corrupt due to an interrupted download. Please remove it from your disk and try again.
2026-01-04 00:33:50 | DEBUG    | ExoplanetDownloader | Retry 1 for KIC 2990873 after 2.0s: Error in reading Data product D:\.lightkurve\cache\mastDownload\Kepler\kplr002990873_lc_Q011111111111111111\kplr002990873-2009259160929_llc.fits of type KeplerLightCurve .
This file may be corrupt due to an interrupted download. Please remove it from your disk and try again.
2026-01-04 00:33:50 | DEBUG    | ExoplanetDownloader | Retry 2 for KIC 2975770 after 4.0s: Error in reading Data product D:\.lightkurve\cache\mastDownload\Kepler\kplr002975770_lc_Q000110011001100110\kplr002975770-2011073133259_llc.fits of type KeplerLightCurve .
This file may be corrupt due to an interrupted download. Please remove it from your disk and try again.
2026-01-04 00:33:50 | DEBUG    | ExoplanetDownloader | Retry 1 for KIC 2987027 after 2.0s: Error in reading Data product D:\.lightkurve\cache\mastDownload\Kepler\kplr002987027_lc_Q011111111111111111\kplr002987027-2010355172524_llc.fits of type KeplerLightCurve .
This file may be corrupt due to an interrupted download. Please remove it from your disk and try again.
2026-01-04 00:33:52 | DEBUG    | ExoplanetDownloader | Retry 2 for KIC 2985767 after 4.0s: Error in reading Data product D:\.lightkurve\cache\mastDownload\Kepler\kplr002985767_lc_Q111111111111111111\kplr002985767-2010078095331_llc.fits of type KeplerLightCurve .
This file may be corrupt due to an interrupted download. Please remove it from your disk and try again.
2026-01-04 00:33:53 | DEBUG    | ExoplanetDownloader | Retry 1 for KIC 2995392 after 2.0s: Error in reading Data product D:\.lightkurve\cache\mastDownload\Kepler\kplr002995392_lc_Q011111111111111111\kplr002995392-2010078095331_llc.fits of type KeplerLightCurve .
This file may be corrupt due to an interrupted download. Please remove it from your disk and try again.
2026-01-04 00:33:53 | DEBUG    | ExoplanetDownloader | Retry 2 for KIC 2990873 after 4.0s: Error in reading Data product D:\.lightkurve\cache\mastDownload\Kepler\kplr002990873_lc_Q011111111111111111\kplr002990873-2009259160929_llc.fits of type KeplerLightCurve .
This file may be corrupt due to an interrupted download. Please remove it from your disk and try again.
2026-01-04 00:33:54 | DEBUG    | ExoplanetDownloader | Retry 2 for KIC 2987027 after 4.0s: Error in reading Data product D:\.lightkurve\cache\mastDownload\Kepler\kplr002987027_lc_Q011111111111111111\kplr002987027-2010355172524_llc.fits of type KeplerLightCurve .
This file may be corrupt due to an interrupted download. Please remove it from your disk and try again.
2026-01-04 00:33:56 | DEBUG    | ExoplanetDownloader | Retry 1 for KIC 3098810 after 2.0s: Error in reading Data product D:\.lightkurve\cache\mastDownload\Kepler\kplr003098810_lc_Q111111111111111111\kplr003098810-2009350155506_llc.fits of type KeplerLightCurve .
This file may be corrupt due to an interrupted download. Please remove it from your disk and try again.
2026-01-04 00:33:57 | DEBUG    | ExoplanetDownloader | Retry 1 for KIC 3102384 after 2.0s: Error in reading Data product D:\.lightkurve\cache\mastDownload\Kepler\kplr003102384_lc_Q111111111111111111\kplr003102384-2009350155506_llc.fits of type KeplerLightCurve .
This file may be corrupt due to an interrupted download. Please remove it from your disk and try again.
2026-01-04 00:33:57 | DEBUG    | ExoplanetDownloader | Retry 2 for KIC 2995392 after 4.0s: Error in reading Data product D:\.lightkurve\cache\mastDownload\Kepler\kplr002995392_lc_Q011111111111111111\kplr002995392-2010078095331_llc.fits of type KeplerLightCurve .
This file may be corrupt due to an interrupted download. Please remove it from your disk and try again.
2026-01-04 00:33:58 | DEBUG    | ExoplanetDownloader | Retry 1 for KIC 3114167 after 2.0s: Error in reading Data product D:\.lightkurve\cache\mastDownload\Kepler\kplr003114167_lc_Q011111111111111111\kplr003114167-2009350155506_llc.fits of type KeplerLightCurve .
This file may be corrupt due to an interrupted download. Please remove it from your disk and try again.
2026-01-04 00:33:58 | DEBUG    | ExoplanetDownloader | Retry 1 for KIC 3103227 after 2.0s: Error in reading Data product D:\.lightkurve\cache\mastDownload\Kepler\kplr003103227_lc_Q011111111111111111\kplr003103227-2010265121752_llc.fits of type KeplerLightCurve .
This file may be corrupt due to an interrupted download. Please remove it from your disk and try again.
2026-01-04 00:33:59 | DEBUG    | ExoplanetDownloader | Retry 2 for KIC 3098810 after 4.0s: Error in reading Data product D:\.lightkurve\cache\mastDownload\Kepler\kplr003098810_lc_Q111111111111111111\kplr003098810-2009350155506_llc.fits of type KeplerLightCurve .
This file may be corrupt due to an interrupted download. Please remove it from your disk and try again.
2026-01-04 00:33:59 | DEBUG    | ExoplanetDownloader | Retry 2 for KIC 3102384 after 4.0s: Error in reading Data product D:\.lightkurve\cache\mastDownload\Kepler\kplr003102384_lc_Q111111111111111111\kplr003102384-2009350155506_llc.fits of type KeplerLightCurve .
This file may be corrupt due to an interrupted download. Please remove it from your disk and try again.
2026-01-04 00:34:00 | DEBUG    | ExoplanetDownloader | Retry 1 for KIC 3114811 after 2.0s: Error in reading Data product D:\.lightkurve\cache\mastDownload\Kepler\kplr003114811_lc_Q111111111111111111\kplr003114811-2010174085026_llc.fits of type KeplerLightCurve .
This file may be corrupt due to an interrupted download. Please remove it from your disk and try again.
2026-01-04 00:34:00 | DEBUG    | ExoplanetDownloader | Retry 2 for KIC 3114167 after 4.0s: Error in reading Data product D:\.lightkurve\cache\mastDownload\Kepler\kplr003114167_lc_Q011111111111111111\kplr003114167-2009350155506_llc.fits of type KeplerLightCurve .
This file may be corrupt due to an interrupted download. Please remove it from your disk and try again.
2026-01-04 00:34:01 | DEBUG    | ExoplanetDownloader | Retry 1 for KIC 3120904 after 2.0s: Error in reading Data product D:\.lightkurve\cache\mastDownload\Kepler\kplr003120904_lc_Q111111111111111111\kplr003120904-2010078095331_llc.fits of type KeplerLightCurve .
This file may be corrupt due to an interrupted download. Please remove it from your disk and try again.
2026-01-04 00:34:01 | DEBUG    | ExoplanetDownloader | Retry 2 for KIC 3103227 after 4.0s: Error in reading Data product D:\.lightkurve\cache\mastDownload\Kepler\kplr003103227_lc_Q011111111111111111\kplr003103227-2010265121752_llc.fits of type KeplerLightCurve .
This file may be corrupt due to an interrupted download. Please remove it from your disk and try again.
2026-01-04 00:34:01 | DEBUG    | ExoplanetDownloader | Retry 1 for KIC 3118797 after 2.0s: Error in reading Data product D:\.lightkurve\cache\mastDownload\Kepler\kplr003118797_lc_Q000011111111111111\kplr003118797-2013011073258_llc.fits of type KeplerLightCurve .
This file may be corrupt due to an interrupted download. Please remove it from your disk and try again.
2026-01-04 00:34:03 | DEBUG    | ExoplanetDownloader | Retry 2 for KIC 3114811 after 4.0s: Error in reading Data product D:\.lightkurve\cache\mastDownload\Kepler\kplr003114811_lc_Q111111111111111111\kplr003114811-2010174085026_llc.fits of type KeplerLightCurve .
This file may be corrupt due to an interrupted download. Please remove it from your disk and try again.
2026-01-04 00:34:04 | DEBUG    | ExoplanetDownloader | Retry 1 for KIC 3219995 after 2.0s: Error in reading Data product D:\.lightkurve\cache\mastDownload\Kepler\kplr003219995_lc_Q011111111111111111\kplr003219995-2010355172524_llc.fits of type KeplerLightCurve .
This file may be corrupt due to an interrupted download. Please remove it from your disk and try again.
2026-01-04 00:34:04 | DEBUG    | ExoplanetDownloader | Retry 2 for KIC 3120904 after 4.0s: Error in reading Data product D:\.lightkurve\cache\mastDownload\Kepler\kplr003120904_lc_Q111111111111111111\kplr003120904-2010078095331_llc.fits of type KeplerLightCurve .
This file may be corrupt due to an interrupted download. Please remove it from your disk and try again.
2026-01-04 00:34:05 | DEBUG    | ExoplanetDownloader | Retry 2 for KIC 3118797 after 4.0s: Error in reading Data product D:\.lightkurve\cache\mastDownload\Kepler\kplr003118797_lc_Q000011111111111111\kplr003118797-2013011073258_llc.fits of type KeplerLightCurve .
This file may be corrupt due to an interrupted download. Please remove it from your disk and try again.
2026-01-04 00:34:08 | DEBUG    | ExoplanetDownloader | Retry 1 for KIC 3229150 after 2.0s: Error in reading Data product D:\.lightkurve\cache\mastDownload\Kepler\kplr003229150_lc_Q011111111111111111\kplr003229150-2012004120508_llc.fits of type KeplerLightCurve .
This file may be corrupt due to an interrupted download. Please remove it from your disk and try again.
2026-01-04 00:34:09 | DEBUG    | ExoplanetDownloader | Retry 1 for KIC 3234843 after 2.0s: Error in reading Data product D:\.lightkurve\cache\mastDownload\Kepler\kplr003234843_lc_Q000011111111111111\kplr003234843-2012004120508_llc.fits of type KeplerLightCurve .
This file may be corrupt due to an interrupted download. Please remove it from your disk and try again.
2026-01-04 00:34:09 | DEBUG    | ExoplanetDownloader | Retry 1 for KIC 3326377 after 2.0s: Error in reading Data product D:\.lightkurve\cache\mastDownload\Kepler\kplr003326377_lc_Q011111111111111111\kplr003326377-2009166043257_llc.fits of type KeplerLightCurve .
This file may be corrupt due to an interrupted download. Please remove it from your disk and try again.
2026-01-04 00:34:09 | DEBUG    | ExoplanetDownloader | Retry 2 for KIC 3219995 after 4.0s: Error in reading Data product D:\.lightkurve\cache\mastDownload\Kepler\kplr003219995_lc_Q011111111111111111\kplr003219995-2010355172524_llc.fits of type KeplerLightCurve .
This file may be corrupt due to an interrupted download. Please remove it from your disk and try again.
2026-01-04 00:34:09 | DEBUG    | ExoplanetDownloader | Retry 1 for KIC 3244792 after 2.0s: Error in reading Data product D:\.lightkurve\cache\mastDownload\Kepler\kplr003244792_lc_Q011111011101110111\kplr003244792-2012004120508_llc.fits of type KeplerLightCurve .
This file may be corrupt due to an interrupted download. Please remove it from your disk and try again.
2026-01-04 00:34:11 | DEBUG    | ExoplanetDownloader | Retry 2 for KIC 3326377 after 4.0s: Error in reading Data product D:\.lightkurve\cache\mastDownload\Kepler\kplr003326377_lc_Q011111111111111111\kplr003326377-2009166043257_llc.fits of type KeplerLightCurve .
This file may be corrupt due to an interrupted download. Please remove it from your disk and try again.
2026-01-04 00:34:11 | DEBUG    | ExoplanetDownloader | Retry 1 for KIC 3328080 after 2.0s: Error in reading Data product D:\.lightkurve\cache\mastDownload\Kepler\kplr003328080_lc_Q111111111111111111\kplr003328080-2011177032512_llc.fits of type KeplerLightCurve .
This file may be corrupt due to an interrupted download. Please remove it from your disk and try again.
2026-01-04 00:34:13 | DEBUG    | ExoplanetDownloader | Retry 1 for KIC 3342794 after 2.0s: Error in reading Data product D:\.lightkurve\cache\mastDownload\Kepler\kplr003342794_lc_Q011111111111111111\kplr003342794-2010355172524_llc.fits of type KeplerLightCurve .
This file may be corrupt due to an interrupted download. Please remove it from your disk and try again.
2026-01-04 00:34:15 | DEBUG    | ExoplanetDownloader | Retry 2 for KIC 3234843 after 4.0s: Error in reading Data product D:\.lightkurve\cache\mastDownload\Kepler\kplr003234843_lc_Q000011111111111111\kplr003234843-2012004120508_llc.fits of type KeplerLightCurve .
This file may be corrupt due to an interrupted download. Please remove it from your disk and try again.
2026-01-04 00:34:16 | DEBUG    | ExoplanetDownloader | Retry 2 for KIC 3229150 after 4.0s: Error in reading Data product D:\.lightkurve\cache\mastDownload\Kepler\kplr003229150_lc_Q011111111111111111\kplr003229150-2012004120508_llc.fits of type KeplerLightCurve .
This file may be corrupt due to an interrupted download. Please remove it from your disk and try again.
2026-01-04 00:34:17 | DEBUG    | ExoplanetDownloader | Retry 1 for KIC 3346154 after 2.0s: Error in reading Data product D:\.lightkurve\cache\mastDownload\Kepler\kplr003346154_lc_Q011111111111111111\kplr003346154-2011271113734_llc.fits of type KeplerLightCurve .
This file may be corrupt due to an interrupted download. Please remove it from your disk and try again.
2026-01-04 00:34:17 | DEBUG    | ExoplanetDownloader | Retry 2 for KIC 3244792 after 4.0s: Error in reading Data product D:\.lightkurve\cache\mastDownload\Kepler\kplr003244792_lc_Q011111011101110111\kplr003244792-2012004120508_llc.fits of type KeplerLightCurve .
This file may be corrupt due to an interrupted download. Please remove it from your disk and try again.
2026-01-04 00:34:18 | DEBUG    | ExoplanetDownloader | Retry 2 for KIC 3328080 after 4.0s: Error in reading Data product D:\.lightkurve\cache\mastDownload\Kepler\kplr003328080_lc_Q111111111111111111\kplr003328080-2011177032512_llc.fits of type KeplerLightCurve .
This file may be corrupt due to an interrupted download. Please remove it from your disk and try again.
2026-01-04 00:34:18 | DEBUG    | ExoplanetDownloader | Retry 2 for KIC 3342794 after 4.0s: Error in reading Data product D:\.lightkurve\cache\mastDownload\Kepler\kplr003342794_lc_Q011111111111111111\kplr003342794-2010355172524_llc.fits of type KeplerLightCurve .
This file may be corrupt due to an interrupted download. Please remove it from your disk and try again.
2026-01-04 00:34:21 | DEBUG    | ExoplanetDownloader | Retry 1 for KIC 3354846 after 2.0s: Error in reading Data product D:\.lightkurve\cache\mastDownload\Kepler\kplr003354846_lc_Q001111011101110111\kplr003354846-2010078095331_llc.fits of type KeplerLightCurve .
This file may be corrupt due to an interrupted download. Please remove it from your disk and try again.
2026-01-04 00:34:24 | DEBUG    | ExoplanetDownloader | Retry 1 for KIC 3351888 after 2.0s: Error in reading Data product D:\.lightkurve\cache\mastDownload\Kepler\kplr003351888_lc_Q011111011101110111\kplr003351888-2009350155506_llc.fits of type KeplerLightCurve .
This file may be corrupt due to an interrupted download. Please remove it from your disk and try again.
2026-01-04 00:34:26 | DEBUG    | ExoplanetDownloader | Retry 2 for KIC 3346154 after 4.0s: Error in reading Data product D:\.lightkurve\cache\mastDownload\Kepler\kplr003346154_lc_Q011111111111111111\kplr003346154-2011271113734_llc.fits of type KeplerLightCurve .
This file may be corrupt due to an interrupted download. Please remove it from your disk and try again.
2026-01-04 00:34:27 | DEBUG    | ExoplanetDownloader | Retry 2 for KIC 3354846 after 4.0s: Error in reading Data product D:\.lightkurve\cache\mastDownload\Kepler\kplr003354846_lc_Q001111011101110111\kplr003354846-2010078095331_llc.fits of type KeplerLightCurve .
This file may be corrupt due to an interrupted download. Please remove it from your disk and try again.
2026-01-04 00:34:29 | DEBUG    | ExoplanetDownloader | Retry 2 for KIC 3351888 after 4.0s: Error in reading Data product D:\.lightkurve\cache\mastDownload\Kepler\kplr003351888_lc_Q011111011101110111\kplr003351888-2009350155506_llc.fits of type KeplerLightCurve .
This file may be corrupt due to an interrupted download. Please remove it from your disk and try again.
2026-01-04 00:34:33 | DEBUG    | ExoplanetDownloader | Retry 1 for KIC 3426367 after 2.0s: Error in reading Data product D:\.lightkurve\cache\mastDownload\Kepler\kplr003426367_lc_Q011111111111111111\kplr003426367-2009350155506_llc.fits of type KeplerLightCurve .
This file may be corrupt due to an interrupted download. Please remove it from your disk and try again.
2026-01-04 00:34:34 | DEBUG    | ExoplanetDownloader | Retry 1 for KIC 3438507 after 2.0s: Error in reading Data product D:\.lightkurve\cache\mastDownload\Kepler\kplr003438507_lc_Q011111111111111111\kplr003438507-2009259160929_llc.fits of type KeplerLightCurve .
This file may be corrupt due to an interrupted download. Please remove it from your disk and try again.
2026-01-04 00:34:34 | DEBUG    | ExoplanetDownloader | Retry 1 for KIC 3442055 after 2.0s: Error in reading Data product D:\.lightkurve\cache\mastDownload\Kepler\kplr003442055_lc_Q111111111111111111\kplr003442055-2009131105131_llc.fits of type KeplerLightCurve .
This file may be corrupt due to an interrupted download. Please remove it from your disk and try again.
2026-01-04 00:34:37 | DEBUG    | ExoplanetDownloader | Retry 2 for KIC 3426367 after 4.0s: Error in reading Data product D:\.lightkurve\cache\mastDownload\Kepler\kplr003426367_lc_Q011111111111111111\kplr003426367-2009350155506_llc.fits of type KeplerLightCurve .
This file may be corrupt due to an interrupted download. Please remove it from your disk and try again.
2026-01-04 00:34:37 | DEBUG    | ExoplanetDownloader | Retry 1 for KIC 3444588 after 2.0s: Error in reading Data product D:\.lightkurve\cache\mastDownload\Kepler\kplr003444588_lc_Q011111111111111111\kplr003444588-2010078095331_llc.fits of type KeplerLightCurve .
This file may be corrupt due to an interrupted download. Please remove it from your disk and try again.
2026-01-04 00:34:37 | DEBUG    | ExoplanetDownloader | Retry 2 for KIC 3442055 after 4.0s: Error in reading Data product D:\.lightkurve\cache\mastDownload\Kepler\kplr003442055_lc_Q111111111111111111\kplr003442055-2009131105131_llc.fits of type KeplerLightCurve .
This file may be corrupt due to an interrupted download. Please remove it from your disk and try again.
2026-01-04 00:34:38 | DEBUG    | ExoplanetDownloader | Retry 2 for KIC 3438507 after 4.0s: Error in reading Data product D:\.lightkurve\cache\mastDownload\Kepler\kplr003438507_lc_Q011111111111111111\kplr003438507-2009259160929_llc.fits of type KeplerLightCurve .
This file may be corrupt due to an interrupted download. Please remove it from your disk and try again.
2026-01-04 00:34:38 | DEBUG    | ExoplanetDownloader | Retry 1 for KIC 3447722 after 2.0s: Error in reading Data product D:\.lightkurve\cache\mastDownload\Kepler\kplr003447722_lc_Q011111111111111111\kplr003447722-2009259160929_llc.fits of type KeplerLightCurve .
This file may be corrupt due to an interrupted download. Please remove it from your disk and try again.
2026-01-04 00:34:39 | DEBUG    | ExoplanetDownloader | Retry 1 for KIC 3440118 after 2.0s: Error in reading Data product D:\.lightkurve\cache\mastDownload\Kepler\kplr003440118_lc_Q111111111111111111\kplr003440118-2012179063303_llc.fits of type KeplerLightCurve .
This file may be corrupt due to an interrupted download. Please remove it from your disk and try again.
2026-01-04 00:34:39 | DEBUG    | ExoplanetDownloader | Retry 1 for KIC 3531558 after 2.0s: Error in reading Data product D:\.lightkurve\cache\mastDownload\Kepler\kplr003531558_lc_Q111111111111111111\kplr003531558-2010078095331_llc.fits of type KeplerLightCurve .
This file may be corrupt due to an interrupted download. Please remove it from your disk and try again.
2026-01-04 00:34:39 | DEBUG    | ExoplanetDownloader | Retry 1 for KIC 3448130 after 2.0s: Error in reading Data product D:\.lightkurve\cache\mastDownload\Kepler\kplr003448130_lc_Q011111111111111111\kplr003448130-2010265121752_llc.fits of type KeplerLightCurve .
This file may be corrupt due to an interrupted download. Please remove it from your disk and try again.
2026-01-04 00:34:40 | DEBUG    | ExoplanetDownloader | Retry 2 for KIC 3444588 after 4.0s: Error in reading Data product D:\.lightkurve\cache\mastDownload\Kepler\kplr003444588_lc_Q011111111111111111\kplr003444588-2010078095331_llc.fits of type KeplerLightCurve .
This file may be corrupt due to an interrupted download. Please remove it from your disk and try again.
2026-01-04 00:34:41 | DEBUG    | ExoplanetDownloader | Retry 2 for KIC 3447722 after 4.0s: Error in reading Data product D:\.lightkurve\cache\mastDownload\Kepler\kplr003447722_lc_Q011111111111111111\kplr003447722-2009259160929_llc.fits of type KeplerLightCurve .
This file may be corrupt due to an interrupted download. Please remove it from your disk and try again.
2026-01-04 00:34:46 | DEBUG    | ExoplanetDownloader | Retry 2 for KIC 3531558 after 4.0s: Error in reading Data product D:\.lightkurve\cache\mastDownload\Kepler\kplr003531558_lc_Q111111111111111111\kplr003531558-2010078095331_llc.fits of type KeplerLightCurve .
This file may be corrupt due to an interrupted download. Please remove it from your disk and try again.
2026-01-04 00:34:47 | DEBUG    | ExoplanetDownloader | Retry 2 for KIC 3448130 after 4.0s: Error in reading Data product D:\.lightkurve\cache\mastDownload\Kepler\kplr003448130_lc_Q011111111111111111\kplr003448130-2010265121752_llc.fits of type KeplerLightCurve .
This file may be corrupt due to an interrupted download. Please remove it from your disk and try again.
2026-01-04 00:34:48 | DEBUG    | ExoplanetDownloader | Retry 1 for KIC 3544640 after 2.0s: Error in reading Data product D:\.lightkurve\cache\mastDownload\Kepler\kplr003544640_lc_Q000011111111111111\kplr003544640-2010174085026_llc.fits of type KeplerLightCurve .
This file may be corrupt due to an interrupted download. Please remove it from your disk and try again.
2026-01-04 00:34:49 | DEBUG    | ExoplanetDownloader | Retry 1 for KIC 3544595 after 2.0s: Error in reading Data product D:\.lightkurve\cache\mastDownload\Kepler\kplr003544595_lc_Q111111111111111111\kplr003544595-2009350155506_llc.fits of type KeplerLightCurve .
This file may be corrupt due to an interrupted download. Please remove it from your disk and try again.
2026-01-04 00:34:52 | DEBUG    | ExoplanetDownloader | Retry 1 for KIC 3545135 after 2.0s: Error in reading Data product D:\.lightkurve\cache\mastDownload\Kepler\kplr003545135_lc_Q111111111111111111\kplr003545135-2010355172524_llc.fits of type KeplerLightCurve .
This file may be corrupt due to an interrupted download. Please remove it from your disk and try again.
2026-01-04 00:34:52 | DEBUG    | ExoplanetDownloader | Retry 2 for KIC 3544640 after 4.0s: Error in reading Data product D:\.lightkurve\cache\mastDownload\Kepler\kplr003544640_lc_Q000011111111111111\kplr003544640-2010174085026_llc.fits of type KeplerLightCurve .
This file may be corrupt due to an interrupted download. Please remove it from your disk and try again.
2026-01-04 00:34:53 | DEBUG    | ExoplanetDownloader | Retry 2 for KIC 3440118 after 4.0s: Error in reading Data product D:\.lightkurve\cache\mastDownload\Kepler\kplr003440118_lc_Q111111111111111111\kplr003440118-2012179063303_llc.fits of type KeplerLightCurve .
This file may be corrupt due to an interrupted download. Please remove it from your disk and try again.
2026-01-04 00:34:54 | DEBUG    | ExoplanetDownloader | Retry 2 for KIC 3544595 after 4.0s: Error in reading Data product D:\.lightkurve\cache\mastDownload\Kepler\kplr003544595_lc_Q111111111111111111\kplr003544595-2009350155506_llc.fits of type KeplerLightCurve .
This file may be corrupt due to an interrupted download. Please remove it from your disk and try again.
2026-01-04 00:34:55 | DEBUG    | ExoplanetDownloader | Retry 1 for KIC 3629330 after 2.0s: Error in reading Data product D:\.lightkurve\cache\mastDownload\Kepler\kplr003629330_lc_Q011100111111111111\kplr003629330-2011073133259_llc.fits of type KeplerLightCurve .
This file may be corrupt due to an interrupted download. Please remove it from your disk and try again.
2026-01-04 00:34:56 | DEBUG    | ExoplanetDownloader | Retry 1 for KIC 3559860 after 2.0s: Error in reading Data product D:\.lightkurve\cache\mastDownload\Kepler\kplr003559860_lc_Q001111011101110111\kplr003559860-2012004120508_llc.fits of type KeplerLightCurve .
This file may be corrupt due to an interrupted download. Please remove it from your disk and try again.
2026-01-04 00:34:57 | DEBUG    | ExoplanetDownloader | Retry 2 for KIC 3545135 after 4.0s: Error in reading Data product D:\.lightkurve\cache\mastDownload\Kepler\kplr003545135_lc_Q111111111111111111\kplr003545135-2010355172524_llc.fits of type KeplerLightCurve .
This file may be corrupt due to an interrupted download. Please remove it from your disk and try again.
2026-01-04 00:34:58 | DEBUG    | ExoplanetDownloader | Retry 1 for KIC 3632418 after 2.0s: Error in reading Data product D:\.lightkurve\cache\mastDownload\Kepler\kplr003632418_lc_Q111111111111111111\kplr003632418-2009259160929_llc.fits of type KeplerLightCurve .
This file may be corrupt due to an interrupted download. Please remove it from your disk and try again.
2026-01-04 00:35:01 | DEBUG    | ExoplanetDownloader | Retry 2 for KIC 3632418 after 4.0s: Error in reading Data product D:\.lightkurve\cache\mastDownload\Kepler\kplr003632418_lc_Q111111111111111111\kplr003632418-2009259160929_llc.fits of type KeplerLightCurve .
This file may be corrupt due to an interrupted download. Please remove it from your disk and try again.
2026-01-04 00:35:01 | DEBUG    | ExoplanetDownloader | Retry 1 for KIC 3641726 after 2.0s: Error in reading Data product D:\.lightkurve\cache\mastDownload\Kepler\kplr003641726_lc_Q011111111111111111\kplr003641726-2011271113734_llc.fits of type KeplerLightCurve .
This file may be corrupt due to an interrupted download. Please remove it from your disk and try again.
2026-01-04 00:35:01 | DEBUG    | ExoplanetDownloader | Retry 2 for KIC 3629330 after 4.0s: Error in reading Data product D:\.lightkurve\cache\mastDownload\Kepler\kplr003629330_lc_Q011100111111111111\kplr003629330-2011073133259_llc.fits of type KeplerLightCurve .
This file may be corrupt due to an interrupted download. Please remove it from your disk and try again.
2026-01-04 00:35:02 | DEBUG    | ExoplanetDownloader | Retry 1 for KIC 3660924 after 2.0s: Error in reading Data product D:\.lightkurve\cache\mastDownload\Kepler\kplr003660924_lc_Q011111011101110111\kplr003660924-2009259160929_llc.fits of type KeplerLightCurve .
This file may be corrupt due to an interrupted download. Please remove it from your disk and try again.
2026-01-04 00:35:02 | DEBUG    | ExoplanetDownloader | Retry 2 for KIC 3559860 after 4.0s: Error in reading Data product D:\.lightkurve\cache\mastDownload\Kepler\kplr003559860_lc_Q001111011101110111\kplr003559860-2012004120508_llc.fits of type KeplerLightCurve .
This file may be corrupt due to an interrupted download. Please remove it from your disk and try again.
2026-01-04 00:35:02 | DEBUG    | ExoplanetDownloader | Retry 1 for KIC 3642289 after 2.0s: Error in reading Data product D:\.lightkurve\cache\mastDownload\Kepler\kplr003642289_lc_Q111111111111111111\kplr003642289-2010265121752_llc.fits of type KeplerLightCurve .
This file may be corrupt due to an interrupted download. Please remove it from your disk and try again.
2026-01-04 00:35:04 | DEBUG    | ExoplanetDownloader | Retry 2 for KIC 3641726 after 4.0s: Error in reading Data product D:\.lightkurve\cache\mastDownload\Kepler\kplr003641726_lc_Q011111111111111111\kplr003641726-2011271113734_llc.fits of type KeplerLightCurve .
This file may be corrupt due to an interrupted download. Please remove it from your disk and try again.
2026-01-04 00:35:05 | DEBUG    | ExoplanetDownloader | Retry 2 for KIC 3660924 after 4.0s: Error in reading Data product D:\.lightkurve\cache\mastDownload\Kepler\kplr003660924_lc_Q011111011101110111\kplr003660924-2009259160929_llc.fits of type KeplerLightCurve .
This file may be corrupt due to an interrupted download. Please remove it from your disk and try again.
2026-01-04 00:35:06 | DEBUG    | ExoplanetDownloader | Retry 2 for KIC 3642289 after 4.0s: Error in reading Data product D:\.lightkurve\cache\mastDownload\Kepler\kplr003642289_lc_Q111111111111111111\kplr003642289-2010265121752_llc.fits of type KeplerLightCurve .
This file may be corrupt due to an interrupted download. Please remove it from your disk and try again.
2026-01-04 00:35:06 | DEBUG    | ExoplanetDownloader | Retry 1 for KIC 3728701 after 2.0s: Error in reading Data product D:\.lightkurve\cache\mastDownload\Kepler\kplr003728701_lc_Q011111111111111111\kplr003728701-2009259160929_llc.fits of type KeplerLightCurve .
This file may be corrupt due to an interrupted download. Please remove it from your disk and try again.
2026-01-04 00:35:06 | DEBUG    | ExoplanetDownloader | Retry 1 for KIC 3662838 after 2.0s: Error in reading Data product D:\.lightkurve\cache\mastDownload\Kepler\kplr003662838_lc_Q111111011101110111\kplr003662838-2010355172524_llc.fits of type KeplerLightCurve .
This file may be corrupt due to an interrupted download. Please remove it from your disk and try again.
2026-01-04 00:35:08 | DEBUG    | ExoplanetDownloader | Retry 1 for KIC 3733628 after 2.0s: Error in reading Data product D:\.lightkurve\cache\mastDownload\Kepler\kplr003733628_lc_Q111111111111111111\kplr003733628-2010078095331_llc.fits of type KeplerLightCurve .
This file may be corrupt due to an interrupted download. Please remove it from your disk and try again.
2026-01-04 00:35:09 | DEBUG    | ExoplanetDownloader | Retry 2 for KIC 3728701 after 4.0s: Error in reading Data product D:\.lightkurve\cache\mastDownload\Kepler\kplr003728701_lc_Q011111111111111111\kplr003728701-2009259160929_llc.fits of type KeplerLightCurve .
This file may be corrupt due to an interrupted download. Please remove it from your disk and try again.
2026-01-04 00:35:10 | DEBUG    | ExoplanetDownloader | Retry 1 for KIC 3732821 after 2.0s: Error in reading Data product D:\.lightkurve\cache\mastDownload\Kepler\kplr003732821_lc_Q011111111111111111\kplr003732821-2009259160929_llc.fits of type KeplerLightCurve .
This file may be corrupt due to an interrupted download. Please remove it from your disk and try again.
2026-01-04 00:35:12 | DEBUG    | ExoplanetDownloader | Retry 2 for KIC 3662838 after 4.0s: Error in reading Data product D:\.lightkurve\cache\mastDownload\Kepler\kplr003662838_lc_Q111111011101110111\kplr003662838-2010355172524_llc.fits of type KeplerLightCurve .
This file may be corrupt due to an interrupted download. Please remove it from your disk and try again.
2026-01-04 00:35:13 | DEBUG    | ExoplanetDownloader | Retry 2 for KIC 3733628 after 4.0s: Error in reading Data product D:\.lightkurve\cache\mastDownload\Kepler\kplr003733628_lc_Q111111111111111111\kplr003733628-2010078095331_llc.fits of type KeplerLightCurve .
This file may be corrupt due to an interrupted download. Please remove it from your disk and try again.
2026-01-04 00:35:13 | DEBUG    | ExoplanetDownloader | Retry 2 for KIC 3732821 after 4.0s: Error in reading Data product D:\.lightkurve\cache\mastDownload\Kepler\kplr003732821_lc_Q011111111111111111\kplr003732821-2009259160929_llc.fits of type KeplerLightCurve .
This file may be corrupt due to an interrupted download. Please remove it from your disk and try again.
2026-01-04 00:35:14 | DEBUG    | ExoplanetDownloader | Retry 1 for KIC 3734418 after 2.0s: Error in reading Data product D:\.lightkurve\cache\mastDownload\Kepler\kplr003734418_lc_Q011111111111111111\kplr003734418-2012088054726_llc.fits of type KeplerLightCurve .
This file may be corrupt due to an interrupted download. Please remove it from your disk and try again.
2026-01-04 00:35:14 | DEBUG    | ExoplanetDownloader | Retry 1 for KIC 3745559 after 2.0s: Error in reading Data product D:\.lightkurve\cache\mastDownload\Kepler\kplr003745559_lc_Q011111111111111111\kplr003745559-2010355172524_llc.fits of type KeplerLightCurve .
This file may be corrupt due to an interrupted download. Please remove it from your disk and try again.
2026-01-04 00:35:15 | DEBUG    | ExoplanetDownloader | Retry 1 for KIC 3749134 after 2.0s: Error in reading Data product D:\.lightkurve\cache\mastDownload\Kepler\kplr003749134_lc_Q011111111111111111\kplr003749134-2009166043257_llc.fits of type KeplerLightCurve .
This file may be corrupt due to an interrupted download. Please remove it from your disk and try again.
2026-01-04 00:35:16 | DEBUG    | ExoplanetDownloader | Retry 1 for KIC 3749978 after 2.0s: Error in reading Data product D:\.lightkurve\cache\mastDownload\Kepler\kplr003749978_lc_Q001111111111111111\kplr003749978-2010355172524_llc.fits of type KeplerLightCurve .
This file may be corrupt due to an interrupted download. Please remove it from your disk and try again.
2026-01-04 00:35:18 | DEBUG    | ExoplanetDownloader | Retry 2 for KIC 3749134 after 4.0s: Error in reading Data product D:\.lightkurve\cache\mastDownload\Kepler\kplr003749134_lc_Q011111111111111111\kplr003749134-2009166043257_llc.fits of type KeplerLightCurve .
This file may be corrupt due to an interrupted download. Please remove it from your disk and try again.
2026-01-04 00:35:19 | DEBUG    | ExoplanetDownloader | Retry 2 for KIC 3745559 after 4.0s: Error in reading Data product D:\.lightkurve\cache\mastDownload\Kepler\kplr003745559_lc_Q011111111111111111\kplr003745559-2010355172524_llc.fits of type KeplerLightCurve .
This file may be corrupt due to an interrupted download. Please remove it from your disk and try again.
2026-01-04 00:35:20 | DEBUG    | ExoplanetDownloader | Retry 2 for KIC 3734418 after 4.0s: Error in reading Data product D:\.lightkurve\cache\mastDownload\Kepler\kplr003734418_lc_Q011111111111111111\kplr003734418-2012088054726_llc.fits of type KeplerLightCurve .
This file may be corrupt due to an interrupted download. Please remove it from your disk and try again.
2026-01-04 00:35:20 | DEBUG    | ExoplanetDownloader | Retry 2 for KIC 3749978 after 4.0s: Error in reading Data product D:\.lightkurve\cache\mastDownload\Kepler\kplr003749978_lc_Q001111111111111111\kplr003749978-2010355172524_llc.fits of type KeplerLightCurve .
This file may be corrupt due to an interrupted download. Please remove it from your disk and try again.
2026-01-04 00:35:21 | DEBUG    | ExoplanetDownloader | Retry 1 for KIC 3762468 after 2.0s: Error in reading Data product D:\.lightkurve\cache\mastDownload\Kepler\kplr003762468_lc_Q011111011101110111\kplr003762468-2011177032512_llc.fits of type KeplerLightCurve .
This file may be corrupt due to an interrupted download. Please remove it from your disk and try again.
2026-01-04 00:35:22 | DEBUG    | ExoplanetDownloader | Retry 1 for KIC 3832474 after 2.0s: Error in reading Data product D:\.lightkurve\cache\mastDownload\Kepler\kplr003832474_lc_Q011111111111111111\kplr003832474-2011271113734_llc.fits of type KeplerLightCurve .
This file may be corrupt due to an interrupted download. Please remove it from your disk and try again.
2026-01-04 00:35:22 | DEBUG    | ExoplanetDownloader | Retry 1 for KIC 3831053 after 2.0s: Error in reading Data product D:\.lightkurve\cache\mastDownload\Kepler\kplr003831053_lc_Q011111111111111111\kplr003831053-2009259160929_llc.fits of type KeplerLightCurve .
This file may be corrupt due to an interrupted download. Please remove it from your disk and try again.
2026-01-04 00:35:24 | DEBUG    | ExoplanetDownloader | Retry 2 for KIC 3762468 after 4.0s: Error in reading Data product D:\.lightkurve\cache\mastDownload\Kepler\kplr003762468_lc_Q011111011101110111\kplr003762468-2011177032512_llc.fits of type KeplerLightCurve .
This file may be corrupt due to an interrupted download. Please remove it from your disk and try again.
2026-01-04 00:35:25 | DEBUG    | ExoplanetDownloader | Retry 2 for KIC 3831053 after 4.0s: Error in reading Data product D:\.lightkurve\cache\mastDownload\Kepler\kplr003831053_lc_Q011111111111111111\kplr003831053-2009259160929_llc.fits of type KeplerLightCurve .
This file may be corrupt due to an interrupted download. Please remove it from your disk and try again.
2026-01-04 00:35:26 | DEBUG    | ExoplanetDownloader | Retry 1 for KIC 3833007 after 2.0s: Error in reading Data product D:\.lightkurve\cache\mastDownload\Kepler\kplr003833007_lc_Q011111111111111111\kplr003833007-2010265121752_llc.fits of type KeplerLightCurve .
This file may be corrupt due to an interrupted download. Please remove it from your disk and try again.
2026-01-04 00:35:27 | DEBUG    | ExoplanetDownloader | Retry 1 for KIC 3847907 after 2.0s: Error in reading Data product D:\.lightkurve\cache\mastDownload\Kepler\kplr003847907_lc_Q011111111111111111\kplr003847907-2010265121752_llc.fits of type KeplerLightCurve .
This file may be corrupt due to an interrupted download. Please remove it from your disk and try again.
2026-01-04 00:35:27 | DEBUG    | ExoplanetDownloader | Retry 2 for KIC 3832474 after 4.0s: Error in reading Data product D:\.lightkurve\cache\mastDownload\Kepler\kplr003832474_lc_Q011111111111111111\kplr003832474-2011271113734_llc.fits of type KeplerLightCurve .
This file may be corrupt due to an interrupted download. Please remove it from your disk and try again.
2026-01-04 00:35:28 | DEBUG    | ExoplanetDownloader | Retry 1 for KIC 3848275 after 2.0s: Error in reading Data product D:\.lightkurve\cache\mastDownload\Kepler\kplr003848275_lc_Q001111111111111111\kplr003848275-2010265121752_llc.fits of type KeplerLightCurve .
This file may be corrupt due to an interrupted download. Please remove it from your disk and try again.
2026-01-04 00:35:29 | DEBUG    | ExoplanetDownloader | Retry 2 for KIC 3833007 after 4.0s: Error in reading Data product D:\.lightkurve\cache\mastDownload\Kepler\kplr003833007_lc_Q011111111111111111\kplr003833007-2010265121752_llc.fits of type KeplerLightCurve .
This file may be corrupt due to an interrupted download. Please remove it from your disk and try again.
2026-01-04 00:35:30 | DEBUG    | ExoplanetDownloader | Retry 2 for KIC 3847907 after 4.0s: Error in reading Data product D:\.lightkurve\cache\mastDownload\Kepler\kplr003847907_lc_Q011111111111111111\kplr003847907-2010265121752_llc.fits of type KeplerLightCurve .
This file may be corrupt due to an interrupted download. Please remove it from your disk and try again.
2026-01-04 00:35:31 | DEBUG    | ExoplanetDownloader | Retry 2 for KIC 3848275 after 4.0s: Error in reading Data product D:\.lightkurve\cache\mastDownload\Kepler\kplr003848275_lc_Q001111111111111111\kplr003848275-2010265121752_llc.fits of type KeplerLightCurve .
This file may be corrupt due to an interrupted download. Please remove it from your disk and try again.
2026-01-04 00:35:32 | DEBUG    | ExoplanetDownloader | Retry 1 for KIC 3869014 after 2.0s: Error in reading Data product D:\.lightkurve\cache\mastDownload\Kepler\kplr003869014_lc_Q011111011101110111\kplr003869014-2012088054726_llc.fits of type KeplerLightCurve .
This file may be corrupt due to an interrupted download. Please remove it from your disk and try again.
2026-01-04 00:35:32 | DEBUG    | ExoplanetDownloader | Retry 1 for KIC 3935914 after 2.0s: Error in reading Data product D:\.lightkurve\cache\mastDownload\Kepler\kplr003935914_lc_Q001101111111111111\kplr003935914-2011271113734_llc.fits of type KeplerLightCurve .
This file may be corrupt due to an interrupted download. Please remove it from your disk and try again.
2026-01-04 00:35:33 | DEBUG    | ExoplanetDownloader | Retry 1 for KIC 3852655 after 2.0s: I/O operation on closed file.
2026-01-04 00:35:35 | DEBUG    | ExoplanetDownloader | Retry 1 for KIC 3756264 after 2.0s: I/O operation on closed file.
2026-01-04 00:35:35 | DEBUG    | ExoplanetDownloader | Retry 2 for KIC 3869014 after 4.0s: Error in reading Data product D:\.lightkurve\cache\mastDownload\Kepler\kplr003869014_lc_Q011111011101110111\kplr003869014-2012088054726_llc.fits of type KeplerLightCurve .
This file may be corrupt due to an interrupted download. Please remove it from your disk and try again.
2026-01-04 00:35:37 | DEBUG    | ExoplanetDownloader | Retry 1 for KIC 3942670 after 2.0s: Error in reading Data product D:\.lightkurve\cache\mastDownload\Kepler\kplr003942670_lc_Q011111111111111111\kplr003942670-2010078095331_llc.fits of type KeplerLightCurve .
This file may be corrupt due to an interrupted download. Please remove it from your disk and try again.
2026-01-04 00:35:37 | DEBUG    | ExoplanetDownloader | Retry 2 for KIC 3935914 after 4.0s: Error in reading Data product D:\.lightkurve\cache\mastDownload\Kepler\kplr003935914_lc_Q001101111111111111\kplr003935914-2011271113734_llc.fits of type KeplerLightCurve .
This file may be corrupt due to an interrupted download. Please remove it from your disk and try again.
2026-01-04 00:35:37 | DEBUG    | ExoplanetDownloader | Retry 1 for KIC 3962357 after 2.0s: Error in reading Data product D:\.lightkurve\cache\mastDownload\Kepler\kplr003962357_lc_Q011111011101110111\kplr003962357-2009166043257_llc.fits of type KeplerLightCurve .
This file may be corrupt due to an interrupted download. Please remove it from your disk and try again.
2026-01-04 00:35:38 | DEBUG    | ExoplanetDownloader | Retry 2 for KIC 3852655 after 4.0s: Error in reading Data product D:\.lightkurve\cache\mastDownload\Kepler\kplr003852655_lc_Q111111111111111111\kplr003852655-2011073133259_llc.fits of type KeplerLightCurve .
This file may be corrupt due to an interrupted download. Please remove it from your disk and try again.
2026-01-04 00:35:40 | DEBUG    | ExoplanetDownloader | Retry 1 for KIC 3964109 after 2.0s: Error in reading Data product D:\.lightkurve\cache\mastDownload\Kepler\kplr003964109_lc_Q011111011101110111\kplr003964109-2011177032512_llc.fits of type KeplerLightCurve .
This file may be corrupt due to an interrupted download. Please remove it from your disk and try again.
2026-01-04 00:35:40 | DEBUG    | ExoplanetDownloader | Retry 2 for KIC 3942670 after 4.0s: Error in reading Data product D:\.lightkurve\cache\mastDownload\Kepler\kplr003942670_lc_Q011111111111111111\kplr003942670-2010078095331_llc.fits of type KeplerLightCurve .
This file may be corrupt due to an interrupted download. Please remove it from your disk and try again.
2026-01-04 00:35:40 | DEBUG    | ExoplanetDownloader | Retry 2 for KIC 3962357 after 4.0s: Error in reading Data product D:\.lightkurve\cache\mastDownload\Kepler\kplr003962357_lc_Q011111011101110111\kplr003962357-2009166043257_llc.fits of type KeplerLightCurve .
This file may be corrupt due to an interrupted download. Please remove it from your disk and try again.
2026-01-04 00:35:42 | DEBUG    | ExoplanetDownloader | Retry 1 for KIC 3962243 after 2.0s: Error in reading Data product D:\.lightkurve\cache\mastDownload\Kepler\kplr003962243_lc_Q011111011101110111\kplr003962243-2013098041711_llc.fits of type KeplerLightCurve .
This file may be corrupt due to an interrupted download. Please remove it from your disk and try again.
2026-01-04 00:35:43 | DEBUG    | ExoplanetDownloader | Retry 2 for KIC 3964109 after 4.0s: Error in reading Data product D:\.lightkurve\cache\mastDownload\Kepler\kplr003964109_lc_Q011111011101110111\kplr003964109-2011177032512_llc.fits of type KeplerLightCurve .
This file may be corrupt due to an interrupted download. Please remove it from your disk and try again.
2026-01-04 00:35:43 | DEBUG    | ExoplanetDownloader | Retry 1 for KIC 3966801 after 2.0s: Error in reading Data product D:\.lightkurve\cache\mastDownload\Kepler\kplr003966801_lc_Q011111011101110111\kplr003966801-2010174085026_llc.fits of type KeplerLightCurve .
This file may be corrupt due to an interrupted download. Please remove it from your disk and try again.
2026-01-04 00:35:44 | DEBUG    | ExoplanetDownloader | Retry 2 for KIC 3756264 after 4.0s: I/O operation on closed file.
2026-01-04 00:35:46 | DEBUG    | ExoplanetDownloader | Retry 2 for KIC 3962243 after 4.0s: Error in reading Data product D:\.lightkurve\cache\mastDownload\Kepler\kplr003962243_lc_Q011111011101110111\kplr003962243-2013098041711_llc.fits of type KeplerLightCurve .
This file may be corrupt due to an interrupted download. Please remove it from your disk and try again.
2026-01-04 00:35:46 | DEBUG    | ExoplanetDownloader | Retry 1 for KIC 3967326 after 2.0s: Error in reading Data product D:\.lightkurve\cache\mastDownload\Kepler\kplr003967326_lc_Q000011011101110111\kplr003967326-2012179063303_llc.fits of type KeplerLightCurve .
This file may be corrupt due to an interrupted download. Please remove it from your disk and try again.
2026-01-04 00:35:46 | DEBUG    | ExoplanetDownloader | Retry 2 for KIC 3966801 after 4.0s: Error in reading Data product D:\.lightkurve\cache\mastDownload\Kepler\kplr003966801_lc_Q011111011101110111\kplr003966801-2010174085026_llc.fits of type KeplerLightCurve .
This file may be corrupt due to an interrupted download. Please remove it from your disk and try again.
2026-01-04 00:35:47 | DEBUG    | ExoplanetDownloader | Retry 1 for KIC 4056616 after 2.0s: Error in reading Data product D:\.lightkurve\cache\mastDownload\Kepler\kplr004056616_lc_Q111111111111111111\kplr004056616-2010265121752_llc.fits of type KeplerLightCurve .
This file may be corrupt due to an interrupted download. Please remove it from your disk and try again.
2026-01-04 00:35:48 | DEBUG    | ExoplanetDownloader | Retry 1 for KIC 4035640 after 2.0s: Error in reading Data product D:\.lightkurve\cache\mastDownload\Kepler\kplr004035640_lc_Q011111111111111111\kplr004035640-2010078095331_llc.fits of type KeplerLightCurve .
This file may be corrupt due to an interrupted download. Please remove it from your disk and try again.
2026-01-04 00:35:49 | DEBUG    | ExoplanetDownloader | Retry 1 for KIC 3967760 after 2.0s: I/O operation on closed file.
2026-01-04 00:35:49 | DEBUG    | ExoplanetDownloader | Retry 2 for KIC 3967326 after 4.0s: Error in reading Data product D:\.lightkurve\cache\mastDownload\Kepler\kplr003967326_lc_Q000011011101110111\kplr003967326-2012179063303_llc.fits of type KeplerLightCurve .
This file may be corrupt due to an interrupted download. Please remove it from your disk and try again.
2026-01-04 00:35:50 | DEBUG    | ExoplanetDownloader | Retry 2 for KIC 4056616 after 4.0s: Error in reading Data product D:\.lightkurve\cache\mastDownload\Kepler\kplr004056616_lc_Q111111111111111111\kplr004056616-2010265121752_llc.fits of type KeplerLightCurve .
This file may be corrupt due to an interrupted download. Please remove it from your disk and try again.
2026-01-04 00:35:51 | DEBUG    | ExoplanetDownloader | Retry 1 for KIC 4061149 after 2.0s: Error in reading Data product D:\.lightkurve\cache\mastDownload\Kepler\kplr004061149_lc_Q011111111111111111\kplr004061149-2010174085026_llc.fits of type KeplerLightCurve .
This file may be corrupt due to an interrupted download. Please remove it from your disk and try again.
2026-01-04 00:35:51 | DEBUG    | ExoplanetDownloader | Retry 2 for KIC 4035640 after 4.0s: Error in reading Data product D:\.lightkurve\cache\mastDownload\Kepler\kplr004035640_lc_Q011111111111111111\kplr004035640-2010078095331_llc.fits of type KeplerLightCurve .
This file may be corrupt due to an interrupted download. Please remove it from your disk and try again.
2026-01-04 00:35:52 | DEBUG    | ExoplanetDownloader | Retry 2 for KIC 3967760 after 4.0s: Error in reading Data product D:\.lightkurve\cache\mastDownload\Kepler\kplr003967760_lc_Q011111011101110111\kplr003967760-2011073133259_llc.fits of type KeplerLightCurve .
This file may be corrupt due to an interrupted download. Please remove it from your disk and try again.
2026-01-04 00:35:53 | DEBUG    | ExoplanetDownloader | Retry 1 for KIC 4076098 after 2.0s: Error in reading Data product D:\.lightkurve\cache\mastDownload\Kepler\kplr004076098_lc_Q000011011101110111\kplr004076098-2013011073258_llc.fits of type KeplerLightCurve .
This file may be corrupt due to an interrupted download. Please remove it from your disk and try again.
2026-01-04 00:35:54 | DEBUG    | ExoplanetDownloader | Retry 1 for KIC 4138951 after 2.0s: Error in reading Data product D:\.lightkurve\cache\mastDownload\Kepler\kplr004138951_lc_Q011111111111111111\kplr004138951-2009166043257_llc.fits of type KeplerLightCurve .
This file may be corrupt due to an interrupted download. Please remove it from your disk and try again.
2026-01-04 00:35:54 | DEBUG    | ExoplanetDownloader | Retry 2 for KIC 4061149 after 4.0s: Error in reading Data product D:\.lightkurve\cache\mastDownload\Kepler\kplr004061149_lc_Q011111111111111111\kplr004061149-2010174085026_llc.fits of type KeplerLightCurve .
This file may be corrupt due to an interrupted download. Please remove it from your disk and try again.
2026-01-04 00:35:55 | DEBUG    | ExoplanetDownloader | Retry 1 for KIC 4140813 after 2.0s: Error in reading Data product D:\.lightkurve\cache\mastDownload\Kepler\kplr004140813_lc_Q011111111111111111\kplr004140813-2009166043257_llc.fits of type KeplerLightCurve .
This file may be corrupt due to an interrupted download. Please remove it from your disk and try again.
2026-01-04 00:35:56 | DEBUG    | ExoplanetDownloader | Retry 2 for KIC 4138951 after 4.0s: Error in reading Data product D:\.lightkurve\cache\mastDownload\Kepler\kplr004138951_lc_Q011111111111111111\kplr004138951-2009166043257_llc.fits of type KeplerLightCurve .
This file may be corrupt due to an interrupted download. Please remove it from your disk and try again.
2026-01-04 00:35:56 | DEBUG    | ExoplanetDownloader | Retry 2 for KIC 4076098 after 4.0s: Error in reading Data product D:\.lightkurve\cache\mastDownload\Kepler\kplr004076098_lc_Q000011011101110111\kplr004076098-2013011073258_llc.fits of type KeplerLightCurve .
This file may be corrupt due to an interrupted download. Please remove it from your disk and try again.
2026-01-04 00:35:56 | DEBUG    | ExoplanetDownloader | Retry 1 for KIC 4144576 after 2.0s: Error in reading Data product D:\.lightkurve\cache\mastDownload\Kepler\kplr004144576_lc_Q011111111111111111\kplr004144576-2009166043257_llc.fits of type KeplerLightCurve .
This file may be corrupt due to an interrupted download. Please remove it from your disk and try again.
2026-01-04 00:35:57 | DEBUG    | ExoplanetDownloader | Retry 2 for KIC 4140813 after 4.0s: Error in reading Data product D:\.lightkurve\cache\mastDownload\Kepler\kplr004140813_lc_Q011111111111111111\kplr004140813-2009166043257_llc.fits of type KeplerLightCurve .
This file may be corrupt due to an interrupted download. Please remove it from your disk and try again.
2026-01-04 00:35:58 | DEBUG    | ExoplanetDownloader | Retry 1 for KIC 4150804 after 2.0s: Error in reading Data product D:\.lightkurve\cache\mastDownload\Kepler\kplr004150804_lc_Q111111111111111111\kplr004150804-2009259160929_llc.fits of type KeplerLightCurve .
This file may be corrupt due to an interrupted download. Please remove it from your disk and try again.
2026-01-04 00:35:59 | DEBUG    | ExoplanetDownloader | Retry 2 for KIC 4144576 after 4.0s: Error in reading Data product D:\.lightkurve\cache\mastDownload\Kepler\kplr004144576_lc_Q011111111111111111\kplr004144576-2009166043257_llc.fits of type KeplerLightCurve .
This file may be corrupt due to an interrupted download. Please remove it from your disk and try again.
2026-01-04 00:36:00 | DEBUG    | ExoplanetDownloader | Retry 1 for KIC 4143755 after 2.0s: Error in reading Data product D:\.lightkurve\cache\mastDownload\Kepler\kplr004143755_lc_Q111111111111111111\kplr004143755-2012179063303_llc.fits of type KeplerLightCurve .
This file may be corrupt due to an interrupted download. Please remove it from your disk and try again.
2026-01-04 00:36:01 | DEBUG    | ExoplanetDownloader | Retry 1 for KIC 4155328 after 2.0s: Error in reading Data product D:\.lightkurve\cache\mastDownload\Kepler\kplr004155328_lc_Q011111111111111111\kplr004155328-2011271113734_llc.fits of type KeplerLightCurve .
This file may be corrupt due to an interrupted download. Please remove it from your disk and try again.
2026-01-04 00:36:01 | DEBUG    | ExoplanetDownloader | Retry 2 for KIC 4150804 after 4.0s: Error in reading Data product D:\.lightkurve\cache\mastDownload\Kepler\kplr004150804_lc_Q111111111111111111\kplr004150804-2009259160929_llc.fits of type KeplerLightCurve .
This file may be corrupt due to an interrupted download. Please remove it from your disk and try again.
2026-01-04 00:36:02 | DEBUG    | ExoplanetDownloader | Retry 1 for KIC 4164922 after 2.0s: Error in reading Data product D:\.lightkurve\cache\mastDownload\Kepler\kplr004164922_lc_Q111111011101110111\kplr004164922-2009131105131_llc.fits of type KeplerLightCurve .
This file may be corrupt due to an interrupted download. Please remove it from your disk and try again.
2026-01-04 00:36:04 | DEBUG    | ExoplanetDownloader | Retry 1 for KIC 4175630 after 2.0s: Error in reading Data product D:\.lightkurve\cache\mastDownload\Kepler\kplr004175630_lc_Q001111011101110111\kplr004175630-2011073133259_llc.fits of type KeplerLightCurve .
This file may be corrupt due to an interrupted download. Please remove it from your disk and try again.
2026-01-04 00:36:05 | DEBUG    | ExoplanetDownloader | Retry 2 for KIC 4164922 after 4.0s: Error in reading Data product D:\.lightkurve\cache\mastDownload\Kepler\kplr004164922_lc_Q111111011101110111\kplr004164922-2009131105131_llc.fits of type KeplerLightCurve .
This file may be corrupt due to an interrupted download. Please remove it from your disk and try again.
2026-01-04 00:36:05 | DEBUG    | ExoplanetDownloader | Retry 1 for KIC 4165473 after 2.0s: Error in reading Data product D:\.lightkurve\cache\mastDownload\Kepler\kplr004165473_lc_Q011111011101110111\kplr004165473-2012088054726_llc.fits of type KeplerLightCurve .
This file may be corrupt due to an interrupted download. Please remove it from your disk and try again.
2026-01-04 00:36:06 | DEBUG    | ExoplanetDownloader | Retry 2 for KIC 4155328 after 4.0s: Error in reading Data product D:\.lightkurve\cache\mastDownload\Kepler\kplr004155328_lc_Q011111111111111111\kplr004155328-2011271113734_llc.fits of type KeplerLightCurve .
This file may be corrupt due to an interrupted download. Please remove it from your disk and try again.
2026-01-04 00:36:07 | DEBUG    | ExoplanetDownloader | Retry 1 for KIC 4180280 after 2.0s: Error in reading Data product D:\.lightkurve\cache\mastDownload\Kepler\kplr004180280_lc_Q011111011101110111\kplr004180280-2010174085026_llc.fits of type KeplerLightCurve .
This file may be corrupt due to an interrupted download. Please remove it from your disk and try again.
2026-01-04 00:36:07 | DEBUG    | ExoplanetDownloader | Retry 1 for KIC 4242692 after 2.0s: Error in reading Data product D:\.lightkurve\cache\mastDownload\Kepler\kplr004242692_lc_Q111111111111111111\kplr004242692-2009350155506_llc.fits of type KeplerLightCurve .
This file may be corrupt due to an interrupted download. Please remove it from your disk and try again.
2026-01-04 00:36:07 | DEBUG    | ExoplanetDownloader | Retry 2 for KIC 4143755 after 4.0s: Error in reading Data product D:\.lightkurve\cache\mastDownload\Kepler\kplr004143755_lc_Q111111111111111111\kplr004143755-2012179063303_llc.fits of type KeplerLightCurve .
This file may be corrupt due to an interrupted download. Please remove it from your disk and try again.
2026-01-04 00:36:07 | DEBUG    | ExoplanetDownloader | Retry 2 for KIC 4175630 after 4.0s: Error in reading Data product D:\.lightkurve\cache\mastDownload\Kepler\kplr004175630_lc_Q001111011101110111\kplr004175630-2011073133259_llc.fits of type KeplerLightCurve .
This file may be corrupt due to an interrupted download. Please remove it from your disk and try again.
2026-01-04 00:36:08 | DEBUG    | ExoplanetDownloader | Retry 2 for KIC 4165473 after 4.0s: Error in reading Data product D:\.lightkurve\cache\mastDownload\Kepler\kplr004165473_lc_Q011111011101110111\kplr004165473-2012088054726_llc.fits of type KeplerLightCurve .
This file may be corrupt due to an interrupted download. Please remove it from your disk and try again.
2026-01-04 00:36:09 | DEBUG    | ExoplanetDownloader | Retry 1 for KIC 4247991 after 2.0s: Error in reading Data product D:\.lightkurve\cache\mastDownload\Kepler\kplr004247991_lc_Q010111011101110111\kplr004247991-2012088054726_llc.fits of type KeplerLightCurve .
This file may be corrupt due to an interrupted download. Please remove it from your disk and try again.
2026-01-04 00:36:10 | DEBUG    | ExoplanetDownloader | Retry 2 for KIC 4242692 after 4.0s: Error in reading Data product D:\.lightkurve\cache\mastDownload\Kepler\kplr004242692_lc_Q111111111111111111\kplr004242692-2009350155506_llc.fits of type KeplerLightCurve .
This file may be corrupt due to an interrupted download. Please remove it from your disk and try again.
2026-01-04 00:36:10 | DEBUG    | ExoplanetDownloader | Retry 2 for KIC 4180280 after 4.0s: Error in reading Data product D:\.lightkurve\cache\mastDownload\Kepler\kplr004180280_lc_Q011111011101110111\kplr004180280-2010174085026_llc.fits of type KeplerLightCurve .
This file may be corrupt due to an interrupted download. Please remove it from your disk and try again.
2026-01-04 00:36:13 | DEBUG    | ExoplanetDownloader | Retry 2 for KIC 4247991 after 4.0s: Error in reading Data product D:\.lightkurve\cache\mastDownload\Kepler\kplr004247991_lc_Q010111011101110111\kplr004247991-2012088054726_llc.fits of type KeplerLightCurve .
This file may be corrupt due to an interrupted download. Please remove it from your disk and try again.
2026-01-04 00:36:15 | DEBUG    | ExoplanetDownloader | Retry 1 for KIC 4248120 after 2.0s: Error in reading Data product D:\.lightkurve\cache\mastDownload\Kepler\kplr004248120_lc_Q011111111111111111\kplr004248120-2012088054726_llc.fits of type KeplerLightCurve .
This file may be corrupt due to an interrupted download. Please remove it from your disk and try again.
2026-01-04 00:36:18 | DEBUG    | ExoplanetDownloader | Retry 1 for KIC 4249725 after 2.0s: Error in reading Data product D:\.lightkurve\cache\mastDownload\Kepler\kplr004249725_lc_Q011111111111111111\kplr004249725-2011177032512_llc.fits of type KeplerLightCurve .
This file may be corrupt due to an interrupted download. Please remove it from your disk and try again.
2026-01-04 00:36:18 | DEBUG    | ExoplanetDownloader | Retry 1 for KIC 4254466 after 2.0s: Error in reading Data product D:\.lightkurve\cache\mastDownload\Kepler\kplr004254466_lc_Q011111111111111111\kplr004254466-2010355172524_llc.fits of type KeplerLightCurve .
This file may be corrupt due to an interrupted download. Please remove it from your disk and try again.
2026-01-04 00:36:19 | DEBUG    | ExoplanetDownloader | Retry 1 for KIC 4275191 after 2.0s: Error in reading Data product D:\.lightkurve\cache\mastDownload\Kepler\kplr004275191_lc_Q011111011101110111\kplr004275191-2009259160929_llc.fits of type KeplerLightCurve .
This file may be corrupt due to an interrupted download. Please remove it from your disk and try again.
2026-01-04 00:36:19 | DEBUG    | ExoplanetDownloader | Retry 1 for KIC 4271474 after 2.0s: Error in reading Data product D:\.lightkurve\cache\mastDownload\Kepler\kplr004271474_lc_Q011111011101110111\kplr004271474-2009350155506_llc.fits of type KeplerLightCurve .
This file may be corrupt due to an interrupted download. Please remove it from your disk and try again.
2026-01-04 00:36:19 | DEBUG    | ExoplanetDownloader | Retry 1 for KIC 4262581 after 2.0s: Error in reading Data product D:\.lightkurve\cache\mastDownload\Kepler\kplr004262581_lc_Q011111111111111111\kplr004262581-2010265121752_llc.fits of type KeplerLightCurve .
This file may be corrupt due to an interrupted download. Please remove it from your disk and try again.
2026-01-04 00:36:20 | DEBUG    | ExoplanetDownloader | Retry 1 for KIC 4346178 after 2.0s: Error in reading Data product D:\.lightkurve\cache\mastDownload\Kepler\kplr004346178_lc_Q011111111111111111\kplr004346178-2010078095331_llc.fits of type KeplerLightCurve .
This file may be corrupt due to an interrupted download. Please remove it from your disk and try again.
2026-01-04 00:36:20 | DEBUG    | ExoplanetDownloader | Retry 2 for KIC 4248120 after 4.0s: Error in reading Data product D:\.lightkurve\cache\mastDownload\Kepler\kplr004248120_lc_Q011111111111111111\kplr004248120-2012088054726_llc.fits of type KeplerLightCurve .
This file may be corrupt due to an interrupted download. Please remove it from your disk and try again.
2026-01-04 00:36:21 | DEBUG    | ExoplanetDownloader | Retry 2 for KIC 4249725 after 4.0s: Error in reading Data product D:\.lightkurve\cache\mastDownload\Kepler\kplr004249725_lc_Q011111111111111111\kplr004249725-2011177032512_llc.fits of type KeplerLightCurve .
This file may be corrupt due to an interrupted download. Please remove it from your disk and try again.
2026-01-04 00:36:21 | DEBUG    | ExoplanetDownloader | Retry 2 for KIC 4254466 after 4.0s: Error in reading Data product D:\.lightkurve\cache\mastDownload\Kepler\kplr004254466_lc_Q011111111111111111\kplr004254466-2010355172524_llc.fits of type KeplerLightCurve .
This file may be corrupt due to an interrupted download. Please remove it from your disk and try again.
2026-01-04 00:36:21 | DEBUG    | ExoplanetDownloader | Retry 2 for KIC 4275191 after 4.0s: Error in reading Data product D:\.lightkurve\cache\mastDownload\Kepler\kplr004275191_lc_Q011111011101110111\kplr004275191-2009259160929_llc.fits of type KeplerLightCurve .
This file may be corrupt due to an interrupted download. Please remove it from your disk and try again.
2026-01-04 00:36:22 | DEBUG    | ExoplanetDownloader | Retry 2 for KIC 4271474 after 4.0s: Error in reading Data product D:\.lightkurve\cache\mastDownload\Kepler\kplr004271474_lc_Q011111011101110111\kplr004271474-2009350155506_llc.fits of type KeplerLightCurve .
This file may be corrupt due to an interrupted download. Please remove it from your disk and try again.
2026-01-04 00:36:22 | DEBUG    | ExoplanetDownloader | Retry 1 for KIC 4349452 after 2.0s: Error in reading Data product D:\.lightkurve\cache\mastDownload\Kepler\kplr004349452_lc_Q111111111111111111\kplr004349452-2009166043257_llc.fits of type KeplerLightCurve .
This file may be corrupt due to an interrupted download. Please remove it from your disk and try again.
2026-01-04 00:36:22 | DEBUG    | ExoplanetDownloader | Retry 2 for KIC 4262581 after 4.0s: Error in reading Data product D:\.lightkurve\cache\mastDownload\Kepler\kplr004262581_lc_Q011111111111111111\kplr004262581-2010265121752_llc.fits of type KeplerLightCurve .
This file may be corrupt due to an interrupted download. Please remove it from your disk and try again.
2026-01-04 00:36:22 | DEBUG    | ExoplanetDownloader | Retry 2 for KIC 4346178 after 4.0s: Error in reading Data product D:\.lightkurve\cache\mastDownload\Kepler\kplr004346178_lc_Q011111111111111111\kplr004346178-2010078095331_llc.fits of type KeplerLightCurve .
This file may be corrupt due to an interrupted download. Please remove it from your disk and try again.
2026-01-04 00:36:24 | DEBUG    | ExoplanetDownloader | Retry 2 for KIC 4349452 after 4.0s: Error in reading Data product D:\.lightkurve\cache\mastDownload\Kepler\kplr004349452_lc_Q111111111111111111\kplr004349452-2009166043257_llc.fits of type KeplerLightCurve .
This file may be corrupt due to an interrupted download. Please remove it from your disk and try again.
2026-01-04 00:36:28 | DEBUG    | ExoplanetDownloader | Retry 1 for KIC 4385148 after 2.0s: Error in reading Data product D:\.lightkurve\cache\mastDownload\Kepler\kplr004385148_lc_Q000011011101110111\kplr004385148-2011177032512_llc.fits of type KeplerLightCurve .
This file may be corrupt due to an interrupted download. Please remove it from your disk and try again.
2026-01-04 00:36:29 | DEBUG    | ExoplanetDownloader | Retry 1 for KIC 4454934 after 2.0s: Error in reading Data product D:\.lightkurve\cache\mastDownload\Kepler\kplr004454934_lc_Q011111111111111111\kplr004454934-2010078095331_llc.fits of type KeplerLightCurve .
This file may be corrupt due to an interrupted download. Please remove it from your disk and try again.
2026-01-04 00:36:30 | DEBUG    | ExoplanetDownloader | Retry 1 for KIC 4454752 after 2.0s: Error in reading Data product D:\.lightkurve\cache\mastDownload\Kepler\kplr004454752_lc_Q011111111111111111\kplr004454752-2009166043257_llc.fits of type KeplerLightCurve .
This file may be corrupt due to an interrupted download. Please remove it from your disk and try again.
2026-01-04 00:36:31 | DEBUG    | ExoplanetDownloader | Retry 1 for KIC 4544907 after 2.0s: Error in reading Data product D:\.lightkurve\cache\mastDownload\Kepler\kplr004544907_lc_Q011111111111111111\kplr004544907-2009259160929_llc.fits of type KeplerLightCurve .
This file may be corrupt due to an interrupted download. Please remove it from your disk and try again.
2026-01-04 00:36:32 | DEBUG    | ExoplanetDownloader | Retry 1 for KIC 4478168 after 2.0s: Error in reading Data product D:\.lightkurve\cache\mastDownload\Kepler\kplr004478168_lc_Q111111011101110111\kplr004478168-2010078095331_llc.fits of type KeplerLightCurve .
This file may be corrupt due to an interrupted download. Please remove it from your disk and try again.
2026-01-04 00:36:32 | DEBUG    | ExoplanetDownloader | Retry 1 for KIC 4473613 after 2.0s: Error in reading Data product D:\.lightkurve\cache\mastDownload\Kepler\kplr004473613_lc_Q011111011101110111\kplr004473613-2013098041711_llc.fits of type KeplerLightCurve .
This file may be corrupt due to an interrupted download. Please remove it from your disk and try again.
2026-01-04 00:36:32 | DEBUG    | ExoplanetDownloader | Retry 1 for KIC 4466677 after 2.0s: I/O operation on closed file.
2026-01-04 00:36:32 | DEBUG    | ExoplanetDownloader | Retry 2 for KIC 4385148 after 4.0s: Error in reading Data product D:\.lightkurve\cache\mastDownload\Kepler\kplr004385148_lc_Q000011011101110111\kplr004385148-2011177032512_llc.fits of type KeplerLightCurve .
This file may be corrupt due to an interrupted download. Please remove it from your disk and try again.
2026-01-04 00:36:32 | DEBUG    | ExoplanetDownloader | Retry 2 for KIC 4454934 after 4.0s: Error in reading Data product D:\.lightkurve\cache\mastDownload\Kepler\kplr004454934_lc_Q011111111111111111\kplr004454934-2010078095331_llc.fits of type KeplerLightCurve .
This file may be corrupt due to an interrupted download. Please remove it from your disk and try again.
2026-01-04 00:36:32 | DEBUG    | ExoplanetDownloader | Retry 1 for KIC 4472818 after 2.0s: Error in reading Data product D:\.lightkurve\cache\mastDownload\Kepler\kplr004472818_lc_Q111111011101110111\kplr004472818-2013098041711_llc.fits of type KeplerLightCurve .
This file may be corrupt due to an interrupted download. Please remove it from your disk and try again.
2026-01-04 00:36:33 | DEBUG    | ExoplanetDownloader | Retry 2 for KIC 4454752 after 4.0s: Error in reading Data product D:\.lightkurve\cache\mastDownload\Kepler\kplr004454752_lc_Q011111111111111111\kplr004454752-2009166043257_llc.fits of type KeplerLightCurve .
This file may be corrupt due to an interrupted download. Please remove it from your disk and try again.
2026-01-04 00:36:34 | DEBUG    | ExoplanetDownloader | Retry 2 for KIC 4544907 after 4.0s: Error in reading Data product D:\.lightkurve\cache\mastDownload\Kepler\kplr004544907_lc_Q011111111111111111\kplr004544907-2009259160929_llc.fits of type KeplerLightCurve .
This file may be corrupt due to an interrupted download. Please remove it from your disk and try again.
2026-01-04 00:36:35 | DEBUG    | ExoplanetDownloader | Retry 2 for KIC 4478168 after 4.0s: Error in reading Data product D:\.lightkurve\cache\mastDownload\Kepler\kplr004478168_lc_Q111111011101110111\kplr004478168-2010078095331_llc.fits of type KeplerLightCurve .
This file may be corrupt due to an interrupted download. Please remove it from your disk and try again.
2026-01-04 00:36:37 | DEBUG    | ExoplanetDownloader | Retry 2 for KIC 4466677 after 4.0s: Error in reading Data product D:\.lightkurve\cache\mastDownload\Kepler\kplr004466677_lc_Q011111111111111111\kplr004466677-2011271113734_llc.fits of type KeplerLightCurve .
This file may be corrupt due to an interrupted download. Please remove it from your disk and try again.
2026-01-04 00:36:38 | DEBUG    | ExoplanetDownloader | Retry 2 for KIC 4473613 after 4.0s: Error in reading Data product D:\.lightkurve\cache\mastDownload\Kepler\kplr004473613_lc_Q011111011101110111\kplr004473613-2013098041711_llc.fits of type KeplerLightCurve .
This file may be corrupt due to an interrupted download. Please remove it from your disk and try again.
2026-01-04 00:36:38 | DEBUG    | ExoplanetDownloader | Retry 2 for KIC 4472818 after 4.0s: Error in reading Data product D:\.lightkurve\cache\mastDownload\Kepler\kplr004472818_lc_Q111111011101110111\kplr004472818-2013098041711_llc.fits of type KeplerLightCurve .
This file may be corrupt due to an interrupted download. Please remove it from your disk and try again.
2026-01-04 00:36:40 | DEBUG    | ExoplanetDownloader | Retry 1 for KIC 4545570 after 2.0s: Error in reading Data product D:\.lightkurve\cache\mastDownload\Kepler\kplr004545570_lc_Q011111111111111111\kplr004545570-2011177032512_llc.fits of type KeplerLightCurve .
This file may be corrupt due to an interrupted download. Please remove it from your disk and try again.
2026-01-04 00:36:42 | DEBUG    | ExoplanetDownloader | Retry 1 for KIC 4563268 after 2.0s: Error in reading Data product D:\.lightkurve\cache\mastDownload\Kepler\kplr004563268_lc_Q011111111111111111\kplr004563268-2012088054726_llc.fits of type KeplerLightCurve .
This file may be corrupt due to an interrupted download. Please remove it from your disk and try again.
2026-01-04 00:36:47 | DEBUG    | ExoplanetDownloader | Retry 2 for KIC 4545570 after 4.0s: Error in reading Data product D:\.lightkurve\cache\mastDownload\Kepler\kplr004545570_lc_Q011111111111111111\kplr004545570-2011177032512_llc.fits of type KeplerLightCurve .
This file may be corrupt due to an interrupted download. Please remove it from your disk and try again.
2026-01-04 00:36:49 | DEBUG    | ExoplanetDownloader | Retry 1 for KIC 4644604 after 2.0s: Error in reading Data product D:\.lightkurve\cache\mastDownload\Kepler\kplr004644604_lc_Q011111111111111111\kplr004644604-2012088054726_llc.fits of type KeplerLightCurve .
This file may be corrupt due to an interrupted download. Please remove it from your disk and try again.
2026-01-04 00:36:50 | DEBUG    | ExoplanetDownloader | Retry 1 for KIC 4664847 after 2.0s: Error in reading Data product D:\.lightkurve\cache\mastDownload\Kepler\kplr004664847_lc_Q001111011101110111\kplr004664847-2013011073258_llc.fits of type KeplerLightCurve .
This file may be corrupt due to an interrupted download. Please remove it from your disk and try again.
2026-01-04 00:36:51 | DEBUG    | ExoplanetDownloader | Retry 2 for KIC 4563268 after 4.0s: Error in reading Data product D:\.lightkurve\cache\mastDownload\Kepler\kplr004563268_lc_Q011111111111111111\kplr004563268-2012088054726_llc.fits of type KeplerLightCurve .
This file may be corrupt due to an interrupted download. Please remove it from your disk and try again.
2026-01-04 00:36:51 | DEBUG    | ExoplanetDownloader | Retry 1 for KIC 4645174 after 2.0s: Error in reading Data product D:\.lightkurve\cache\mastDownload\Kepler\kplr004645174_lc_Q011111111111111111\kplr004645174-2012277125453_llc.fits of type KeplerLightCurve .
This file may be corrupt due to an interrupted download. Please remove it from your disk and try again.
2026-01-04 00:36:52 | DEBUG    | ExoplanetDownloader | Retry 1 for KIC 4673628 after 2.0s: Error in reading Data product D:\.lightkurve\cache\mastDownload\Kepler\kplr004673628_lc_Q011111011101110111\kplr004673628-2010174085026_llc.fits of type KeplerLightCurve .
This file may be corrupt due to an interrupted download. Please remove it from your disk and try again.
2026-01-04 00:36:52 | DEBUG    | ExoplanetDownloader | Retry 2 for KIC 4644604 after 4.0s: Error in reading Data product D:\.lightkurve\cache\mastDownload\Kepler\kplr004644604_lc_Q011111111111111111\kplr004644604-2012088054726_llc.fits of type KeplerLightCurve .
This file may be corrupt due to an interrupted download. Please remove it from your disk and try again.
2026-01-04 00:36:54 | DEBUG    | ExoplanetDownloader | Retry 1 for KIC 4736569 after 2.0s: Error in reading Data product D:\.lightkurve\cache\mastDownload\Kepler\kplr004736569_lc_Q000011111111111111\kplr004736569-2012004120508_llc.fits of type KeplerLightCurve .
This file may be corrupt due to an interrupted download. Please remove it from your disk and try again.
2026-01-04 00:36:55 | DEBUG    | ExoplanetDownloader | Retry 1 for KIC 4556468 after 2.0s: I/O operation on closed file.
2026-01-04 00:36:56 | DEBUG    | ExoplanetDownloader | Retry 2 for KIC 4664847 after 4.0s: Error in reading Data product D:\.lightkurve\cache\mastDownload\Kepler\kplr004664847_lc_Q001111011101110111\kplr004664847-2013011073258_llc.fits of type KeplerLightCurve .
This file may be corrupt due to an interrupted download. Please remove it from your disk and try again.
2026-01-04 00:36:56 | DEBUG    | ExoplanetDownloader | Retry 2 for KIC 4673628 after 4.0s: Error in reading Data product D:\.lightkurve\cache\mastDownload\Kepler\kplr004673628_lc_Q011111011101110111\kplr004673628-2010174085026_llc.fits of type KeplerLightCurve .
This file may be corrupt due to an interrupted download. Please remove it from your disk and try again.
2026-01-04 00:36:58 | DEBUG    | ExoplanetDownloader | Retry 2 for KIC 4645174 after 4.0s: Error in reading Data product D:\.lightkurve\cache\mastDownload\Kepler\kplr004645174_lc_Q011111111111111111\kplr004645174-2012277125453_llc.fits of type KeplerLightCurve .
This file may be corrupt due to an interrupted download. Please remove it from your disk and try again.
2026-01-04 00:36:59 | DEBUG    | ExoplanetDownloader | Retry 1 for KIC 4770617 after 2.0s: Error in reading Data product D:\.lightkurve\cache\mastDownload\Kepler\kplr004770617_lc_Q011111111111111111\kplr004770617-2010355172524_llc.fits of type KeplerLightCurve .
This file may be corrupt due to an interrupted download. Please remove it from your disk and try again.
2026-01-04 00:37:01 | DEBUG    | ExoplanetDownloader | Retry 2 for KIC 4736569 after 4.0s: Error in reading Data product D:\.lightkurve\cache\mastDownload\Kepler\kplr004736569_lc_Q000011111111111111\kplr004736569-2012004120508_llc.fits of type KeplerLightCurve .
This file may be corrupt due to an interrupted download. Please remove it from your disk and try again.
2026-01-04 00:37:04 | DEBUG    | ExoplanetDownloader | Retry 2 for KIC 4770617 after 4.0s: Error in reading Data product D:\.lightkurve\cache\mastDownload\Kepler\kplr004770617_lc_Q011111111111111111\kplr004770617-2010355172524_llc.fits of type KeplerLightCurve .
This file may be corrupt due to an interrupted download. Please remove it from your disk and try again.
2026-01-04 00:37:04 | DEBUG    | ExoplanetDownloader | Retry 1 for KIC 4813563 after 2.0s: Error in reading Data product D:\.lightkurve\cache\mastDownload\Kepler\kplr004813563_lc_Q011110111011101110\kplr004813563-2009350155506_llc.fits of type KeplerLightCurve .
This file may be corrupt due to an interrupted download. Please remove it from your disk and try again.
2026-01-04 00:37:06 | DEBUG    | ExoplanetDownloader | Retry 1 for KIC 4850961 after 2.0s: Error in reading Data product D:\.lightkurve\cache\mastDownload\Kepler\kplr004850961_lc_Q011111011101110111\kplr004850961-2010078095331_llc.fits of type KeplerLightCurve .
This file may be corrupt due to an interrupted download. Please remove it from your disk and try again.
2026-01-04 00:37:06 | DEBUG    | ExoplanetDownloader | Retry 1 for KIC 4831728 after 2.0s: Error in reading Data product D:\.lightkurve\cache\mastDownload\Kepler\kplr004831728_lc_Q011111111111111111\kplr004831728-2012004120508_llc.fits of type KeplerLightCurve .
This file may be corrupt due to an interrupted download. Please remove it from your disk and try again.
2026-01-04 00:37:07 | DEBUG    | ExoplanetDownloader | Retry 2 for KIC 4813563 after 4.0s: Error in reading Data product D:\.lightkurve\cache\mastDownload\Kepler\kplr004813563_lc_Q011110111011101110\kplr004813563-2009350155506_llc.fits of type KeplerLightCurve .
This file may be corrupt due to an interrupted download. Please remove it from your disk and try again.
2026-01-04 00:37:07 | DEBUG    | ExoplanetDownloader | Retry 2 for KIC 4556468 after 4.0s: I/O operation on closed file.
2026-01-04 00:37:07 | DEBUG    | ExoplanetDownloader | Retry 1 for KIC 4857213 after 2.0s: Error in reading Data product D:\.lightkurve\cache\mastDownload\Kepler\kplr004857213_lc_Q011111111111111111\kplr004857213-2009166043257_llc.fits of type KeplerLightCurve .
This file may be corrupt due to an interrupted download. Please remove it from your disk and try again.
2026-01-04 00:37:08 | DEBUG    | ExoplanetDownloader | Retry 1 for KIC 4852528 after 2.0s: Error in reading Data product D:\.lightkurve\cache\mastDownload\Kepler\kplr004852528_lc_Q011111011101110111\kplr004852528-2010174085026_llc.fits of type KeplerLightCurve .
This file may be corrupt due to an interrupted download. Please remove it from your disk and try again.
2026-01-04 00:37:09 | DEBUG    | ExoplanetDownloader | Retry 2 for KIC 4850961 after 4.0s: Error in reading Data product D:\.lightkurve\cache\mastDownload\Kepler\kplr004850961_lc_Q011111011101110111\kplr004850961-2010078095331_llc.fits of type KeplerLightCurve .
This file may be corrupt due to an interrupted download. Please remove it from your disk and try again.
2026-01-04 00:37:10 | DEBUG    | ExoplanetDownloader | Retry 2 for KIC 4831728 after 4.0s: Error in reading Data product D:\.lightkurve\cache\mastDownload\Kepler\kplr004831728_lc_Q011111111111111111\kplr004831728-2012004120508_llc.fits of type KeplerLightCurve .
This file may be corrupt due to an interrupted download. Please remove it from your disk and try again.
2026-01-04 00:37:10 | DEBUG    | ExoplanetDownloader | Retry 2 for KIC 4857213 after 4.0s: Error in reading Data product D:\.lightkurve\cache\mastDownload\Kepler\kplr004857213_lc_Q011111111111111111\kplr004857213-2009166043257_llc.fits of type KeplerLightCurve .
This file may be corrupt due to an interrupted download. Please remove it from your disk and try again.
2026-01-04 00:37:11 | DEBUG    | ExoplanetDownloader | Retry 1 for KIC 4860678 after 2.0s: Error in reading Data product D:\.lightkurve\cache\mastDownload\Kepler\kplr004860678_lc_Q011111111111111111\kplr004860678-2010265121752_llc.fits of type KeplerLightCurve .
This file may be corrupt due to an interrupted download. Please remove it from your disk and try again.
2026-01-04 00:37:11 | DEBUG    | ExoplanetDownloader | Retry 2 for KIC 4852528 after 4.0s: Error in reading Data product D:\.lightkurve\cache\mastDownload\Kepler\kplr004852528_lc_Q011111011101110111\kplr004852528-2010174085026_llc.fits of type KeplerLightCurve .
This file may be corrupt due to an interrupted download. Please remove it from your disk and try again.
2026-01-04 00:37:11 | DEBUG    | ExoplanetDownloader | Retry 1 for KIC 4847534 after 2.0s: Error in reading Data product D:\.lightkurve\cache\mastDownload\Kepler\kplr004847534_lc_Q011111011101110111\kplr004847534-2012004120508_llc.fits of type KeplerLightCurve .
This file may be corrupt due to an interrupted download. Please remove it from your disk and try again.
2026-01-04 00:37:14 | DEBUG    | ExoplanetDownloader | Retry 1 for KIC 4914566 after 2.0s: Error in reading Data product D:\.lightkurve\cache\mastDownload\Kepler\kplr004914566_lc_Q111111111111111111\kplr004914566-2009259160929_llc.fits of type KeplerLightCurve .
This file may be corrupt due to an interrupted download. Please remove it from your disk and try again.
2026-01-04 00:37:15 | DEBUG    | ExoplanetDownloader | Retry 2 for KIC 4860678 after 4.0s: Error in reading Data product D:\.lightkurve\cache\mastDownload\Kepler\kplr004860678_lc_Q011111111111111111\kplr004860678-2010265121752_llc.fits of type KeplerLightCurve .
This file may be corrupt due to an interrupted download. Please remove it from your disk and try again.
2026-01-04 00:37:15 | DEBUG    | ExoplanetDownloader | Retry 1 for KIC 4913852 after 2.0s: Error in reading Data product D:\.lightkurve\cache\mastDownload\Kepler\kplr004913852_lc_Q011111111111111111\kplr004913852-2010078095331_llc.fits of type KeplerLightCurve .
This file may be corrupt due to an interrupted download. Please remove it from your disk and try again.
2026-01-04 00:37:16 | DEBUG    | ExoplanetDownloader | Retry 2 for KIC 4847534 after 4.0s: Error in reading Data product D:\.lightkurve\cache\mastDownload\Kepler\kplr004847534_lc_Q011111011101110111\kplr004847534-2012004120508_llc.fits of type KeplerLightCurve .
This file may be corrupt due to an interrupted download. Please remove it from your disk and try again.
2026-01-04 00:37:17 | DEBUG    | ExoplanetDownloader | Retry 1 for KIC 4915638 after 2.0s: Error in reading Data product D:\.lightkurve\cache\mastDownload\Kepler\kplr004915638_lc_Q001111111111111111\kplr004915638-2010078095331_llc.fits of type KeplerLightCurve .
This file may be corrupt due to an interrupted download. Please remove it from your disk and try again.
2026-01-04 00:37:17 | DEBUG    | ExoplanetDownloader | Retry 2 for KIC 4914566 after 4.0s: Error in reading Data product D:\.lightkurve\cache\mastDownload\Kepler\kplr004914566_lc_Q111111111111111111\kplr004914566-2009259160929_llc.fits of type KeplerLightCurve .
This file may be corrupt due to an interrupted download. Please remove it from your disk and try again.
2026-01-04 00:37:18 | DEBUG    | ExoplanetDownloader | Retry 1 for KIC 4939346 after 2.0s: Error in reading Data product D:\.lightkurve\cache\mastDownload\Kepler\kplr004939346_lc_Q001111011101110111\kplr004939346-2012004120508_llc.fits of type KeplerLightCurve .
This file may be corrupt due to an interrupted download. Please remove it from your disk and try again.
2026-01-04 00:37:18 | DEBUG    | ExoplanetDownloader | Retry 2 for KIC 4913852 after 4.0s: Error in reading Data product D:\.lightkurve\cache\mastDownload\Kepler\kplr004913852_lc_Q011111111111111111\kplr004913852-2010078095331_llc.fits of type KeplerLightCurve .
This file may be corrupt due to an interrupted download. Please remove it from your disk and try again.
2026-01-04 00:37:20 | DEBUG    | ExoplanetDownloader | Retry 1 for KIC 4989057 after 2.0s: Error in reading Data product D:\.lightkurve\cache\mastDownload\Kepler\kplr004989057_lc_Q011110111011101110\kplr004989057-2010355172524_llc.fits of type KeplerLightCurve .
This file may be corrupt due to an interrupted download. Please remove it from your disk and try again.
2026-01-04 00:37:20 | DEBUG    | ExoplanetDownloader | Retry 2 for KIC 4915638 after 4.0s: Error in reading Data product D:\.lightkurve\cache\mastDownload\Kepler\kplr004915638_lc_Q001111111111111111\kplr004915638-2010078095331_llc.fits of type KeplerLightCurve .
This file may be corrupt due to an interrupted download. Please remove it from your disk and try again.
2026-01-04 00:37:22 | DEBUG    | ExoplanetDownloader | Retry 2 for KIC 4939346 after 4.0s: Error in reading Data product D:\.lightkurve\cache\mastDownload\Kepler\kplr004939346_lc_Q001111011101110111\kplr004939346-2012004120508_llc.fits of type KeplerLightCurve .
This file may be corrupt due to an interrupted download. Please remove it from your disk and try again.
2026-01-04 00:37:22 | DEBUG    | ExoplanetDownloader | Retry 1 for KIC 4947556 after 2.0s: Error in reading Data product D:\.lightkurve\cache\mastDownload\Kepler\kplr004947556_lc_Q111111111111111111\kplr004947556-2012179063303_llc.fits of type KeplerLightCurve .
This file may be corrupt due to an interrupted download. Please remove it from your disk and try again.
2026-01-04 00:37:22 | DEBUG    | ExoplanetDownloader | Retry 2 for KIC 4989057 after 4.0s: Error in reading Data product D:\.lightkurve\cache\mastDownload\Kepler\kplr004989057_lc_Q011110111011101110\kplr004989057-2010355172524_llc.fits of type KeplerLightCurve .
This file may be corrupt due to an interrupted download. Please remove it from your disk and try again.
2026-01-04 00:37:24 | DEBUG    | ExoplanetDownloader | Retry 1 for KIC 4991208 after 2.0s: Error in reading Data product D:\.lightkurve\cache\mastDownload\Kepler\kplr004991208_lc_Q111110111011101110\kplr004991208-2010355172524_llc.fits of type KeplerLightCurve .
This file may be corrupt due to an interrupted download. Please remove it from your disk and try again.
2026-01-04 00:37:25 | DEBUG    | ExoplanetDownloader | Retry 1 for KIC 5036705 after 2.0s: Error in reading Data product D:\.lightkurve\cache\mastDownload\Kepler\kplr005036705_lc_Q011111111111111111\kplr005036705-2009350155506_llc.fits of type KeplerLightCurve .
This file may be corrupt due to an interrupted download. Please remove it from your disk and try again.
2026-01-04 00:37:26 | DEBUG    | ExoplanetDownloader | Retry 1 for KIC 5020319 after 2.0s: Error in reading Data product D:\.lightkurve\cache\mastDownload\Kepler\kplr005020319_lc_Q011111011101110111\kplr005020319-2011177032512_llc.fits of type KeplerLightCurve .
This file may be corrupt due to an interrupted download. Please remove it from your disk and try again.
2026-01-04 00:37:27 | DEBUG    | ExoplanetDownloader | Retry 2 for KIC 4947556 after 4.0s: Error in reading Data product D:\.lightkurve\cache\mastDownload\Kepler\kplr004947556_lc_Q111111111111111111\kplr004947556-2012179063303_llc.fits of type KeplerLightCurve .
This file may be corrupt due to an interrupted download. Please remove it from your disk and try again.
2026-01-04 00:37:28 | DEBUG    | ExoplanetDownloader | Retry 1 for KIC 5042210 after 2.0s: Error in reading Data product D:\.lightkurve\cache\mastDownload\Kepler\kplr005042210_lc_Q111111111111111111\kplr005042210-2009131105131_llc.fits of type KeplerLightCurve .
This file may be corrupt due to an interrupted download. Please remove it from your disk and try again.
2026-01-04 00:37:28 | DEBUG    | ExoplanetDownloader | Retry 2 for KIC 5036705 after 4.0s: Error in reading Data product D:\.lightkurve\cache\mastDownload\Kepler\kplr005036705_lc_Q011111111111111111\kplr005036705-2009350155506_llc.fits of type KeplerLightCurve .
This file may be corrupt due to an interrupted download. Please remove it from your disk and try again.
2026-01-04 00:37:28 | DEBUG    | ExoplanetDownloader | Retry 2 for KIC 4991208 after 4.0s: Error in reading Data product D:\.lightkurve\cache\mastDownload\Kepler\kplr004991208_lc_Q111110111011101110\kplr004991208-2010355172524_llc.fits of type KeplerLightCurve .
This file may be corrupt due to an interrupted download. Please remove it from your disk and try again.
2026-01-04 00:37:29 | DEBUG    | ExoplanetDownloader | Retry 2 for KIC 5020319 after 4.0s: Error in reading Data product D:\.lightkurve\cache\mastDownload\Kepler\kplr005020319_lc_Q011111011101110111\kplr005020319-2011177032512_llc.fits of type KeplerLightCurve .
This file may be corrupt due to an interrupted download. Please remove it from your disk and try again.
2026-01-04 00:37:30 | DEBUG    | ExoplanetDownloader | Retry 2 for KIC 5042210 after 4.0s: Error in reading Data product D:\.lightkurve\cache\mastDownload\Kepler\kplr005042210_lc_Q111111111111111111\kplr005042210-2009131105131_llc.fits of type KeplerLightCurve .
This file may be corrupt due to an interrupted download. Please remove it from your disk and try again.
2026-01-04 00:37:31 | DEBUG    | ExoplanetDownloader | Retry 1 for KIC 5088400 after 2.0s: Error in reading Data product D:\.lightkurve\cache\mastDownload\Kepler\kplr005088400_lc_Q000011111111111111\kplr005088400-2011073133259_llc.fits of type KeplerLightCurve .
This file may be corrupt due to an interrupted download. Please remove it from your disk and try again.
2026-01-04 00:37:32 | DEBUG    | ExoplanetDownloader | Retry 1 for KIC 5088591 after 2.0s: Error in reading Data product D:\.lightkurve\cache\mastDownload\Kepler\kplr005088591_lc_Q011111111111111111\kplr005088591-2011271113734_llc.fits of type KeplerLightCurve .
This file may be corrupt due to an interrupted download. Please remove it from your disk and try again.
2026-01-04 00:37:32 | DEBUG    | ExoplanetDownloader | Retry 1 for KIC 5084171 after 2.0s: Error in reading Data product D:\.lightkurve\cache\mastDownload\Kepler\kplr005084171_lc_Q001111111111111111\kplr005084171-2012088054726_llc.fits of type KeplerLightCurve .
This file may be corrupt due to an interrupted download. Please remove it from your disk and try again.
2026-01-04 00:37:35 | DEBUG    | ExoplanetDownloader | Retry 2 for KIC 5088400 after 4.0s: Error in reading Data product D:\.lightkurve\cache\mastDownload\Kepler\kplr005088400_lc_Q000011111111111111\kplr005088400-2011073133259_llc.fits of type KeplerLightCurve .
This file may be corrupt due to an interrupted download. Please remove it from your disk and try again.
2026-01-04 00:37:35 | DEBUG    | ExoplanetDownloader | Retry 1 for KIC 5092266 after 2.0s: Error in reading Data product D:\.lightkurve\cache\mastDownload\Kepler\kplr005092266_lc_Q000011111111111111\kplr005092266-2010174085026_llc.fits of type KeplerLightCurve .
This file may be corrupt due to an interrupted download. Please remove it from your disk and try again.
2026-01-04 00:37:36 | DEBUG    | ExoplanetDownloader | Retry 1 for KIC 5094751 after 2.0s: Error in reading Data product D:\.lightkurve\cache\mastDownload\Kepler\kplr005094751_lc_Q111111111111111111\kplr005094751-2009166043257_llc.fits of type KeplerLightCurve .
This file may be corrupt due to an interrupted download. Please remove it from your disk and try again.
2026-01-04 00:37:37 | DEBUG    | ExoplanetDownloader | Retry 2 for KIC 5088591 after 4.0s: Error in reading Data product D:\.lightkurve\cache\mastDownload\Kepler\kplr005088591_lc_Q011111111111111111\kplr005088591-2011271113734_llc.fits of type KeplerLightCurve .
This file may be corrupt due to an interrupted download. Please remove it from your disk and try again.
2026-01-04 00:37:37 | DEBUG    | ExoplanetDownloader | Retry 1 for KIC 5096590 after 2.0s: Error in reading Data product D:\.lightkurve\cache\mastDownload\Kepler\kplr005096590_lc_Q011111111111111111\kplr005096590-2009166043257_llc.fits of type KeplerLightCurve .
This file may be corrupt due to an interrupted download. Please remove it from your disk and try again.
2026-01-04 00:37:38 | DEBUG    | ExoplanetDownloader | Retry 2 for KIC 5092266 after 4.0s: Error in reading Data product D:\.lightkurve\cache\mastDownload\Kepler\kplr005092266_lc_Q000011111111111111\kplr005092266-2010174085026_llc.fits of type KeplerLightCurve .
This file may be corrupt due to an interrupted download. Please remove it from your disk and try again.
2026-01-04 00:37:38 | DEBUG    | ExoplanetDownloader | Retry 2 for KIC 5084171 after 4.0s: Error in reading Data product D:\.lightkurve\cache\mastDownload\Kepler\kplr005084171_lc_Q001111111111111111\kplr005084171-2012088054726_llc.fits of type KeplerLightCurve .
This file may be corrupt due to an interrupted download. Please remove it from your disk and try again.
2026-01-04 00:37:38 | DEBUG    | ExoplanetDownloader | Retry 1 for KIC 5113822 after 2.0s: Error in reading Data product D:\.lightkurve\cache\mastDownload\Kepler\kplr005113822_lc_Q011111011101110111\kplr005113822-2010174085026_llc.fits of type KeplerLightCurve .
This file may be corrupt due to an interrupted download. Please remove it from your disk and try again.
2026-01-04 00:37:39 | DEBUG    | ExoplanetDownloader | Retry 2 for KIC 5094751 after 4.0s: Error in reading Data product D:\.lightkurve\cache\mastDownload\Kepler\kplr005094751_lc_Q111111111111111111\kplr005094751-2009166043257_llc.fits of type KeplerLightCurve .
This file may be corrupt due to an interrupted download. Please remove it from your disk and try again.
2026-01-04 00:37:39 | DEBUG    | ExoplanetDownloader | Retry 1 for KIC 5095082 after 2.0s: Error in reading Data product D:\.lightkurve\cache\mastDownload\Kepler\kplr005095082_lc_Q011111111111111111\kplr005095082-2013098041711_llc.fits of type KeplerLightCurve .
This file may be corrupt due to an interrupted download. Please remove it from your disk and try again.
2026-01-04 00:37:40 | DEBUG    | ExoplanetDownloader | Retry 2 for KIC 5096590 after 4.0s: Error in reading Data product D:\.lightkurve\cache\mastDownload\Kepler\kplr005096590_lc_Q011111111111111111\kplr005096590-2009166043257_llc.fits of type KeplerLightCurve .
This file may be corrupt due to an interrupted download. Please remove it from your disk and try again.
2026-01-04 00:37:41 | DEBUG    | ExoplanetDownloader | Retry 2 for KIC 5113822 after 4.0s: Error in reading Data product D:\.lightkurve\cache\mastDownload\Kepler\kplr005113822_lc_Q011111011101110111\kplr005113822-2010174085026_llc.fits of type KeplerLightCurve .
This file may be corrupt due to an interrupted download. Please remove it from your disk and try again.
2026-01-04 00:37:41 | DEBUG    | ExoplanetDownloader | Retry 1 for KIC 5120087 after 2.0s: Error in reading Data product D:\.lightkurve\cache\mastDownload\Kepler\kplr005120087_lc_Q111111111111111111\kplr005120087-2010174085026_llc.fits of type KeplerLightCurve .
This file may be corrupt due to an interrupted download. Please remove it from your disk and try again.
2026-01-04 00:37:43 | DEBUG    | ExoplanetDownloader | Retry 2 for KIC 5095082 after 4.0s: Error in reading Data product D:\.lightkurve\cache\mastDownload\Kepler\kplr005095082_lc_Q011111111111111111\kplr005095082-2013098041711_llc.fits of type KeplerLightCurve .
This file may be corrupt due to an interrupted download. Please remove it from your disk and try again.
2026-01-04 00:37:46 | DEBUG    | ExoplanetDownloader | Retry 1 for KIC 5121511 after 2.0s: Error in reading Data product D:\.lightkurve\cache\mastDownload\Kepler\kplr005121511_lc_Q111111111111111111\kplr005121511-2010078095331_llc.fits of type KeplerLightCurve .
This file may be corrupt due to an interrupted download. Please remove it from your disk and try again.
2026-01-04 00:37:46 | DEBUG    | ExoplanetDownloader | Retry 1 for KIC 5128673 after 2.0s: Error in reading Data product D:\.lightkurve\cache\mastDownload\Kepler\kplr005128673_lc_Q011111111111111111\kplr005128673-2010078095331_llc.fits of type KeplerLightCurve .
This file may be corrupt due to an interrupted download. Please remove it from your disk and try again.
2026-01-04 00:37:46 | DEBUG    | ExoplanetDownloader | Retry 2 for KIC 5120087 after 4.0s: Error in reading Data product D:\.lightkurve\cache\mastDownload\Kepler\kplr005120087_lc_Q111111111111111111\kplr005120087-2010174085026_llc.fits of type KeplerLightCurve .
This file may be corrupt due to an interrupted download. Please remove it from your disk and try again.
2026-01-04 00:37:47 | DEBUG    | ExoplanetDownloader | Retry 1 for KIC 5175986 after 2.0s: Error in reading Data product D:\.lightkurve\cache\mastDownload\Kepler\kplr005175986_lc_Q001111111111111111\kplr005175986-2010078095331_llc.fits of type KeplerLightCurve .
This file may be corrupt due to an interrupted download. Please remove it from your disk and try again.
2026-01-04 00:37:47 | DEBUG    | ExoplanetDownloader | Retry 1 for KIC 5174858 after 2.0s: Error in reading Data product D:\.lightkurve\cache\mastDownload\Kepler\kplr005174858_lc_Q011111111111111111\kplr005174858-2010078095331_llc.fits of type KeplerLightCurve .
This file may be corrupt due to an interrupted download. Please remove it from your disk and try again.
2026-01-04 00:37:48 | DEBUG    | ExoplanetDownloader | Retry 1 for KIC 5183357 after 2.0s: Error in reading Data product D:\.lightkurve\cache\mastDownload\Kepler\kplr005183357_lc_Q011111111111111111\kplr005183357-2010078095331_llc.fits of type KeplerLightCurve .
This file may be corrupt due to an interrupted download. Please remove it from your disk and try again.
2026-01-04 00:37:48 | DEBUG    | ExoplanetDownloader | Retry 2 for KIC 5121511 after 4.0s: Error in reading Data product D:\.lightkurve\cache\mastDownload\Kepler\kplr005121511_lc_Q111111111111111111\kplr005121511-2010078095331_llc.fits of type KeplerLightCurve .
This file may be corrupt due to an interrupted download. Please remove it from your disk and try again.
2026-01-04 00:37:51 | DEBUG    | ExoplanetDownloader | Retry 2 for KIC 5128673 after 4.0s: Error in reading Data product D:\.lightkurve\cache\mastDownload\Kepler\kplr005128673_lc_Q011111111111111111\kplr005128673-2010078095331_llc.fits of type KeplerLightCurve .
This file may be corrupt due to an interrupted download. Please remove it from your disk and try again.
2026-01-04 00:37:51 | DEBUG    | ExoplanetDownloader | Retry 2 for KIC 5175986 after 4.0s: Error in reading Data product D:\.lightkurve\cache\mastDownload\Kepler\kplr005175986_lc_Q001111111111111111\kplr005175986-2010078095331_llc.fits of type KeplerLightCurve .
This file may be corrupt due to an interrupted download. Please remove it from your disk and try again.
2026-01-04 00:37:52 | DEBUG    | ExoplanetDownloader | Retry 2 for KIC 5174858 after 4.0s: Error in reading Data product D:\.lightkurve\cache\mastDownload\Kepler\kplr005174858_lc_Q011111111111111111\kplr005174858-2010078095331_llc.fits of type KeplerLightCurve .
This file may be corrupt due to an interrupted download. Please remove it from your disk and try again.
2026-01-04 00:37:52 | DEBUG    | ExoplanetDownloader | Retry 2 for KIC 5183357 after 4.0s: Error in reading Data product D:\.lightkurve\cache\mastDownload\Kepler\kplr005183357_lc_Q011111111111111111\kplr005183357-2010078095331_llc.fits of type KeplerLightCurve .
This file may be corrupt due to an interrupted download. Please remove it from your disk and try again.
2026-01-04 00:37:52 | DEBUG    | ExoplanetDownloader | Retry 1 for KIC 5184584 after 2.0s: Error in reading Data product D:\.lightkurve\cache\mastDownload\Kepler\kplr005184584_lc_Q011111111111111111\kplr005184584-2010265121752_llc.fits of type KeplerLightCurve .
This file may be corrupt due to an interrupted download. Please remove it from your disk and try again.
2026-01-04 00:37:53 | DEBUG    | ExoplanetDownloader | Retry 1 for KIC 5195172 after 2.0s: Error in reading Data product D:\.lightkurve\cache\mastDownload\Kepler\kplr005195172_lc_Q011111011101110111\kplr005195172-2013131215648_llc.fits of type KeplerLightCurve .
This file may be corrupt due to an interrupted download. Please remove it from your disk and try again.
2026-01-04 00:37:54 | DEBUG    | ExoplanetDownloader | Retry 1 for KIC 5211199 after 2.0s: Error in reading Data product D:\.lightkurve\cache\mastDownload\Kepler\kplr005211199_lc_Q111111111111111111\kplr005211199-2009166043257_llc.fits of type KeplerLightCurve .
This file may be corrupt due to an interrupted download. Please remove it from your disk and try again.
2026-01-04 00:37:55 | DEBUG    | ExoplanetDownloader | Retry 2 for KIC 5184584 after 4.0s: Error in reading Data product D:\.lightkurve\cache\mastDownload\Kepler\kplr005184584_lc_Q011111111111111111\kplr005184584-2010265121752_llc.fits of type KeplerLightCurve .
This file may be corrupt due to an interrupted download. Please remove it from your disk and try again.
2026-01-04 00:37:56 | DEBUG    | ExoplanetDownloader | Retry 1 for KIC 5272878 after 2.0s: Error in reading Data product D:\.lightkurve\cache\mastDownload\Kepler\kplr005272878_lc_Q011111111111111111\kplr005272878-2011073133259_llc.fits of type KeplerLightCurve .
This file may be corrupt due to an interrupted download. Please remove it from your disk and try again.
2026-01-04 00:37:57 | DEBUG    | ExoplanetDownloader | Retry 2 for KIC 5211199 after 4.0s: Error in reading Data product D:\.lightkurve\cache\mastDownload\Kepler\kplr005211199_lc_Q111111111111111111\kplr005211199-2009166043257_llc.fits of type KeplerLightCurve .
This file may be corrupt due to an interrupted download. Please remove it from your disk and try again.
2026-01-04 00:37:58 | DEBUG    | ExoplanetDownloader | Retry 1 for KIC 5280587 after 2.0s: Error in reading Data product D:\.lightkurve\cache\mastDownload\Kepler\kplr005280587_lc_Q011111011101110111\kplr005280587-2009166043257_llc.fits of type KeplerLightCurve .
This file may be corrupt due to an interrupted download. Please remove it from your disk and try again.
2026-01-04 00:37:58 | DEBUG    | ExoplanetDownloader | Retry 1 for KIC 5289854 after 2.0s: Error in reading Data product D:\.lightkurve\cache\mastDownload\Kepler\kplr005289854_lc_Q001111011101110111\kplr005289854-2009259160929_llc.fits of type KeplerLightCurve .
This file may be corrupt due to an interrupted download. Please remove it from your disk and try again.
2026-01-04 00:37:58 | DEBUG    | ExoplanetDownloader | Retry 2 for KIC 5195172 after 4.0s: Error in reading Data product D:\.lightkurve\cache\mastDownload\Kepler\kplr005195172_lc_Q011111011101110111\kplr005195172-2013131215648_llc.fits of type KeplerLightCurve .
This file may be corrupt due to an interrupted download. Please remove it from your disk and try again.
2026-01-04 00:37:59 | DEBUG    | ExoplanetDownloader | Retry 1 for KIC 5308537 after 2.0s: Error in reading Data product D:\.lightkurve\cache\mastDownload\Kepler\kplr005308537_lc_Q111111111111111111\kplr005308537-2010078095331_llc.fits of type KeplerLightCurve .
This file may be corrupt due to an interrupted download. Please remove it from your disk and try again.
2026-01-04 00:38:00 | DEBUG    | ExoplanetDownloader | Retry 2 for KIC 5272878 after 4.0s: Error in reading Data product D:\.lightkurve\cache\mastDownload\Kepler\kplr005272878_lc_Q011111111111111111\kplr005272878-2011073133259_llc.fits of type KeplerLightCurve .
This file may be corrupt due to an interrupted download. Please remove it from your disk and try again.
2026-01-04 00:38:00 | DEBUG    | ExoplanetDownloader | Retry 2 for KIC 5280587 after 4.0s: Error in reading Data product D:\.lightkurve\cache\mastDownload\Kepler\kplr005280587_lc_Q011111011101110111\kplr005280587-2009166043257_llc.fits of type KeplerLightCurve .
This file may be corrupt due to an interrupted download. Please remove it from your disk and try again.
2026-01-04 00:38:01 | DEBUG    | ExoplanetDownloader | Retry 2 for KIC 5289854 after 4.0s: Error in reading Data product D:\.lightkurve\cache\mastDownload\Kepler\kplr005289854_lc_Q001111011101110111\kplr005289854-2009259160929_llc.fits of type KeplerLightCurve .
This file may be corrupt due to an interrupted download. Please remove it from your disk and try again.
2026-01-04 00:38:01 | DEBUG    | ExoplanetDownloader | Retry 1 for KIC 5339567 after 2.0s: Error in reading Data product D:\.lightkurve\cache\mastDownload\Kepler\kplr005339567_lc_Q011110111011101110\kplr005339567-2012088054726_llc.fits of type KeplerLightCurve .
This file may be corrupt due to an interrupted download. Please remove it from your disk and try again.
2026-01-04 00:38:02 | DEBUG    | ExoplanetDownloader | Retry 2 for KIC 5308537 after 4.0s: Error in reading Data product D:\.lightkurve\cache\mastDownload\Kepler\kplr005308537_lc_Q111111111111111111\kplr005308537-2010078095331_llc.fits of type KeplerLightCurve .
This file may be corrupt due to an interrupted download. Please remove it from your disk and try again.
2026-01-04 00:38:03 | DEBUG    | ExoplanetDownloader | Retry 1 for KIC 5340644 after 2.0s: Error in reading Data product D:\.lightkurve\cache\mastDownload\Kepler\kplr005340644_lc_Q011110111011101110\kplr005340644-2010078095331_llc.fits of type KeplerLightCurve .
This file may be corrupt due to an interrupted download. Please remove it from your disk and try again.
2026-01-04 00:38:05 | DEBUG    | ExoplanetDownloader | Retry 1 for KIC 5340878 after 2.0s: Error in reading Data product D:\.lightkurve\cache\mastDownload\Kepler\kplr005340878_lc_Q011110111011101110\kplr005340878-2011271113734_llc.fits of type KeplerLightCurve .
This file may be corrupt due to an interrupted download. Please remove it from your disk and try again.
2026-01-04 00:38:07 | DEBUG    | ExoplanetDownloader | Retry 2 for KIC 5340644 after 4.0s: Error in reading Data product D:\.lightkurve\cache\mastDownload\Kepler\kplr005340644_lc_Q011110111011101110\kplr005340644-2010078095331_llc.fits of type KeplerLightCurve .
This file may be corrupt due to an interrupted download. Please remove it from your disk and try again.
2026-01-04 00:38:07 | DEBUG    | ExoplanetDownloader | Retry 2 for KIC 5339567 after 4.0s: Error in reading Data product D:\.lightkurve\cache\mastDownload\Kepler\kplr005339567_lc_Q011110111011101110\kplr005339567-2012088054726_llc.fits of type KeplerLightCurve .
This file may be corrupt due to an interrupted download. Please remove it from your disk and try again.
2026-01-04 00:38:07 | DEBUG    | ExoplanetDownloader | Retry 1 for KIC 5357545 after 2.0s: Error in reading Data product D:\.lightkurve\cache\mastDownload\Kepler\kplr005357545_lc_Q011111111111111111\kplr005357545-2009166043257_llc.fits of type KeplerLightCurve .
This file may be corrupt due to an interrupted download. Please remove it from your disk and try again.
2026-01-04 00:38:09 | DEBUG    | ExoplanetDownloader | Retry 1 for KIC 5357901 after 2.0s: Error in reading Data product D:\.lightkurve\cache\mastDownload\Kepler\kplr005357901_lc_Q011111111111111111\kplr005357901-2009350155506_llc.fits of type KeplerLightCurve .
This file may be corrupt due to an interrupted download. Please remove it from your disk and try again.
2026-01-04 00:38:10 | DEBUG    | ExoplanetDownloader | Retry 2 for KIC 5357545 after 4.0s: Error in reading Data product D:\.lightkurve\cache\mastDownload\Kepler\kplr005357545_lc_Q011111111111111111\kplr005357545-2009166043257_llc.fits of type KeplerLightCurve .
This file may be corrupt due to an interrupted download. Please remove it from your disk and try again.
2026-01-04 00:38:10 | DEBUG    | ExoplanetDownloader | Retry 2 for KIC 5340878 after 4.0s: Error in reading Data product D:\.lightkurve\cache\mastDownload\Kepler\kplr005340878_lc_Q011110111011101110\kplr005340878-2011271113734_llc.fits of type KeplerLightCurve .
This file may be corrupt due to an interrupted download. Please remove it from your disk and try again.
2026-01-04 00:38:10 | DEBUG    | ExoplanetDownloader | Retry 1 for KIC 5342473 after 2.0s: Error in reading Data product D:\.lightkurve\cache\mastDownload\Kepler\kplr005342473_lc_Q011110111011101110\kplr005342473-2012004120508_llc.fits of type KeplerLightCurve .
This file may be corrupt due to an interrupted download. Please remove it from your disk and try again.
2026-01-04 00:38:10 | DEBUG    | ExoplanetDownloader | Retry 1 for KIC 5369827 after 2.0s: Error in reading Data product D:\.lightkurve\cache\mastDownload\Kepler\kplr005369827_lc_Q111111011101110111\kplr005369827-2009259160929_llc.fits of type KeplerLightCurve .
This file may be corrupt due to an interrupted download. Please remove it from your disk and try again.
2026-01-04 00:38:11 | DEBUG    | ExoplanetDownloader | Retry 1 for KIC 5371777 after 2.0s: Error in reading Data product D:\.lightkurve\cache\mastDownload\Kepler\kplr005371777_lc_Q011111011101110111\kplr005371777-2012088054726_llc.fits of type KeplerLightCurve .
This file may be corrupt due to an interrupted download. Please remove it from your disk and try again.
2026-01-04 00:38:12 | DEBUG    | ExoplanetDownloader | Retry 2 for KIC 5357901 after 4.0s: Error in reading Data product D:\.lightkurve\cache\mastDownload\Kepler\kplr005357901_lc_Q011111111111111111\kplr005357901-2009350155506_llc.fits of type KeplerLightCurve .
This file may be corrupt due to an interrupted download. Please remove it from your disk and try again.
2026-01-04 00:38:13 | DEBUG    | ExoplanetDownloader | Retry 2 for KIC 5369827 after 4.0s: Error in reading Data product D:\.lightkurve\cache\mastDownload\Kepler\kplr005369827_lc_Q111111011101110111\kplr005369827-2009259160929_llc.fits of type KeplerLightCurve .
This file may be corrupt due to an interrupted download. Please remove it from your disk and try again.
2026-01-04 00:38:13 | DEBUG    | ExoplanetDownloader | Retry 2 for KIC 5342473 after 4.0s: Error in reading Data product D:\.lightkurve\cache\mastDownload\Kepler\kplr005342473_lc_Q011110111011101110\kplr005342473-2012004120508_llc.fits of type KeplerLightCurve .
This file may be corrupt due to an interrupted download. Please remove it from your disk and try again.
2026-01-04 00:38:17 | DEBUG    | ExoplanetDownloader | Retry 1 for KIC 5383248 after 2.0s: Error in reading Data product D:\.lightkurve\cache\mastDownload\Kepler\kplr005383248_lc_Q111111111111111111\kplr005383248-2009350155506_llc.fits of type KeplerLightCurve .
This file may be corrupt due to an interrupted download. Please remove it from your disk and try again.
2026-01-04 00:38:17 | DEBUG    | ExoplanetDownloader | Retry 1 for KIC 5374403 after 2.0s: Error in reading Data product D:\.lightkurve\cache\mastDownload\Kepler\kplr005374403_lc_Q011111011101110111\kplr005374403-2012088054726_llc.fits of type KeplerLightCurve .
This file may be corrupt due to an interrupted download. Please remove it from your disk and try again.
2026-01-04 00:38:18 | DEBUG    | ExoplanetDownloader | Retry 2 for KIC 5371777 after 4.0s: Error in reading Data product D:\.lightkurve\cache\mastDownload\Kepler\kplr005371777_lc_Q011111011101110111\kplr005371777-2012088054726_llc.fits of type KeplerLightCurve .
This file may be corrupt due to an interrupted download. Please remove it from your disk and try again.
2026-01-04 00:38:19 | DEBUG    | ExoplanetDownloader | Retry 1 for KIC 5436013 after 2.0s: Error in reading Data product D:\.lightkurve\cache\mastDownload\Kepler\kplr005436013_lc_Q011111111111111111\kplr005436013-2010265121752_llc.fits of type KeplerLightCurve .
This file may be corrupt due to an interrupted download. Please remove it from your disk and try again.
2026-01-04 00:38:19 | DEBUG    | ExoplanetDownloader | Retry 2 for KIC 5383248 after 4.0s: Error in reading Data product D:\.lightkurve\cache\mastDownload\Kepler\kplr005383248_lc_Q111111111111111111\kplr005383248-2009350155506_llc.fits of type KeplerLightCurve .
This file may be corrupt due to an interrupted download. Please remove it from your disk and try again.
2026-01-04 00:38:22 | DEBUG    | ExoplanetDownloader | Retry 1 for KIC 5440317 after 2.0s: Error in reading Data product D:\.lightkurve\cache\mastDownload\Kepler\kplr005440317_lc_Q011111111111111111\kplr005440317-2010265121752_llc.fits of type KeplerLightCurve .
This file may be corrupt due to an interrupted download. Please remove it from your disk and try again.
2026-01-04 00:38:23 | DEBUG    | ExoplanetDownloader | Retry 1 for KIC 5444548 after 2.0s: Error in reading Data product D:\.lightkurve\cache\mastDownload\Kepler\kplr005444548_lc_Q011111111111111111\kplr005444548-2010174085026_llc.fits of type KeplerLightCurve .
This file may be corrupt due to an interrupted download. Please remove it from your disk and try again.
2026-01-04 00:38:23 | DEBUG    | ExoplanetDownloader | Retry 1 for KIC 5436338 after 2.0s: Error in reading Data product D:\.lightkurve\cache\mastDownload\Kepler\kplr005436338_lc_Q001111111111111111\kplr005436338-2011073133259_llc.fits of type KeplerLightCurve .
This file may be corrupt due to an interrupted download. Please remove it from your disk and try again.
2026-01-04 00:38:24 | DEBUG    | ExoplanetDownloader | Retry 2 for KIC 5374403 after 4.0s: Error in reading Data product D:\.lightkurve\cache\mastDownload\Kepler\kplr005374403_lc_Q011111011101110111\kplr005374403-2012088054726_llc.fits of type KeplerLightCurve .
This file may be corrupt due to an interrupted download. Please remove it from your disk and try again.
2026-01-04 00:38:24 | DEBUG    | ExoplanetDownloader | Retry 1 for KIC 5461440 after 2.0s: Error in reading Data product D:\.lightkurve\cache\mastDownload\Kepler\kplr005461440_lc_Q011111011101110111\kplr005461440-2010174085026_llc.fits of type KeplerLightCurve .
This file may be corrupt due to an interrupted download. Please remove it from your disk and try again.
2026-01-04 00:38:25 | DEBUG    | ExoplanetDownloader | Retry 2 for KIC 5436013 after 4.0s: Error in reading Data product D:\.lightkurve\cache\mastDownload\Kepler\kplr005436013_lc_Q011111111111111111\kplr005436013-2010265121752_llc.fits of type KeplerLightCurve .
This file may be corrupt due to an interrupted download. Please remove it from your disk and try again.
2026-01-04 00:38:26 | DEBUG    | ExoplanetDownloader | Retry 2 for KIC 5444548 after 4.0s: Error in reading Data product D:\.lightkurve\cache\mastDownload\Kepler\kplr005444548_lc_Q011111111111111111\kplr005444548-2010174085026_llc.fits of type KeplerLightCurve .
This file may be corrupt due to an interrupted download. Please remove it from your disk and try again.
2026-01-04 00:38:26 | DEBUG    | ExoplanetDownloader | Retry 2 for KIC 5440317 after 4.0s: Error in reading Data product D:\.lightkurve\cache\mastDownload\Kepler\kplr005440317_lc_Q011111111111111111\kplr005440317-2010265121752_llc.fits of type KeplerLightCurve .
This file may be corrupt due to an interrupted download. Please remove it from your disk and try again.
2026-01-04 00:38:26 | DEBUG    | ExoplanetDownloader | Retry 2 for KIC 5436338 after 4.0s: Error in reading Data product D:\.lightkurve\cache\mastDownload\Kepler\kplr005436338_lc_Q001111111111111111\kplr005436338-2011073133259_llc.fits of type KeplerLightCurve .
This file may be corrupt due to an interrupted download. Please remove it from your disk and try again.
2026-01-04 00:38:28 | DEBUG    | ExoplanetDownloader | Retry 2 for KIC 5461440 after 4.0s: Error in reading Data product D:\.lightkurve\cache\mastDownload\Kepler\kplr005461440_lc_Q011111011101110111\kplr005461440-2010174085026_llc.fits of type KeplerLightCurve .
This file may be corrupt due to an interrupted download. Please remove it from your disk and try again.
2026-01-04 00:38:29 | DEBUG    | ExoplanetDownloader | Retry 1 for KIC 5470739 after 2.0s: Error in reading Data product D:\.lightkurve\cache\mastDownload\Kepler\kplr005470739_lc_Q011111111111111111\kplr005470739-2011271113734_llc.fits of type KeplerLightCurve .
This file may be corrupt due to an interrupted download. Please remove it from your disk and try again.
2026-01-04 00:38:29 | DEBUG    | ExoplanetDownloader | Retry 1 for KIC 5513012 after 2.0s: Error in reading Data product D:\.lightkurve\cache\mastDownload\Kepler\kplr005513012_lc_Q011110111011101110\kplr005513012-2011271113734_llc.fits of type KeplerLightCurve .
This file may be corrupt due to an interrupted download. Please remove it from your disk and try again.
2026-01-04 00:38:36 | DEBUG    | ExoplanetDownloader | Retry 1 for KIC 5534941 after 2.0s: Error in reading Data product D:\.lightkurve\cache\mastDownload\Kepler\kplr005534941_lc_Q111111111111111111\kplr005534941-2009166043257_llc.fits of type KeplerLightCurve .
This file may be corrupt due to an interrupted download. Please remove it from your disk and try again.
2026-01-04 00:38:36 | DEBUG    | ExoplanetDownloader | Retry 1 for KIC 5520547 after 2.0s: Error in reading Data product D:\.lightkurve\cache\mastDownload\Kepler\kplr005520547_lc_Q011111111111111111\kplr005520547-2010265121752_llc.fits of type KeplerLightCurve .
This file may be corrupt due to an interrupted download. Please remove it from your disk and try again.
2026-01-04 00:38:37 | DEBUG    | ExoplanetDownloader | Retry 2 for KIC 5513012 after 4.0s: Error in reading Data product D:\.lightkurve\cache\mastDownload\Kepler\kplr005513012_lc_Q011110111011101110\kplr005513012-2011271113734_llc.fits of type KeplerLightCurve .
This file may be corrupt due to an interrupted download. Please remove it from your disk and try again.
2026-01-04 00:38:37 | DEBUG    | ExoplanetDownloader | Retry 2 for KIC 5470739 after 4.0s: Error in reading Data product D:\.lightkurve\cache\mastDownload\Kepler\kplr005470739_lc_Q011111111111111111\kplr005470739-2011271113734_llc.fits of type KeplerLightCurve .
This file may be corrupt due to an interrupted download. Please remove it from your disk and try again.
2026-01-04 00:38:38 | DEBUG    | ExoplanetDownloader | Retry 1 for KIC 5531694 after 2.0s: Error in reading Data product D:\.lightkurve\cache\mastDownload\Kepler\kplr005531694_lc_Q111111111111111111\kplr005531694-2010265121752_llc.fits of type KeplerLightCurve .
This file may be corrupt due to an interrupted download. Please remove it from your disk and try again.
2026-01-04 00:38:39 | DEBUG    | ExoplanetDownloader | Retry 2 for KIC 5534941 after 4.0s: Error in reading Data product D:\.lightkurve\cache\mastDownload\Kepler\kplr005534941_lc_Q111111111111111111\kplr005534941-2009166043257_llc.fits of type KeplerLightCurve .
This file may be corrupt due to an interrupted download. Please remove it from your disk and try again.
2026-01-04 00:38:39 | DEBUG    | ExoplanetDownloader | Retry 1 for KIC 5561278 after 2.0s: Error in reading Data product D:\.lightkurve\cache\mastDownload\Kepler\kplr005561278_lc_Q111111111111111111\kplr005561278-2009259160929_llc.fits of type KeplerLightCurve .
This file may be corrupt due to an interrupted download. Please remove it from your disk and try again.
2026-01-04 00:38:39 | DEBUG    | ExoplanetDownloader | Retry 1 for KIC 5526717 after 2.0s: Error in reading Data product D:\.lightkurve\cache\mastDownload\Kepler\kplr005526717_lc_Q011111111111111111\kplr005526717-2012088054726_llc.fits of type KeplerLightCurve .
This file may be corrupt due to an interrupted download. Please remove it from your disk and try again.
2026-01-04 00:38:40 | DEBUG    | ExoplanetDownloader | Retry 2 for KIC 5520547 after 4.0s: Error in reading Data product D:\.lightkurve\cache\mastDownload\Kepler\kplr005520547_lc_Q011111111111111111\kplr005520547-2010265121752_llc.fits of type KeplerLightCurve .
This file may be corrupt due to an interrupted download. Please remove it from your disk and try again.
2026-01-04 00:38:40 | DEBUG    | ExoplanetDownloader | Retry 1 for KIC 5551240 after 2.0s: Error in reading Data product D:\.lightkurve\cache\mastDownload\Kepler\kplr005551240_lc_Q011111111111111111\kplr005551240-2012277125453_llc.fits of type KeplerLightCurve .
This file may be corrupt due to an interrupted download. Please remove it from your disk and try again.
2026-01-04 00:38:41 | DEBUG    | ExoplanetDownloader | Retry 2 for KIC 5531694 after 4.0s: Error in reading Data product D:\.lightkurve\cache\mastDownload\Kepler\kplr005531694_lc_Q111111111111111111\kplr005531694-2010265121752_llc.fits of type KeplerLightCurve .
This file may be corrupt due to an interrupted download. Please remove it from your disk and try again.
2026-01-04 00:38:42 | DEBUG    | ExoplanetDownloader | Retry 2 for KIC 5561278 after 4.0s: Error in reading Data product D:\.lightkurve\cache\mastDownload\Kepler\kplr005561278_lc_Q111111111111111111\kplr005561278-2009259160929_llc.fits of type KeplerLightCurve .
This file may be corrupt due to an interrupted download. Please remove it from your disk and try again.
2026-01-04 00:38:45 | DEBUG    | ExoplanetDownloader | Retry 2 for KIC 5526717 after 4.0s: Error in reading Data product D:\.lightkurve\cache\mastDownload\Kepler\kplr005526717_lc_Q011111111111111111\kplr005526717-2012088054726_llc.fits of type KeplerLightCurve .
This file may be corrupt due to an interrupted download. Please remove it from your disk and try again.
2026-01-04 00:38:45 | DEBUG    | ExoplanetDownloader | Retry 2 for KIC 5551240 after 4.0s: Error in reading Data product D:\.lightkurve\cache\mastDownload\Kepler\kplr005551240_lc_Q011111111111111111\kplr005551240-2012277125453_llc.fits of type KeplerLightCurve .
This file may be corrupt due to an interrupted download. Please remove it from your disk and try again.
2026-01-04 00:38:46 | DEBUG    | ExoplanetDownloader | Retry 1 for KIC 5613330 after 2.0s: Error in reading Data product D:\.lightkurve\cache\mastDownload\Kepler\kplr005613330_lc_Q111111111111111111\kplr005613330-2009166043257_llc.fits of type KeplerLightCurve .
This file may be corrupt due to an interrupted download. Please remove it from your disk and try again.
2026-01-04 00:38:47 | DEBUG    | ExoplanetDownloader | Retry 1 for KIC 5599774 after 2.0s: Error in reading Data product D:\.lightkurve\cache\mastDownload\Kepler\kplr005599774_lc_Q011110111011101110\kplr005599774-2012004120508_llc.fits of type KeplerLightCurve .
This file may be corrupt due to an interrupted download. Please remove it from your disk and try again.
2026-01-04 00:38:47 | DEBUG    | ExoplanetDownloader | Retry 1 for KIC 5629538 after 2.0s: Error in reading Data product D:\.lightkurve\cache\mastDownload\Kepler\kplr005629538_lc_Q011111011101110111\kplr005629538-2010078095331_llc.fits of type KeplerLightCurve .
This file may be corrupt due to an interrupted download. Please remove it from your disk and try again.
2026-01-04 00:38:47 | DEBUG    | ExoplanetDownloader | Retry 1 for KIC 5621125 after 2.0s: Error in reading Data product D:\.lightkurve\cache\mastDownload\Kepler\kplr005621125_lc_Q111111111111111111\kplr005621125-2010265121752_llc.fits of type KeplerLightCurve .
This file may be corrupt due to an interrupted download. Please remove it from your disk and try again.
2026-01-04 00:38:48 | DEBUG    | ExoplanetDownloader | Retry 1 for KIC 5631630 after 2.0s: Error in reading Data product D:\.lightkurve\cache\mastDownload\Kepler\kplr005631630_lc_Q011111011101110111\kplr005631630-2010355172524_llc.fits of type KeplerLightCurve .
This file may be corrupt due to an interrupted download. Please remove it from your disk and try again.
2026-01-04 00:38:48 | DEBUG    | ExoplanetDownloader | Retry 2 for KIC 5613330 after 4.0s: Error in reading Data product D:\.lightkurve\cache\mastDownload\Kepler\kplr005613330_lc_Q111111111111111111\kplr005613330-2009166043257_llc.fits of type KeplerLightCurve .
This file may be corrupt due to an interrupted download. Please remove it from your disk and try again.
2026-01-04 00:38:50 | DEBUG    | ExoplanetDownloader | Retry 1 for KIC 5644412 after 2.0s: Error in reading Data product D:\.lightkurve\cache\mastDownload\Kepler\kplr005644412_lc_Q000011111111111111\kplr005644412-2013098041711_llc.fits of type KeplerLightCurve .
This file may be corrupt due to an interrupted download. Please remove it from your disk and try again.
2026-01-04 00:38:51 | DEBUG    | ExoplanetDownloader | Retry 2 for KIC 5629538 after 4.0s: Error in reading Data product D:\.lightkurve\cache\mastDownload\Kepler\kplr005629538_lc_Q011111011101110111\kplr005629538-2010078095331_llc.fits of type KeplerLightCurve .
This file may be corrupt due to an interrupted download. Please remove it from your disk and try again.
2026-01-04 00:38:52 | DEBUG    | ExoplanetDownloader | Retry 2 for KIC 5599774 after 4.0s: Error in reading Data product D:\.lightkurve\cache\mastDownload\Kepler\kplr005599774_lc_Q011110111011101110\kplr005599774-2012004120508_llc.fits of type KeplerLightCurve .
This file may be corrupt due to an interrupted download. Please remove it from your disk and try again.
2026-01-04 00:38:52 | DEBUG    | ExoplanetDownloader | Retry 2 for KIC 5621125 after 4.0s: Error in reading Data product D:\.lightkurve\cache\mastDownload\Kepler\kplr005621125_lc_Q111111111111111111\kplr005621125-2010265121752_llc.fits of type KeplerLightCurve .
This file may be corrupt due to an interrupted download. Please remove it from your disk and try again.
2026-01-04 00:38:52 | DEBUG    | ExoplanetDownloader | Retry 2 for KIC 5631630 after 4.0s: Error in reading Data product D:\.lightkurve\cache\mastDownload\Kepler\kplr005631630_lc_Q011111011101110111\kplr005631630-2010355172524_llc.fits of type KeplerLightCurve .
This file may be corrupt due to an interrupted download. Please remove it from your disk and try again.
2026-01-04 00:38:53 | DEBUG    | ExoplanetDownloader | Retry 2 for KIC 5644412 after 4.0s: Error in reading Data product D:\.lightkurve\cache\mastDownload\Kepler\kplr005644412_lc_Q000011111111111111\kplr005644412-2013098041711_llc.fits of type KeplerLightCurve .
This file may be corrupt due to an interrupted download. Please remove it from your disk and try again.
2026-01-04 00:38:54 | DEBUG    | ExoplanetDownloader | Retry 1 for KIC 5651104 after 2.0s: Error in reading Data product D:\.lightkurve\cache\mastDownload\Kepler\kplr005651104_lc_Q011111111111111111\kplr005651104-2010265121752_llc.fits of type KeplerLightCurve .
This file may be corrupt due to an interrupted download. Please remove it from your disk and try again.
2026-01-04 00:38:55 | DEBUG    | ExoplanetDownloader | Retry 1 for KIC 5652893 after 2.0s: Error in reading Data product D:\.lightkurve\cache\mastDownload\Kepler\kplr005652893_lc_Q011111111111111111\kplr005652893-2011271113734_llc.fits of type KeplerLightCurve .
This file may be corrupt due to an interrupted download. Please remove it from your disk and try again.
2026-01-04 00:38:56 | DEBUG    | ExoplanetDownloader | Retry 1 for KIC 5686174 after 2.0s: Error in reading Data product D:\.lightkurve\cache\mastDownload\Kepler\kplr005686174_lc_Q011110111011101110\kplr005686174-2012277125453_llc.fits of type KeplerLightCurve .
This file may be corrupt due to an interrupted download. Please remove it from your disk and try again.
2026-01-04 00:38:57 | DEBUG    | ExoplanetDownloader | Retry 2 for KIC 5651104 after 4.0s: Error in reading Data product D:\.lightkurve\cache\mastDownload\Kepler\kplr005651104_lc_Q011111111111111111\kplr005651104-2010265121752_llc.fits of type KeplerLightCurve .
This file may be corrupt due to an interrupted download. Please remove it from your disk and try again.
2026-01-04 00:38:58 | DEBUG    | ExoplanetDownloader | Retry 1 for KIC 5705819 after 2.0s: Error in reading Data product D:\.lightkurve\cache\mastDownload\Kepler\kplr005705819_lc_Q011111111111111111\kplr005705819-2009350155506_llc.fits of type KeplerLightCurve .
This file may be corrupt due to an interrupted download. Please remove it from your disk and try again.
2026-01-04 00:38:59 | DEBUG    | ExoplanetDownloader | Retry 2 for KIC 5652893 after 4.0s: Error in reading Data product D:\.lightkurve\cache\mastDownload\Kepler\kplr005652893_lc_Q011111111111111111\kplr005652893-2011271113734_llc.fits of type KeplerLightCurve .
This file may be corrupt due to an interrupted download. Please remove it from your disk and try again.
2026-01-04 00:39:01 | DEBUG    | ExoplanetDownloader | Retry 2 for KIC 5705819 after 4.0s: Error in reading Data product D:\.lightkurve\cache\mastDownload\Kepler\kplr005705819_lc_Q011111111111111111\kplr005705819-2009350155506_llc.fits of type KeplerLightCurve .
This file may be corrupt due to an interrupted download. Please remove it from your disk and try again.
2026-01-04 00:39:01 | DEBUG    | ExoplanetDownloader | Retry 1 for KIC 5728139 after 2.0s: Error in reading Data product D:\.lightkurve\cache\mastDownload\Kepler\kplr005728139_lc_Q011111111111111111\kplr005728139-2011177032512_llc.fits of type KeplerLightCurve .
This file may be corrupt due to an interrupted download. Please remove it from your disk and try again.
2026-01-04 00:39:01 | DEBUG    | ExoplanetDownloader | Retry 2 for KIC 5686174 after 4.0s: Error in reading Data product D:\.lightkurve\cache\mastDownload\Kepler\kplr005686174_lc_Q011110111011101110\kplr005686174-2012277125453_llc.fits of type KeplerLightCurve .
This file may be corrupt due to an interrupted download. Please remove it from your disk and try again.
2026-01-04 00:39:01 | DEBUG    | ExoplanetDownloader | Retry 1 for KIC 5770074 after 2.0s: Error in reading Data product D:\.lightkurve\cache\mastDownload\Kepler\kplr005770074_lc_Q111110111011101110\kplr005770074-2013011073258_llc.fits of type KeplerLightCurve .
This file may be corrupt due to an interrupted download. Please remove it from your disk and try again.
2026-01-04 00:39:02 | DEBUG    | ExoplanetDownloader | Retry 1 for KIC 5706966 after 2.0s: I/O operation on closed file.
2026-01-04 00:39:03 | DEBUG    | ExoplanetDownloader | Retry 1 for KIC 5775129 after 2.0s: Error in reading Data product D:\.lightkurve\cache\mastDownload\Kepler\kplr005775129_lc_Q011110111011101110\kplr005775129-2013011073258_llc.fits of type KeplerLightCurve .
This file may be corrupt due to an interrupted download. Please remove it from your disk and try again.
2026-01-04 00:39:05 | DEBUG    | ExoplanetDownloader | Retry 2 for KIC 5728139 after 4.0s: Error in reading Data product D:\.lightkurve\cache\mastDownload\Kepler\kplr005728139_lc_Q011111111111111111\kplr005728139-2011177032512_llc.fits of type KeplerLightCurve .
This file may be corrupt due to an interrupted download. Please remove it from your disk and try again.
2026-01-04 00:39:05 | DEBUG    | ExoplanetDownloader | Retry 1 for KIC 5780460 after 2.0s: Error in reading Data product D:\.lightkurve\cache\mastDownload\Kepler\kplr005780460_lc_Q001111111111111111\kplr005780460-2011271113734_llc.fits of type KeplerLightCurve .
This file may be corrupt due to an interrupted download. Please remove it from your disk and try again.
2026-01-04 00:39:06 | DEBUG    | ExoplanetDownloader | Retry 2 for KIC 5770074 after 4.0s: Error in reading Data product D:\.lightkurve\cache\mastDownload\Kepler\kplr005770074_lc_Q111110111011101110\kplr005770074-2013011073258_llc.fits of type KeplerLightCurve .
This file may be corrupt due to an interrupted download. Please remove it from your disk and try again.
2026-01-04 00:39:06 | DEBUG    | ExoplanetDownloader | Retry 2 for KIC 5706966 after 4.0s: Error in reading Data product D:\.lightkurve\cache\mastDownload\Kepler\kplr005706966_lc_Q011111111111111111\kplr005706966-2012179063303_llc.fits of type KeplerLightCurve .
This file may be corrupt due to an interrupted download. Please remove it from your disk and try again.
2026-01-04 00:39:07 | DEBUG    | ExoplanetDownloader | Retry 2 for KIC 5775129 after 4.0s: Error in reading Data product D:\.lightkurve\cache\mastDownload\Kepler\kplr005775129_lc_Q011110111011101110\kplr005775129-2013011073258_llc.fits of type KeplerLightCurve .
This file may be corrupt due to an interrupted download. Please remove it from your disk and try again.
2026-01-04 00:39:07 | DEBUG    | ExoplanetDownloader | Retry 1 for KIC 5780885 after 2.0s: Error in reading Data product D:\.lightkurve\cache\mastDownload\Kepler\kplr005780885_lc_Q111111111111111111\kplr005780885-2010265121752_llc.fits of type KeplerLightCurve .
This file may be corrupt due to an interrupted download. Please remove it from your disk and try again.
2026-01-04 00:39:08 | DEBUG    | ExoplanetDownloader | Retry 1 for KIC 5780930 after 2.0s: Error in reading Data product D:\.lightkurve\cache\mastDownload\Kepler\kplr005780930_lc_Q011111111111111111\kplr005780930-2010174085026_llc.fits of type KeplerLightCurve .
This file may be corrupt due to an interrupted download. Please remove it from your disk and try again.
2026-01-04 00:39:08 | DEBUG    | ExoplanetDownloader | Retry 2 for KIC 5780460 after 4.0s: Error in reading Data product D:\.lightkurve\cache\mastDownload\Kepler\kplr005780460_lc_Q001111111111111111\kplr005780460-2011271113734_llc.fits of type KeplerLightCurve .
This file may be corrupt due to an interrupted download. Please remove it from your disk and try again.
2026-01-04 00:39:10 | DEBUG    | ExoplanetDownloader | Retry 2 for KIC 5780885 after 4.0s: Error in reading Data product D:\.lightkurve\cache\mastDownload\Kepler\kplr005780885_lc_Q111111111111111111\kplr005780885-2010265121752_llc.fits of type KeplerLightCurve .
This file may be corrupt due to an interrupted download. Please remove it from your disk and try again.
2026-01-04 00:39:11 | DEBUG    | ExoplanetDownloader | Retry 1 for KIC 5791986 after 2.0s: Error in reading Data product D:\.lightkurve\cache\mastDownload\Kepler\kplr005791986_lc_Q011111111111111111\kplr005791986-2012088054726_llc.fits of type KeplerLightCurve .
This file may be corrupt due to an interrupted download. Please remove it from your disk and try again.
2026-01-04 00:39:11 | DEBUG    | ExoplanetDownloader | Retry 2 for KIC 5780930 after 4.0s: Error in reading Data product D:\.lightkurve\cache\mastDownload\Kepler\kplr005780930_lc_Q011111111111111111\kplr005780930-2010174085026_llc.fits of type KeplerLightCurve .
This file may be corrupt due to an interrupted download. Please remove it from your disk and try again.
2026-01-04 00:39:12 | DEBUG    | ExoplanetDownloader | Retry 1 for KIC 5794240 after 2.0s: Error in reading Data product D:\.lightkurve\cache\mastDownload\Kepler\kplr005794240_lc_Q011111111111111111\kplr005794240-2010174085026_llc.fits of type KeplerLightCurve .
This file may be corrupt due to an interrupted download. Please remove it from your disk and try again.
2026-01-04 00:39:14 | DEBUG    | ExoplanetDownloader | Retry 1 for KIC 5794570 after 2.0s: Error in reading Data product D:\.lightkurve\cache\mastDownload\Kepler\kplr005794570_lc_Q111111111111111111\kplr005794570-2010078095331_llc.fits of type KeplerLightCurve .
This file may be corrupt due to an interrupted download. Please remove it from your disk and try again.
2026-01-04 00:39:15 | DEBUG    | ExoplanetDownloader | Retry 2 for KIC 5791986 after 4.0s: Error in reading Data product D:\.lightkurve\cache\mastDownload\Kepler\kplr005791986_lc_Q011111111111111111\kplr005791986-2012088054726_llc.fits of type KeplerLightCurve .
This file may be corrupt due to an interrupted download. Please remove it from your disk and try again.
2026-01-04 00:39:15 | DEBUG    | ExoplanetDownloader | Retry 1 for KIC 5856571 after 2.0s: Error in reading Data product D:\.lightkurve\cache\mastDownload\Kepler\kplr005856571_lc_Q111110111011101110\kplr005856571-2010265121752_llc.fits of type KeplerLightCurve .
This file may be corrupt due to an interrupted download. Please remove it from your disk and try again.
2026-01-04 00:39:16 | DEBUG    | ExoplanetDownloader | Retry 1 for KIC 5807769 after 2.0s: Error in reading Data product D:\.lightkurve\cache\mastDownload\Kepler\kplr005807769_lc_Q011111111111111111\kplr005807769-2012179063303_llc.fits of type KeplerLightCurve .
This file may be corrupt due to an interrupted download. Please remove it from your disk and try again.
2026-01-04 00:39:16 | DEBUG    | ExoplanetDownloader | Retry 1 for KIC 5812960 after 2.0s: Error in reading Data product D:\.lightkurve\cache\mastDownload\Kepler\kplr005812960_lc_Q011111111111111111\kplr005812960-2009350155506_llc.fits of type KeplerLightCurve .
This file may be corrupt due to an interrupted download. Please remove it from your disk and try again.
2026-01-04 00:39:17 | DEBUG    | ExoplanetDownloader | Retry 2 for KIC 5794240 after 4.0s: Error in reading Data product D:\.lightkurve\cache\mastDownload\Kepler\kplr005794240_lc_Q011111111111111111\kplr005794240-2010174085026_llc.fits of type KeplerLightCurve .
This file may be corrupt due to an interrupted download. Please remove it from your disk and try again.
2026-01-04 00:39:17 | DEBUG    | ExoplanetDownloader | Retry 2 for KIC 5794570 after 4.0s: Error in reading Data product D:\.lightkurve\cache\mastDownload\Kepler\kplr005794570_lc_Q111111111111111111\kplr005794570-2010078095331_llc.fits of type KeplerLightCurve .
This file may be corrupt due to an interrupted download. Please remove it from your disk and try again.
2026-01-04 00:39:18 | DEBUG    | ExoplanetDownloader | Retry 2 for KIC 5856571 after 4.0s: Error in reading Data product D:\.lightkurve\cache\mastDownload\Kepler\kplr005856571_lc_Q111110111011101110\kplr005856571-2010265121752_llc.fits of type KeplerLightCurve .
This file may be corrupt due to an interrupted download. Please remove it from your disk and try again.
2026-01-04 00:39:19 | DEBUG    | ExoplanetDownloader | Retry 1 for KIC 5857540 after 2.0s: Error in reading Data product D:\.lightkurve\cache\mastDownload\Kepler\kplr005857540_lc_Q000010111011101110\kplr005857540-2011073133259_llc.fits of type KeplerLightCurve .
This file may be corrupt due to an interrupted download. Please remove it from your disk and try again.
2026-01-04 00:39:19 | DEBUG    | ExoplanetDownloader | Retry 2 for KIC 5812960 after 4.0s: Error in reading Data product D:\.lightkurve\cache\mastDownload\Kepler\kplr005812960_lc_Q011111111111111111\kplr005812960-2009350155506_llc.fits of type KeplerLightCurve .
This file may be corrupt due to an interrupted download. Please remove it from your disk and try again.
2026-01-04 00:39:20 | DEBUG    | ExoplanetDownloader | Retry 2 for KIC 5807769 after 4.0s: Error in reading Data product D:\.lightkurve\cache\mastDownload\Kepler\kplr005807769_lc_Q011111111111111111\kplr005807769-2012179063303_llc.fits of type KeplerLightCurve .
This file may be corrupt due to an interrupted download. Please remove it from your disk and try again.
2026-01-04 00:39:20 | DEBUG    | ExoplanetDownloader | Retry 1 for KIC 5864975 after 2.0s: Error in reading Data product D:\.lightkurve\cache\mastDownload\Kepler\kplr005864975_lc_Q011001100110111011\kplr005864975-2012277125453_llc.fits of type KeplerLightCurve .
This file may be corrupt due to an interrupted download. Please remove it from your disk and try again.
2026-01-04 00:39:22 | DEBUG    | ExoplanetDownloader | Retry 2 for KIC 5857540 after 4.0s: Error in reading Data product D:\.lightkurve\cache\mastDownload\Kepler\kplr005857540_lc_Q000010111011101110\kplr005857540-2011073133259_llc.fits of type KeplerLightCurve .
This file may be corrupt due to an interrupted download. Please remove it from your disk and try again.
2026-01-04 00:39:22 | DEBUG    | ExoplanetDownloader | Retry 1 for KIC 5871985 after 2.0s: Error in reading Data product D:\.lightkurve\cache\mastDownload\Kepler\kplr005871985_lc_Q011111111111111111\kplr005871985-2010174085026_llc.fits of type KeplerLightCurve .
This file may be corrupt due to an interrupted download. Please remove it from your disk and try again.
2026-01-04 00:39:23 | DEBUG    | ExoplanetDownloader | Retry 1 for KIC 5881120 after 2.0s: Error in reading Data product D:\.lightkurve\cache\mastDownload\Kepler\kplr005881120_lc_Q011111111111111111\kplr005881120-2010265121752_llc.fits of type KeplerLightCurve .
This file may be corrupt due to an interrupted download. Please remove it from your disk and try again.
2026-01-04 00:39:23 | DEBUG    | ExoplanetDownloader | Retry 2 for KIC 5864975 after 4.0s: Error in reading Data product D:\.lightkurve\cache\mastDownload\Kepler\kplr005864975_lc_Q011001100110111011\kplr005864975-2012277125453_llc.fits of type KeplerLightCurve .
This file may be corrupt due to an interrupted download. Please remove it from your disk and try again.
2026-01-04 00:39:24 | DEBUG    | ExoplanetDownloader | Retry 1 for KIC 5881813 after 2.0s: Error in reading Data product D:\.lightkurve\cache\mastDownload\Kepler\kplr005881813_lc_Q011111111111111111\kplr005881813-2010174085026_llc.fits of type KeplerLightCurve .
This file may be corrupt due to an interrupted download. Please remove it from your disk and try again.
2026-01-04 00:39:24 | DEBUG    | ExoplanetDownloader | Retry 1 for KIC 5905822 after 2.0s: Error in reading Data product D:\.lightkurve\cache\mastDownload\Kepler\kplr005905822_lc_Q111111111111111111\kplr005905822-2009131105131_llc.fits of type KeplerLightCurve .
This file may be corrupt due to an interrupted download. Please remove it from your disk and try again.
2026-01-04 00:39:25 | DEBUG    | ExoplanetDownloader | Retry 2 for KIC 5871985 after 4.0s: Error in reading Data product D:\.lightkurve\cache\mastDownload\Kepler\kplr005871985_lc_Q011111111111111111\kplr005871985-2010174085026_llc.fits of type KeplerLightCurve .
This file may be corrupt due to an interrupted download. Please remove it from your disk and try again.
2026-01-04 00:39:27 | DEBUG    | ExoplanetDownloader | Retry 2 for KIC 5881120 after 4.0s: Error in reading Data product D:\.lightkurve\cache\mastDownload\Kepler\kplr005881120_lc_Q011111111111111111\kplr005881120-2010265121752_llc.fits of type KeplerLightCurve .
This file may be corrupt due to an interrupted download. Please remove it from your disk and try again.
2026-01-04 00:39:27 | DEBUG    | ExoplanetDownloader | Retry 2 for KIC 5905822 after 4.0s: Error in reading Data product D:\.lightkurve\cache\mastDownload\Kepler\kplr005905822_lc_Q111111111111111111\kplr005905822-2009131105131_llc.fits of type KeplerLightCurve .
This file may be corrupt due to an interrupted download. Please remove it from your disk and try again.
2026-01-04 00:39:27 | DEBUG    | ExoplanetDownloader | Retry 1 for KIC 5938970 after 2.0s: Error in reading Data product D:\.lightkurve\cache\mastDownload\Kepler\kplr005938970_lc_Q011110111011101110\kplr005938970-2009259160929_llc.fits of type KeplerLightCurve .
This file may be corrupt due to an interrupted download. Please remove it from your disk and try again.
2026-01-04 00:39:27 | DEBUG    | ExoplanetDownloader | Retry 2 for KIC 5881813 after 4.0s: Error in reading Data product D:\.lightkurve\cache\mastDownload\Kepler\kplr005881813_lc_Q011111111111111111\kplr005881813-2010174085026_llc.fits of type KeplerLightCurve .
This file may be corrupt due to an interrupted download. Please remove it from your disk and try again.
2026-01-04 00:39:28 | DEBUG    | ExoplanetDownloader | Retry 1 for KIC 5906694 after 2.0s: Error in reading Data product D:\.lightkurve\cache\mastDownload\Kepler\kplr005906694_lc_Q011111111111111111\kplr005906694-2012277125453_llc.fits of type KeplerLightCurve .
This file may be corrupt due to an interrupted download. Please remove it from your disk and try again.
2026-01-04 00:39:29 | DEBUG    | ExoplanetDownloader | Retry 1 for KIC 5942808 after 2.0s: Error in reading Data product D:\.lightkurve\cache\mastDownload\Kepler\kplr005942808_lc_Q000010111011101110\kplr005942808-2011073133259_llc.fits of type KeplerLightCurve .
This file may be corrupt due to an interrupted download. Please remove it from your disk and try again.
2026-01-04 00:39:29 | DEBUG    | ExoplanetDownloader | Retry 2 for KIC 5938970 after 4.0s: Error in reading Data product D:\.lightkurve\cache\mastDownload\Kepler\kplr005938970_lc_Q011110111011101110\kplr005938970-2009259160929_llc.fits of type KeplerLightCurve .
This file may be corrupt due to an interrupted download. Please remove it from your disk and try again.
2026-01-04 00:39:31 | DEBUG    | ExoplanetDownloader | Retry 2 for KIC 5906694 after 4.0s: Error in reading Data product D:\.lightkurve\cache\mastDownload\Kepler\kplr005906694_lc_Q011111111111111111\kplr005906694-2012277125453_llc.fits of type KeplerLightCurve .
This file may be corrupt due to an interrupted download. Please remove it from your disk and try again.
2026-01-04 00:39:32 | DEBUG    | ExoplanetDownloader | Retry 2 for KIC 5942808 after 4.0s: Error in reading Data product D:\.lightkurve\cache\mastDownload\Kepler\kplr005942808_lc_Q000010111011101110\kplr005942808-2011073133259_llc.fits of type KeplerLightCurve .
This file may be corrupt due to an interrupted download. Please remove it from your disk and try again.
2026-01-04 00:39:33 | DEBUG    | ExoplanetDownloader | Retry 1 for KIC 5959753 after 2.0s: Error in reading Data product D:\.lightkurve\cache\mastDownload\Kepler\kplr005959753_lc_Q011111111111111111\kplr005959753-2011177032512_llc.fits of type KeplerLightCurve .
This file may be corrupt due to an interrupted download. Please remove it from your disk and try again.
2026-01-04 00:39:33 | DEBUG    | ExoplanetDownloader | Retry 1 for KIC 5962262 after 2.0s: Error in reading Data product D:\.lightkurve\cache\mastDownload\Kepler\kplr005962262_lc_Q011111111111111111\kplr005962262-2011177032512_llc.fits of type KeplerLightCurve .
This file may be corrupt due to an interrupted download. Please remove it from your disk and try again.
2026-01-04 00:39:34 | DEBUG    | ExoplanetDownloader | Retry 1 for KIC 5953297 after 2.0s: I/O operation on closed file.
2026-01-04 00:39:34 | DEBUG    | ExoplanetDownloader | Retry 1 for KIC 5972334 after 2.0s: Error in reading Data product D:\.lightkurve\cache\mastDownload\Kepler\kplr005972334_lc_Q011111011101110111\kplr005972334-2010078095331_llc.fits of type KeplerLightCurve .
This file may be corrupt due to an interrupted download. Please remove it from your disk and try again.
2026-01-04 00:39:35 | DEBUG    | ExoplanetDownloader | Retry 1 for KIC 5966322 after 2.0s: Error in reading Data product D:\.lightkurve\cache\mastDownload\Kepler\kplr005966322_lc_Q111111111111111111\kplr005966322-2010265121752_llc.fits of type KeplerLightCurve .
This file may be corrupt due to an interrupted download. Please remove it from your disk and try again.
2026-01-04 00:39:36 | DEBUG    | ExoplanetDownloader | Retry 2 for KIC 5959753 after 4.0s: Error in reading Data product D:\.lightkurve\cache\mastDownload\Kepler\kplr005959753_lc_Q011111111111111111\kplr005959753-2011177032512_llc.fits of type KeplerLightCurve .
This file may be corrupt due to an interrupted download. Please remove it from your disk and try again.
2026-01-04 00:39:36 | DEBUG    | ExoplanetDownloader | Retry 1 for KIC 5978170 after 2.0s: Error in reading Data product D:\.lightkurve\cache\mastDownload\Kepler\kplr005978170_lc_Q011111111111111111\kplr005978170-2010265121752_llc.fits of type KeplerLightCurve .
This file may be corrupt due to an interrupted download. Please remove it from your disk and try again.
2026-01-04 00:39:37 | DEBUG    | ExoplanetDownloader | Retry 2 for KIC 5972334 after 4.0s: Error in reading Data product D:\.lightkurve\cache\mastDownload\Kepler\kplr005972334_lc_Q011111011101110111\kplr005972334-2010078095331_llc.fits of type KeplerLightCurve .
This file may be corrupt due to an interrupted download. Please remove it from your disk and try again.
2026-01-04 00:39:38 | DEBUG    | ExoplanetDownloader | Retry 2 for KIC 5962262 after 4.0s: Error in reading Data product D:\.lightkurve\cache\mastDownload\Kepler\kplr005962262_lc_Q011111111111111111\kplr005962262-2011177032512_llc.fits of type KeplerLightCurve .
This file may be corrupt due to an interrupted download. Please remove it from your disk and try again.
2026-01-04 00:39:38 | DEBUG    | ExoplanetDownloader | Retry 2 for KIC 5966322 after 4.0s: Error in reading Data product D:\.lightkurve\cache\mastDownload\Kepler\kplr005966322_lc_Q111111111111111111\kplr005966322-2010265121752_llc.fits of type KeplerLightCurve .
This file may be corrupt due to an interrupted download. Please remove it from your disk and try again.
2026-01-04 00:39:39 | DEBUG    | ExoplanetDownloader | Retry 1 for KIC 5978559 after 2.0s: Error in reading Data product D:\.lightkurve\cache\mastDownload\Kepler\kplr005978559_lc_Q011111111111111111\kplr005978559-2009350155506_llc.fits of type KeplerLightCurve .
This file may be corrupt due to an interrupted download. Please remove it from your disk and try again.
2026-01-04 00:39:39 | DEBUG    | ExoplanetDownloader | Retry 2 for KIC 5978170 after 4.0s: Error in reading Data product D:\.lightkurve\cache\mastDownload\Kepler\kplr005978170_lc_Q011111111111111111\kplr005978170-2010265121752_llc.fits of type KeplerLightCurve .
This file may be corrupt due to an interrupted download. Please remove it from your disk and try again.
2026-01-04 00:39:42 | DEBUG    | ExoplanetDownloader | Retry 1 for KIC 5980208 after 2.0s: Error in reading Data product D:\.lightkurve\cache\mastDownload\Kepler\kplr005980208_lc_Q011111111111111111\kplr005980208-2012088054726_llc.fits of type KeplerLightCurve .
This file may be corrupt due to an interrupted download. Please remove it from your disk and try again.
2026-01-04 00:39:42 | DEBUG    | ExoplanetDownloader | Retry 2 for KIC 5953297 after 4.0s: I/O operation on closed file.
2026-01-04 00:39:42 | DEBUG    | ExoplanetDownloader | Retry 2 for KIC 5978559 after 4.0s: Error in reading Data product D:\.lightkurve\cache\mastDownload\Kepler\kplr005978559_lc_Q011111111111111111\kplr005978559-2009350155506_llc.fits of type KeplerLightCurve .
This file may be corrupt due to an interrupted download. Please remove it from your disk and try again.
2026-01-04 00:39:47 | DEBUG    | ExoplanetDownloader | Retry 1 for KIC 6020753 after 2.0s: Error in reading Data product D:\.lightkurve\cache\mastDownload\Kepler\kplr006020753_lc_Q011110111011101110\kplr006020753-2012088054726_llc.fits of type KeplerLightCurve .
This file may be corrupt due to an interrupted download. Please remove it from your disk and try again.
2026-01-04 00:39:51 | DEBUG    | ExoplanetDownloader | Retry 2 for KIC 5980208 after 4.0s: Error in reading Data product D:\.lightkurve\cache\mastDownload\Kepler\kplr005980208_lc_Q011111111111111111\kplr005980208-2012088054726_llc.fits of type KeplerLightCurve .
This file may be corrupt due to an interrupted download. Please remove it from your disk and try again.
2026-01-04 00:39:52 | DEBUG    | ExoplanetDownloader | Retry 1 for KIC 6032497 after 2.0s: Error in reading Data product D:\.lightkurve\cache\mastDownload\Kepler\kplr006032497_lc_Q011111111111111111\kplr006032497-2012088054726_llc.fits of type KeplerLightCurve .
This file may be corrupt due to an interrupted download. Please remove it from your disk and try again.
2026-01-04 00:39:52 | DEBUG    | ExoplanetDownloader | Retry 1 for KIC 6035124 after 2.0s: Error in reading Data product D:\.lightkurve\cache\mastDownload\Kepler\kplr006035124_lc_Q011111111111111111\kplr006035124-2011177032512_llc.fits of type KeplerLightCurve .
This file may be corrupt due to an interrupted download. Please remove it from your disk and try again.
2026-01-04 00:39:53 | DEBUG    | ExoplanetDownloader | Retry 1 for KIC 6034945 after 2.0s: Error in reading Data product D:\.lightkurve\cache\mastDownload\Kepler\kplr006034945_lc_Q011111111111111111\kplr006034945-2013011073258_llc.fits of type KeplerLightCurve .
This file may be corrupt due to an interrupted download. Please remove it from your disk and try again.
2026-01-04 00:39:54 | DEBUG    | ExoplanetDownloader | Retry 1 for KIC 6047072 after 2.0s: Error in reading Data product D:\.lightkurve\cache\mastDownload\Kepler\kplr006047072_lc_Q011111111111111111\kplr006047072-2011177032512_llc.fits of type KeplerLightCurve .
This file may be corrupt due to an interrupted download. Please remove it from your disk and try again.
2026-01-04 00:39:54 | DEBUG    | ExoplanetDownloader | Retry 2 for KIC 6020753 after 4.0s: Error in reading Data product D:\.lightkurve\cache\mastDownload\Kepler\kplr006020753_lc_Q011110111011101110\kplr006020753-2012088054726_llc.fits of type KeplerLightCurve .
This file may be corrupt due to an interrupted download. Please remove it from your disk and try again.
2026-01-04 00:39:54 | DEBUG    | ExoplanetDownloader | Retry 1 for KIC 6046540 after 2.0s: Error in reading Data product D:\.lightkurve\cache\mastDownload\Kepler\kplr006046540_lc_Q011111111111111111\kplr006046540-2013098041711_llc.fits of type KeplerLightCurve .
This file may be corrupt due to an interrupted download. Please remove it from your disk and try again.
2026-01-04 00:39:56 | DEBUG    | ExoplanetDownloader | Retry 2 for KIC 6032497 after 4.0s: Error in reading Data product D:\.lightkurve\cache\mastDownload\Kepler\kplr006032497_lc_Q011111111111111111\kplr006032497-2012088054726_llc.fits of type KeplerLightCurve .
This file may be corrupt due to an interrupted download. Please remove it from your disk and try again.
2026-01-04 00:39:57 | DEBUG    | ExoplanetDownloader | Retry 2 for KIC 6035124 after 4.0s: Error in reading Data product D:\.lightkurve\cache\mastDownload\Kepler\kplr006035124_lc_Q011111111111111111\kplr006035124-2011177032512_llc.fits of type KeplerLightCurve .
This file may be corrupt due to an interrupted download. Please remove it from your disk and try again.
2026-01-04 00:40:01 | DEBUG    | ExoplanetDownloader | Retry 2 for KIC 6047072 after 4.0s: Error in reading Data product D:\.lightkurve\cache\mastDownload\Kepler\kplr006047072_lc_Q011111111111111111\kplr006047072-2011177032512_llc.fits of type KeplerLightCurve .
This file may be corrupt due to an interrupted download. Please remove it from your disk and try again.
2026-01-04 00:40:02 | DEBUG    | ExoplanetDownloader | Retry 1 for KIC 6058816 after 2.0s: Error in reading Data product D:\.lightkurve\cache\mastDownload\Kepler\kplr006058816_lc_Q111111111111111111\kplr006058816-2010355172524_llc.fits of type KeplerLightCurve .
This file may be corrupt due to an interrupted download. Please remove it from your disk and try again.
2026-01-04 00:40:05 | DEBUG    | ExoplanetDownloader | Retry 1 for KIC 6061119 after 2.0s: Error in reading Data product D:\.lightkurve\cache\mastDownload\Kepler\kplr006061119_lc_Q011111111111111111\kplr006061119-2010174085026_llc.fits of type KeplerLightCurve .
This file may be corrupt due to an interrupted download. Please remove it from your disk and try again.
2026-01-04 00:40:06 | DEBUG    | ExoplanetDownloader | Retry 2 for KIC 6034945 after 4.0s: Error in reading Data product D:\.lightkurve\cache\mastDownload\Kepler\kplr006034945_lc_Q011111111111111111\kplr006034945-2013011073258_llc.fits of type KeplerLightCurve .
This file may be corrupt due to an interrupted download. Please remove it from your disk and try again.
2026-01-04 00:40:08 | DEBUG    | ExoplanetDownloader | Retry 2 for KIC 6046540 after 4.0s: Error in reading Data product D:\.lightkurve\cache\mastDownload\Kepler\kplr006046540_lc_Q011111111111111111\kplr006046540-2013098041711_llc.fits of type KeplerLightCurve .
This file may be corrupt due to an interrupted download. Please remove it from your disk and try again.
2026-01-04 00:40:10 | DEBUG    | ExoplanetDownloader | Retry 2 for KIC 6058816 after 4.0s: Error in reading Data product D:\.lightkurve\cache\mastDownload\Kepler\kplr006058816_lc_Q111111111111111111\kplr006058816-2010355172524_llc.fits of type KeplerLightCurve .
This file may be corrupt due to an interrupted download. Please remove it from your disk and try again.
2026-01-04 00:40:10 | DEBUG    | ExoplanetDownloader | Retry 2 for KIC 6061119 after 4.0s: Error in reading Data product D:\.lightkurve\cache\mastDownload\Kepler\kplr006061119_lc_Q011111111111111111\kplr006061119-2010174085026_llc.fits of type KeplerLightCurve .
This file may be corrupt due to an interrupted download. Please remove it from your disk and try again.
2026-01-04 00:40:12 | DEBUG    | ExoplanetDownloader | Retry 1 for KIC 6061773 after 2.0s: Error in reading Data product D:\.lightkurve\cache\mastDownload\Kepler\kplr006061773_lc_Q111111111111111111\kplr006061773-2010355172524_llc.fits of type KeplerLightCurve .
This file may be corrupt due to an interrupted download. Please remove it from your disk and try again.
2026-01-04 00:40:12 | DEBUG    | ExoplanetDownloader | Retry 1 for KIC 6062929 after 2.0s: Error in reading Data product D:\.lightkurve\cache\mastDownload\Kepler\kplr006062929_lc_Q011111111111111111\kplr006062929-2010174085026_llc.fits of type KeplerLightCurve .
This file may be corrupt due to an interrupted download. Please remove it from your disk and try again.
2026-01-04 00:40:13 | DEBUG    | ExoplanetDownloader | Retry 1 for KIC 6062088 after 2.0s: Error in reading Data product D:\.lightkurve\cache\mastDownload\Kepler\kplr006062088_lc_Q011111111111111111\kplr006062088-2011073133259_llc.fits of type KeplerLightCurve .
This file may be corrupt due to an interrupted download. Please remove it from your disk and try again.
2026-01-04 00:40:13 | DEBUG    | ExoplanetDownloader | Retry 1 for KIC 6063220 after 2.0s: Error in reading Data product D:\.lightkurve\cache\mastDownload\Kepler\kplr006063220_lc_Q011111111111111111\kplr006063220-2009350155506_llc.fits of type KeplerLightCurve .
This file may be corrupt due to an interrupted download. Please remove it from your disk and try again.
2026-01-04 00:40:18 | DEBUG    | ExoplanetDownloader | Retry 2 for KIC 6063220 after 4.0s: Error in reading Data product D:\.lightkurve\cache\mastDownload\Kepler\kplr006063220_lc_Q011111111111111111\kplr006063220-2009350155506_llc.fits of type KeplerLightCurve .
This file may be corrupt due to an interrupted download. Please remove it from your disk and try again.
2026-01-04 00:40:19 | DEBUG    | ExoplanetDownloader | Retry 2 for KIC 6062929 after 4.0s: Error in reading Data product D:\.lightkurve\cache\mastDownload\Kepler\kplr006062929_lc_Q011111111111111111\kplr006062929-2010174085026_llc.fits of type KeplerLightCurve .
This file may be corrupt due to an interrupted download. Please remove it from your disk and try again.
2026-01-04 00:40:19 | DEBUG    | ExoplanetDownloader | Retry 1 for KIC 6106282 after 2.0s: Error in reading Data product D:\.lightkurve\cache\mastDownload\Kepler\kplr006106282_lc_Q011110111011101110\kplr006106282-2010078095331_llc.fits of type KeplerLightCurve .
This file may be corrupt due to an interrupted download. Please remove it from your disk and try again.
2026-01-04 00:40:19 | DEBUG    | ExoplanetDownloader | Retry 2 for KIC 6061773 after 4.0s: Error in reading Data product D:\.lightkurve\cache\mastDownload\Kepler\kplr006061773_lc_Q111111111111111111\kplr006061773-2010355172524_llc.fits of type KeplerLightCurve .
This file may be corrupt due to an interrupted download. Please remove it from your disk and try again.
2026-01-04 00:40:19 | DEBUG    | ExoplanetDownloader | Retry 2 for KIC 6062088 after 4.0s: Error in reading Data product D:\.lightkurve\cache\mastDownload\Kepler\kplr006062088_lc_Q011111111111111111\kplr006062088-2011073133259_llc.fits of type KeplerLightCurve .
This file may be corrupt due to an interrupted download. Please remove it from your disk and try again.
2026-01-04 00:40:20 | DEBUG    | ExoplanetDownloader | Retry 1 for KIC 6124512 after 2.0s: Error in reading Data product D:\.lightkurve\cache\mastDownload\Kepler\kplr006124512_lc_Q011111111111111111\kplr006124512-2010355172524_llc.fits of type KeplerLightCurve .
This file may be corrupt due to an interrupted download. Please remove it from your disk and try again.
2026-01-04 00:40:21 | DEBUG    | ExoplanetDownloader | Retry 1 for KIC 6071903 after 2.0s: I/O operation on closed file.
2026-01-04 00:40:22 | DEBUG    | ExoplanetDownloader | Retry 2 for KIC 6106282 after 4.0s: Error in reading Data product D:\.lightkurve\cache\mastDownload\Kepler\kplr006106282_lc_Q011110111011101110\kplr006106282-2010078095331_llc.fits of type KeplerLightCurve .
This file may be corrupt due to an interrupted download. Please remove it from your disk and try again.
2026-01-04 00:40:22 | DEBUG    | ExoplanetDownloader | Retry 1 for KIC 6125481 after 2.0s: Error in reading Data product D:\.lightkurve\cache\mastDownload\Kepler\kplr006125481_lc_Q011111111111111111\kplr006125481-2011073133259_llc.fits of type KeplerLightCurve .
This file may be corrupt due to an interrupted download. Please remove it from your disk and try again.
2026-01-04 00:40:23 | DEBUG    | ExoplanetDownloader | Retry 2 for KIC 6124512 after 4.0s: Error in reading Data product D:\.lightkurve\cache\mastDownload\Kepler\kplr006124512_lc_Q011111111111111111\kplr006124512-2010355172524_llc.fits of type KeplerLightCurve .
This file may be corrupt due to an interrupted download. Please remove it from your disk and try again.
2026-01-04 00:40:24 | DEBUG    | ExoplanetDownloader | Retry 2 for KIC 6071903 after 4.0s: Error in reading Data product D:\.lightkurve\cache\mastDownload\Kepler\kplr006071903_lc_Q111111111111111111\kplr006071903-2010355172524_llc.fits of type KeplerLightCurve .
This file may be corrupt due to an interrupted download. Please remove it from your disk and try again.
2026-01-04 00:40:28 | DEBUG    | ExoplanetDownloader | Retry 1 for KIC 6149910 after 2.0s: Error in reading Data product D:\.lightkurve\cache\mastDownload\Kepler\kplr006149910_lc_Q011111111111111111\kplr006149910-2010265121752_llc.fits of type KeplerLightCurve .
This file may be corrupt due to an interrupted download. Please remove it from your disk and try again.
2026-01-04 00:40:29 | DEBUG    | ExoplanetDownloader | Retry 2 for KIC 6125481 after 4.0s: Error in reading Data product D:\.lightkurve\cache\mastDownload\Kepler\kplr006125481_lc_Q011111111111111111\kplr006125481-2011073133259_llc.fits of type KeplerLightCurve .
This file may be corrupt due to an interrupted download. Please remove it from your disk and try again.
2026-01-04 00:40:33 | DEBUG    | ExoplanetDownloader | Retry 1 for KIC 6186964 after 2.0s: Error in reading Data product D:\.lightkurve\cache\mastDownload\Kepler\kplr006186964_lc_Q000010111011101110\kplr006186964-2010355172524_llc.fits of type KeplerLightCurve .
This file may be corrupt due to an interrupted download. Please remove it from your disk and try again.
2026-01-04 00:40:33 | DEBUG    | ExoplanetDownloader | Retry 1 for KIC 6153407 after 2.0s: Error in reading Data product D:\.lightkurve\cache\mastDownload\Kepler\kplr006153407_lc_Q111111111111111111\kplr006153407-2011073133259_llc.fits of type KeplerLightCurve .
This file may be corrupt due to an interrupted download. Please remove it from your disk and try again.
2026-01-04 00:40:33 | DEBUG    | ExoplanetDownloader | Retry 1 for KIC 6191521 after 2.0s: Error in reading Data product D:\.lightkurve\cache\mastDownload\Kepler\kplr006191521_lc_Q011111111111111111\kplr006191521-2010078095331_llc.fits of type KeplerLightCurve .
This file may be corrupt due to an interrupted download. Please remove it from your disk and try again.
2026-01-04 00:40:33 | DEBUG    | ExoplanetDownloader | Retry 1 for KIC 6183511 after 2.0s: Error in reading Data product D:\.lightkurve\cache\mastDownload\Kepler\kplr006183511_lc_Q011110111011101110\kplr006183511-2012004120508_llc.fits of type KeplerLightCurve .
This file may be corrupt due to an interrupted download. Please remove it from your disk and try again.
2026-01-04 00:40:34 | DEBUG    | ExoplanetDownloader | Retry 2 for KIC 6149910 after 4.0s: Error in reading Data product D:\.lightkurve\cache\mastDownload\Kepler\kplr006149910_lc_Q011111111111111111\kplr006149910-2010265121752_llc.fits of type KeplerLightCurve .
This file may be corrupt due to an interrupted download. Please remove it from your disk and try again.
2026-01-04 00:40:34 | DEBUG    | ExoplanetDownloader | Retry 1 for KIC 6196457 after 2.0s: Error in reading Data product D:\.lightkurve\cache\mastDownload\Kepler\kplr006196457_lc_Q111111111111111111\kplr006196457-2009259160929_llc.fits of type KeplerLightCurve .
This file may be corrupt due to an interrupted download. Please remove it from your disk and try again.
2026-01-04 00:40:35 | DEBUG    | ExoplanetDownloader | Retry 1 for KIC 6198182 after 2.0s: Error in reading Data product D:\.lightkurve\cache\mastDownload\Kepler\kplr006198182_lc_Q111111111111111111\kplr006198182-2009166043257_llc.fits of type KeplerLightCurve .
This file may be corrupt due to an interrupted download. Please remove it from your disk and try again.
2026-01-04 00:40:35 | DEBUG    | ExoplanetDownloader | Retry 2 for KIC 6186964 after 4.0s: Error in reading Data product D:\.lightkurve\cache\mastDownload\Kepler\kplr006186964_lc_Q000010111011101110\kplr006186964-2010355172524_llc.fits of type KeplerLightCurve .
This file may be corrupt due to an interrupted download. Please remove it from your disk and try again.
2026-01-04 00:40:36 | DEBUG    | ExoplanetDownloader | Retry 2 for KIC 6153407 after 4.0s: Error in reading Data product D:\.lightkurve\cache\mastDownload\Kepler\kplr006153407_lc_Q111111111111111111\kplr006153407-2011073133259_llc.fits of type KeplerLightCurve .
This file may be corrupt due to an interrupted download. Please remove it from your disk and try again.
2026-01-04 00:40:36 | DEBUG    | ExoplanetDownloader | Retry 2 for KIC 6191521 after 4.0s: Error in reading Data product D:\.lightkurve\cache\mastDownload\Kepler\kplr006191521_lc_Q011111111111111111\kplr006191521-2010078095331_llc.fits of type KeplerLightCurve .
This file may be corrupt due to an interrupted download. Please remove it from your disk and try again.
2026-01-04 00:40:37 | DEBUG    | ExoplanetDownloader | Retry 2 for KIC 6196457 after 4.0s: Error in reading Data product D:\.lightkurve\cache\mastDownload\Kepler\kplr006196457_lc_Q111111111111111111\kplr006196457-2009259160929_llc.fits of type KeplerLightCurve .
This file may be corrupt due to an interrupted download. Please remove it from your disk and try again.
2026-01-04 00:40:37 | DEBUG    | ExoplanetDownloader | Retry 2 for KIC 6183511 after 4.0s: Error in reading Data product D:\.lightkurve\cache\mastDownload\Kepler\kplr006183511_lc_Q011110111011101110\kplr006183511-2012004120508_llc.fits of type KeplerLightCurve .
This file may be corrupt due to an interrupted download. Please remove it from your disk and try again.
2026-01-04 00:40:37 | DEBUG    | ExoplanetDownloader | Retry 2 for KIC 6198182 after 4.0s: Error in reading Data product D:\.lightkurve\cache\mastDownload\Kepler\kplr006198182_lc_Q111111111111111111\kplr006198182-2009166043257_llc.fits of type KeplerLightCurve .
This file may be corrupt due to an interrupted download. Please remove it from your disk and try again.
2026-01-04 00:40:37 | DEBUG    | ExoplanetDownloader | Retry 1 for KIC 6198999 after 2.0s: Error in reading Data product D:\.lightkurve\cache\mastDownload\Kepler\kplr006198999_lc_Q011111111111111111\kplr006198999-2011271113734_llc.fits of type KeplerLightCurve .
This file may be corrupt due to an interrupted download. Please remove it from your disk and try again.
2026-01-04 00:40:40 | DEBUG    | ExoplanetDownloader | Retry 1 for KIC 6200235 after 2.0s: Error in reading Data product D:\.lightkurve\cache\mastDownload\Kepler\kplr006200235_lc_Q011111111111111111\kplr006200235-2010174085026_llc.fits of type KeplerLightCurve .
This file may be corrupt due to an interrupted download. Please remove it from your disk and try again.
2026-01-04 00:40:44 | DEBUG    | ExoplanetDownloader | Retry 2 for KIC 6198999 after 4.0s: Error in reading Data product D:\.lightkurve\cache\mastDownload\Kepler\kplr006198999_lc_Q011111111111111111\kplr006198999-2011271113734_llc.fits of type KeplerLightCurve .
This file may be corrupt due to an interrupted download. Please remove it from your disk and try again.
2026-01-04 00:40:45 | DEBUG    | ExoplanetDownloader | Retry 2 for KIC 6200235 after 4.0s: Error in reading Data product D:\.lightkurve\cache\mastDownload\Kepler\kplr006200235_lc_Q011111111111111111\kplr006200235-2010174085026_llc.fits of type KeplerLightCurve .
This file may be corrupt due to an interrupted download. Please remove it from your disk and try again.
2026-01-04 00:40:46 | DEBUG    | ExoplanetDownloader | Retry 1 for KIC 6205897 after 2.0s: Error in reading Data product D:\.lightkurve\cache\mastDownload\Kepler\kplr006205897_lc_Q011111111111111111\kplr006205897-2010355172524_llc.fits of type KeplerLightCurve .
This file may be corrupt due to an interrupted download. Please remove it from your disk and try again.
2026-01-04 00:40:48 | DEBUG    | ExoplanetDownloader | Retry 1 for KIC 6226908 after 2.0s: Error in reading Data product D:\.lightkurve\cache\mastDownload\Kepler\kplr006226908_lc_Q010000001100110011\kplr006226908-2013131215648_llc.fits of type KeplerLightCurve .
This file may be corrupt due to an interrupted download. Please remove it from your disk and try again.
2026-01-04 00:40:48 | DEBUG    | ExoplanetDownloader | Retry 1 for KIC 6265665 after 2.0s: Error in reading Data product D:\.lightkurve\cache\mastDownload\Kepler\kplr006265665_lc_Q111110111011101110\kplr006265665-2009259160929_llc.fits of type KeplerLightCurve .
This file may be corrupt due to an interrupted download. Please remove it from your disk and try again.
2026-01-04 00:40:51 | DEBUG    | ExoplanetDownloader | Retry 2 for KIC 6265665 after 4.0s: Error in reading Data product D:\.lightkurve\cache\mastDownload\Kepler\kplr006265665_lc_Q111110111011101110\kplr006265665-2009259160929_llc.fits of type KeplerLightCurve .
This file may be corrupt due to an interrupted download. Please remove it from your disk and try again.
2026-01-04 00:40:53 | DEBUG    | ExoplanetDownloader | Retry 2 for KIC 6205897 after 4.0s: Error in reading Data product D:\.lightkurve\cache\mastDownload\Kepler\kplr006205897_lc_Q011111111111111111\kplr006205897-2010355172524_llc.fits of type KeplerLightCurve .
This file may be corrupt due to an interrupted download. Please remove it from your disk and try again.
2026-01-04 00:40:53 | DEBUG    | ExoplanetDownloader | Retry 1 for KIC 6206214 after 2.0s: Error in reading Data product D:\.lightkurve\cache\mastDownload\Kepler\kplr006206214_lc_Q011111111111111111\kplr006206214-2013098041711_llc.fits of type KeplerLightCurve .
This file may be corrupt due to an interrupted download. Please remove it from your disk and try again.
2026-01-04 00:40:54 | DEBUG    | ExoplanetDownloader | Retry 1 for KIC 6209677 after 2.0s: I/O operation on closed file.
2026-01-04 00:40:54 | DEBUG    | ExoplanetDownloader | Retry 2 for KIC 6226908 after 4.0s: Error in reading Data product D:\.lightkurve\cache\mastDownload\Kepler\kplr006226908_lc_Q010000001100110011\kplr006226908-2013131215648_llc.fits of type KeplerLightCurve .
This file may be corrupt due to an interrupted download. Please remove it from your disk and try again.
2026-01-04 00:40:54 | DEBUG    | ExoplanetDownloader | Retry 1 for KIC 6265792 after 2.0s: Error in reading Data product D:\.lightkurve\cache\mastDownload\Kepler\kplr006265792_lc_Q011110111011101110\kplr006265792-2013011073258_llc.fits of type KeplerLightCurve .
This file may be corrupt due to an interrupted download. Please remove it from your disk and try again.
2026-01-04 00:40:56 | DEBUG    | ExoplanetDownloader | Retry 1 for KIC 6267535 after 2.0s: Error in reading Data product D:\.lightkurve\cache\mastDownload\Kepler\kplr006267535_lc_Q111110111011101110\kplr006267535-2010078095331_llc.fits of type KeplerLightCurve .
This file may be corrupt due to an interrupted download. Please remove it from your disk and try again.
2026-01-04 00:40:57 | DEBUG    | ExoplanetDownloader | Retry 1 for KIC 6268648 after 2.0s: Error in reading Data product D:\.lightkurve\cache\mastDownload\Kepler\kplr006268648_lc_Q111110111011101110\kplr006268648-2009259160929_llc.fits of type KeplerLightCurve .
This file may be corrupt due to an interrupted download. Please remove it from your disk and try again.
2026-01-04 00:41:00 | DEBUG    | ExoplanetDownloader | Retry 1 for KIC 6269070 after 2.0s: Error in reading Data product D:\.lightkurve\cache\mastDownload\Kepler\kplr006269070_lc_Q111110111011101110\kplr006269070-2009259160929_llc.fits of type KeplerLightCurve .
This file may be corrupt due to an interrupted download. Please remove it from your disk and try again.
2026-01-04 00:41:02 | DEBUG    | ExoplanetDownloader | Retry 2 for KIC 6268648 after 4.0s: Error in reading Data product D:\.lightkurve\cache\mastDownload\Kepler\kplr006268648_lc_Q111110111011101110\kplr006268648-2009259160929_llc.fits of type KeplerLightCurve .
This file may be corrupt due to an interrupted download. Please remove it from your disk and try again.
2026-01-04 00:41:02 | DEBUG    | ExoplanetDownloader | Retry 2 for KIC 6267535 after 4.0s: Error in reading Data product D:\.lightkurve\cache\mastDownload\Kepler\kplr006267535_lc_Q111110111011101110\kplr006267535-2010078095331_llc.fits of type KeplerLightCurve .
This file may be corrupt due to an interrupted download. Please remove it from your disk and try again.
2026-01-04 00:41:03 | DEBUG    | ExoplanetDownloader | Retry 2 for KIC 6269070 after 4.0s: Error in reading Data product D:\.lightkurve\cache\mastDownload\Kepler\kplr006269070_lc_Q111110111011101110\kplr006269070-2009259160929_llc.fits of type KeplerLightCurve .
This file may be corrupt due to an interrupted download. Please remove it from your disk and try again.
2026-01-04 00:41:03 | DEBUG    | ExoplanetDownloader | Retry 2 for KIC 6265792 after 4.0s: Error in reading Data product D:\.lightkurve\cache\mastDownload\Kepler\kplr006265792_lc_Q011110111011101110\kplr006265792-2013011073258_llc.fits of type KeplerLightCurve .
This file may be corrupt due to an interrupted download. Please remove it from your disk and try again.
2026-01-04 00:41:03 | DEBUG    | ExoplanetDownloader | Retry 2 for KIC 6209677 after 4.0s: Error in reading Data product D:\.lightkurve\cache\mastDownload\Kepler\kplr006209677_lc_Q011111111111111111\kplr006209677-2012088054726_llc.fits of type KeplerLightCurve .
This file may be corrupt due to an interrupted download. Please remove it from your disk and try again.
2026-01-04 00:41:04 | DEBUG    | ExoplanetDownloader | Retry 2 for KIC 6206214 after 4.0s: Error in reading Data product D:\.lightkurve\cache\mastDownload\Kepler\kplr006206214_lc_Q011111111111111111\kplr006206214-2013098041711_llc.fits of type KeplerLightCurve .
This file may be corrupt due to an interrupted download. Please remove it from your disk and try again.
2026-01-04 00:41:05 | DEBUG    | ExoplanetDownloader | Retry 1 for KIC 6276791 after 2.0s: Error in reading Data product D:\.lightkurve\cache\mastDownload\Kepler\kplr006276791_lc_Q011111111111111111\kplr006276791-2010078095331_llc.fits of type KeplerLightCurve .
This file may be corrupt due to an interrupted download. Please remove it from your disk and try again.
2026-01-04 00:41:06 | DEBUG    | ExoplanetDownloader | Retry 1 for KIC 6272413 after 2.0s: Error in reading Data product D:\.lightkurve\cache\mastDownload\Kepler\kplr006272413_lc_Q011111111111111111\kplr006272413-2010265121752_llc.fits of type KeplerLightCurve .
This file may be corrupt due to an interrupted download. Please remove it from your disk and try again.
2026-01-04 00:41:10 | DEBUG    | ExoplanetDownloader | Retry 2 for KIC 6276791 after 4.0s: Error in reading Data product D:\.lightkurve\cache\mastDownload\Kepler\kplr006276791_lc_Q011111111111111111\kplr006276791-2010078095331_llc.fits of type KeplerLightCurve .
This file may be corrupt due to an interrupted download. Please remove it from your disk and try again.
2026-01-04 00:41:11 | DEBUG    | ExoplanetDownloader | Retry 1 for KIC 6291033 after 2.0s: Error in reading Data product D:\.lightkurve\cache\mastDownload\Kepler\kplr006291033_lc_Q011111111111111111\kplr006291033-2009350155506_llc.fits of type KeplerLightCurve .
This file may be corrupt due to an interrupted download. Please remove it from your disk and try again.
2026-01-04 00:41:12 | DEBUG    | ExoplanetDownloader | Retry 1 for KIC 6287313 after 2.0s: Error in reading Data product D:\.lightkurve\cache\mastDownload\Kepler\kplr006287313_lc_Q011111111111111111\kplr006287313-2010174085026_llc.fits of type KeplerLightCurve .
This file may be corrupt due to an interrupted download. Please remove it from your disk and try again.
2026-01-04 00:41:12 | DEBUG    | ExoplanetDownloader | Retry 1 for KIC 6278762 after 2.0s: Not recognized as a supported data product:
D:\.lightkurve\cache\mastDownload\Kepler\kplr006278762_lc_Q111111111111111111\kplr006278762-2010078095331_llc.fits
This file may be corrupt due to an interrupted download. Please remove it from your disk and try again.
2026-01-04 00:41:12 | DEBUG    | ExoplanetDownloader | Retry 2 for KIC 6272413 after 4.0s: Error in reading Data product D:\.lightkurve\cache\mastDownload\Kepler\kplr006272413_lc_Q011111111111111111\kplr006272413-2010265121752_llc.fits of type KeplerLightCurve .
This file may be corrupt due to an interrupted download. Please remove it from your disk and try again.
2026-01-04 00:41:15 | DEBUG    | ExoplanetDownloader | Retry 2 for KIC 6291033 after 4.0s: Error in reading Data product D:\.lightkurve\cache\mastDownload\Kepler\kplr006291033_lc_Q011111111111111111\kplr006291033-2009350155506_llc.fits of type KeplerLightCurve .
This file may be corrupt due to an interrupted download. Please remove it from your disk and try again.
2026-01-04 00:41:15 | DEBUG    | ExoplanetDownloader | Retry 1 for KIC 6291653 after 2.0s: Error in reading Data product D:\.lightkurve\cache\mastDownload\Kepler\kplr006291653_lc_Q011111111111111111\kplr006291653-2009166043257_llc.fits of type KeplerLightCurve .
This file may be corrupt due to an interrupted download. Please remove it from your disk and try again.
2026-01-04 00:41:16 | DEBUG    | ExoplanetDownloader | Retry 2 for KIC 6287313 after 4.0s: Error in reading Data product D:\.lightkurve\cache\mastDownload\Kepler\kplr006287313_lc_Q011111111111111111\kplr006287313-2010174085026_llc.fits of type KeplerLightCurve .
This file may be corrupt due to an interrupted download. Please remove it from your disk and try again.
2026-01-04 00:41:16 | DEBUG    | ExoplanetDownloader | Retry 2 for KIC 6278762 after 4.0s: Not recognized as a supported data product:
D:\.lightkurve\cache\mastDownload\Kepler\kplr006278762_lc_Q111111111111111111\kplr006278762-2010078095331_llc.fits
This file may be corrupt due to an interrupted download. Please remove it from your disk and try again.
2026-01-04 00:41:18 | DEBUG    | ExoplanetDownloader | Retry 2 for KIC 6291653 after 4.0s: Error in reading Data product D:\.lightkurve\cache\mastDownload\Kepler\kplr006291653_lc_Q011111111111111111\kplr006291653-2009166043257_llc.fits of type KeplerLightCurve .
This file may be corrupt due to an interrupted download. Please remove it from your disk and try again.
2026-01-04 00:41:21 | DEBUG    | ExoplanetDownloader | Retry 1 for KIC 6305192 after 2.0s: Error in reading Data product D:\.lightkurve\cache\mastDownload\Kepler\kplr006305192_lc_Q011111111111111111\kplr006305192-2010355172524_llc.fits of type KeplerLightCurve .
This file may be corrupt due to an interrupted download. Please remove it from your disk and try again.
2026-01-04 00:41:23 | DEBUG    | ExoplanetDownloader | Retry 1 for KIC 6343170 after 2.0s: Error in reading Data product D:\.lightkurve\cache\mastDownload\Kepler\kplr006343170_lc_Q011100000000101110\kplr006343170-2009350155506_llc.fits of type KeplerLightCurve .
This file may be corrupt due to an interrupted download. Please remove it from your disk and try again.
2026-01-04 00:41:24 | DEBUG    | ExoplanetDownloader | Retry 1 for KIC 6345732 after 2.0s: Error in reading Data product D:\.lightkurve\cache\mastDownload\Kepler\kplr006345732_lc_Q011110111011101110\kplr006345732-2009259160929_llc.fits of type KeplerLightCurve .
This file may be corrupt due to an interrupted download. Please remove it from your disk and try again.
2026-01-04 00:41:24 | DEBUG    | ExoplanetDownloader | Retry 1 for KIC 6294819 after 2.0s: Error in reading Data product D:\.lightkurve\cache\mastDownload\Kepler\kplr006294819_lc_Q000011111111111111\kplr006294819-2013131215648_llc.fits of type KeplerLightCurve .
This file may be corrupt due to an interrupted download. Please remove it from your disk and try again.
2026-01-04 00:41:25 | DEBUG    | ExoplanetDownloader | Retry 1 for KIC 6310636 after 2.0s: Error in reading Data product D:\.lightkurve\cache\mastDownload\Kepler\kplr006310636_lc_Q011111111111111111\kplr006310636-2011073133259_llc.fits of type KeplerLightCurve .
This file may be corrupt due to an interrupted download. Please remove it from your disk and try again.
2026-01-04 00:41:26 | DEBUG    | ExoplanetDownloader | Retry 2 for KIC 6305192 after 4.0s: Error in reading Data product D:\.lightkurve\cache\mastDownload\Kepler\kplr006305192_lc_Q011111111111111111\kplr006305192-2010355172524_llc.fits of type KeplerLightCurve .
This file may be corrupt due to an interrupted download. Please remove it from your disk and try again.
2026-01-04 00:41:26 | DEBUG    | ExoplanetDownloader | Retry 2 for KIC 6343170 after 4.0s: Error in reading Data product D:\.lightkurve\cache\mastDownload\Kepler\kplr006343170_lc_Q011100000000101110\kplr006343170-2009350155506_llc.fits of type KeplerLightCurve .
This file may be corrupt due to an interrupted download. Please remove it from your disk and try again.
2026-01-04 00:41:27 | DEBUG    | ExoplanetDownloader | Retry 1 for KIC 6347299 after 2.0s: Error in reading Data product D:\.lightkurve\cache\mastDownload\Kepler\kplr006347299_lc_Q011110111011101110\kplr006347299-2010355172524_llc.fits of type KeplerLightCurve .
This file may be corrupt due to an interrupted download. Please remove it from your disk and try again.
2026-01-04 00:41:27 | DEBUG    | ExoplanetDownloader | Retry 2 for KIC 6345732 after 4.0s: Error in reading Data product D:\.lightkurve\cache\mastDownload\Kepler\kplr006345732_lc_Q011110111011101110\kplr006345732-2009259160929_llc.fits of type KeplerLightCurve .
This file may be corrupt due to an interrupted download. Please remove it from your disk and try again.
2026-01-04 00:41:30 | DEBUG    | ExoplanetDownloader | Retry 1 for KIC 6368230 after 2.0s: Error in reading Data product D:\.lightkurve\cache\mastDownload\Kepler\kplr006368230_lc_Q011111111111111111\kplr006368230-2011177032512_llc.fits of type KeplerLightCurve .
This file may be corrupt due to an interrupted download. Please remove it from your disk and try again.
2026-01-04 00:41:31 | DEBUG    | ExoplanetDownloader | Retry 2 for KIC 6310636 after 4.0s: Error in reading Data product D:\.lightkurve\cache\mastDownload\Kepler\kplr006310636_lc_Q011111111111111111\kplr006310636-2011073133259_llc.fits of type KeplerLightCurve .
This file may be corrupt due to an interrupted download. Please remove it from your disk and try again.
2026-01-04 00:41:32 | DEBUG    | ExoplanetDownloader | Retry 2 for KIC 6347299 after 4.0s: Error in reading Data product D:\.lightkurve\cache\mastDownload\Kepler\kplr006347299_lc_Q011110111011101110\kplr006347299-2010355172524_llc.fits of type KeplerLightCurve .
This file may be corrupt due to an interrupted download. Please remove it from your disk and try again.
2026-01-04 00:41:32 | DEBUG    | ExoplanetDownloader | Retry 2 for KIC 6294819 after 4.0s: Error in reading Data product D:\.lightkurve\cache\mastDownload\Kepler\kplr006294819_lc_Q000011111111111111\kplr006294819-2013131215648_llc.fits of type KeplerLightCurve .
This file may be corrupt due to an interrupted download. Please remove it from your disk and try again.
2026-01-04 00:41:34 | DEBUG    | ExoplanetDownloader | Retry 1 for KIC 6349881 after 2.0s: Error in reading Data product D:\.lightkurve\cache\mastDownload\Kepler\kplr006349881_lc_Q011111111111111111\kplr006349881-2013131215648_llc.fits of type KeplerLightCurve .
This file may be corrupt due to an interrupted download. Please remove it from your disk and try again.
2026-01-04 00:41:35 | DEBUG    | ExoplanetDownloader | Retry 2 for KIC 6368230 after 4.0s: Error in reading Data product D:\.lightkurve\cache\mastDownload\Kepler\kplr006368230_lc_Q011111111111111111\kplr006368230-2011177032512_llc.fits of type KeplerLightCurve .
This file may be corrupt due to an interrupted download. Please remove it from your disk and try again.
2026-01-04 00:41:35 | DEBUG    | ExoplanetDownloader | Retry 1 for KIC 6428700 after 2.0s: Error in reading Data product D:\.lightkurve\cache\mastDownload\Kepler\kplr006428700_lc_Q011111111111111111\kplr006428700-2009166043257_llc.fits of type KeplerLightCurve .
This file may be corrupt due to an interrupted download. Please remove it from your disk and try again.
2026-01-04 00:41:36 | DEBUG    | ExoplanetDownloader | Retry 1 for KIC 6382217 after 2.0s: Error in reading Data product D:\.lightkurve\cache\mastDownload\Kepler\kplr006382217_lc_Q011111111111111111\kplr006382217-2010174085026_llc.fits of type KeplerLightCurve .
This file may be corrupt due to an interrupted download. Please remove it from your disk and try again.
2026-01-04 00:41:38 | DEBUG    | ExoplanetDownloader | Retry 2 for KIC 6428700 after 4.0s: Error in reading Data product D:\.lightkurve\cache\mastDownload\Kepler\kplr006428700_lc_Q011111111111111111\kplr006428700-2009166043257_llc.fits of type KeplerLightCurve .
This file may be corrupt due to an interrupted download. Please remove it from your disk and try again.
2026-01-04 00:41:39 | DEBUG    | ExoplanetDownloader | Retry 1 for KIC 6383785 after 2.0s: Error in reading Data product D:\.lightkurve\cache\mastDownload\Kepler\kplr006383785_lc_Q011111111111111111\kplr006383785-2011177032512_llc.fits of type KeplerLightCurve .
This file may be corrupt due to an interrupted download. Please remove it from your disk and try again.
2026-01-04 00:41:41 | DEBUG    | ExoplanetDownloader | Retry 2 for KIC 6382217 after 4.0s: Error in reading Data product D:\.lightkurve\cache\mastDownload\Kepler\kplr006382217_lc_Q011111111111111111\kplr006382217-2010174085026_llc.fits of type KeplerLightCurve .
This file may be corrupt due to an interrupted download. Please remove it from your disk and try again.
2026-01-04 00:41:45 | DEBUG    | ExoplanetDownloader | Retry 1 for KIC 6497146 after 2.0s: Error in reading Data product D:\.lightkurve\cache\mastDownload\Kepler\kplr006497146_lc_Q011111111111111111\kplr006497146-2010265121752_llc.fits of type KeplerLightCurve .
This file may be corrupt due to an interrupted download. Please remove it from your disk and try again.
2026-01-04 00:41:46 | DEBUG    | ExoplanetDownloader | Retry 1 for KIC 6429812 after 2.0s: Error in reading Data product D:\.lightkurve\cache\mastDownload\Kepler\kplr006429812_lc_Q011111111111111111\kplr006429812-2011271113734_llc.fits of type KeplerLightCurve .
This file may be corrupt due to an interrupted download. Please remove it from your disk and try again.
2026-01-04 00:41:46 | DEBUG    | ExoplanetDownloader | Retry 2 for KIC 6383785 after 4.0s: Error in reading Data product D:\.lightkurve\cache\mastDownload\Kepler\kplr006383785_lc_Q011111111111111111\kplr006383785-2011177032512_llc.fits of type KeplerLightCurve .
This file may be corrupt due to an interrupted download. Please remove it from your disk and try again.
2026-01-04 00:41:47 | DEBUG    | ExoplanetDownloader | Retry 2 for KIC 6349881 after 4.0s: Error in reading Data product D:\.lightkurve\cache\mastDownload\Kepler\kplr006349881_lc_Q011111111111111111\kplr006349881-2013131215648_llc.fits of type KeplerLightCurve .
This file may be corrupt due to an interrupted download. Please remove it from your disk and try again.
2026-01-04 00:41:48 | DEBUG    | ExoplanetDownloader | Retry 1 for KIC 6501635 after 2.0s: Error in reading Data product D:\.lightkurve\cache\mastDownload\Kepler\kplr006501635_lc_Q011110111011101110\kplr006501635-2011073133259_llc.fits of type KeplerLightCurve .
This file may be corrupt due to an interrupted download. Please remove it from your disk and try again.
2026-01-04 00:41:49 | DEBUG    | ExoplanetDownloader | Retry 1 for KIC 6504954 after 2.0s: Error in reading Data product D:\.lightkurve\cache\mastDownload\Kepler\kplr006504954_lc_Q011110111011101110\kplr006504954-2011073133259_llc.fits of type KeplerLightCurve .
This file may be corrupt due to an interrupted download. Please remove it from your disk and try again.
2026-01-04 00:41:50 | DEBUG    | ExoplanetDownloader | Retry 2 for KIC 6497146 after 4.0s: Error in reading Data product D:\.lightkurve\cache\mastDownload\Kepler\kplr006497146_lc_Q011111111111111111\kplr006497146-2010265121752_llc.fits of type KeplerLightCurve .
This file may be corrupt due to an interrupted download. Please remove it from your disk and try again.
2026-01-04 00:41:51 | DEBUG    | ExoplanetDownloader | Retry 1 for KIC 6522242 after 2.0s: Error in reading Data product D:\.lightkurve\cache\mastDownload\Kepler\kplr006522242_lc_Q011111111111111111\kplr006522242-2011073133259_llc.fits of type KeplerLightCurve .
This file may be corrupt due to an interrupted download. Please remove it from your disk and try again.
2026-01-04 00:41:51 | DEBUG    | ExoplanetDownloader | Retry 2 for KIC 6429812 after 4.0s: Error in reading Data product D:\.lightkurve\cache\mastDownload\Kepler\kplr006429812_lc_Q011111111111111111\kplr006429812-2011271113734_llc.fits of type KeplerLightCurve .
This file may be corrupt due to an interrupted download. Please remove it from your disk and try again.
2026-01-04 00:41:53 | DEBUG    | ExoplanetDownloader | Retry 2 for KIC 6501635 after 4.0s: Error in reading Data product D:\.lightkurve\cache\mastDownload\Kepler\kplr006501635_lc_Q011110111011101110\kplr006501635-2011073133259_llc.fits of type KeplerLightCurve .
This file may be corrupt due to an interrupted download. Please remove it from your disk and try again.
2026-01-04 00:41:54 | DEBUG    | ExoplanetDownloader | Retry 1 for KIC 6584273 after 2.0s: Error in reading Data product D:\.lightkurve\cache\mastDownload\Kepler\kplr006584273_lc_Q011110111011101110\kplr006584273-2012088054726_llc.fits of type KeplerLightCurve .
This file may be corrupt due to an interrupted download. Please remove it from your disk and try again.
2026-01-04 00:41:54 | DEBUG    | ExoplanetDownloader | Retry 2 for KIC 6504954 after 4.0s: Error in reading Data product D:\.lightkurve\cache\mastDownload\Kepler\kplr006504954_lc_Q011110111011101110\kplr006504954-2011073133259_llc.fits of type KeplerLightCurve .
This file may be corrupt due to an interrupted download. Please remove it from your disk and try again.
2026-01-04 00:41:58 | DEBUG    | ExoplanetDownloader | Retry 2 for KIC 6522242 after 4.0s: Error in reading Data product D:\.lightkurve\cache\mastDownload\Kepler\kplr006522242_lc_Q011111111111111111\kplr006522242-2011073133259_llc.fits of type KeplerLightCurve .
This file may be corrupt due to an interrupted download. Please remove it from your disk and try again.
2026-01-04 00:42:01 | DEBUG    | ExoplanetDownloader | Retry 2 for KIC 6584273 after 4.0s: Error in reading Data product D:\.lightkurve\cache\mastDownload\Kepler\kplr006584273_lc_Q011110111011101110\kplr006584273-2012088054726_llc.fits of type KeplerLightCurve .
This file may be corrupt due to an interrupted download. Please remove it from your disk and try again.
2026-01-04 00:42:02 | DEBUG    | ExoplanetDownloader | Retry 1 for KIC 6587796 after 2.0s: Error in reading Data product D:\.lightkurve\cache\mastDownload\Kepler\kplr006587796_lc_Q111110111011101110\kplr006587796-2012277125453_llc.fits of type KeplerLightCurve .
This file may be corrupt due to an interrupted download. Please remove it from your disk and try again.
2026-01-04 00:42:03 | DEBUG    | ExoplanetDownloader | Retry 1 for KIC 6592335 after 2.0s: Error in reading Data product D:\.lightkurve\cache\mastDownload\Kepler\kplr006592335_lc_Q011111111111111111\kplr006592335-2012088054726_llc.fits of type KeplerLightCurve .
This file may be corrupt due to an interrupted download. Please remove it from your disk and try again.
2026-01-04 00:42:04 | DEBUG    | ExoplanetDownloader | Retry 1 for KIC 6606438 after 2.0s: Error in reading Data product D:\.lightkurve\cache\mastDownload\Kepler\kplr006606438_lc_Q000011111111111111\kplr006606438-2010265121752_llc.fits of type KeplerLightCurve .
This file may be corrupt due to an interrupted download. Please remove it from your disk and try again.
2026-01-04 00:42:05 | DEBUG    | ExoplanetDownloader | Retry 1 for KIC 6605493 after 2.0s: Error in reading Data product D:\.lightkurve\cache\mastDownload\Kepler\kplr006605493_lc_Q011111111111111111\kplr006605493-2010265121752_llc.fits of type KeplerLightCurve .
This file may be corrupt due to an interrupted download. Please remove it from your disk and try again.
2026-01-04 00:42:05 | DEBUG    | ExoplanetDownloader | Retry 1 for KIC 6599975 after 2.0s: Error in reading Data product D:\.lightkurve\cache\mastDownload\Kepler\kplr006599975_lc_Q011111111111111111\kplr006599975-2011177032512_llc.fits of type KeplerLightCurve .
This file may be corrupt due to an interrupted download. Please remove it from your disk and try again.
2026-01-04 00:42:05 | DEBUG    | ExoplanetDownloader | Retry 1 for KIC 6604328 after 2.0s: Error in reading Data product D:\.lightkurve\cache\mastDownload\Kepler\kplr006604328_lc_Q011111111111111111\kplr006604328-2011271113734_llc.fits of type KeplerLightCurve .
This file may be corrupt due to an interrupted download. Please remove it from your disk and try again.
2026-01-04 00:42:05 | DEBUG    | ExoplanetDownloader | Retry 2 for KIC 6587796 after 4.0s: Error in reading Data product D:\.lightkurve\cache\mastDownload\Kepler\kplr006587796_lc_Q111110111011101110\kplr006587796-2012277125453_llc.fits of type KeplerLightCurve .
This file may be corrupt due to an interrupted download. Please remove it from your disk and try again.
2026-01-04 00:42:08 | DEBUG    | ExoplanetDownloader | Retry 2 for KIC 6606438 after 4.0s: Error in reading Data product D:\.lightkurve\cache\mastDownload\Kepler\kplr006606438_lc_Q000011111111111111\kplr006606438-2010265121752_llc.fits of type KeplerLightCurve .
This file may be corrupt due to an interrupted download. Please remove it from your disk and try again.
2026-01-04 00:42:08 | DEBUG    | ExoplanetDownloader | Retry 1 for KIC 6607644 after 2.0s: Error in reading Data product D:\.lightkurve\cache\mastDownload\Kepler\kplr006607644_lc_Q011111111111111111\kplr006607644-2010078095331_llc.fits of type KeplerLightCurve .
This file may be corrupt due to an interrupted download. Please remove it from your disk and try again.
2026-01-04 00:42:09 | DEBUG    | ExoplanetDownloader | Retry 2 for KIC 6592335 after 4.0s: Error in reading Data product D:\.lightkurve\cache\mastDownload\Kepler\kplr006592335_lc_Q011111111111111111\kplr006592335-2012088054726_llc.fits of type KeplerLightCurve .
This file may be corrupt due to an interrupted download. Please remove it from your disk and try again.
2026-01-04 00:42:09 | DEBUG    | ExoplanetDownloader | Retry 2 for KIC 6605493 after 4.0s: Error in reading Data product D:\.lightkurve\cache\mastDownload\Kepler\kplr006605493_lc_Q011111111111111111\kplr006605493-2010265121752_llc.fits of type KeplerLightCurve .
This file may be corrupt due to an interrupted download. Please remove it from your disk and try again.
2026-01-04 00:42:10 | DEBUG    | ExoplanetDownloader | Retry 2 for KIC 6604328 after 4.0s: Error in reading Data product D:\.lightkurve\cache\mastDownload\Kepler\kplr006604328_lc_Q011111111111111111\kplr006604328-2011271113734_llc.fits of type KeplerLightCurve .
This file may be corrupt due to an interrupted download. Please remove it from your disk and try again.
2026-01-04 00:42:10 | DEBUG    | ExoplanetDownloader | Retry 2 for KIC 6599975 after 4.0s: Error in reading Data product D:\.lightkurve\cache\mastDownload\Kepler\kplr006599975_lc_Q011111111111111111\kplr006599975-2011177032512_llc.fits of type KeplerLightCurve .
This file may be corrupt due to an interrupted download. Please remove it from your disk and try again.
2026-01-04 00:42:11 | DEBUG    | ExoplanetDownloader | Retry 2 for KIC 6607644 after 4.0s: Error in reading Data product D:\.lightkurve\cache\mastDownload\Kepler\kplr006607644_lc_Q011111111111111111\kplr006607644-2010078095331_llc.fits of type KeplerLightCurve .
This file may be corrupt due to an interrupted download. Please remove it from your disk and try again.
2026-01-04 00:42:12 | DEBUG    | ExoplanetDownloader | Retry 1 for KIC 6609270 after 2.0s: Error in reading Data product D:\.lightkurve\cache\mastDownload\Kepler\kplr006609270_lc_Q000001110111111111\kplr006609270-2013131215648_llc.fits of type KeplerLightCurve .
This file may be corrupt due to an interrupted download. Please remove it from your disk and try again.
2026-01-04 00:42:15 | DEBUG    | ExoplanetDownloader | Retry 1 for KIC 6616218 after 2.0s: Error in reading Data product D:\.lightkurve\cache\mastDownload\Kepler\kplr006616218_lc_Q010011001100110011\kplr006616218-2010174085026_llc.fits of type KeplerLightCurve .
This file may be corrupt due to an interrupted download. Please remove it from your disk and try again.
2026-01-04 00:42:20 | DEBUG    | ExoplanetDownloader | Retry 2 for KIC 6616218 after 4.0s: Error in reading Data product D:\.lightkurve\cache\mastDownload\Kepler\kplr006616218_lc_Q010011001100110011\kplr006616218-2010174085026_llc.fits of type KeplerLightCurve .
This file may be corrupt due to an interrupted download. Please remove it from your disk and try again.
2026-01-04 00:42:21 | DEBUG    | ExoplanetDownloader | Retry 1 for KIC 6619815 after 2.0s: Error in reading Data product D:\.lightkurve\cache\mastDownload\Kepler\kplr006619815_lc_Q011111111111111111\kplr006619815-2011271113734_llc.fits of type KeplerLightCurve .
This file may be corrupt due to an interrupted download. Please remove it from your disk and try again.
2026-01-04 00:42:24 | DEBUG    | ExoplanetDownloader | Retry 1 for KIC 6677841 after 2.0s: Error in reading Data product D:\.lightkurve\cache\mastDownload\Kepler\kplr006677841_lc_Q011111111111111111\kplr006677841-2010078095331_llc.fits of type KeplerLightCurve .
This file may be corrupt due to an interrupted download. Please remove it from your disk and try again.
2026-01-04 00:42:25 | DEBUG    | ExoplanetDownloader | Retry 1 for KIC 6690836 after 2.0s: Error in reading Data product D:\.lightkurve\cache\mastDownload\Kepler\kplr006690836_lc_Q011111111111111111\kplr006690836-2009166043257_llc.fits of type KeplerLightCurve .
This file may be corrupt due to an interrupted download. Please remove it from your disk and try again.
2026-01-04 00:42:25 | DEBUG    | ExoplanetDownloader | Retry 2 for KIC 6609270 after 4.0s: Error in reading Data product D:\.lightkurve\cache\mastDownload\Kepler\kplr006609270_lc_Q000001110111111111\kplr006609270-2013131215648_llc.fits of type KeplerLightCurve .
This file may be corrupt due to an interrupted download. Please remove it from your disk and try again.
2026-01-04 00:42:26 | DEBUG    | ExoplanetDownloader | Retry 1 for KIC 6665512 after 2.0s: Error in reading Data product D:\.lightkurve\cache\mastDownload\Kepler\kplr006665512_lc_Q011111111111111111\kplr006665512-2010265121752_llc.fits of type KeplerLightCurve .
This file may be corrupt due to an interrupted download. Please remove it from your disk and try again.
2026-01-04 00:42:27 | DEBUG    | ExoplanetDownloader | Retry 1 for KIC 6685526 after 2.0s: Error in reading Data product D:\.lightkurve\cache\mastDownload\Kepler\kplr006685526_lc_Q011111111111111111\kplr006685526-2010174085026_llc.fits of type KeplerLightCurve .
This file may be corrupt due to an interrupted download. Please remove it from your disk and try again.
2026-01-04 00:42:28 | DEBUG    | ExoplanetDownloader | Retry 2 for KIC 6690836 after 4.0s: Error in reading Data product D:\.lightkurve\cache\mastDownload\Kepler\kplr006690836_lc_Q011111111111111111\kplr006690836-2009166043257_llc.fits of type KeplerLightCurve .
This file may be corrupt due to an interrupted download. Please remove it from your disk and try again.
2026-01-04 00:42:28 | DEBUG    | ExoplanetDownloader | Retry 1 for KIC 6665695 after 2.0s: Error in reading Data product D:\.lightkurve\cache\mastDownload\Kepler\kplr006665695_lc_Q011111111111111111\kplr006665695-2011271113734_llc.fits of type KeplerLightCurve .
This file may be corrupt due to an interrupted download. Please remove it from your disk and try again.
2026-01-04 00:42:29 | DEBUG    | ExoplanetDownloader | Retry 2 for KIC 6677841 after 4.0s: Error in reading Data product D:\.lightkurve\cache\mastDownload\Kepler\kplr006677841_lc_Q011111111111111111\kplr006677841-2010078095331_llc.fits of type KeplerLightCurve .
This file may be corrupt due to an interrupted download. Please remove it from your disk and try again.
2026-01-04 00:42:30 | DEBUG    | ExoplanetDownloader | Retry 2 for KIC 6619815 after 4.0s: Error in reading Data product D:\.lightkurve\cache\mastDownload\Kepler\kplr006619815_lc_Q011111111111111111\kplr006619815-2011271113734_llc.fits of type KeplerLightCurve .
This file may be corrupt due to an interrupted download. Please remove it from your disk and try again.
2026-01-04 00:42:32 | DEBUG    | ExoplanetDownloader | Retry 2 for KIC 6665512 after 4.0s: Error in reading Data product D:\.lightkurve\cache\mastDownload\Kepler\kplr006665512_lc_Q011111111111111111\kplr006665512-2010265121752_llc.fits of type KeplerLightCurve .
This file may be corrupt due to an interrupted download. Please remove it from your disk and try again.
2026-01-04 00:42:33 | DEBUG    | ExoplanetDownloader | Retry 2 for KIC 6685526 after 4.0s: Error in reading Data product D:\.lightkurve\cache\mastDownload\Kepler\kplr006685526_lc_Q011111111111111111\kplr006685526-2010174085026_llc.fits of type KeplerLightCurve .
This file may be corrupt due to an interrupted download. Please remove it from your disk and try again.
2026-01-04 00:42:34 | DEBUG    | ExoplanetDownloader | Retry 1 for KIC 6693640 after 2.0s: Error in reading Data product D:\.lightkurve\cache\mastDownload\Kepler\kplr006693640_lc_Q011111111111111111\kplr006693640-2011271113734_llc.fits of type KeplerLightCurve .
This file may be corrupt due to an interrupted download. Please remove it from your disk and try again.
2026-01-04 00:42:36 | DEBUG    | ExoplanetDownloader | Retry 2 for KIC 6665695 after 4.0s: Error in reading Data product D:\.lightkurve\cache\mastDownload\Kepler\kplr006665695_lc_Q011111111111111111\kplr006665695-2011271113734_llc.fits of type KeplerLightCurve .
This file may be corrupt due to an interrupted download. Please remove it from your disk and try again.
2026-01-04 00:42:37 | DEBUG    | ExoplanetDownloader | Retry 1 for KIC 6697605 after 2.0s: Error in reading Data product D:\.lightkurve\cache\mastDownload\Kepler\kplr006697605_lc_Q000011111111111111\kplr006697605-2010265121752_llc.fits of type KeplerLightCurve .
This file may be corrupt due to an interrupted download. Please remove it from your disk and try again.
2026-01-04 00:42:41 | DEBUG    | ExoplanetDownloader | Retry 2 for KIC 6697605 after 4.0s: Error in reading Data product D:\.lightkurve\cache\mastDownload\Kepler\kplr006697605_lc_Q000011111111111111\kplr006697605-2010265121752_llc.fits of type KeplerLightCurve .
This file may be corrupt due to an interrupted download. Please remove it from your disk and try again.
2026-01-04 00:42:41 | DEBUG    | ExoplanetDownloader | Retry 2 for KIC 6693640 after 4.0s: Error in reading Data product D:\.lightkurve\cache\mastDownload\Kepler\kplr006693640_lc_Q011111111111111111\kplr006693640-2011271113734_llc.fits of type KeplerLightCurve .
This file may be corrupt due to an interrupted download. Please remove it from your disk and try again.
2026-01-04 00:42:43 | DEBUG    | ExoplanetDownloader | Retry 1 for KIC 6751874 after 2.0s: Error in reading Data product D:\.lightkurve\cache\mastDownload\Kepler\kplr006751874_lc_Q011111111111111111\kplr006751874-2010355172524_llc.fits of type KeplerLightCurve .
This file may be corrupt due to an interrupted download. Please remove it from your disk and try again.
2026-01-04 00:42:45 | DEBUG    | ExoplanetDownloader | Retry 1 for KIC 6766634 after 2.0s: Error in reading Data product D:\.lightkurve\cache\mastDownload\Kepler\kplr006766634_lc_Q011111111111111111\kplr006766634-2010265121752_llc.fits of type KeplerLightCurve .
This file may be corrupt due to an interrupted download. Please remove it from your disk and try again.
2026-01-04 00:42:47 | DEBUG    | ExoplanetDownloader | Retry 1 for KIC 6773862 after 2.0s: Error in reading Data product D:\.lightkurve\cache\mastDownload\Kepler\kplr006773862_lc_Q011111111111111111\kplr006773862-2009166043257_llc.fits of type KeplerLightCurve .
This file may be corrupt due to an interrupted download. Please remove it from your disk and try again.
2026-01-04 00:42:47 | DEBUG    | ExoplanetDownloader | Retry 1 for KIC 6697756 after 2.0s: Error in reading Data product D:\.lightkurve\cache\mastDownload\Kepler\kplr006697756_lc_Q011111111111111111\kplr006697756-2013131215648_llc.fits of type KeplerLightCurve .
This file may be corrupt due to an interrupted download. Please remove it from your disk and try again.
2026-01-04 00:42:49 | DEBUG    | ExoplanetDownloader | Retry 1 for KIC 6767840 after 2.0s: Error in reading Data product D:\.lightkurve\cache\mastDownload\Kepler\kplr006767840_lc_Q011111111111111111\kplr006767840-2012088054726_llc.fits of type KeplerLightCurve .
This file may be corrupt due to an interrupted download. Please remove it from your disk and try again.
2026-01-04 00:42:49 | DEBUG    | ExoplanetDownloader | Retry 2 for KIC 6751874 after 4.0s: Error in reading Data product D:\.lightkurve\cache\mastDownload\Kepler\kplr006751874_lc_Q011111111111111111\kplr006751874-2010355172524_llc.fits of type KeplerLightCurve .
This file may be corrupt due to an interrupted download. Please remove it from your disk and try again.
2026-01-04 00:42:50 | DEBUG    | ExoplanetDownloader | Retry 1 for KIC 6752002 after 2.0s: Error in reading Data product D:\.lightkurve\cache\mastDownload\Kepler\kplr006752002_lc_Q111111111111111111\kplr006752002-2013098041711_llc.fits of type KeplerLightCurve .
This file may be corrupt due to an interrupted download. Please remove it from your disk and try again.
2026-01-04 00:42:50 | DEBUG    | ExoplanetDownloader | Retry 2 for KIC 6766634 after 4.0s: Error in reading Data product D:\.lightkurve\cache\mastDownload\Kepler\kplr006766634_lc_Q011111111111111111\kplr006766634-2010265121752_llc.fits of type KeplerLightCurve .
This file may be corrupt due to an interrupted download. Please remove it from your disk and try again.
2026-01-04 00:42:50 | DEBUG    | ExoplanetDownloader | Retry 2 for KIC 6773862 after 4.0s: Error in reading Data product D:\.lightkurve\cache\mastDownload\Kepler\kplr006773862_lc_Q011111111111111111\kplr006773862-2009166043257_llc.fits of type KeplerLightCurve .
This file may be corrupt due to an interrupted download. Please remove it from your disk and try again.
2026-01-04 00:42:51 | DEBUG    | ExoplanetDownloader | Retry 1 for KIC 6774537 after 2.0s: Error in reading Data product D:\.lightkurve\cache\mastDownload\Kepler\kplr006774537_lc_Q011111111111111111\kplr006774537-2013098041711_llc.fits of type KeplerLightCurve .
This file may be corrupt due to an interrupted download. Please remove it from your disk and try again.
2026-01-04 00:42:52 | DEBUG    | ExoplanetDownloader | Retry 1 for KIC 6776401 after 2.0s: Error in reading Data product D:\.lightkurve\cache\mastDownload\Kepler\kplr006776401_lc_Q011111111111111111\kplr006776401-2010078095331_llc.fits of type KeplerLightCurve .
This file may be corrupt due to an interrupted download. Please remove it from your disk and try again.
2026-01-04 00:42:53 | DEBUG    | ExoplanetDownloader | Retry 2 for KIC 6697756 after 4.0s: Error in reading Data product D:\.lightkurve\cache\mastDownload\Kepler\kplr006697756_lc_Q011111111111111111\kplr006697756-2013131215648_llc.fits of type KeplerLightCurve .
This file may be corrupt due to an interrupted download. Please remove it from your disk and try again.
2026-01-04 00:42:54 | DEBUG    | ExoplanetDownloader | Retry 2 for KIC 6767840 after 4.0s: Error in reading Data product D:\.lightkurve\cache\mastDownload\Kepler\kplr006767840_lc_Q011111111111111111\kplr006767840-2012088054726_llc.fits of type KeplerLightCurve .
This file may be corrupt due to an interrupted download. Please remove it from your disk and try again.
2026-01-04 00:42:56 | DEBUG    | ExoplanetDownloader | Retry 2 for KIC 6776401 after 4.0s: Error in reading Data product D:\.lightkurve\cache\mastDownload\Kepler\kplr006776401_lc_Q011111111111111111\kplr006776401-2010078095331_llc.fits of type KeplerLightCurve .
This file may be corrupt due to an interrupted download. Please remove it from your disk and try again.
2026-01-04 00:42:58 | DEBUG    | ExoplanetDownloader | Retry 2 for KIC 6752002 after 4.0s: Error in reading Data product D:\.lightkurve\cache\mastDownload\Kepler\kplr006752002_lc_Q111111111111111111\kplr006752002-2013098041711_llc.fits of type KeplerLightCurve .
This file may be corrupt due to an interrupted download. Please remove it from your disk and try again.
2026-01-04 00:42:58 | DEBUG    | ExoplanetDownloader | Retry 1 for KIC 6779260 after 2.0s: Error in reading Data product D:\.lightkurve\cache\mastDownload\Kepler\kplr006779260_lc_Q111111111111111111\kplr006779260-2009350155506_llc.fits of type KeplerLightCurve .
This file may be corrupt due to an interrupted download. Please remove it from your disk and try again.
2026-01-04 00:42:59 | DEBUG    | ExoplanetDownloader | Retry 1 for KIC 6779726 after 2.0s: Error in reading Data product D:\.lightkurve\cache\mastDownload\Kepler\kplr006779726_lc_Q000011111111111111\kplr006779726-2011073133259_llc.fits of type KeplerLightCurve .
This file may be corrupt due to an interrupted download. Please remove it from your disk and try again.
2026-01-04 00:43:01 | DEBUG    | ExoplanetDownloader | Retry 2 for KIC 6774537 after 4.0s: Error in reading Data product D:\.lightkurve\cache\mastDownload\Kepler\kplr006774537_lc_Q011111111111111111\kplr006774537-2013098041711_llc.fits of type KeplerLightCurve .
This file may be corrupt due to an interrupted download. Please remove it from your disk and try again.
2026-01-04 00:43:03 | DEBUG    | ExoplanetDownloader | Retry 2 for KIC 6779260 after 4.0s: Error in reading Data product D:\.lightkurve\cache\mastDownload\Kepler\kplr006779260_lc_Q111111111111111111\kplr006779260-2009350155506_llc.fits of type KeplerLightCurve .
This file may be corrupt due to an interrupted download. Please remove it from your disk and try again.
2026-01-04 00:43:04 | DEBUG    | ExoplanetDownloader | Retry 2 for KIC 6779726 after 4.0s: Error in reading Data product D:\.lightkurve\cache\mastDownload\Kepler\kplr006779726_lc_Q000011111111111111\kplr006779726-2011073133259_llc.fits of type KeplerLightCurve .
This file may be corrupt due to an interrupted download. Please remove it from your disk and try again.
2026-01-04 00:43:08 | DEBUG    | ExoplanetDownloader | Retry 1 for KIC 6803855 after 2.0s: Error in reading Data product D:\.lightkurve\cache\mastDownload\Kepler\kplr006803855_lc_Q011111111111111111\kplr006803855-2010174085026_llc.fits of type KeplerLightCurve .
This file may be corrupt due to an interrupted download. Please remove it from your disk and try again.
2026-01-04 00:43:10 | DEBUG    | ExoplanetDownloader | Retry 1 for KIC 6786348 after 2.0s: Error in reading Data product D:\.lightkurve\cache\mastDownload\Kepler\kplr006786348_lc_Q011111111111111111\kplr006786348-2013131215648_llc.fits of type KeplerLightCurve .
This file may be corrupt due to an interrupted download. Please remove it from your disk and try again.
2026-01-04 00:43:13 | DEBUG    | ExoplanetDownloader | Retry 2 for KIC 6803855 after 4.0s: Error in reading Data product D:\.lightkurve\cache\mastDownload\Kepler\kplr006803855_lc_Q011111111111111111\kplr006803855-2010174085026_llc.fits of type KeplerLightCurve .
This file may be corrupt due to an interrupted download. Please remove it from your disk and try again.
2026-01-04 00:43:13 | DEBUG    | ExoplanetDownloader | Retry 1 for KIC 6849046 after 2.0s: Error in reading Data product D:\.lightkurve\cache\mastDownload\Kepler\kplr006849046_lc_Q011111111111111111\kplr006849046-2011177032512_llc.fits of type KeplerLightCurve .
This file may be corrupt due to an interrupted download. Please remove it from your disk and try again.
2026-01-04 00:43:15 | DEBUG    | ExoplanetDownloader | Retry 1 for KIC 6863998 after 2.0s: Error in reading Data product D:\.lightkurve\cache\mastDownload\Kepler\kplr006863998_lc_Q011111111111111111\kplr006863998-2009350155506_llc.fits of type KeplerLightCurve .
This file may be corrupt due to an interrupted download. Please remove it from your disk and try again.
2026-01-04 00:43:15 | DEBUG    | ExoplanetDownloader | Retry 1 for KIC 6851425 after 2.0s: Error in reading Data product D:\.lightkurve\cache\mastDownload\Kepler\kplr006851425_lc_Q011111111111111111\kplr006851425-2012277125453_llc.fits of type KeplerLightCurve .
This file may be corrupt due to an interrupted download. Please remove it from your disk and try again.
2026-01-04 00:43:17 | DEBUG    | ExoplanetDownloader | Retry 1 for KIC 6862721 after 2.0s: Error in reading Data product D:\.lightkurve\cache\mastDownload\Kepler\kplr006862721_lc_Q011111111111111111\kplr006862721-2013098041711_llc.fits of type KeplerLightCurve .
This file may be corrupt due to an interrupted download. Please remove it from your disk and try again.
2026-01-04 00:43:17 | DEBUG    | ExoplanetDownloader | Retry 2 for KIC 6786348 after 4.0s: Error in reading Data product D:\.lightkurve\cache\mastDownload\Kepler\kplr006786348_lc_Q011111111111111111\kplr006786348-2013131215648_llc.fits of type KeplerLightCurve .
This file may be corrupt due to an interrupted download. Please remove it from your disk and try again.
2026-01-04 00:43:17 | DEBUG    | ExoplanetDownloader | Retry 1 for KIC 6880517 after 2.0s: Error in reading Data product D:\.lightkurve\cache\mastDownload\Kepler\kplr006880517_lc_Q000011111111111111\kplr006880517-2012277125453_llc.fits of type KeplerLightCurve .
This file may be corrupt due to an interrupted download. Please remove it from your disk and try again.
2026-01-04 00:43:18 | DEBUG    | ExoplanetDownloader | Retry 2 for KIC 6863998 after 4.0s: Error in reading Data product D:\.lightkurve\cache\mastDownload\Kepler\kplr006863998_lc_Q011111111111111111\kplr006863998-2009350155506_llc.fits of type KeplerLightCurve .
This file may be corrupt due to an interrupted download. Please remove it from your disk and try again.
2026-01-04 00:43:18 | DEBUG    | ExoplanetDownloader | Retry 1 for KIC 6922710 after 2.0s: Error in reading Data product D:\.lightkurve\cache\mastDownload\Kepler\kplr006922710_lc_Q111111111111111111\kplr006922710-2010355172524_llc.fits of type KeplerLightCurve .
This file may be corrupt due to an interrupted download. Please remove it from your disk and try again.
2026-01-04 00:43:18 | DEBUG    | ExoplanetDownloader | Retry 2 for KIC 6849046 after 4.0s: Error in reading Data product D:\.lightkurve\cache\mastDownload\Kepler\kplr006849046_lc_Q011111111111111111\kplr006849046-2011177032512_llc.fits of type KeplerLightCurve .
This file may be corrupt due to an interrupted download. Please remove it from your disk and try again.
2026-01-04 00:43:19 | DEBUG    | ExoplanetDownloader | Retry 2 for KIC 6851425 after 4.0s: Error in reading Data product D:\.lightkurve\cache\mastDownload\Kepler\kplr006851425_lc_Q011111111111111111\kplr006851425-2012277125453_llc.fits of type KeplerLightCurve .
This file may be corrupt due to an interrupted download. Please remove it from your disk and try again.
2026-01-04 00:43:25 | DEBUG    | ExoplanetDownloader | Retry 1 for KIC 6924203 after 2.0s: Error in reading Data product D:\.lightkurve\cache\mastDownload\Kepler\kplr006924203_lc_Q011111111111111111\kplr006924203-2010265121752_llc.fits of type KeplerLightCurve .
This file may be corrupt due to an interrupted download. Please remove it from your disk and try again.
2026-01-04 00:43:27 | DEBUG    | ExoplanetDownloader | Retry 2 for KIC 6922710 after 4.0s: Error in reading Data product D:\.lightkurve\cache\mastDownload\Kepler\kplr006922710_lc_Q111111111111111111\kplr006922710-2010355172524_llc.fits of type KeplerLightCurve .
This file may be corrupt due to an interrupted download. Please remove it from your disk and try again.
2026-01-04 00:43:30 | DEBUG    | ExoplanetDownloader | Retry 1 for KIC 6934291 after 2.0s: Error in reading Data product D:\.lightkurve\cache\mastDownload\Kepler\kplr006934291_lc_Q011111111111111111\kplr006934291-2009350155506_llc.fits of type KeplerLightCurve .
This file may be corrupt due to an interrupted download. Please remove it from your disk and try again.
2026-01-04 00:43:31 | DEBUG    | ExoplanetDownloader | Retry 2 for KIC 6880517 after 4.0s: Error in reading Data product D:\.lightkurve\cache\mastDownload\Kepler\kplr006880517_lc_Q000011111111111111\kplr006880517-2012277125453_llc.fits of type KeplerLightCurve .
This file may be corrupt due to an interrupted download. Please remove it from your disk and try again.
2026-01-04 00:43:32 | DEBUG    | ExoplanetDownloader | Retry 2 for KIC 6924203 after 4.0s: Error in reading Data product D:\.lightkurve\cache\mastDownload\Kepler\kplr006924203_lc_Q011111111111111111\kplr006924203-2010265121752_llc.fits of type KeplerLightCurve .
This file may be corrupt due to an interrupted download. Please remove it from your disk and try again.
2026-01-04 00:43:32 | DEBUG    | ExoplanetDownloader | Retry 2 for KIC 6862721 after 4.0s: Error in reading Data product D:\.lightkurve\cache\mastDownload\Kepler\kplr006862721_lc_Q011111111111111111\kplr006862721-2013098041711_llc.fits of type KeplerLightCurve .
This file may be corrupt due to an interrupted download. Please remove it from your disk and try again.
2026-01-04 00:43:34 | DEBUG    | ExoplanetDownloader | Retry 2 for KIC 6934291 after 4.0s: Error in reading Data product D:\.lightkurve\cache\mastDownload\Kepler\kplr006934291_lc_Q011111111111111111\kplr006934291-2009350155506_llc.fits of type KeplerLightCurve .
This file may be corrupt due to an interrupted download. Please remove it from your disk and try again.
2026-01-04 00:43:36 | DEBUG    | ExoplanetDownloader | Retry 1 for KIC 6936909 after 2.0s: Error in reading Data product D:\.lightkurve\cache\mastDownload\Kepler\kplr006936909_lc_Q011111111111111111\kplr006936909-2011271113734_llc.fits of type KeplerLightCurve .
This file may be corrupt due to an interrupted download. Please remove it from your disk and try again.
2026-01-04 00:43:38 | DEBUG    | ExoplanetDownloader | Retry 1 for KIC 6941084 after 2.0s: Error in reading Data product D:\.lightkurve\cache\mastDownload\Kepler\kplr006941084_lc_Q011111111111111111\kplr006941084-2009259160929_llc.fits of type KeplerLightCurve .
This file may be corrupt due to an interrupted download. Please remove it from your disk and try again.
2026-01-04 00:43:40 | DEBUG    | ExoplanetDownloader | Retry 1 for KIC 6946199 after 2.0s: Error in reading Data product D:\.lightkurve\cache\mastDownload\Kepler\kplr006946199_lc_Q000011111111111111\kplr006946199-2010174085026_llc.fits of type KeplerLightCurve .
This file may be corrupt due to an interrupted download. Please remove it from your disk and try again.
2026-01-04 00:43:41 | DEBUG    | ExoplanetDownloader | Retry 2 for KIC 6941084 after 4.0s: Error in reading Data product D:\.lightkurve\cache\mastDownload\Kepler\kplr006941084_lc_Q011111111111111111\kplr006941084-2009259160929_llc.fits of type KeplerLightCurve .
This file may be corrupt due to an interrupted download. Please remove it from your disk and try again.
2026-01-04 00:43:43 | DEBUG    | ExoplanetDownloader | Retry 2 for KIC 6946199 after 4.0s: Error in reading Data product D:\.lightkurve\cache\mastDownload\Kepler\kplr006946199_lc_Q000011111111111111\kplr006946199-2010174085026_llc.fits of type KeplerLightCurve .
This file may be corrupt due to an interrupted download. Please remove it from your disk and try again.
2026-01-04 00:43:44 | DEBUG    | ExoplanetDownloader | Retry 2 for KIC 6936909 after 4.0s: Error in reading Data product D:\.lightkurve\cache\mastDownload\Kepler\kplr006936909_lc_Q011111111111111111\kplr006936909-2011271113734_llc.fits of type KeplerLightCurve .
This file may be corrupt due to an interrupted download. Please remove it from your disk and try again.
2026-01-04 00:43:44 | DEBUG    | ExoplanetDownloader | Retry 1 for KIC 6962109 after 2.0s: Error in reading Data product D:\.lightkurve\cache\mastDownload\Kepler\kplr006962109_lc_Q000011111111111111\kplr006962109-2010355172524_llc.fits of type KeplerLightCurve .
This file may be corrupt due to an interrupted download. Please remove it from your disk and try again.
2026-01-04 00:43:45 | DEBUG    | ExoplanetDownloader | Retry 1 for KIC 6937402 after 2.0s: Error in reading Data product D:\.lightkurve\cache\mastDownload\Kepler\kplr006937402_lc_Q001111111111111111\kplr006937402-2013098041711_llc.fits of type KeplerLightCurve .
This file may be corrupt due to an interrupted download. Please remove it from your disk and try again.
2026-01-04 00:43:45 | DEBUG    | ExoplanetDownloader | Retry 1 for KIC 6962977 after 2.0s: Error in reading Data product D:\.lightkurve\cache\mastDownload\Kepler\kplr006962977_lc_Q001101111111111111\kplr006962977-2012004120508_llc.fits of type KeplerLightCurve .
This file may be corrupt due to an interrupted download. Please remove it from your disk and try again.
2026-01-04 00:43:46 | DEBUG    | ExoplanetDownloader | Retry 1 for KIC 6949061 after 2.0s: Error in reading Data product D:\.lightkurve\cache\mastDownload\Kepler\kplr006949061_lc_Q011111111111111111\kplr006949061-2013011073258_llc.fits of type KeplerLightCurve .
This file may be corrupt due to an interrupted download. Please remove it from your disk and try again.
2026-01-04 00:43:47 | DEBUG    | ExoplanetDownloader | Retry 2 for KIC 6962109 after 4.0s: Error in reading Data product D:\.lightkurve\cache\mastDownload\Kepler\kplr006962109_lc_Q000011111111111111\kplr006962109-2010355172524_llc.fits of type KeplerLightCurve .
This file may be corrupt due to an interrupted download. Please remove it from your disk and try again.
2026-01-04 00:43:47 | DEBUG    | ExoplanetDownloader | Retry 1 for KIC 6964929 after 2.0s: Error in reading Data product D:\.lightkurve\cache\mastDownload\Kepler\kplr006964929_lc_Q011111111111111111\kplr006964929-2010355172524_llc.fits of type KeplerLightCurve .
This file may be corrupt due to an interrupted download. Please remove it from your disk and try again.
2026-01-04 00:43:48 | DEBUG    | ExoplanetDownloader | Retry 1 for KIC 6975129 after 2.0s: Error in reading Data product D:\.lightkurve\cache\mastDownload\Kepler\kplr006975129_lc_Q111111111111111111\kplr006975129-2009350155506_llc.fits of type KeplerLightCurve .
This file may be corrupt due to an interrupted download. Please remove it from your disk and try again.
2026-01-04 00:43:51 | DEBUG    | ExoplanetDownloader | Retry 1 for KIC 7019524 after 2.0s: Error in reading Data product D:\.lightkurve\cache\mastDownload\Kepler\kplr007019524_lc_Q011111111111111111\kplr007019524-2009259160929_llc.fits of type KeplerLightCurve .
This file may be corrupt due to an interrupted download. Please remove it from your disk and try again.
2026-01-04 00:43:53 | DEBUG    | ExoplanetDownloader | Retry 2 for KIC 6975129 after 4.0s: Error in reading Data product D:\.lightkurve\cache\mastDownload\Kepler\kplr006975129_lc_Q111111111111111111\kplr006975129-2009350155506_llc.fits of type KeplerLightCurve .
This file may be corrupt due to an interrupted download. Please remove it from your disk and try again.
2026-01-04 00:43:53 | DEBUG    | ExoplanetDownloader | Retry 2 for KIC 6962977 after 4.0s: Error in reading Data product D:\.lightkurve\cache\mastDownload\Kepler\kplr006962977_lc_Q001101111111111111\kplr006962977-2012004120508_llc.fits of type KeplerLightCurve .
This file may be corrupt due to an interrupted download. Please remove it from your disk and try again.
2026-01-04 00:43:54 | DEBUG    | ExoplanetDownloader | Retry 2 for KIC 6964929 after 4.0s: Error in reading Data product D:\.lightkurve\cache\mastDownload\Kepler\kplr006964929_lc_Q011111111111111111\kplr006964929-2010355172524_llc.fits of type KeplerLightCurve .
This file may be corrupt due to an interrupted download. Please remove it from your disk and try again.
2026-01-04 00:43:54 | DEBUG    | ExoplanetDownloader | Retry 2 for KIC 7019524 after 4.0s: Error in reading Data product D:\.lightkurve\cache\mastDownload\Kepler\kplr007019524_lc_Q011111111111111111\kplr007019524-2009259160929_llc.fits of type KeplerLightCurve .
This file may be corrupt due to an interrupted download. Please remove it from your disk and try again.
2026-01-04 00:43:54 | DEBUG    | ExoplanetDownloader | Retry 2 for KIC 6937402 after 4.0s: Error in reading Data product D:\.lightkurve\cache\mastDownload\Kepler\kplr006937402_lc_Q001111111111111111\kplr006937402-2013098041711_llc.fits of type KeplerLightCurve .
This file may be corrupt due to an interrupted download. Please remove it from your disk and try again.
2026-01-04 00:43:55 | DEBUG    | ExoplanetDownloader | Retry 2 for KIC 6949061 after 4.0s: Error in reading Data product D:\.lightkurve\cache\mastDownload\Kepler\kplr006949061_lc_Q011111111111111111\kplr006949061-2013011073258_llc.fits of type KeplerLightCurve .
This file may be corrupt due to an interrupted download. Please remove it from your disk and try again.
2026-01-04 00:43:56 | DEBUG    | ExoplanetDownloader | Retry 1 for KIC 7047207 after 2.0s: Error in reading Data product D:\.lightkurve\cache\mastDownload\Kepler\kplr007047207_lc_Q011111111111111111\kplr007047207-2009259160929_llc.fits of type KeplerLightCurve .
This file may be corrupt due to an interrupted download. Please remove it from your disk and try again.
2026-01-04 00:43:56 | DEBUG    | ExoplanetDownloader | Retry 1 for KIC 7046804 after 2.0s: Error in reading Data product D:\.lightkurve\cache\mastDownload\Kepler\kplr007046804_lc_Q011111111111111111\kplr007046804-2010078095331_llc.fits of type KeplerLightCurve .
This file may be corrupt due to an interrupted download. Please remove it from your disk and try again.
2026-01-04 00:43:59 | DEBUG    | ExoplanetDownloader | Retry 2 for KIC 7047207 after 4.0s: Error in reading Data product D:\.lightkurve\cache\mastDownload\Kepler\kplr007047207_lc_Q011111111111111111\kplr007047207-2009259160929_llc.fits of type KeplerLightCurve .
This file may be corrupt due to an interrupted download. Please remove it from your disk and try again.
2026-01-04 00:44:01 | DEBUG    | ExoplanetDownloader | Retry 2 for KIC 7046804 after 4.0s: Error in reading Data product D:\.lightkurve\cache\mastDownload\Kepler\kplr007046804_lc_Q011111111111111111\kplr007046804-2010078095331_llc.fits of type KeplerLightCurve .
This file may be corrupt due to an interrupted download. Please remove it from your disk and try again.
2026-01-04 00:44:03 | DEBUG    | ExoplanetDownloader | Retry 1 for KIC 7090524 after 2.0s: Error in reading Data product D:\.lightkurve\cache\mastDownload\Kepler\kplr007090524_lc_Q011111111111111111\kplr007090524-2009350155506_llc.fits of type KeplerLightCurve .
This file may be corrupt due to an interrupted download. Please remove it from your disk and try again.
2026-01-04 00:44:06 | DEBUG    | ExoplanetDownloader | Retry 1 for KIC 7047363 after 2.0s: Error in reading Data product D:\.lightkurve\cache\mastDownload\Kepler\kplr007047363_lc_Q011111111111111111\kplr007047363-2011073133259_llc.fits of type KeplerLightCurve .
This file may be corrupt due to an interrupted download. Please remove it from your disk and try again.
2026-01-04 00:44:07 | DEBUG    | ExoplanetDownloader | Retry 2 for KIC 7090524 after 4.0s: Error in reading Data product D:\.lightkurve\cache\mastDownload\Kepler\kplr007090524_lc_Q011111111111111111\kplr007090524-2009350155506_llc.fits of type KeplerLightCurve .
This file may be corrupt due to an interrupted download. Please remove it from your disk and try again.
2026-01-04 00:44:09 | DEBUG    | ExoplanetDownloader | Retry 1 for KIC 7094486 after 2.0s: Error in reading Data product D:\.lightkurve\cache\mastDownload\Kepler\kplr007094486_lc_Q011111111111111111\kplr007094486-2011177032512_llc.fits of type KeplerLightCurve .
This file may be corrupt due to an interrupted download. Please remove it from your disk and try again.
2026-01-04 00:44:10 | DEBUG    | ExoplanetDownloader | Retry 1 for KIC 7091432 after 2.0s: Error in reading Data product D:\.lightkurve\cache\mastDownload\Kepler\kplr007091432_lc_Q011111111111111111\kplr007091432-2012277125453_llc.fits of type KeplerLightCurve .
This file may be corrupt due to an interrupted download. Please remove it from your disk and try again.
2026-01-04 00:44:11 | DEBUG    | ExoplanetDownloader | Retry 1 for KIC 7098355 after 2.0s: Error in reading Data product D:\.lightkurve\cache\mastDownload\Kepler\kplr007098355_lc_Q011110111011101110\kplr007098355-2013011073258_llc.fits of type KeplerLightCurve .
This file may be corrupt due to an interrupted download. Please remove it from your disk and try again.
2026-01-04 00:44:12 | DEBUG    | ExoplanetDownloader | Retry 2 for KIC 7047363 after 4.0s: Error in reading Data product D:\.lightkurve\cache\mastDownload\Kepler\kplr007047363_lc_Q011111111111111111\kplr007047363-2011073133259_llc.fits of type KeplerLightCurve .
This file may be corrupt due to an interrupted download. Please remove it from your disk and try again.
2026-01-04 00:44:13 | DEBUG    | ExoplanetDownloader | Retry 1 for KIC 7118364 after 2.0s: Error in reading Data product D:\.lightkurve\cache\mastDownload\Kepler\kplr007118364_lc_Q011111111111111111\kplr007118364-2012004120508_llc.fits of type KeplerLightCurve .
This file may be corrupt due to an interrupted download. Please remove it from your disk and try again.
2026-01-04 00:44:14 | DEBUG    | ExoplanetDownloader | Retry 2 for KIC 7094486 after 4.0s: Error in reading Data product D:\.lightkurve\cache\mastDownload\Kepler\kplr007094486_lc_Q011111111111111111\kplr007094486-2011177032512_llc.fits of type KeplerLightCurve .
This file may be corrupt due to an interrupted download. Please remove it from your disk and try again.
2026-01-04 00:44:14 | DEBUG    | ExoplanetDownloader | Retry 1 for KIC 7103919 after 2.0s: Error in reading Data product D:\.lightkurve\cache\mastDownload\Kepler\kplr007103919_lc_Q011111111111111111\kplr007103919-2012088054726_llc.fits of type KeplerLightCurve .
This file may be corrupt due to an interrupted download. Please remove it from your disk and try again.
2026-01-04 00:44:15 | DEBUG    | ExoplanetDownloader | Retry 1 for KIC 7102227 after 2.0s: Error in reading Data product D:\.lightkurve\cache\mastDownload\Kepler\kplr007102227_lc_Q011111111111111111\kplr007102227-2013011073258_llc.fits of type KeplerLightCurve .
This file may be corrupt due to an interrupted download. Please remove it from your disk and try again.
2026-01-04 00:44:15 | DEBUG    | ExoplanetDownloader | Retry 1 for KIC 7119481 after 2.0s: Error in reading Data product D:\.lightkurve\cache\mastDownload\Kepler\kplr007119481_lc_Q001100111011101110\kplr007119481-2010265121752_llc.fits of type KeplerLightCurve .
This file may be corrupt due to an interrupted download. Please remove it from your disk and try again.
2026-01-04 00:44:15 | DEBUG    | ExoplanetDownloader | Retry 2 for KIC 7098355 after 4.0s: Error in reading Data product D:\.lightkurve\cache\mastDownload\Kepler\kplr007098355_lc_Q011110111011101110\kplr007098355-2013011073258_llc.fits of type KeplerLightCurve .
This file may be corrupt due to an interrupted download. Please remove it from your disk and try again.
2026-01-04 00:44:16 | DEBUG    | ExoplanetDownloader | Retry 2 for KIC 7091432 after 4.0s: Error in reading Data product D:\.lightkurve\cache\mastDownload\Kepler\kplr007091432_lc_Q011111111111111111\kplr007091432-2012277125453_llc.fits of type KeplerLightCurve .
This file may be corrupt due to an interrupted download. Please remove it from your disk and try again.
2026-01-04 00:44:17 | DEBUG    | ExoplanetDownloader | Retry 2 for KIC 7118364 after 4.0s: Error in reading Data product D:\.lightkurve\cache\mastDownload\Kepler\kplr007118364_lc_Q011111111111111111\kplr007118364-2012004120508_llc.fits of type KeplerLightCurve .
This file may be corrupt due to an interrupted download. Please remove it from your disk and try again.
2026-01-04 00:44:18 | DEBUG    | ExoplanetDownloader | Retry 2 for KIC 7119481 after 4.0s: Error in reading Data product D:\.lightkurve\cache\mastDownload\Kepler\kplr007119481_lc_Q001100111011101110\kplr007119481-2010265121752_llc.fits of type KeplerLightCurve .
This file may be corrupt due to an interrupted download. Please remove it from your disk and try again.
2026-01-04 00:44:19 | DEBUG    | ExoplanetDownloader | Retry 2 for KIC 7103919 after 4.0s: Error in reading Data product D:\.lightkurve\cache\mastDownload\Kepler\kplr007103919_lc_Q011111111111111111\kplr007103919-2012088054726_llc.fits of type KeplerLightCurve .
This file may be corrupt due to an interrupted download. Please remove it from your disk and try again.
2026-01-04 00:44:20 | DEBUG    | ExoplanetDownloader | Retry 2 for KIC 7102227 after 4.0s: Error in reading Data product D:\.lightkurve\cache\mastDownload\Kepler\kplr007102227_lc_Q011111111111111111\kplr007102227-2013011073258_llc.fits of type KeplerLightCurve .
This file may be corrupt due to an interrupted download. Please remove it from your disk and try again.
2026-01-04 00:44:22 | DEBUG    | ExoplanetDownloader | Retry 1 for KIC 7124613 after 2.0s: Error in reading Data product D:\.lightkurve\cache\mastDownload\Kepler\kplr007124613_lc_Q111111111111111111\kplr007124613-2010355172524_llc.fits of type KeplerLightCurve .
This file may be corrupt due to an interrupted download. Please remove it from your disk and try again.
2026-01-04 00:44:26 | DEBUG    | ExoplanetDownloader | Retry 1 for KIC 7175184 after 2.0s: Error in reading Data product D:\.lightkurve\cache\mastDownload\Kepler\kplr007175184_lc_Q111111111111111111\kplr007175184-2009259160929_llc.fits of type KeplerLightCurve .
This file may be corrupt due to an interrupted download. Please remove it from your disk and try again.
2026-01-04 00:44:26 | DEBUG    | ExoplanetDownloader | Retry 1 for KIC 7135852 after 2.0s: Error in reading Data product D:\.lightkurve\cache\mastDownload\Kepler\kplr007135852_lc_Q011111111111111111\kplr007135852-2013011073258_llc.fits of type KeplerLightCurve .
This file may be corrupt due to an interrupted download. Please remove it from your disk and try again.
2026-01-04 00:44:26 | DEBUG    | ExoplanetDownloader | Retry 1 for KIC 7211469 after 2.0s: Error in reading Data product D:\.lightkurve\cache\mastDownload\Kepler\kplr007211469_lc_Q011111111111111111\kplr007211469-2009350155506_llc.fits of type KeplerLightCurve .
This file may be corrupt due to an interrupted download. Please remove it from your disk and try again.
2026-01-04 00:44:27 | DEBUG    | ExoplanetDownloader | Retry 1 for KIC 7202957 after 2.0s: Error in reading Data product D:\.lightkurve\cache\mastDownload\Kepler\kplr007202957_lc_Q111111111111111111\kplr007202957-2010078095331_llc.fits of type KeplerLightCurve .
This file may be corrupt due to an interrupted download. Please remove it from your disk and try again.
2026-01-04 00:44:27 | DEBUG    | ExoplanetDownloader | Retry 2 for KIC 7124613 after 4.0s: Error in reading Data product D:\.lightkurve\cache\mastDownload\Kepler\kplr007124613_lc_Q111111111111111111\kplr007124613-2010355172524_llc.fits of type KeplerLightCurve .
This file may be corrupt due to an interrupted download. Please remove it from your disk and try again.
2026-01-04 00:44:27 | DEBUG    | ExoplanetDownloader | Retry 1 for KIC 7204981 after 2.0s: Error in reading Data product D:\.lightkurve\cache\mastDownload\Kepler\kplr007204981_lc_Q011111111111111111\kplr007204981-2011271113734_llc.fits of type KeplerLightCurve .
This file may be corrupt due to an interrupted download. Please remove it from your disk and try again.
2026-01-04 00:44:28 | DEBUG    | ExoplanetDownloader | Retry 2 for KIC 7175184 after 4.0s: Error in reading Data product D:\.lightkurve\cache\mastDownload\Kepler\kplr007175184_lc_Q111111111111111111\kplr007175184-2009259160929_llc.fits of type KeplerLightCurve .
This file may be corrupt due to an interrupted download. Please remove it from your disk and try again.
2026-01-04 00:44:29 | DEBUG    | ExoplanetDownloader | Retry 1 for KIC 7212184 after 2.0s: Error in reading Data product D:\.lightkurve\cache\mastDownload\Kepler\kplr007212184_lc_Q011111111111111111\kplr007212184-2010355172524_llc.fits of type KeplerLightCurve .
This file may be corrupt due to an interrupted download. Please remove it from your disk and try again.
2026-01-04 00:44:29 | DEBUG    | ExoplanetDownloader | Retry 2 for KIC 7211469 after 4.0s: Error in reading Data product D:\.lightkurve\cache\mastDownload\Kepler\kplr007211469_lc_Q011111111111111111\kplr007211469-2009350155506_llc.fits of type KeplerLightCurve .
This file may be corrupt due to an interrupted download. Please remove it from your disk and try again.
2026-01-04 00:44:30 | DEBUG    | ExoplanetDownloader | Retry 2 for KIC 7202957 after 4.0s: Error in reading Data product D:\.lightkurve\cache\mastDownload\Kepler\kplr007202957_lc_Q111111111111111111\kplr007202957-2010078095331_llc.fits of type KeplerLightCurve .
This file may be corrupt due to an interrupted download. Please remove it from your disk and try again.
2026-01-04 00:44:31 | DEBUG    | ExoplanetDownloader | Retry 2 for KIC 7135852 after 4.0s: Error in reading Data product D:\.lightkurve\cache\mastDownload\Kepler\kplr007135852_lc_Q011111111111111111\kplr007135852-2013011073258_llc.fits of type KeplerLightCurve .
This file may be corrupt due to an interrupted download. Please remove it from your disk and try again.
2026-01-04 00:44:31 | DEBUG    | ExoplanetDownloader | Retry 1 for KIC 7215603 after 2.0s: Error in reading Data product D:\.lightkurve\cache\mastDownload\Kepler\kplr007215603_lc_Q111111111111111111\kplr007215603-2011073133259_llc.fits of type KeplerLightCurve .
This file may be corrupt due to an interrupted download. Please remove it from your disk and try again.
2026-01-04 00:44:31 | DEBUG    | ExoplanetDownloader | Retry 2 for KIC 7204981 after 4.0s: Error in reading Data product D:\.lightkurve\cache\mastDownload\Kepler\kplr007204981_lc_Q011111111111111111\kplr007204981-2011271113734_llc.fits of type KeplerLightCurve .
This file may be corrupt due to an interrupted download. Please remove it from your disk and try again.
2026-01-04 00:44:32 | DEBUG    | ExoplanetDownloader | Retry 2 for KIC 7212184 after 4.0s: Error in reading Data product D:\.lightkurve\cache\mastDownload\Kepler\kplr007212184_lc_Q011111111111111111\kplr007212184-2010355172524_llc.fits of type KeplerLightCurve .
This file may be corrupt due to an interrupted download. Please remove it from your disk and try again.
2026-01-04 00:44:34 | DEBUG    | ExoplanetDownloader | Retry 1 for KIC 7216284 after 2.0s: Error in reading Data product D:\.lightkurve\cache\mastDownload\Kepler\kplr007216284_lc_Q011111111111111111\kplr007216284-2010078095331_llc.fits of type KeplerLightCurve .
This file may be corrupt due to an interrupted download. Please remove it from your disk and try again.
2026-01-04 00:44:35 | DEBUG    | ExoplanetDownloader | Retry 2 for KIC 7215603 after 4.0s: Error in reading Data product D:\.lightkurve\cache\mastDownload\Kepler\kplr007215603_lc_Q111111111111111111\kplr007215603-2011073133259_llc.fits of type KeplerLightCurve .
This file may be corrupt due to an interrupted download. Please remove it from your disk and try again.
2026-01-04 00:44:36 | DEBUG    | ExoplanetDownloader | Retry 1 for KIC 7219825 after 2.0s: Error in reading Data product D:\.lightkurve\cache\mastDownload\Kepler\kplr007219825_lc_Q011111111111111111\kplr007219825-2010265121752_llc.fits of type KeplerLightCurve .
This file may be corrupt due to an interrupted download. Please remove it from your disk and try again.
2026-01-04 00:44:38 | DEBUG    | ExoplanetDownloader | Retry 1 for KIC 7220429 after 2.0s: Error in reading Data product D:\.lightkurve\cache\mastDownload\Kepler\kplr007220429_lc_Q011111111111111111\kplr007220429-2010355172524_llc.fits of type KeplerLightCurve .
This file may be corrupt due to an interrupted download. Please remove it from your disk and try again.
2026-01-04 00:44:38 | DEBUG    | ExoplanetDownloader | Retry 2 for KIC 7216284 after 4.0s: Error in reading Data product D:\.lightkurve\cache\mastDownload\Kepler\kplr007216284_lc_Q011111111111111111\kplr007216284-2010078095331_llc.fits of type KeplerLightCurve .
This file may be corrupt due to an interrupted download. Please remove it from your disk and try again.
2026-01-04 00:44:39 | DEBUG    | ExoplanetDownloader | Retry 1 for KIC 7259298 after 2.0s: Error in reading Data product D:\.lightkurve\cache\mastDownload\Kepler\kplr007259298_lc_Q011111111111111111\kplr007259298-2010265121752_llc.fits of type KeplerLightCurve .
This file may be corrupt due to an interrupted download. Please remove it from your disk and try again.
2026-01-04 00:44:40 | DEBUG    | ExoplanetDownloader | Retry 2 for KIC 7219825 after 4.0s: Error in reading Data product D:\.lightkurve\cache\mastDownload\Kepler\kplr007219825_lc_Q011111111111111111\kplr007219825-2010265121752_llc.fits of type KeplerLightCurve .
This file may be corrupt due to an interrupted download. Please remove it from your disk and try again.
2026-01-04 00:44:41 | DEBUG    | ExoplanetDownloader | Retry 1 for KIC 7265298 after 2.0s: Error in reading Data product D:\.lightkurve\cache\mastDownload\Kepler\kplr007265298_lc_Q000011111111111111\kplr007265298-2011177032512_llc.fits of type KeplerLightCurve .
This file may be corrupt due to an interrupted download. Please remove it from your disk and try again.
2026-01-04 00:44:41 | DEBUG    | ExoplanetDownloader | Retry 1 for KIC 7269493 after 2.0s: Error in reading Data product D:\.lightkurve\cache\mastDownload\Kepler\kplr007269493_lc_Q111111111111111111\kplr007269493-2009350155506_llc.fits of type KeplerLightCurve .
This file may be corrupt due to an interrupted download. Please remove it from your disk and try again.
2026-01-04 00:44:42 | DEBUG    | ExoplanetDownloader | Retry 2 for KIC 7220429 after 4.0s: Error in reading Data product D:\.lightkurve\cache\mastDownload\Kepler\kplr007220429_lc_Q011111111111111111\kplr007220429-2010355172524_llc.fits of type KeplerLightCurve .
This file may be corrupt due to an interrupted download. Please remove it from your disk and try again.
2026-01-04 00:44:43 | DEBUG    | ExoplanetDownloader | Retry 1 for KIC 7269974 after 2.0s: Error in reading Data product D:\.lightkurve\cache\mastDownload\Kepler\kplr007269974_lc_Q011111111111111111\kplr007269974-2011271113734_llc.fits of type KeplerLightCurve .
This file may be corrupt due to an interrupted download. Please remove it from your disk and try again.
2026-01-04 00:44:43 | DEBUG    | ExoplanetDownloader | Retry 2 for KIC 7259298 after 4.0s: Error in reading Data product D:\.lightkurve\cache\mastDownload\Kepler\kplr007259298_lc_Q011111111111111111\kplr007259298-2010265121752_llc.fits of type KeplerLightCurve .
This file may be corrupt due to an interrupted download. Please remove it from your disk and try again.
2026-01-04 00:44:43 | DEBUG    | ExoplanetDownloader | Retry 1 for KIC 7273277 after 2.0s: Error in reading Data product D:\.lightkurve\cache\mastDownload\Kepler\kplr007273277_lc_Q111111111111111111\kplr007273277-2010078095331_llc.fits of type KeplerLightCurve .
This file may be corrupt due to an interrupted download. Please remove it from your disk and try again.
2026-01-04 00:44:44 | DEBUG    | ExoplanetDownloader | Retry 2 for KIC 7265298 after 4.0s: Error in reading Data product D:\.lightkurve\cache\mastDownload\Kepler\kplr007265298_lc_Q000011111111111111\kplr007265298-2011177032512_llc.fits of type KeplerLightCurve .
This file may be corrupt due to an interrupted download. Please remove it from your disk and try again.
2026-01-04 00:44:44 | DEBUG    | ExoplanetDownloader | Retry 2 for KIC 7269493 after 4.0s: Error in reading Data product D:\.lightkurve\cache\mastDownload\Kepler\kplr007269493_lc_Q111111111111111111\kplr007269493-2009350155506_llc.fits of type KeplerLightCurve .
This file may be corrupt due to an interrupted download. Please remove it from your disk and try again.
2026-01-04 00:44:46 | DEBUG    | ExoplanetDownloader | Retry 1 for KIC 7277317 after 2.0s: Error in reading Data product D:\.lightkurve\cache\mastDownload\Kepler\kplr007277317_lc_Q001010101010101010\kplr007277317-2012277125453_llc.fits of type KeplerLightCurve .
This file may be corrupt due to an interrupted download. Please remove it from your disk and try again.
2026-01-04 00:44:46 | DEBUG    | ExoplanetDownloader | Retry 2 for KIC 7269974 after 4.0s: Error in reading Data product D:\.lightkurve\cache\mastDownload\Kepler\kplr007269974_lc_Q011111111111111111\kplr007269974-2011271113734_llc.fits of type KeplerLightCurve .
This file may be corrupt due to an interrupted download. Please remove it from your disk and try again.
2026-01-04 00:44:46 | DEBUG    | ExoplanetDownloader | Retry 2 for KIC 7273277 after 4.0s: Error in reading Data product D:\.lightkurve\cache\mastDownload\Kepler\kplr007273277_lc_Q111111111111111111\kplr007273277-2010078095331_llc.fits of type KeplerLightCurve .
This file may be corrupt due to an interrupted download. Please remove it from your disk and try again.
2026-01-04 00:44:48 | DEBUG    | ExoplanetDownloader | Retry 1 for KIC 7286173 after 2.0s: Error in reading Data product D:\.lightkurve\cache\mastDownload\Kepler\kplr007286173_lc_Q011111111111111111\kplr007286173-2012088054726_llc.fits of type KeplerLightCurve .
This file may be corrupt due to an interrupted download. Please remove it from your disk and try again.
2026-01-04 00:44:49 | DEBUG    | ExoplanetDownloader | Retry 2 for KIC 7277317 after 4.0s: Error in reading Data product D:\.lightkurve\cache\mastDownload\Kepler\kplr007277317_lc_Q001010101010101010\kplr007277317-2012277125453_llc.fits of type KeplerLightCurve .
This file may be corrupt due to an interrupted download. Please remove it from your disk and try again.
2026-01-04 00:44:50 | DEBUG    | ExoplanetDownloader | Retry 1 for KIC 7288306 after 2.0s: Error in reading Data product D:\.lightkurve\cache\mastDownload\Kepler\kplr007288306_lc_Q011111111111111111\kplr007288306-2010174085026_llc.fits of type KeplerLightCurve .
This file may be corrupt due to an interrupted download. Please remove it from your disk and try again.
2026-01-04 00:44:51 | DEBUG    | ExoplanetDownloader | Retry 1 for KIC 7288444 after 2.0s: Error in reading Data product D:\.lightkurve\cache\mastDownload\Kepler\kplr007288444_lc_Q011111111111111111\kplr007288444-2012088054726_llc.fits of type KeplerLightCurve .
This file may be corrupt due to an interrupted download. Please remove it from your disk and try again.
2026-01-04 00:44:53 | DEBUG    | ExoplanetDownloader | Retry 1 for KIC 7295235 after 2.0s: Error in reading Data product D:\.lightkurve\cache\mastDownload\Kepler\kplr007295235_lc_Q111111111111111111\kplr007295235-2010265121752_llc.fits of type KeplerLightCurve .
This file may be corrupt due to an interrupted download. Please remove it from your disk and try again.
2026-01-04 00:44:53 | DEBUG    | ExoplanetDownloader | Retry 1 for KIC 7289317 after 2.0s: Error in reading Data product D:\.lightkurve\cache\mastDownload\Kepler\kplr007289317_lc_Q011111111111111111\kplr007289317-2011271113734_llc.fits of type KeplerLightCurve .
This file may be corrupt due to an interrupted download. Please remove it from your disk and try again.
2026-01-04 00:44:53 | DEBUG    | ExoplanetDownloader | Retry 2 for KIC 7288306 after 4.0s: Error in reading Data product D:\.lightkurve\cache\mastDownload\Kepler\kplr007288306_lc_Q011111111111111111\kplr007288306-2010174085026_llc.fits of type KeplerLightCurve .
This file may be corrupt due to an interrupted download. Please remove it from your disk and try again.
2026-01-04 00:44:53 | DEBUG    | ExoplanetDownloader | Retry 2 for KIC 7286173 after 4.0s: Error in reading Data product D:\.lightkurve\cache\mastDownload\Kepler\kplr007286173_lc_Q011111111111111111\kplr007286173-2012088054726_llc.fits of type KeplerLightCurve .
This file may be corrupt due to an interrupted download. Please remove it from your disk and try again.
2026-01-04 00:44:54 | DEBUG    | ExoplanetDownloader | Retry 1 for KIC 7347246 after 2.0s: Error in reading Data product D:\.lightkurve\cache\mastDownload\Kepler\kplr007347246_lc_Q000011111111111111\kplr007347246-2010265121752_llc.fits of type KeplerLightCurve .
This file may be corrupt due to an interrupted download. Please remove it from your disk and try again.
2026-01-04 00:44:55 | DEBUG    | ExoplanetDownloader | Retry 1 for KIC 7304449 after 2.0s: Error in reading Data product D:\.lightkurve\cache\mastDownload\Kepler\kplr007304449_lc_Q001111111111111111\kplr007304449-2011271113734_llc.fits of type KeplerLightCurve .
This file may be corrupt due to an interrupted download. Please remove it from your disk and try again.
2026-01-04 00:44:55 | DEBUG    | ExoplanetDownloader | Retry 2 for KIC 7288444 after 4.0s: Error in reading Data product D:\.lightkurve\cache\mastDownload\Kepler\kplr007288444_lc_Q011111111111111111\kplr007288444-2012088054726_llc.fits of type KeplerLightCurve .
This file may be corrupt due to an interrupted download. Please remove it from your disk and try again.
2026-01-04 00:44:55 | DEBUG    | ExoplanetDownloader | Retry 2 for KIC 7295235 after 4.0s: Error in reading Data product D:\.lightkurve\cache\mastDownload\Kepler\kplr007295235_lc_Q111111111111111111\kplr007295235-2010265121752_llc.fits of type KeplerLightCurve .
This file may be corrupt due to an interrupted download. Please remove it from your disk and try again.
2026-01-04 00:44:56 | DEBUG    | ExoplanetDownloader | Retry 2 for KIC 7289317 after 4.0s: Error in reading Data product D:\.lightkurve\cache\mastDownload\Kepler\kplr007289317_lc_Q011111111111111111\kplr007289317-2011271113734_llc.fits of type KeplerLightCurve .
This file may be corrupt due to an interrupted download. Please remove it from your disk and try again.
2026-01-04 00:44:56 | DEBUG    | ExoplanetDownloader | Retry 2 for KIC 7347246 after 4.0s: Error in reading Data product D:\.lightkurve\cache\mastDownload\Kepler\kplr007347246_lc_Q000011111111111111\kplr007347246-2010265121752_llc.fits of type KeplerLightCurve .
This file may be corrupt due to an interrupted download. Please remove it from your disk and try again.
2026-01-04 00:44:57 | DEBUG    | ExoplanetDownloader | Retry 1 for KIC 7364176 after 2.0s: Error in reading Data product D:\.lightkurve\cache\mastDownload\Kepler\kplr007364176_lc_Q011111111111111111\kplr007364176-2009259160929_llc.fits of type KeplerLightCurve .
This file may be corrupt due to an interrupted download. Please remove it from your disk and try again.
2026-01-04 00:44:57 | DEBUG    | ExoplanetDownloader | Retry 2 for KIC 7304449 after 4.0s: Error in reading Data product D:\.lightkurve\cache\mastDownload\Kepler\kplr007304449_lc_Q001111111111111111\kplr007304449-2011271113734_llc.fits of type KeplerLightCurve .
This file may be corrupt due to an interrupted download. Please remove it from your disk and try again.
2026-01-04 00:44:59 | DEBUG    | ExoplanetDownloader | Retry 2 for KIC 7364176 after 4.0s: Error in reading Data product D:\.lightkurve\cache\mastDownload\Kepler\kplr007364176_lc_Q011111111111111111\kplr007364176-2009259160929_llc.fits of type KeplerLightCurve .
This file may be corrupt due to an interrupted download. Please remove it from your disk and try again.
2026-01-04 00:45:01 | DEBUG    | ExoplanetDownloader | Retry 1 for KIC 7373451 after 2.0s: Error in reading Data product D:\.lightkurve\cache\mastDownload\Kepler\kplr007373451_lc_Q011111111111111111\kplr007373451-2010174085026_llc.fits of type KeplerLightCurve .
This file may be corrupt due to an interrupted download. Please remove it from your disk and try again.
2026-01-04 00:45:03 | DEBUG    | ExoplanetDownloader | Retry 1 for KIC 7382313 after 2.0s: Error in reading Data product D:\.lightkurve\cache\mastDownload\Kepler\kplr007382313_lc_Q011111111111111111\kplr007382313-2012004120508_llc.fits of type KeplerLightCurve .
This file may be corrupt due to an interrupted download. Please remove it from your disk and try again.
2026-01-04 00:45:04 | DEBUG    | ExoplanetDownloader | Retry 1 for KIC 7429240 after 2.0s: Error in reading Data product D:\.lightkurve\cache\mastDownload\Kepler\kplr007429240_lc_Q011111111111111111\kplr007429240-2012004120508_llc.fits of type KeplerLightCurve .
This file may be corrupt due to an interrupted download. Please remove it from your disk and try again.
2026-01-04 00:45:06 | DEBUG    | ExoplanetDownloader | Retry 2 for KIC 7373451 after 4.0s: Error in reading Data product D:\.lightkurve\cache\mastDownload\Kepler\kplr007373451_lc_Q011111111111111111\kplr007373451-2010174085026_llc.fits of type KeplerLightCurve .
This file may be corrupt due to an interrupted download. Please remove it from your disk and try again.
2026-01-04 00:45:06 | DEBUG    | ExoplanetDownloader | Retry 1 for KIC 7449541 after 2.0s: Error in reading Data product D:\.lightkurve\cache\mastDownload\Kepler\kplr007449541_lc_Q011111111111111111\kplr007449541-2009350155506_llc.fits of type KeplerLightCurve .
This file may be corrupt due to an interrupted download. Please remove it from your disk and try again.
2026-01-04 00:45:06 | DEBUG    | ExoplanetDownloader | Retry 1 for KIC 7439316 after 2.0s: Error in reading Data product D:\.lightkurve\cache\mastDownload\Kepler\kplr007439316_lc_Q011111111111111111\kplr007439316-2011177032512_llc.fits of type KeplerLightCurve .
This file may be corrupt due to an interrupted download. Please remove it from your disk and try again.
2026-01-04 00:45:06 | DEBUG    | ExoplanetDownloader | Retry 1 for KIC 7455981 after 2.0s: Error in reading Data product D:\.lightkurve\cache\mastDownload\Kepler\kplr007455981_lc_Q011111111111111111\kplr007455981-2009259160929_llc.fits of type KeplerLightCurve .
This file may be corrupt due to an interrupted download. Please remove it from your disk and try again.
2026-01-04 00:45:07 | DEBUG    | ExoplanetDownloader | Retry 1 for KIC 7434875 after 2.0s: Error in reading Data product D:\.lightkurve\cache\mastDownload\Kepler\kplr007434875_lc_Q011111111111111111\kplr007434875-2012004120508_llc.fits of type KeplerLightCurve .
This file may be corrupt due to an interrupted download. Please remove it from your disk and try again.
2026-01-04 00:45:07 | DEBUG    | ExoplanetDownloader | Retry 1 for KIC 7455287 after 2.0s: Error in reading Data product D:\.lightkurve\cache\mastDownload\Kepler\kplr007455287_lc_Q011111111111111111\kplr007455287-2011271113734_llc.fits of type KeplerLightCurve .
This file may be corrupt due to an interrupted download. Please remove it from your disk and try again.
2026-01-04 00:45:07 | DEBUG    | ExoplanetDownloader | Retry 2 for KIC 7382313 after 4.0s: Error in reading Data product D:\.lightkurve\cache\mastDownload\Kepler\kplr007382313_lc_Q011111111111111111\kplr007382313-2012004120508_llc.fits of type KeplerLightCurve .
This file may be corrupt due to an interrupted download. Please remove it from your disk and try again.
2026-01-04 00:45:08 | DEBUG    | ExoplanetDownloader | Retry 2 for KIC 7429240 after 4.0s: Error in reading Data product D:\.lightkurve\cache\mastDownload\Kepler\kplr007429240_lc_Q011111111111111111\kplr007429240-2012004120508_llc.fits of type KeplerLightCurve .
This file may be corrupt due to an interrupted download. Please remove it from your disk and try again.
2026-01-04 00:45:09 | DEBUG    | ExoplanetDownloader | Retry 2 for KIC 7449541 after 4.0s: Error in reading Data product D:\.lightkurve\cache\mastDownload\Kepler\kplr007449541_lc_Q011111111111111111\kplr007449541-2009350155506_llc.fits of type KeplerLightCurve .
This file may be corrupt due to an interrupted download. Please remove it from your disk and try again.
2026-01-04 00:45:09 | DEBUG    | ExoplanetDownloader | Retry 2 for KIC 7455981 after 4.0s: Error in reading Data product D:\.lightkurve\cache\mastDownload\Kepler\kplr007455981_lc_Q011111111111111111\kplr007455981-2009259160929_llc.fits of type KeplerLightCurve .
This file may be corrupt due to an interrupted download. Please remove it from your disk and try again.
2026-01-04 00:45:10 | DEBUG    | ExoplanetDownloader | Retry 2 for KIC 7439316 after 4.0s: Error in reading Data product D:\.lightkurve\cache\mastDownload\Kepler\kplr007439316_lc_Q011111111111111111\kplr007439316-2011177032512_llc.fits of type KeplerLightCurve .
This file may be corrupt due to an interrupted download. Please remove it from your disk and try again.
2026-01-04 00:45:10 | DEBUG    | ExoplanetDownloader | Retry 2 for KIC 7434875 after 4.0s: Error in reading Data product D:\.lightkurve\cache\mastDownload\Kepler\kplr007434875_lc_Q011111111111111111\kplr007434875-2012004120508_llc.fits of type KeplerLightCurve .
This file may be corrupt due to an interrupted download. Please remove it from your disk and try again.
2026-01-04 00:45:10 | DEBUG    | ExoplanetDownloader | Retry 2 for KIC 7455287 after 4.0s: Error in reading Data product D:\.lightkurve\cache\mastDownload\Kepler\kplr007455287_lc_Q011111111111111111\kplr007455287-2011271113734_llc.fits of type KeplerLightCurve .
This file may be corrupt due to an interrupted download. Please remove it from your disk and try again.
2026-01-04 00:45:14 | DEBUG    | ExoplanetDownloader | Retry 1 for KIC 7456001 after 2.0s: Error in reading Data product D:\.lightkurve\cache\mastDownload\Kepler\kplr007456001_lc_Q011111111111111111\kplr007456001-2011073133259_llc.fits of type KeplerLightCurve .
This file may be corrupt due to an interrupted download. Please remove it from your disk and try again.
2026-01-04 00:45:16 | DEBUG    | ExoplanetDownloader | Retry 1 for KIC 7509886 after 2.0s: Error in reading Data product D:\.lightkurve\cache\mastDownload\Kepler\kplr007509886_lc_Q111111111111111111\kplr007509886-2009350155506_llc.fits of type KeplerLightCurve .
This file may be corrupt due to an interrupted download. Please remove it from your disk and try again.
2026-01-04 00:45:16 | DEBUG    | ExoplanetDownloader | Retry 1 for KIC 7510820 after 2.0s: Error in reading Data product D:\.lightkurve\cache\mastDownload\Kepler\kplr007510820_lc_Q011111111111111111\kplr007510820-2009350155506_llc.fits of type KeplerLightCurve .
This file may be corrupt due to an interrupted download. Please remove it from your disk and try again.
2026-01-04 00:45:17 | DEBUG    | ExoplanetDownloader | Retry 1 for KIC 7504778 after 2.0s: Error in reading Data product D:\.lightkurve\cache\mastDownload\Kepler\kplr007504778_lc_Q011111111111111111\kplr007504778-2010355172524_llc.fits of type KeplerLightCurve .
This file may be corrupt due to an interrupted download. Please remove it from your disk and try again.
2026-01-04 00:45:17 | DEBUG    | ExoplanetDownloader | Retry 1 for KIC 7503885 after 2.0s: Error in reading Data product D:\.lightkurve\cache\mastDownload\Kepler\kplr007503885_lc_Q000011111111111111\kplr007503885-2012179063303_llc.fits of type KeplerLightCurve .
This file may be corrupt due to an interrupted download. Please remove it from your disk and try again.
2026-01-04 00:45:18 | DEBUG    | ExoplanetDownloader | Retry 2 for KIC 7456001 after 4.0s: Error in reading Data product D:\.lightkurve\cache\mastDownload\Kepler\kplr007456001_lc_Q011111111111111111\kplr007456001-2011073133259_llc.fits of type KeplerLightCurve .
This file may be corrupt due to an interrupted download. Please remove it from your disk and try again.
2026-01-04 00:45:18 | DEBUG    | ExoplanetDownloader | Retry 1 for KIC 7515679 after 2.0s: Error in reading Data product D:\.lightkurve\cache\mastDownload\Kepler\kplr007515679_lc_Q111111111111111111\kplr007515679-2010265121752_llc.fits of type KeplerLightCurve .
This file may be corrupt due to an interrupted download. Please remove it from your disk and try again.
2026-01-04 00:45:19 | DEBUG    | ExoplanetDownloader | Retry 2 for KIC 7509886 after 4.0s: Error in reading Data product D:\.lightkurve\cache\mastDownload\Kepler\kplr007509886_lc_Q111111111111111111\kplr007509886-2009350155506_llc.fits of type KeplerLightCurve .
This file may be corrupt due to an interrupted download. Please remove it from your disk and try again.
2026-01-04 00:45:19 | DEBUG    | ExoplanetDownloader | Retry 2 for KIC 7510820 after 4.0s: Error in reading Data product D:\.lightkurve\cache\mastDownload\Kepler\kplr007510820_lc_Q011111111111111111\kplr007510820-2009350155506_llc.fits of type KeplerLightCurve .
This file may be corrupt due to an interrupted download. Please remove it from your disk and try again.
2026-01-04 00:45:20 | DEBUG    | ExoplanetDownloader | Retry 1 for KIC 7515762 after 2.0s: Error in reading Data product D:\.lightkurve\cache\mastDownload\Kepler\kplr007515762_lc_Q011111111111111111\kplr007515762-2010355172524_llc.fits of type KeplerLightCurve .
This file may be corrupt due to an interrupted download. Please remove it from your disk and try again.
2026-01-04 00:45:20 | DEBUG    | ExoplanetDownloader | Retry 2 for KIC 7504778 after 4.0s: Error in reading Data product D:\.lightkurve\cache\mastDownload\Kepler\kplr007504778_lc_Q011111111111111111\kplr007504778-2010355172524_llc.fits of type KeplerLightCurve .
This file may be corrupt due to an interrupted download. Please remove it from your disk and try again.
2026-01-04 00:45:20 | DEBUG    | ExoplanetDownloader | Retry 1 for KIC 7517261 after 2.0s: Error in reading Data product D:\.lightkurve\cache\mastDownload\Kepler\kplr007517261_lc_Q001111111111111111\kplr007517261-2011177032512_llc.fits of type KeplerLightCurve .
This file may be corrupt due to an interrupted download. Please remove it from your disk and try again.
2026-01-04 00:45:21 | DEBUG    | ExoplanetDownloader | Retry 2 for KIC 7503885 after 4.0s: Error in reading Data product D:\.lightkurve\cache\mastDownload\Kepler\kplr007503885_lc_Q000011111111111111\kplr007503885-2012179063303_llc.fits of type KeplerLightCurve .
This file may be corrupt due to an interrupted download. Please remove it from your disk and try again.
2026-01-04 00:45:21 | DEBUG    | ExoplanetDownloader | Retry 2 for KIC 7515679 after 4.0s: Error in reading Data product D:\.lightkurve\cache\mastDownload\Kepler\kplr007515679_lc_Q111111111111111111\kplr007515679-2010265121752_llc.fits of type KeplerLightCurve .
This file may be corrupt due to an interrupted download. Please remove it from your disk and try again.
2026-01-04 00:45:23 | DEBUG    | ExoplanetDownloader | Retry 2 for KIC 7515762 after 4.0s: Error in reading Data product D:\.lightkurve\cache\mastDownload\Kepler\kplr007515762_lc_Q011111111111111111\kplr007515762-2010355172524_llc.fits of type KeplerLightCurve .
This file may be corrupt due to an interrupted download. Please remove it from your disk and try again.
2026-01-04 00:45:25 | DEBUG    | ExoplanetDownloader | Retry 2 for KIC 7517261 after 4.0s: Error in reading Data product D:\.lightkurve\cache\mastDownload\Kepler\kplr007517261_lc_Q001111111111111111\kplr007517261-2011177032512_llc.fits of type KeplerLightCurve .
This file may be corrupt due to an interrupted download. Please remove it from your disk and try again.
2026-01-04 00:45:28 | DEBUG    | ExoplanetDownloader | Retry 1 for KIC 7529266 after 2.0s: Error in reading Data product D:\.lightkurve\cache\mastDownload\Kepler\kplr007529266_lc_Q011111111111111111\kplr007529266-2009259160929_llc.fits of type KeplerLightCurve .
This file may be corrupt due to an interrupted download. Please remove it from your disk and try again.
2026-01-04 00:45:30 | DEBUG    | ExoplanetDownloader | Retry 1 for KIC 7522911 after 2.0s: Error in reading Data product D:\.lightkurve\cache\mastDownload\Kepler\kplr007522911_lc_Q011111111111111111\kplr007522911-2010265121752_llc.fits of type KeplerLightCurve .
This file may be corrupt due to an interrupted download. Please remove it from your disk and try again.
2026-01-04 00:45:31 | DEBUG    | ExoplanetDownloader | Retry 1 for KIC 7534267 after 2.0s: Error in reading Data product D:\.lightkurve\cache\mastDownload\Kepler\kplr007534267_lc_Q011111111111111111\kplr007534267-2010355172524_llc.fits of type KeplerLightCurve .
This file may be corrupt due to an interrupted download. Please remove it from your disk and try again.
2026-01-04 00:45:32 | DEBUG    | ExoplanetDownloader | Retry 2 for KIC 7529266 after 4.0s: Error in reading Data product D:\.lightkurve\cache\mastDownload\Kepler\kplr007529266_lc_Q011111111111111111\kplr007529266-2009259160929_llc.fits of type KeplerLightCurve .
This file may be corrupt due to an interrupted download. Please remove it from your disk and try again.
2026-01-04 00:45:34 | DEBUG    | ExoplanetDownloader | Retry 1 for KIC 7584650 after 2.0s: Error in reading Data product D:\.lightkurve\cache\mastDownload\Kepler\kplr007584650_lc_Q111111111111111111\kplr007584650-2011073133259_llc.fits of type KeplerLightCurve .
This file may be corrupt due to an interrupted download. Please remove it from your disk and try again.
2026-01-04 00:45:35 | DEBUG    | ExoplanetDownloader | Retry 1 for KIC 7585481 after 2.0s: Error in reading Data product D:\.lightkurve\cache\mastDownload\Kepler\kplr007585481_lc_Q011111111111111111\kplr007585481-2010265121752_llc.fits of type KeplerLightCurve .
This file may be corrupt due to an interrupted download. Please remove it from your disk and try again.
2026-01-04 00:45:35 | DEBUG    | ExoplanetDownloader | Retry 1 for KIC 7596240 after 2.0s: Error in reading Data product D:\.lightkurve\cache\mastDownload\Kepler\kplr007596240_lc_Q011111111111111111\kplr007596240-2010078095331_llc.fits of type KeplerLightCurve .
This file may be corrupt due to an interrupted download. Please remove it from your disk and try again.
2026-01-04 00:45:36 | DEBUG    | ExoplanetDownloader | Retry 2 for KIC 7522911 after 4.0s: Error in reading Data product D:\.lightkurve\cache\mastDownload\Kepler\kplr007522911_lc_Q011111111111111111\kplr007522911-2010265121752_llc.fits of type KeplerLightCurve .
This file may be corrupt due to an interrupted download. Please remove it from your disk and try again.
2026-01-04 00:45:36 | DEBUG    | ExoplanetDownloader | Retry 2 for KIC 7534267 after 4.0s: Error in reading Data product D:\.lightkurve\cache\mastDownload\Kepler\kplr007534267_lc_Q011111111111111111\kplr007534267-2010355172524_llc.fits of type KeplerLightCurve .
This file may be corrupt due to an interrupted download. Please remove it from your disk and try again.
2026-01-04 00:45:37 | DEBUG    | ExoplanetDownloader | Retry 1 for KIC 7626506 after 2.0s: Error in reading Data product D:\.lightkurve\cache\mastDownload\Kepler\kplr007626506_lc_Q011111111111111111\kplr007626506-2010174085026_llc.fits of type KeplerLightCurve .
This file may be corrupt due to an interrupted download. Please remove it from your disk and try again.
2026-01-04 00:45:37 | DEBUG    | ExoplanetDownloader | Retry 1 for KIC 7603200 after 2.0s: Error in reading Data product D:\.lightkurve\cache\mastDownload\Kepler\kplr007603200_lc_Q111111111111111111\kplr007603200-2012277125453_llc.fits of type KeplerLightCurve .
This file may be corrupt due to an interrupted download. Please remove it from your disk and try again.
2026-01-04 00:45:38 | DEBUG    | ExoplanetDownloader | Retry 2 for KIC 7585481 after 4.0s: Error in reading Data product D:\.lightkurve\cache\mastDownload\Kepler\kplr007585481_lc_Q011111111111111111\kplr007585481-2010265121752_llc.fits of type KeplerLightCurve .
This file may be corrupt due to an interrupted download. Please remove it from your disk and try again.
2026-01-04 00:45:38 | DEBUG    | ExoplanetDownloader | Retry 2 for KIC 7584650 after 4.0s: Error in reading Data product D:\.lightkurve\cache\mastDownload\Kepler\kplr007584650_lc_Q111111111111111111\kplr007584650-2011073133259_llc.fits of type KeplerLightCurve .
This file may be corrupt due to an interrupted download. Please remove it from your disk and try again.
2026-01-04 00:45:38 | DEBUG    | ExoplanetDownloader | Retry 2 for KIC 7596240 after 4.0s: Error in reading Data product D:\.lightkurve\cache\mastDownload\Kepler\kplr007596240_lc_Q011111111111111111\kplr007596240-2010078095331_llc.fits of type KeplerLightCurve .
This file may be corrupt due to an interrupted download. Please remove it from your disk and try again.
2026-01-04 00:45:39 | DEBUG    | ExoplanetDownloader | Retry 1 for KIC 7670943 after 2.0s: Error in reading Data product D:\.lightkurve\cache\mastDownload\Kepler\kplr007670943_lc_Q111111111111111111\kplr007670943-2010078095331_llc.fits of type KeplerLightCurve .
This file may be corrupt due to an interrupted download. Please remove it from your disk and try again.
2026-01-04 00:45:40 | DEBUG    | ExoplanetDownloader | Retry 2 for KIC 7626506 after 4.0s: Error in reading Data product D:\.lightkurve\cache\mastDownload\Kepler\kplr007626506_lc_Q011111111111111111\kplr007626506-2010174085026_llc.fits of type KeplerLightCurve .
This file may be corrupt due to an interrupted download. Please remove it from your disk and try again.
2026-01-04 00:45:41 | DEBUG    | ExoplanetDownloader | Retry 2 for KIC 7603200 after 4.0s: Error in reading Data product D:\.lightkurve\cache\mastDownload\Kepler\kplr007603200_lc_Q111111111111111111\kplr007603200-2012277125453_llc.fits of type KeplerLightCurve .
This file may be corrupt due to an interrupted download. Please remove it from your disk and try again.
2026-01-04 00:45:42 | DEBUG    | ExoplanetDownloader | Retry 2 for KIC 7670943 after 4.0s: Error in reading Data product D:\.lightkurve\cache\mastDownload\Kepler\kplr007670943_lc_Q111111111111111111\kplr007670943-2010078095331_llc.fits of type KeplerLightCurve .
This file may be corrupt due to an interrupted download. Please remove it from your disk and try again.
2026-01-04 00:45:44 | DEBUG    | ExoplanetDownloader | Retry 1 for KIC 7673841 after 2.0s: Error in reading Data product D:\.lightkurve\cache\mastDownload\Kepler\kplr007673841_lc_Q111111111111111111\kplr007673841-2010174085026_llc.fits of type KeplerLightCurve .
This file may be corrupt due to an interrupted download. Please remove it from your disk and try again.
2026-01-04 00:45:45 | DEBUG    | ExoplanetDownloader | Retry 1 for KIC 7672097 after 2.0s: Error in reading Data product D:\.lightkurve\cache\mastDownload\Kepler\kplr007672097_lc_Q011111111111111111\kplr007672097-2012004120508_llc.fits of type KeplerLightCurve .
This file may be corrupt due to an interrupted download. Please remove it from your disk and try again.
2026-01-04 00:45:47 | DEBUG    | ExoplanetDownloader | Retry 1 for KIC 7685981 after 2.0s: Error in reading Data product D:\.lightkurve\cache\mastDownload\Kepler\kplr007685981_lc_Q001101111111111111\kplr007685981-2011073133259_llc.fits of type KeplerLightCurve .
This file may be corrupt due to an interrupted download. Please remove it from your disk and try again.
2026-01-04 00:45:47 | DEBUG    | ExoplanetDownloader | Retry 1 for KIC 7690844 after 2.0s: Error in reading Data product D:\.lightkurve\cache\mastDownload\Kepler\kplr007690844_lc_Q011111111111111111\kplr007690844-2010265121752_llc.fits of type KeplerLightCurve .
This file may be corrupt due to an interrupted download. Please remove it from your disk and try again.
2026-01-04 00:45:48 | DEBUG    | ExoplanetDownloader | Retry 1 for KIC 7700622 after 2.0s: Error in reading Data product D:\.lightkurve\cache\mastDownload\Kepler\kplr007700622_lc_Q111111111111111111\kplr007700622-2009259160929_llc.fits of type KeplerLightCurve .
This file may be corrupt due to an interrupted download. Please remove it from your disk and try again.
2026-01-04 00:45:49 | DEBUG    | ExoplanetDownloader | Retry 2 for KIC 7673841 after 4.0s: Error in reading Data product D:\.lightkurve\cache\mastDownload\Kepler\kplr007673841_lc_Q111111111111111111\kplr007673841-2010174085026_llc.fits of type KeplerLightCurve .
This file may be corrupt due to an interrupted download. Please remove it from your disk and try again.
2026-01-04 00:45:50 | DEBUG    | ExoplanetDownloader | Retry 1 for KIC 7691260 after 2.0s: Error in reading Data product D:\.lightkurve\cache\mastDownload\Kepler\kplr007691260_lc_Q011111111111111111\kplr007691260-2011271113734_llc.fits of type KeplerLightCurve .
This file may be corrupt due to an interrupted download. Please remove it from your disk and try again.
2026-01-04 00:45:52 | DEBUG    | ExoplanetDownloader | Retry 2 for KIC 7700622 after 4.0s: Error in reading Data product D:\.lightkurve\cache\mastDownload\Kepler\kplr007700622_lc_Q111111111111111111\kplr007700622-2009259160929_llc.fits of type KeplerLightCurve .
This file may be corrupt due to an interrupted download. Please remove it from your disk and try again.
2026-01-04 00:45:53 | DEBUG    | ExoplanetDownloader | Retry 2 for KIC 7685981 after 4.0s: Error in reading Data product D:\.lightkurve\cache\mastDownload\Kepler\kplr007685981_lc_Q001101111111111111\kplr007685981-2011073133259_llc.fits of type KeplerLightCurve .
This file may be corrupt due to an interrupted download. Please remove it from your disk and try again.
2026-01-04 00:45:53 | DEBUG    | ExoplanetDownloader | Retry 2 for KIC 7690844 after 4.0s: Error in reading Data product D:\.lightkurve\cache\mastDownload\Kepler\kplr007690844_lc_Q011111111111111111\kplr007690844-2010265121752_llc.fits of type KeplerLightCurve .
This file may be corrupt due to an interrupted download. Please remove it from your disk and try again.
2026-01-04 00:45:53 | DEBUG    | ExoplanetDownloader | Retry 2 for KIC 7672097 after 4.0s: Error in reading Data product D:\.lightkurve\cache\mastDownload\Kepler\kplr007672097_lc_Q011111111111111111\kplr007672097-2012004120508_llc.fits of type KeplerLightCurve .
This file may be corrupt due to an interrupted download. Please remove it from your disk and try again.
2026-01-04 00:45:55 | DEBUG    | ExoplanetDownloader | Retry 1 for KIC 7742408 after 2.0s: Error in reading Data product D:\.lightkurve\cache\mastDownload\Kepler\kplr007742408_lc_Q111111111111111111\kplr007742408-2011271113734_llc.fits of type KeplerLightCurve .
This file may be corrupt due to an interrupted download. Please remove it from your disk and try again.
2026-01-04 00:45:55 | DEBUG    | ExoplanetDownloader | Retry 2 for KIC 7691260 after 4.0s: Error in reading Data product D:\.lightkurve\cache\mastDownload\Kepler\kplr007691260_lc_Q011111111111111111\kplr007691260-2011271113734_llc.fits of type KeplerLightCurve .
This file may be corrupt due to an interrupted download. Please remove it from your disk and try again.
2026-01-04 00:45:55 | DEBUG    | ExoplanetDownloader | Retry 1 for KIC 7747425 after 2.0s: Error in reading Data product D:\.lightkurve\cache\mastDownload\Kepler\kplr007747425_lc_Q011111111111111111\kplr007747425-2010078095331_llc.fits of type KeplerLightCurve .
This file may be corrupt due to an interrupted download. Please remove it from your disk and try again.
2026-01-04 00:45:57 | DEBUG    | ExoplanetDownloader | Retry 1 for KIC 7755636 after 2.0s: Error in reading Data product D:\.lightkurve\cache\mastDownload\Kepler\kplr007755636_lc_Q111111111111111111\kplr007755636-2009259160929_llc.fits of type KeplerLightCurve .
This file may be corrupt due to an interrupted download. Please remove it from your disk and try again.
2026-01-04 00:46:00 | DEBUG    | ExoplanetDownloader | Retry 2 for KIC 7747425 after 4.0s: Error in reading Data product D:\.lightkurve\cache\mastDownload\Kepler\kplr007747425_lc_Q011111111111111111\kplr007747425-2010078095331_llc.fits of type KeplerLightCurve .
This file may be corrupt due to an interrupted download. Please remove it from your disk and try again.
2026-01-04 00:46:01 | DEBUG    | ExoplanetDownloader | Retry 2 for KIC 7755636 after 4.0s: Error in reading Data product D:\.lightkurve\cache\mastDownload\Kepler\kplr007755636_lc_Q111111111111111111\kplr007755636-2009259160929_llc.fits of type KeplerLightCurve .
This file may be corrupt due to an interrupted download. Please remove it from your disk and try again.
2026-01-04 00:46:01 | DEBUG    | ExoplanetDownloader | Retry 2 for KIC 7742408 after 4.0s: Error in reading Data product D:\.lightkurve\cache\mastDownload\Kepler\kplr007742408_lc_Q111111111111111111\kplr007742408-2011271113734_llc.fits of type KeplerLightCurve .
This file may be corrupt due to an interrupted download. Please remove it from your disk and try again.
2026-01-04 00:46:01 | DEBUG    | ExoplanetDownloader | Retry 1 for KIC 7761545 after 2.0s: Error in reading Data product D:\.lightkurve\cache\mastDownload\Kepler\kplr007761545_lc_Q011111111111111111\kplr007761545-2010174085026_llc.fits of type KeplerLightCurve .
This file may be corrupt due to an interrupted download. Please remove it from your disk and try again.
2026-01-04 00:46:02 | DEBUG    | ExoplanetDownloader | Retry 1 for KIC 7761918 after 2.0s: Error in reading Data product D:\.lightkurve\cache\mastDownload\Kepler\kplr007761918_lc_Q111111111111111111\kplr007761918-2009166043257_llc.fits of type KeplerLightCurve .
This file may be corrupt due to an interrupted download. Please remove it from your disk and try again.
2026-01-04 00:46:04 | DEBUG    | ExoplanetDownloader | Retry 1 for KIC 7764367 after 2.0s: Error in reading Data product D:\.lightkurve\cache\mastDownload\Kepler\kplr007764367_lc_Q011111111111111111\kplr007764367-2011177032512_llc.fits of type KeplerLightCurve .
This file may be corrupt due to an interrupted download. Please remove it from your disk and try again.
2026-01-04 00:46:05 | DEBUG    | ExoplanetDownloader | Retry 2 for KIC 7761918 after 4.0s: Error in reading Data product D:\.lightkurve\cache\mastDownload\Kepler\kplr007761918_lc_Q111111111111111111\kplr007761918-2009166043257_llc.fits of type KeplerLightCurve .
This file may be corrupt due to an interrupted download. Please remove it from your disk and try again.
2026-01-04 00:46:05 | DEBUG    | ExoplanetDownloader | Retry 2 for KIC 7761545 after 4.0s: Error in reading Data product D:\.lightkurve\cache\mastDownload\Kepler\kplr007761545_lc_Q011111111111111111\kplr007761545-2010174085026_llc.fits of type KeplerLightCurve .
This file may be corrupt due to an interrupted download. Please remove it from your disk and try again.
2026-01-04 00:46:05 | DEBUG    | ExoplanetDownloader | Retry 1 for KIC 7767162 after 2.0s: Error in reading Data product D:\.lightkurve\cache\mastDownload\Kepler\kplr007767162_lc_Q001110111011111111\kplr007767162-2010265121752_llc.fits of type KeplerLightCurve .
This file may be corrupt due to an interrupted download. Please remove it from your disk and try again.
2026-01-04 00:46:06 | DEBUG    | ExoplanetDownloader | Retry 1 for KIC 7778437 after 2.0s: Error in reading Data product D:\.lightkurve\cache\mastDownload\Kepler\kplr007778437_lc_Q011111111111111111\kplr007778437-2011177032512_llc.fits of type KeplerLightCurve .
This file may be corrupt due to an interrupted download. Please remove it from your disk and try again.
2026-01-04 00:46:07 | DEBUG    | ExoplanetDownloader | Retry 2 for KIC 7764367 after 4.0s: Error in reading Data product D:\.lightkurve\cache\mastDownload\Kepler\kplr007764367_lc_Q011111111111111111\kplr007764367-2011177032512_llc.fits of type KeplerLightCurve .
This file may be corrupt due to an interrupted download. Please remove it from your disk and try again.
2026-01-04 00:46:08 | DEBUG    | ExoplanetDownloader | Retry 1 for KIC 7815744 after 2.0s: Error in reading Data product D:\.lightkurve\cache\mastDownload\Kepler\kplr007815744_lc_Q010101010101010101\kplr007815744-2012179063303_llc.fits of type KeplerLightCurve .
This file may be corrupt due to an interrupted download. Please remove it from your disk and try again.
2026-01-04 00:46:08 | DEBUG    | ExoplanetDownloader | Retry 2 for KIC 7767162 after 4.0s: Error in reading Data product D:\.lightkurve\cache\mastDownload\Kepler\kplr007767162_lc_Q001110111011111111\kplr007767162-2010265121752_llc.fits of type KeplerLightCurve .
This file may be corrupt due to an interrupted download. Please remove it from your disk and try again.
2026-01-04 00:46:09 | DEBUG    | ExoplanetDownloader | Retry 1 for KIC 7808587 after 2.0s: Error in reading Data product D:\.lightkurve\cache\mastDownload\Kepler\kplr007808587_lc_Q011111111111111111\kplr007808587-2013011073258_llc.fits of type KeplerLightCurve .
This file may be corrupt due to an interrupted download. Please remove it from your disk and try again.
2026-01-04 00:46:09 | DEBUG    | ExoplanetDownloader | Retry 1 for KIC 7826620 after 2.0s: Error in reading Data product D:\.lightkurve\cache\mastDownload\Kepler\kplr007826620_lc_Q011111111111111111\kplr007826620-2010265121752_llc.fits of type KeplerLightCurve .
This file may be corrupt due to an interrupted download. Please remove it from your disk and try again.
2026-01-04 00:46:09 | DEBUG    | ExoplanetDownloader | Retry 2 for KIC 7778437 after 4.0s: Error in reading Data product D:\.lightkurve\cache\mastDownload\Kepler\kplr007778437_lc_Q011111111111111111\kplr007778437-2011177032512_llc.fits of type KeplerLightCurve .
This file may be corrupt due to an interrupted download. Please remove it from your disk and try again.
2026-01-04 00:46:11 | DEBUG    | ExoplanetDownloader | Retry 2 for KIC 7815744 after 4.0s: Error in reading Data product D:\.lightkurve\cache\mastDownload\Kepler\kplr007815744_lc_Q010101010101010101\kplr007815744-2012179063303_llc.fits of type KeplerLightCurve .
This file may be corrupt due to an interrupted download. Please remove it from your disk and try again.
2026-01-04 00:46:12 | DEBUG    | ExoplanetDownloader | Retry 1 for KIC 7826659 after 2.0s: Error in reading Data product D:\.lightkurve\cache\mastDownload\Kepler\kplr007826659_lc_Q011111111111111111\kplr007826659-2010265121752_llc.fits of type KeplerLightCurve .
This file may be corrupt due to an interrupted download. Please remove it from your disk and try again.
2026-01-04 00:46:14 | DEBUG    | ExoplanetDownloader | Retry 1 for KIC 7838675 after 2.0s: Error in reading Data product D:\.lightkurve\cache\mastDownload\Kepler\kplr007838675_lc_Q011111111111111111\kplr007838675-2010174085026_llc.fits of type KeplerLightCurve .
This file may be corrupt due to an interrupted download. Please remove it from your disk and try again.
2026-01-04 00:46:14 | DEBUG    | ExoplanetDownloader | Retry 2 for KIC 7826620 after 4.0s: Error in reading Data product D:\.lightkurve\cache\mastDownload\Kepler\kplr007826620_lc_Q011111111111111111\kplr007826620-2010265121752_llc.fits of type KeplerLightCurve .
This file may be corrupt due to an interrupted download. Please remove it from your disk and try again.
2026-01-04 00:46:15 | DEBUG    | ExoplanetDownloader | Retry 2 for KIC 7808587 after 4.0s: Error in reading Data product D:\.lightkurve\cache\mastDownload\Kepler\kplr007808587_lc_Q011111111111111111\kplr007808587-2013011073258_llc.fits of type KeplerLightCurve .
This file may be corrupt due to an interrupted download. Please remove it from your disk and try again.
2026-01-04 00:46:15 | DEBUG    | ExoplanetDownloader | Retry 2 for KIC 7826659 after 4.0s: Error in reading Data product D:\.lightkurve\cache\mastDownload\Kepler\kplr007826659_lc_Q011111111111111111\kplr007826659-2010265121752_llc.fits of type KeplerLightCurve .
This file may be corrupt due to an interrupted download. Please remove it from your disk and try again.
2026-01-04 00:46:16 | DEBUG    | ExoplanetDownloader | Retry 1 for KIC 7869917 after 2.0s: Error in reading Data product D:\.lightkurve\cache\mastDownload\Kepler\kplr007869917_lc_Q111111111111111111\kplr007869917-2011073133259_llc.fits of type KeplerLightCurve .
This file may be corrupt due to an interrupted download. Please remove it from your disk and try again.
2026-01-04 00:46:16 | DEBUG    | ExoplanetDownloader | Retry 2 for KIC 7838675 after 4.0s: Error in reading Data product D:\.lightkurve\cache\mastDownload\Kepler\kplr007838675_lc_Q011111111111111111\kplr007838675-2010174085026_llc.fits of type KeplerLightCurve .
This file may be corrupt due to an interrupted download. Please remove it from your disk and try again.
2026-01-04 00:46:17 | DEBUG    | ExoplanetDownloader | Retry 1 for KIC 7877978 after 2.0s: Error in reading Data product D:\.lightkurve\cache\mastDownload\Kepler\kplr007877978_lc_Q011111111111111111\kplr007877978-2010265121752_llc.fits of type KeplerLightCurve .
This file may be corrupt due to an interrupted download. Please remove it from your disk and try again.
2026-01-04 00:46:17 | DEBUG    | ExoplanetDownloader | Retry 1 for KIC 7898352 after 2.0s: Error in reading Data product D:\.lightkurve\cache\mastDownload\Kepler\kplr007898352_lc_Q011111111111111111\kplr007898352-2009350155506_llc.fits of type KeplerLightCurve .
This file may be corrupt due to an interrupted download. Please remove it from your disk and try again.
2026-01-04 00:46:17 | DEBUG    | ExoplanetDownloader | Retry 1 for KIC 7901948 after 2.0s: Error in reading Data product D:\.lightkurve\cache\mastDownload\Kepler\kplr007901948_lc_Q011111111111111111\kplr007901948-2009350155506_llc.fits of type KeplerLightCurve .
This file may be corrupt due to an interrupted download. Please remove it from your disk and try again.
2026-01-04 00:46:22 | DEBUG    | ExoplanetDownloader | Retry 2 for KIC 7901948 after 4.0s: Error in reading Data product D:\.lightkurve\cache\mastDownload\Kepler\kplr007901948_lc_Q011111111111111111\kplr007901948-2009350155506_llc.fits of type KeplerLightCurve .
This file may be corrupt due to an interrupted download. Please remove it from your disk and try again.
2026-01-04 00:46:22 | DEBUG    | ExoplanetDownloader | Retry 2 for KIC 7898352 after 4.0s: Error in reading Data product D:\.lightkurve\cache\mastDownload\Kepler\kplr007898352_lc_Q011111111111111111\kplr007898352-2009350155506_llc.fits of type KeplerLightCurve .
This file may be corrupt due to an interrupted download. Please remove it from your disk and try again.
2026-01-04 00:46:23 | DEBUG    | ExoplanetDownloader | Retry 2 for KIC 7869917 after 4.0s: Error in reading Data product D:\.lightkurve\cache\mastDownload\Kepler\kplr007869917_lc_Q111111111111111111\kplr007869917-2011073133259_llc.fits of type KeplerLightCurve .
This file may be corrupt due to an interrupted download. Please remove it from your disk and try again.
2026-01-04 00:46:24 | DEBUG    | ExoplanetDownloader | Retry 2 for KIC 7877978 after 4.0s: Error in reading Data product D:\.lightkurve\cache\mastDownload\Kepler\kplr007877978_lc_Q011111111111111111\kplr007877978-2010265121752_llc.fits of type KeplerLightCurve .
This file may be corrupt due to an interrupted download. Please remove it from your disk and try again.
2026-01-04 00:46:25 | DEBUG    | ExoplanetDownloader | Retry 1 for KIC 7918992 after 2.0s: Error in reading Data product D:\.lightkurve\cache\mastDownload\Kepler\kplr007918992_lc_Q011111111111111111\kplr007918992-2011271113734_llc.fits of type KeplerLightCurve .
This file may be corrupt due to an interrupted download. Please remove it from your disk and try again.
2026-01-04 00:46:26 | DEBUG    | ExoplanetDownloader | Retry 1 for KIC 7935997 after 2.0s: Error in reading Data product D:\.lightkurve\cache\mastDownload\Kepler\kplr007935997_lc_Q111111111111111111\kplr007935997-2009131105131_llc.fits of type KeplerLightCurve .
This file may be corrupt due to an interrupted download. Please remove it from your disk and try again.
2026-01-04 00:46:29 | DEBUG    | ExoplanetDownloader | Retry 1 for KIC 7938496 after 2.0s: Error in reading Data product D:\.lightkurve\cache\mastDownload\Kepler\kplr007938496_lc_Q011101111111111111\kplr007938496-2011073133259_llc.fits of type KeplerLightCurve .
This file may be corrupt due to an interrupted download. Please remove it from your disk and try again.
2026-01-04 00:46:29 | DEBUG    | ExoplanetDownloader | Retry 2 for KIC 7935997 after 4.0s: Error in reading Data product D:\.lightkurve\cache\mastDownload\Kepler\kplr007935997_lc_Q111111111111111111\kplr007935997-2009131105131_llc.fits of type KeplerLightCurve .
This file may be corrupt due to an interrupted download. Please remove it from your disk and try again.
2026-01-04 00:46:29 | DEBUG    | ExoplanetDownloader | Retry 1 for KIC 7977197 after 2.0s: Error in reading Data product D:\.lightkurve\cache\mastDownload\Kepler\kplr007977197_lc_Q011111111111111111\kplr007977197-2009166043257_llc.fits of type KeplerLightCurve .
This file may be corrupt due to an interrupted download. Please remove it from your disk and try again.
2026-01-04 00:46:30 | DEBUG    | ExoplanetDownloader | Retry 1 for KIC 7960980 after 2.0s: Error in reading Data product D:\.lightkurve\cache\mastDownload\Kepler\kplr007960980_lc_Q001010101010101010\kplr007960980-2012088054726_llc.fits of type KeplerLightCurve .
This file may be corrupt due to an interrupted download. Please remove it from your disk and try again.
2026-01-04 00:46:32 | DEBUG    | ExoplanetDownloader | Retry 2 for KIC 7918992 after 4.0s: Error in reading Data product D:\.lightkurve\cache\mastDownload\Kepler\kplr007918992_lc_Q011111111111111111\kplr007918992-2011271113734_llc.fits of type KeplerLightCurve .
This file may be corrupt due to an interrupted download. Please remove it from your disk and try again.
2026-01-04 00:46:32 | DEBUG    | ExoplanetDownloader | Retry 2 for KIC 7977197 after 4.0s: Error in reading Data product D:\.lightkurve\cache\mastDownload\Kepler\kplr007977197_lc_Q011111111111111111\kplr007977197-2009166043257_llc.fits of type KeplerLightCurve .
This file may be corrupt due to an interrupted download. Please remove it from your disk and try again.
2026-01-04 00:46:34 | DEBUG    | ExoplanetDownloader | Retry 2 for KIC 7938496 after 4.0s: Error in reading Data product D:\.lightkurve\cache\mastDownload\Kepler\kplr007938496_lc_Q011101111111111111\kplr007938496-2011073133259_llc.fits of type KeplerLightCurve .
This file may be corrupt due to an interrupted download. Please remove it from your disk and try again.
2026-01-04 00:46:34 | DEBUG    | ExoplanetDownloader | Retry 1 for KIC 7987866 after 2.0s: Error in reading Data product D:\.lightkurve\cache\mastDownload\Kepler\kplr007987866_lc_Q011111111111111111\kplr007987866-2010355172524_llc.fits of type KeplerLightCurve .
This file may be corrupt due to an interrupted download. Please remove it from your disk and try again.
2026-01-04 00:46:35 | DEBUG    | ExoplanetDownloader | Retry 2 for KIC 7960980 after 4.0s: Error in reading Data product D:\.lightkurve\cache\mastDownload\Kepler\kplr007960980_lc_Q001010101010101010\kplr007960980-2012088054726_llc.fits of type KeplerLightCurve .
This file may be corrupt due to an interrupted download. Please remove it from your disk and try again.
2026-01-04 00:46:35 | DEBUG    | ExoplanetDownloader | Retry 1 for KIC 8004903 after 2.0s: Error in reading Data product D:\.lightkurve\cache\mastDownload\Kepler\kplr008004903_lc_Q011100000000111111\kplr008004903-2013098041711_llc.fits of type KeplerLightCurve .
This file may be corrupt due to an interrupted download. Please remove it from your disk and try again.
2026-01-04 00:46:36 | DEBUG    | ExoplanetDownloader | Retry 1 for KIC 8007644 after 2.0s: Error in reading Data product D:\.lightkurve\cache\mastDownload\Kepler\kplr008007644_lc_Q011111111111111111\kplr008007644-2010078095331_llc.fits of type KeplerLightCurve .
This file may be corrupt due to an interrupted download. Please remove it from your disk and try again.
2026-01-04 00:46:37 | DEBUG    | ExoplanetDownloader | Retry 1 for KIC 8015907 after 2.0s: Error in reading Data product D:\.lightkurve\cache\mastDownload\Kepler\kplr008015907_lc_Q011111111111111111\kplr008015907-2010355172524_llc.fits of type KeplerLightCurve .
This file may be corrupt due to an interrupted download. Please remove it from your disk and try again.
2026-01-04 00:46:38 | DEBUG    | ExoplanetDownloader | Retry 2 for KIC 7987866 after 4.0s: Error in reading Data product D:\.lightkurve\cache\mastDownload\Kepler\kplr007987866_lc_Q011111111111111111\kplr007987866-2010355172524_llc.fits of type KeplerLightCurve .
This file may be corrupt due to an interrupted download. Please remove it from your disk and try again.
2026-01-04 00:46:40 | DEBUG    | ExoplanetDownloader | Retry 2 for KIC 8004903 after 4.0s: Error in reading Data product D:\.lightkurve\cache\mastDownload\Kepler\kplr008004903_lc_Q011100000000111111\kplr008004903-2013098041711_llc.fits of type KeplerLightCurve .
This file may be corrupt due to an interrupted download. Please remove it from your disk and try again.
2026-01-04 00:46:41 | DEBUG    | ExoplanetDownloader | Retry 1 for KIC 8026752 after 2.0s: Error in reading Data product D:\.lightkurve\cache\mastDownload\Kepler\kplr008026752_lc_Q011111111111111111\kplr008026752-2009350155506_llc.fits of type KeplerLightCurve .
This file may be corrupt due to an interrupted download. Please remove it from your disk and try again.
2026-01-04 00:46:41 | DEBUG    | ExoplanetDownloader | Retry 2 for KIC 8007644 after 4.0s: Error in reading Data product D:\.lightkurve\cache\mastDownload\Kepler\kplr008007644_lc_Q011111111111111111\kplr008007644-2010078095331_llc.fits of type KeplerLightCurve .
This file may be corrupt due to an interrupted download. Please remove it from your disk and try again.
2026-01-04 00:46:43 | DEBUG    | ExoplanetDownloader | Retry 2 for KIC 8015907 after 4.0s: Error in reading Data product D:\.lightkurve\cache\mastDownload\Kepler\kplr008015907_lc_Q011111111111111111\kplr008015907-2010355172524_llc.fits of type KeplerLightCurve .
This file may be corrupt due to an interrupted download. Please remove it from your disk and try again.
2026-01-04 00:46:43 | DEBUG    | ExoplanetDownloader | Retry 1 for KIC 8025596 after 2.0s: Error in reading Data product D:\.lightkurve\cache\mastDownload\Kepler\kplr008025596_lc_Q011111111111111111\kplr008025596-2011073133259_llc.fits of type KeplerLightCurve .
This file may be corrupt due to an interrupted download. Please remove it from your disk and try again.
2026-01-04 00:46:44 | DEBUG    | ExoplanetDownloader | Retry 2 for KIC 8026752 after 4.0s: Error in reading Data product D:\.lightkurve\cache\mastDownload\Kepler\kplr008026752_lc_Q011111111111111111\kplr008026752-2009350155506_llc.fits of type KeplerLightCurve .
This file may be corrupt due to an interrupted download. Please remove it from your disk and try again.
2026-01-04 00:46:45 | DEBUG    | ExoplanetDownloader | Retry 1 for KIC 8036287 after 2.0s: Error in reading Data product D:\.lightkurve\cache\mastDownload\Kepler\kplr008036287_lc_Q011111111111111111\kplr008036287-2010174085026_llc.fits of type KeplerLightCurve .
This file may be corrupt due to an interrupted download. Please remove it from your disk and try again.
2026-01-04 00:46:51 | DEBUG    | ExoplanetDownloader | Retry 1 for KIC 8056665 after 2.0s: Error in reading Data product D:\.lightkurve\cache\mastDownload\Kepler\kplr008056665_lc_Q111111111111111111\kplr008056665-2009166043257_llc.fits of type KeplerLightCurve .
This file may be corrupt due to an interrupted download. Please remove it from your disk and try again.
2026-01-04 00:46:51 | DEBUG    | ExoplanetDownloader | Retry 1 for KIC 8037038 after 2.0s: Error in reading Data product D:\.lightkurve\cache\mastDownload\Kepler\kplr008037038_lc_Q001111111111111111\kplr008037038-2012004120508_llc.fits of type KeplerLightCurve .
This file may be corrupt due to an interrupted download. Please remove it from your disk and try again.
2026-01-04 00:46:52 | DEBUG    | ExoplanetDownloader | Retry 2 for KIC 8036287 after 4.0s: Error in reading Data product D:\.lightkurve\cache\mastDownload\Kepler\kplr008036287_lc_Q011111111111111111\kplr008036287-2010174085026_llc.fits of type KeplerLightCurve .
This file may be corrupt due to an interrupted download. Please remove it from your disk and try again.
2026-01-04 00:46:53 | DEBUG    | ExoplanetDownloader | Retry 2 for KIC 8025596 after 4.0s: Error in reading Data product D:\.lightkurve\cache\mastDownload\Kepler\kplr008025596_lc_Q011111111111111111\kplr008025596-2011073133259_llc.fits of type KeplerLightCurve .
This file may be corrupt due to an interrupted download. Please remove it from your disk and try again.
2026-01-04 00:46:53 | DEBUG    | ExoplanetDownloader | Retry 1 for KIC 8073705 after 2.0s: Error in reading Data product D:\.lightkurve\cache\mastDownload\Kepler\kplr008073705_lc_Q111111111111111111\kplr008073705-2010174085026_llc.fits of type KeplerLightCurve .
This file may be corrupt due to an interrupted download. Please remove it from your disk and try again.
2026-01-04 00:46:53 | DEBUG    | ExoplanetDownloader | Retry 2 for KIC 8056665 after 4.0s: Error in reading Data product D:\.lightkurve\cache\mastDownload\Kepler\kplr008056665_lc_Q111111111111111111\kplr008056665-2009166043257_llc.fits of type KeplerLightCurve .
This file may be corrupt due to an interrupted download. Please remove it from your disk and try again.
2026-01-04 00:46:54 | DEBUG    | ExoplanetDownloader | Retry 1 for KIC 8077137 after 2.0s: Error in reading Data product D:\.lightkurve\cache\mastDownload\Kepler\kplr008077137_lc_Q111111111111111111\kplr008077137-2010174085026_llc.fits of type KeplerLightCurve .
This file may be corrupt due to an interrupted download. Please remove it from your disk and try again.
2026-01-04 00:46:55 | DEBUG    | ExoplanetDownloader | Retry 1 for KIC 8081187 after 2.0s: Error in reading Data product D:\.lightkurve\cache\mastDownload\Kepler\kplr008081187_lc_Q111111111111111111\kplr008081187-2010265121752_llc.fits of type KeplerLightCurve .
This file may be corrupt due to an interrupted download. Please remove it from your disk and try again.
2026-01-04 00:46:55 | DEBUG    | ExoplanetDownloader | Retry 1 for KIC 8042453 after 2.0s: Error in reading Data product D:\.lightkurve\cache\mastDownload\Kepler\kplr008042453_lc_Q011111111111111111\kplr008042453-2013131215648_llc.fits of type KeplerLightCurve .
This file may be corrupt due to an interrupted download. Please remove it from your disk and try again.
2026-01-04 00:46:55 | DEBUG    | ExoplanetDownloader | Retry 2 for KIC 8037038 after 4.0s: Error in reading Data product D:\.lightkurve\cache\mastDownload\Kepler\kplr008037038_lc_Q001111111111111111\kplr008037038-2012004120508_llc.fits of type KeplerLightCurve .
This file may be corrupt due to an interrupted download. Please remove it from your disk and try again.
2026-01-04 00:46:56 | DEBUG    | ExoplanetDownloader | Retry 2 for KIC 8073705 after 4.0s: Error in reading Data product D:\.lightkurve\cache\mastDownload\Kepler\kplr008073705_lc_Q111111111111111111\kplr008073705-2010174085026_llc.fits of type KeplerLightCurve .
This file may be corrupt due to an interrupted download. Please remove it from your disk and try again.
2026-01-04 00:46:58 | DEBUG    | ExoplanetDownloader | Retry 2 for KIC 8077137 after 4.0s: Error in reading Data product D:\.lightkurve\cache\mastDownload\Kepler\kplr008077137_lc_Q111111111111111111\kplr008077137-2010174085026_llc.fits of type KeplerLightCurve .
This file may be corrupt due to an interrupted download. Please remove it from your disk and try again.
2026-01-04 00:47:00 | DEBUG    | ExoplanetDownloader | Retry 2 for KIC 8081187 after 4.0s: Error in reading Data product D:\.lightkurve\cache\mastDownload\Kepler\kplr008081187_lc_Q111111111111111111\kplr008081187-2010265121752_llc.fits of type KeplerLightCurve .
This file may be corrupt due to an interrupted download. Please remove it from your disk and try again.
2026-01-04 00:47:04 | DEBUG    | ExoplanetDownloader | Retry 1 for KIC 8082001 after 2.0s: Error in reading Data product D:\.lightkurve\cache\mastDownload\Kepler\kplr008082001_lc_Q000011111111111111\kplr008082001-2012004120508_llc.fits of type KeplerLightCurve .
This file may be corrupt due to an interrupted download. Please remove it from your disk and try again.
2026-01-04 00:47:04 | DEBUG    | ExoplanetDownloader | Retry 1 for KIC 8095441 after 2.0s: Error in reading Data product D:\.lightkurve\cache\mastDownload\Kepler\kplr008095441_lc_Q011111111111111111\kplr008095441-2010174085026_llc.fits of type KeplerLightCurve .
This file may be corrupt due to an interrupted download. Please remove it from your disk and try again.
2026-01-04 00:47:04 | DEBUG    | ExoplanetDownloader | Retry 2 for KIC 8042453 after 4.0s: Error in reading Data product D:\.lightkurve\cache\mastDownload\Kepler\kplr008042453_lc_Q011111111111111111\kplr008042453-2013131215648_llc.fits of type KeplerLightCurve .
This file may be corrupt due to an interrupted download. Please remove it from your disk and try again.
2026-01-04 00:47:05 | DEBUG    | ExoplanetDownloader | Retry 1 for KIC 8105398 after 2.0s: Error in reading Data product D:\.lightkurve\cache\mastDownload\Kepler\kplr008105398_lc_Q111111111111111111\kplr008105398-2009131105131_llc.fits of type KeplerLightCurve .
This file may be corrupt due to an interrupted download. Please remove it from your disk and try again.
2026-01-04 00:47:08 | DEBUG    | ExoplanetDownloader | Retry 2 for KIC 8105398 after 4.0s: Error in reading Data product D:\.lightkurve\cache\mastDownload\Kepler\kplr008105398_lc_Q111111111111111111\kplr008105398-2009131105131_llc.fits of type KeplerLightCurve .
This file may be corrupt due to an interrupted download. Please remove it from your disk and try again.
2026-01-04 00:47:09 | DEBUG    | ExoplanetDownloader | Retry 1 for KIC 8107225 after 2.0s: Error in reading Data product D:\.lightkurve\cache\mastDownload\Kepler\kplr008107225_lc_Q011111111111111111\kplr008107225-2013011073258_llc.fits of type KeplerLightCurve .
This file may be corrupt due to an interrupted download. Please remove it from your disk and try again.
2026-01-04 00:47:09 | DEBUG    | ExoplanetDownloader | Retry 1 for KIC 8121310 after 2.0s: Error in reading Data product D:\.lightkurve\cache\mastDownload\Kepler\kplr008121310_lc_Q011111111111111111\kplr008121310-2010078095331_llc.fits of type KeplerLightCurve .
This file may be corrupt due to an interrupted download. Please remove it from your disk and try again.
2026-01-04 00:47:10 | DEBUG    | ExoplanetDownloader | Retry 2 for KIC 8095441 after 4.0s: Error in reading Data product D:\.lightkurve\cache\mastDownload\Kepler\kplr008095441_lc_Q011111111111111111\kplr008095441-2010174085026_llc.fits of type KeplerLightCurve .
This file may be corrupt due to an interrupted download. Please remove it from your disk and try again.
2026-01-04 00:47:11 | DEBUG    | ExoplanetDownloader | Retry 1 for KIC 8158127 after 2.0s: Error in reading Data product D:\.lightkurve\cache\mastDownload\Kepler\kplr008158127_lc_Q010101010101010101\kplr008158127-2012179063303_llc.fits of type KeplerLightCurve .
This file may be corrupt due to an interrupted download. Please remove it from your disk and try again.
2026-01-04 00:47:11 | DEBUG    | ExoplanetDownloader | Retry 2 for KIC 8082001 after 4.0s: Error in reading Data product D:\.lightkurve\cache\mastDownload\Kepler\kplr008082001_lc_Q000011111111111111\kplr008082001-2012004120508_llc.fits of type KeplerLightCurve .
This file may be corrupt due to an interrupted download. Please remove it from your disk and try again.
2026-01-04 00:47:11 | DEBUG    | ExoplanetDownloader | Retry 1 for KIC 8126558 after 2.0s: Error in reading Data product D:\.lightkurve\cache\mastDownload\Kepler\kplr008126558_lc_Q011111111111111111\kplr008126558-2011177032512_llc.fits of type KeplerLightCurve .
This file may be corrupt due to an interrupted download. Please remove it from your disk and try again.
2026-01-04 00:47:13 | DEBUG    | ExoplanetDownloader | Retry 2 for KIC 8121310 after 4.0s: Error in reading Data product D:\.lightkurve\cache\mastDownload\Kepler\kplr008121310_lc_Q011111111111111111\kplr008121310-2010078095331_llc.fits of type KeplerLightCurve .
This file may be corrupt due to an interrupted download. Please remove it from your disk and try again.
2026-01-04 00:47:16 | DEBUG    | ExoplanetDownloader | Retry 1 for KIC 8161561 after 2.0s: Error in reading Data product D:\.lightkurve\cache\mastDownload\Kepler\kplr008161561_lc_Q011111111111111111\kplr008161561-2009350155506_llc.fits of type KeplerLightCurve .
This file may be corrupt due to an interrupted download. Please remove it from your disk and try again.
2026-01-04 00:47:17 | DEBUG    | ExoplanetDownloader | Retry 2 for KIC 8158127 after 4.0s: Error in reading Data product D:\.lightkurve\cache\mastDownload\Kepler\kplr008158127_lc_Q010101010101010101\kplr008158127-2012179063303_llc.fits of type KeplerLightCurve .
This file may be corrupt due to an interrupted download. Please remove it from your disk and try again.
2026-01-04 00:47:18 | DEBUG    | ExoplanetDownloader | Retry 2 for KIC 8107225 after 4.0s: Error in reading Data product D:\.lightkurve\cache\mastDownload\Kepler\kplr008107225_lc_Q011111111111111111\kplr008107225-2013011073258_llc.fits of type KeplerLightCurve .
This file may be corrupt due to an interrupted download. Please remove it from your disk and try again.
2026-01-04 00:47:19 | DEBUG    | ExoplanetDownloader | Retry 1 for KIC 8162789 after 2.0s: Error in reading Data product D:\.lightkurve\cache\mastDownload\Kepler\kplr008162789_lc_Q011111111111111111\kplr008162789-2010174085026_llc.fits of type KeplerLightCurve .
This file may be corrupt due to an interrupted download. Please remove it from your disk and try again.
2026-01-04 00:47:19 | DEBUG    | ExoplanetDownloader | Retry 2 for KIC 8126558 after 4.0s: Error in reading Data product D:\.lightkurve\cache\mastDownload\Kepler\kplr008126558_lc_Q011111111111111111\kplr008126558-2011177032512_llc.fits of type KeplerLightCurve .
This file may be corrupt due to an interrupted download. Please remove it from your disk and try again.
2026-01-04 00:47:19 | DEBUG    | ExoplanetDownloader | Retry 2 for KIC 8161561 after 4.0s: Error in reading Data product D:\.lightkurve\cache\mastDownload\Kepler\kplr008161561_lc_Q011111111111111111\kplr008161561-2009350155506_llc.fits of type KeplerLightCurve .
This file may be corrupt due to an interrupted download. Please remove it from your disk and try again.
2026-01-04 00:47:20 | DEBUG    | ExoplanetDownloader | Retry 1 for KIC 8164012 after 2.0s: Error in reading Data product D:\.lightkurve\cache\mastDownload\Kepler\kplr008164012_lc_Q011111111111111111\kplr008164012-2009259160929_llc.fits of type KeplerLightCurve .
This file may be corrupt due to an interrupted download. Please remove it from your disk and try again.
2026-01-04 00:47:21 | DEBUG    | ExoplanetDownloader | Retry 1 for KIC 8168187 after 2.0s: Error in reading Data product D:\.lightkurve\cache\mastDownload\Kepler\kplr008168187_lc_Q011111111111111111\kplr008168187-2009259160929_llc.fits of type KeplerLightCurve .
This file may be corrupt due to an interrupted download. Please remove it from your disk and try again.
2026-01-04 00:47:22 | DEBUG    | ExoplanetDownloader | Retry 2 for KIC 8162789 after 4.0s: Error in reading Data product D:\.lightkurve\cache\mastDownload\Kepler\kplr008162789_lc_Q011111111111111111\kplr008162789-2010174085026_llc.fits of type KeplerLightCurve .
This file may be corrupt due to an interrupted download. Please remove it from your disk and try again.
2026-01-04 00:47:22 | DEBUG    | ExoplanetDownloader | Retry 2 for KIC 8164012 after 4.0s: Error in reading Data product D:\.lightkurve\cache\mastDownload\Kepler\kplr008164012_lc_Q011111111111111111\kplr008164012-2009259160929_llc.fits of type KeplerLightCurve .
This file may be corrupt due to an interrupted download. Please remove it from your disk and try again.
2026-01-04 00:47:23 | DEBUG    | ExoplanetDownloader | Retry 1 for KIC 8183288 after 2.0s: Error in reading Data product D:\.lightkurve\cache\mastDownload\Kepler\kplr008183288_lc_Q011111111111111111\kplr008183288-2012277125453_llc.fits of type KeplerLightCurve .
This file may be corrupt due to an interrupted download. Please remove it from your disk and try again.
2026-01-04 00:47:24 | DEBUG    | ExoplanetDownloader | Retry 2 for KIC 8168187 after 4.0s: Error in reading Data product D:\.lightkurve\cache\mastDownload\Kepler\kplr008168187_lc_Q011111111111111111\kplr008168187-2009259160929_llc.fits of type KeplerLightCurve .
This file may be corrupt due to an interrupted download. Please remove it from your disk and try again.
2026-01-04 00:47:28 | DEBUG    | ExoplanetDownloader | Retry 1 for KIC 8191672 after 2.0s: Error in reading Data product D:\.lightkurve\cache\mastDownload\Kepler\kplr008191672_lc_Q111111111111111111\kplr008191672-2010265121752_llc.fits of type KeplerLightCurve .
This file may be corrupt due to an interrupted download. Please remove it from your disk and try again.
2026-01-04 00:47:33 | DEBUG    | ExoplanetDownloader | Retry 1 for KIC 8219268 after 2.0s: Error in reading Data product D:\.lightkurve\cache\mastDownload\Kepler\kplr008219268_lc_Q111111111111111111\kplr008219268-2010078095331_llc.fits of type KeplerLightCurve .
This file may be corrupt due to an interrupted download. Please remove it from your disk and try again.
2026-01-04 00:47:34 | DEBUG    | ExoplanetDownloader | Retry 1 for KIC 8197343 after 2.0s: Error in reading Data product D:\.lightkurve\cache\mastDownload\Kepler\kplr008197343_lc_Q011111111111111111\kplr008197343-2011073133259_llc.fits of type KeplerLightCurve .
This file may be corrupt due to an interrupted download. Please remove it from your disk and try again.
2026-01-04 00:47:34 | DEBUG    | ExoplanetDownloader | Retry 1 for KIC 8212002 after 2.0s: Error in reading Data product D:\.lightkurve\cache\mastDownload\Kepler\kplr008212002_lc_Q011111111111111111\kplr008212002-2010265121752_llc.fits of type KeplerLightCurve .
This file may be corrupt due to an interrupted download. Please remove it from your disk and try again.
2026-01-04 00:47:34 | DEBUG    | ExoplanetDownloader | Retry 2 for KIC 8191672 after 4.0s: Error in reading Data product D:\.lightkurve\cache\mastDownload\Kepler\kplr008191672_lc_Q111111111111111111\kplr008191672-2010265121752_llc.fits of type KeplerLightCurve .
This file may be corrupt due to an interrupted download. Please remove it from your disk and try again.
2026-01-04 00:47:35 | DEBUG    | ExoplanetDownloader | Retry 1 for KIC 8240797 after 2.0s: Error in reading Data product D:\.lightkurve\cache\mastDownload\Kepler\kplr008240797_lc_Q111111111111111111\kplr008240797-2009350155506_llc.fits of type KeplerLightCurve .
This file may be corrupt due to an interrupted download. Please remove it from your disk and try again.
2026-01-04 00:47:35 | DEBUG    | ExoplanetDownloader | Retry 1 for KIC 8235924 after 2.0s: Error in reading Data product D:\.lightkurve\cache\mastDownload\Kepler\kplr008235924_lc_Q011111111111111111\kplr008235924-2010174085026_llc.fits of type KeplerLightCurve .
This file may be corrupt due to an interrupted download. Please remove it from your disk and try again.
2026-01-04 00:47:35 | DEBUG    | ExoplanetDownloader | Retry 2 for KIC 8183288 after 4.0s: Error in reading Data product D:\.lightkurve\cache\mastDownload\Kepler\kplr008183288_lc_Q011111111111111111\kplr008183288-2012277125453_llc.fits of type KeplerLightCurve .
This file may be corrupt due to an interrupted download. Please remove it from your disk and try again.
2026-01-04 00:47:35 | DEBUG    | ExoplanetDownloader | Retry 1 for KIC 8210018 after 2.0s: Error in reading Data product D:\.lightkurve\cache\mastDownload\Kepler\kplr008210018_lc_Q011111111111111111\kplr008210018-2011073133259_llc.fits of type KeplerLightCurve .
This file may be corrupt due to an interrupted download. Please remove it from your disk and try again.
2026-01-04 00:47:36 | DEBUG    | ExoplanetDownloader | Retry 2 for KIC 8219268 after 4.0s: Error in reading Data product D:\.lightkurve\cache\mastDownload\Kepler\kplr008219268_lc_Q111111111111111111\kplr008219268-2010078095331_llc.fits of type KeplerLightCurve .
This file may be corrupt due to an interrupted download. Please remove it from your disk and try again.
2026-01-04 00:47:39 | DEBUG    | ExoplanetDownloader | Retry 2 for KIC 8240797 after 4.0s: Error in reading Data product D:\.lightkurve\cache\mastDownload\Kepler\kplr008240797_lc_Q111111111111111111\kplr008240797-2009350155506_llc.fits of type KeplerLightCurve .
This file may be corrupt due to an interrupted download. Please remove it from your disk and try again.
2026-01-04 00:47:39 | DEBUG    | ExoplanetDownloader | Retry 2 for KIC 8212002 after 4.0s: Error in reading Data product D:\.lightkurve\cache\mastDownload\Kepler\kplr008212002_lc_Q011111111111111111\kplr008212002-2010265121752_llc.fits of type KeplerLightCurve .
This file may be corrupt due to an interrupted download. Please remove it from your disk and try again.
2026-01-04 00:47:41 | DEBUG    | ExoplanetDownloader | Retry 2 for KIC 8235924 after 4.0s: Error in reading Data product D:\.lightkurve\cache\mastDownload\Kepler\kplr008235924_lc_Q011111111111111111\kplr008235924-2010174085026_llc.fits of type KeplerLightCurve .
This file may be corrupt due to an interrupted download. Please remove it from your disk and try again.
2026-01-04 00:47:42 | DEBUG    | ExoplanetDownloader | Retry 2 for KIC 8197343 after 4.0s: Error in reading Data product D:\.lightkurve\cache\mastDownload\Kepler\kplr008197343_lc_Q011111111111111111\kplr008197343-2011073133259_llc.fits of type KeplerLightCurve .
This file may be corrupt due to an interrupted download. Please remove it from your disk and try again.
2026-01-04 00:47:43 | DEBUG    | ExoplanetDownloader | Retry 2 for KIC 8210018 after 4.0s: Error in reading Data product D:\.lightkurve\cache\mastDownload\Kepler\kplr008210018_lc_Q011111111111111111\kplr008210018-2011073133259_llc.fits of type KeplerLightCurve .
This file may be corrupt due to an interrupted download. Please remove it from your disk and try again.
2026-01-04 00:47:45 | DEBUG    | ExoplanetDownloader | Retry 1 for KIC 8242434 after 2.0s: Error in reading Data product D:\.lightkurve\cache\mastDownload\Kepler\kplr008242434_lc_Q111111111111111111\kplr008242434-2009259160929_llc.fits of type KeplerLightCurve .
This file may be corrupt due to an interrupted download. Please remove it from your disk and try again.
2026-01-04 00:47:46 | DEBUG    | ExoplanetDownloader | Retry 1 for KIC 8247771 after 2.0s: Error in reading Data product D:\.lightkurve\cache\mastDownload\Kepler\kplr008247771_lc_Q011111111111111111\kplr008247771-2009350155506_llc.fits of type KeplerLightCurve .
This file may be corrupt due to an interrupted download. Please remove it from your disk and try again.
2026-01-04 00:47:47 | DEBUG    | ExoplanetDownloader | Retry 1 for KIC 8263545 after 2.0s: Error in reading Data product D:\.lightkurve\cache\mastDownload\Kepler\kplr008263545_lc_Q000011111111111111\kplr008263545-2010174085026_llc.fits of type KeplerLightCurve .
This file may be corrupt due to an interrupted download. Please remove it from your disk and try again.
2026-01-04 00:47:47 | DEBUG    | ExoplanetDownloader | Retry 1 for KIC 8260902 after 2.0s: Error in reading Data product D:\.lightkurve\cache\mastDownload\Kepler\kplr008260902_lc_Q011111111111111111\kplr008260902-2010078095331_llc.fits of type KeplerLightCurve .
This file may be corrupt due to an interrupted download. Please remove it from your disk and try again.
2026-01-04 00:47:49 | DEBUG    | ExoplanetDownloader | Retry 2 for KIC 8242434 after 4.0s: Error in reading Data product D:\.lightkurve\cache\mastDownload\Kepler\kplr008242434_lc_Q111111111111111111\kplr008242434-2009259160929_llc.fits of type KeplerLightCurve .
This file may be corrupt due to an interrupted download. Please remove it from your disk and try again.
2026-01-04 00:47:49 | DEBUG    | ExoplanetDownloader | Retry 2 for KIC 8247771 after 4.0s: Error in reading Data product D:\.lightkurve\cache\mastDownload\Kepler\kplr008247771_lc_Q011111111111111111\kplr008247771-2009350155506_llc.fits of type KeplerLightCurve .
This file may be corrupt due to an interrupted download. Please remove it from your disk and try again.
2026-01-04 00:47:49 | DEBUG    | ExoplanetDownloader | Retry 1 for KIC 8282651 after 2.0s: Error in reading Data product D:\.lightkurve\cache\mastDownload\Kepler\kplr008282651_lc_Q011111111111111111\kplr008282651-2009259160929_llc.fits of type KeplerLightCurve .
This file may be corrupt due to an interrupted download. Please remove it from your disk and try again.
2026-01-04 00:47:50 | DEBUG    | ExoplanetDownloader | Retry 2 for KIC 8263545 after 4.0s: Error in reading Data product D:\.lightkurve\cache\mastDownload\Kepler\kplr008263545_lc_Q000011111111111111\kplr008263545-2010174085026_llc.fits of type KeplerLightCurve .
This file may be corrupt due to an interrupted download. Please remove it from your disk and try again.
2026-01-04 00:47:50 | DEBUG    | ExoplanetDownloader | Retry 2 for KIC 8260902 after 4.0s: Error in reading Data product D:\.lightkurve\cache\mastDownload\Kepler\kplr008260902_lc_Q011111111111111111\kplr008260902-2010078095331_llc.fits of type KeplerLightCurve .
This file may be corrupt due to an interrupted download. Please remove it from your disk and try again.
2026-01-04 00:47:51 | DEBUG    | ExoplanetDownloader | Retry 1 for KIC 8280511 after 2.0s: Error in reading Data product D:\.lightkurve\cache\mastDownload\Kepler\kplr008280511_lc_Q111111111111111111\kplr008280511-2011073133259_llc.fits of type KeplerLightCurve .
This file may be corrupt due to an interrupted download. Please remove it from your disk and try again.
2026-01-04 00:47:52 | DEBUG    | ExoplanetDownloader | Retry 1 for KIC 8288947 after 2.0s: Error in reading Data product D:\.lightkurve\cache\mastDownload\Kepler\kplr008288947_lc_Q011111111111111111\kplr008288947-2010078095331_llc.fits of type KeplerLightCurve .
This file may be corrupt due to an interrupted download. Please remove it from your disk and try again.
2026-01-04 00:47:52 | DEBUG    | ExoplanetDownloader | Retry 2 for KIC 8282651 after 4.0s: Error in reading Data product D:\.lightkurve\cache\mastDownload\Kepler\kplr008282651_lc_Q011111111111111111\kplr008282651-2009259160929_llc.fits of type KeplerLightCurve .
This file may be corrupt due to an interrupted download. Please remove it from your disk and try again.
2026-01-04 00:47:54 | DEBUG    | ExoplanetDownloader | Retry 1 for KIC 8351704 after 2.0s: Error in reading Data product D:\.lightkurve\cache\mastDownload\Kepler\kplr008351704_lc_Q011111111111111111\kplr008351704-2012277125453_llc.fits of type KeplerLightCurve .
This file may be corrupt due to an interrupted download. Please remove it from your disk and try again.
2026-01-04 00:47:55 | DEBUG    | ExoplanetDownloader | Retry 2 for KIC 8288947 after 4.0s: Error in reading Data product D:\.lightkurve\cache\mastDownload\Kepler\kplr008288947_lc_Q011111111111111111\kplr008288947-2010078095331_llc.fits of type KeplerLightCurve .
This file may be corrupt due to an interrupted download. Please remove it from your disk and try again.
2026-01-04 00:47:56 | DEBUG    | ExoplanetDownloader | Retry 2 for KIC 8280511 after 4.0s: Error in reading Data product D:\.lightkurve\cache\mastDownload\Kepler\kplr008280511_lc_Q111111111111111111\kplr008280511-2011073133259_llc.fits of type KeplerLightCurve .
This file may be corrupt due to an interrupted download. Please remove it from your disk and try again.
2026-01-04 00:47:56 | DEBUG    | ExoplanetDownloader | Retry 1 for KIC 8355239 after 2.0s: Error in reading Data product D:\.lightkurve\cache\mastDownload\Kepler\kplr008355239_lc_Q011111111111111111\kplr008355239-2011271113734_llc.fits of type KeplerLightCurve .
This file may be corrupt due to an interrupted download. Please remove it from your disk and try again.
2026-01-04 00:47:58 | DEBUG    | ExoplanetDownloader | Retry 1 for KIC 8380709 after 2.0s: Error in reading Data product D:\.lightkurve\cache\mastDownload\Kepler\kplr008380709_lc_Q011111111111111111\kplr008380709-2010265121752_llc.fits of type KeplerLightCurve .
This file may be corrupt due to an interrupted download. Please remove it from your disk and try again.
2026-01-04 00:47:58 | DEBUG    | ExoplanetDownloader | Retry 1 for KIC 8381204 after 2.0s: Error in reading Data product D:\.lightkurve\cache\mastDownload\Kepler\kplr008381204_lc_Q011111111111111111\kplr008381204-2009350155506_llc.fits of type KeplerLightCurve .
This file may be corrupt due to an interrupted download. Please remove it from your disk and try again.
2026-01-04 00:47:58 | DEBUG    | ExoplanetDownloader | Retry 1 for KIC 8360640 after 2.0s: Error in reading Data product D:\.lightkurve\cache\mastDownload\Kepler\kplr008360640_lc_Q011111111111111111\kplr008360640-2012004120508_llc.fits of type KeplerLightCurve .
This file may be corrupt due to an interrupted download. Please remove it from your disk and try again.
2026-01-04 00:47:58 | DEBUG    | ExoplanetDownloader | Retry 2 for KIC 8351704 after 4.0s: Error in reading Data product D:\.lightkurve\cache\mastDownload\Kepler\kplr008351704_lc_Q011111111111111111\kplr008351704-2012277125453_llc.fits of type KeplerLightCurve .
This file may be corrupt due to an interrupted download. Please remove it from your disk and try again.
2026-01-04 00:47:59 | DEBUG    | ExoplanetDownloader | Retry 1 for KIC 8395660 after 2.0s: Error in reading Data product D:\.lightkurve\cache\mastDownload\Kepler\kplr008395660_lc_Q111111111111111111\kplr008395660-2009259160929_llc.fits of type KeplerLightCurve .
This file may be corrupt due to an interrupted download. Please remove it from your disk and try again.
2026-01-04 00:47:59 | DEBUG    | ExoplanetDownloader | Retry 2 for KIC 8355239 after 4.0s: Error in reading Data product D:\.lightkurve\cache\mastDownload\Kepler\kplr008355239_lc_Q011111111111111111\kplr008355239-2011271113734_llc.fits of type KeplerLightCurve .
This file may be corrupt due to an interrupted download. Please remove it from your disk and try again.
2026-01-04 00:48:01 | DEBUG    | ExoplanetDownloader | Retry 2 for KIC 8381204 after 4.0s: Error in reading Data product D:\.lightkurve\cache\mastDownload\Kepler\kplr008381204_lc_Q011111111111111111\kplr008381204-2009350155506_llc.fits of type KeplerLightCurve .
This file may be corrupt due to an interrupted download. Please remove it from your disk and try again.
2026-01-04 00:48:01 | DEBUG    | ExoplanetDownloader | Retry 2 for KIC 8380709 after 4.0s: Error in reading Data product D:\.lightkurve\cache\mastDownload\Kepler\kplr008380709_lc_Q011111111111111111\kplr008380709-2010265121752_llc.fits of type KeplerLightCurve .
This file may be corrupt due to an interrupted download. Please remove it from your disk and try again.
2026-01-04 00:48:02 | DEBUG    | ExoplanetDownloader | Retry 2 for KIC 8395660 after 4.0s: Error in reading Data product D:\.lightkurve\cache\mastDownload\Kepler\kplr008395660_lc_Q111111111111111111\kplr008395660-2009259160929_llc.fits of type KeplerLightCurve .
This file may be corrupt due to an interrupted download. Please remove it from your disk and try again.
2026-01-04 00:48:02 | DEBUG    | ExoplanetDownloader | Retry 2 for KIC 8360640 after 4.0s: Error in reading Data product D:\.lightkurve\cache\mastDownload\Kepler\kplr008360640_lc_Q011111111111111111\kplr008360640-2012004120508_llc.fits of type KeplerLightCurve .
This file may be corrupt due to an interrupted download. Please remove it from your disk and try again.
2026-01-04 00:48:02 | DEBUG    | ExoplanetDownloader | Retry 1 for KIC 8409295 after 2.0s: Error in reading Data product D:\.lightkurve\cache\mastDownload\Kepler\kplr008409295_lc_Q011111111111111111\kplr008409295-2010174085026_llc.fits of type KeplerLightCurve .
This file may be corrupt due to an interrupted download. Please remove it from your disk and try again.
2026-01-04 00:48:04 | DEBUG    | ExoplanetDownloader | Retry 1 for KIC 8410415 after 2.0s: Error in reading Data product D:\.lightkurve\cache\mastDownload\Kepler\kplr008410415_lc_Q011111111111111111\kplr008410415-2011177032512_llc.fits of type KeplerLightCurve .
This file may be corrupt due to an interrupted download. Please remove it from your disk and try again.
2026-01-04 00:48:05 | DEBUG    | ExoplanetDownloader | Retry 2 for KIC 8409295 after 4.0s: Error in reading Data product D:\.lightkurve\cache\mastDownload\Kepler\kplr008409295_lc_Q011111111111111111\kplr008409295-2010174085026_llc.fits of type KeplerLightCurve .
This file may be corrupt due to an interrupted download. Please remove it from your disk and try again.
2026-01-04 00:48:05 | DEBUG    | ExoplanetDownloader | Retry 1 for KIC 8410727 after 2.0s: Error in reading Data product D:\.lightkurve\cache\mastDownload\Kepler\kplr008410727_lc_Q011111111111111111\kplr008410727-2010174085026_llc.fits of type KeplerLightCurve .
This file may be corrupt due to an interrupted download. Please remove it from your disk and try again.
2026-01-04 00:48:06 | DEBUG    | ExoplanetDownloader | Retry 1 for KIC 8414716 after 2.0s: Error in reading Data product D:\.lightkurve\cache\mastDownload\Kepler\kplr008414716_lc_Q011111111111111111\kplr008414716-2010174085026_llc.fits of type KeplerLightCurve .
This file may be corrupt due to an interrupted download. Please remove it from your disk and try again.
2026-01-04 00:48:09 | DEBUG    | ExoplanetDownloader | Retry 1 for KIC 8463346 after 2.0s: Error in reading Data product D:\.lightkurve\cache\mastDownload\Kepler\kplr008463346_lc_Q011111111111111111\kplr008463346-2009350155506_llc.fits of type KeplerLightCurve .
This file may be corrupt due to an interrupted download. Please remove it from your disk and try again.
2026-01-04 00:48:09 | DEBUG    | ExoplanetDownloader | Retry 2 for KIC 8410415 after 4.0s: Error in reading Data product D:\.lightkurve\cache\mastDownload\Kepler\kplr008410415_lc_Q011111111111111111\kplr008410415-2011177032512_llc.fits of type KeplerLightCurve .
This file may be corrupt due to an interrupted download. Please remove it from your disk and try again.
2026-01-04 00:48:09 | DEBUG    | ExoplanetDownloader | Retry 1 for KIC 8459663 after 2.0s: Error in reading Data product D:\.lightkurve\cache\mastDownload\Kepler\kplr008459663_lc_Q001111111111111111\kplr008459663-2010355172524_llc.fits of type KeplerLightCurve .
This file may be corrupt due to an interrupted download. Please remove it from your disk and try again.
2026-01-04 00:48:09 | DEBUG    | ExoplanetDownloader | Retry 2 for KIC 8410727 after 4.0s: Error in reading Data product D:\.lightkurve\cache\mastDownload\Kepler\kplr008410727_lc_Q011111111111111111\kplr008410727-2010174085026_llc.fits of type KeplerLightCurve .
This file may be corrupt due to an interrupted download. Please remove it from your disk and try again.
2026-01-04 00:48:09 | DEBUG    | ExoplanetDownloader | Retry 2 for KIC 8414716 after 4.0s: Error in reading Data product D:\.lightkurve\cache\mastDownload\Kepler\kplr008414716_lc_Q011111111111111111\kplr008414716-2010174085026_llc.fits of type KeplerLightCurve .
This file may be corrupt due to an interrupted download. Please remove it from your disk and try again.
2026-01-04 00:48:09 | DEBUG    | ExoplanetDownloader | Retry 1 for KIC 8429314 after 2.0s: Error in reading Data product D:\.lightkurve\cache\mastDownload\Kepler\kplr008429314_lc_Q000011111111111111\kplr008429314-2013098041711_llc.fits of type KeplerLightCurve .
This file may be corrupt due to an interrupted download. Please remove it from your disk and try again.
2026-01-04 00:48:11 | DEBUG    | ExoplanetDownloader | Retry 1 for KIC 8480285 after 2.0s: Error in reading Data product D:\.lightkurve\cache\mastDownload\Kepler\kplr008480285_lc_Q011111111111111111\kplr008480285-2010174085026_llc.fits of type KeplerLightCurve .
This file may be corrupt due to an interrupted download. Please remove it from your disk and try again.
2026-01-04 00:48:11 | DEBUG    | ExoplanetDownloader | Retry 1 for KIC 8481129 after 2.0s: Error in reading Data product D:\.lightkurve\cache\mastDownload\Kepler\kplr008481129_lc_Q011111111111111111\kplr008481129-2009350155506_llc.fits of type KeplerLightCurve .
This file may be corrupt due to an interrupted download. Please remove it from your disk and try again.
2026-01-04 00:48:12 | DEBUG    | ExoplanetDownloader | Retry 2 for KIC 8463346 after 4.0s: Error in reading Data product D:\.lightkurve\cache\mastDownload\Kepler\kplr008463346_lc_Q011111111111111111\kplr008463346-2009350155506_llc.fits of type KeplerLightCurve .
This file may be corrupt due to an interrupted download. Please remove it from your disk and try again.
2026-01-04 00:48:12 | DEBUG    | ExoplanetDownloader | Retry 2 for KIC 8459663 after 4.0s: Error in reading Data product D:\.lightkurve\cache\mastDownload\Kepler\kplr008459663_lc_Q001111111111111111\kplr008459663-2010355172524_llc.fits of type KeplerLightCurve .
This file may be corrupt due to an interrupted download. Please remove it from your disk and try again.
2026-01-04 00:48:13 | DEBUG    | ExoplanetDownloader | Retry 2 for KIC 8429314 after 4.0s: Error in reading Data product D:\.lightkurve\cache\mastDownload\Kepler\kplr008429314_lc_Q000011111111111111\kplr008429314-2013098041711_llc.fits of type KeplerLightCurve .
This file may be corrupt due to an interrupted download. Please remove it from your disk and try again.
2026-01-04 00:48:14 | DEBUG    | ExoplanetDownloader | Retry 2 for KIC 8480285 after 4.0s: Error in reading Data product D:\.lightkurve\cache\mastDownload\Kepler\kplr008480285_lc_Q011111111111111111\kplr008480285-2010174085026_llc.fits of type KeplerLightCurve .
This file may be corrupt due to an interrupted download. Please remove it from your disk and try again.
2026-01-04 00:48:14 | DEBUG    | ExoplanetDownloader | Retry 2 for KIC 8481129 after 4.0s: Error in reading Data product D:\.lightkurve\cache\mastDownload\Kepler\kplr008481129_lc_Q011111111111111111\kplr008481129-2009350155506_llc.fits of type KeplerLightCurve .
This file may be corrupt due to an interrupted download. Please remove it from your disk and try again.
2026-01-04 00:48:19 | DEBUG    | ExoplanetDownloader | Retry 1 for KIC 8505670 after 2.0s: Error in reading Data product D:\.lightkurve\cache\mastDownload\Kepler\kplr008505670_lc_Q011111111111111111\kplr008505670-2010355172524_llc.fits of type KeplerLightCurve .
This file may be corrupt due to an interrupted download. Please remove it from your disk and try again.
2026-01-04 00:48:19 | DEBUG    | ExoplanetDownloader | Retry 1 for KIC 8507475 after 2.0s: Error in reading Data product D:\.lightkurve\cache\mastDownload\Kepler\kplr008507475_lc_Q000011111111111111\kplr008507475-2011073133259_llc.fits of type KeplerLightCurve .
This file may be corrupt due to an interrupted download. Please remove it from your disk and try again.
2026-01-04 00:48:20 | DEBUG    | ExoplanetDownloader | Retry 1 for KIC 8543100 after 2.0s: Error in reading Data product D:\.lightkurve\cache\mastDownload\Kepler\kplr008543100_lc_Q001111111111111111\kplr008543100-2009350155506_llc.fits of type KeplerLightCurve .
This file may be corrupt due to an interrupted download. Please remove it from your disk and try again.
2026-01-04 00:48:22 | DEBUG    | ExoplanetDownloader | Retry 2 for KIC 8505670 after 4.0s: Error in reading Data product D:\.lightkurve\cache\mastDownload\Kepler\kplr008505670_lc_Q011111111111111111\kplr008505670-2010355172524_llc.fits of type KeplerLightCurve .
This file may be corrupt due to an interrupted download. Please remove it from your disk and try again.
2026-01-04 00:48:22 | DEBUG    | ExoplanetDownloader | Retry 1 for KIC 8554701 after 2.0s: Error in reading Data product D:\.lightkurve\cache\mastDownload\Kepler\kplr008554701_lc_Q011111111111111111\kplr008554701-2011073133259_llc.fits of type KeplerLightCurve .
This file may be corrupt due to an interrupted download. Please remove it from your disk and try again.
2026-01-04 00:48:22 | DEBUG    | ExoplanetDownloader | Retry 1 for KIC 8494142 after 2.0s: I/O operation on closed file.
2026-01-04 00:48:23 | DEBUG    | ExoplanetDownloader | Retry 1 for KIC 8552719 after 2.0s: Error in reading Data product D:\.lightkurve\cache\mastDownload\Kepler\kplr008552719_lc_Q111111111111111111\kplr008552719-2010078095331_llc.fits of type KeplerLightCurve .
This file may be corrupt due to an interrupted download. Please remove it from your disk and try again.
2026-01-04 00:48:23 | DEBUG    | ExoplanetDownloader | Retry 1 for KIC 8494542 after 2.0s: I/O operation on closed file.
2026-01-04 00:48:23 | DEBUG    | ExoplanetDownloader | Retry 1 for KIC 8558011 after 2.0s: Error in reading Data product D:\.lightkurve\cache\mastDownload\Kepler\kplr008558011_lc_Q001010101010101010\kplr008558011-2010265121752_llc.fits of type KeplerLightCurve .
This file may be corrupt due to an interrupted download. Please remove it from your disk and try again.
2026-01-04 00:48:23 | DEBUG    | ExoplanetDownloader | Retry 2 for KIC 8507475 after 4.0s: Error in reading Data product D:\.lightkurve\cache\mastDownload\Kepler\kplr008507475_lc_Q000011111111111111\kplr008507475-2011073133259_llc.fits of type KeplerLightCurve .
This file may be corrupt due to an interrupted download. Please remove it from your disk and try again.
2026-01-04 00:48:23 | DEBUG    | ExoplanetDownloader | Retry 2 for KIC 8543100 after 4.0s: Error in reading Data product D:\.lightkurve\cache\mastDownload\Kepler\kplr008543100_lc_Q001111111111111111\kplr008543100-2009350155506_llc.fits of type KeplerLightCurve .
This file may be corrupt due to an interrupted download. Please remove it from your disk and try again.
2026-01-04 00:48:26 | DEBUG    | ExoplanetDownloader | Retry 2 for KIC 8558011 after 4.0s: Error in reading Data product D:\.lightkurve\cache\mastDownload\Kepler\kplr008558011_lc_Q001010101010101010\kplr008558011-2010265121752_llc.fits of type KeplerLightCurve .
This file may be corrupt due to an interrupted download. Please remove it from your disk and try again.
2026-01-04 00:48:26 | DEBUG    | ExoplanetDownloader | Retry 2 for KIC 8552719 after 4.0s: Error in reading Data product D:\.lightkurve\cache\mastDownload\Kepler\kplr008552719_lc_Q111111111111111111\kplr008552719-2010078095331_llc.fits of type KeplerLightCurve .
This file may be corrupt due to an interrupted download. Please remove it from your disk and try again.
2026-01-04 00:48:27 | DEBUG    | ExoplanetDownloader | Retry 2 for KIC 8554701 after 4.0s: Error in reading Data product D:\.lightkurve\cache\mastDownload\Kepler\kplr008554701_lc_Q011111111111111111\kplr008554701-2011073133259_llc.fits of type KeplerLightCurve .
This file may be corrupt due to an interrupted download. Please remove it from your disk and try again.
2026-01-04 00:48:27 | DEBUG    | ExoplanetDownloader | Retry 2 for KIC 8494542 after 4.0s: Error in reading Data product D:\.lightkurve\cache\mastDownload\Kepler\kplr008494542_lc_Q011111111111111111\kplr008494542-2011073133259_llc.fits of type KeplerLightCurve .
This file may be corrupt due to an interrupted download. Please remove it from your disk and try again.
2026-01-04 00:48:28 | DEBUG    | ExoplanetDownloader | Retry 2 for KIC 8494142 after 4.0s: I/O operation on closed file.
2026-01-04 00:48:29 | DEBUG    | ExoplanetDownloader | Retry 1 for KIC 8564674 after 2.0s: Error in reading Data product D:\.lightkurve\cache\mastDownload\Kepler\kplr008564674_lc_Q011111111111111111\kplr008564674-2010174085026_llc.fits of type KeplerLightCurve .
This file may be corrupt due to an interrupted download. Please remove it from your disk and try again.
2026-01-04 00:48:30 | DEBUG    | ExoplanetDownloader | Retry 1 for KIC 8578780 after 2.0s: Error in reading Data product D:\.lightkurve\cache\mastDownload\Kepler\kplr008578780_lc_Q011111111111111111\kplr008578780-2009166043257_llc.fits of type KeplerLightCurve .
This file may be corrupt due to an interrupted download. Please remove it from your disk and try again.
2026-01-04 00:48:31 | DEBUG    | ExoplanetDownloader | Retry 1 for KIC 8570333 after 2.0s: Error in reading Data product D:\.lightkurve\cache\mastDownload\Kepler\kplr008570333_lc_Q011111111111111111\kplr008570333-2012004120508_llc.fits of type KeplerLightCurve .
This file may be corrupt due to an interrupted download. Please remove it from your disk and try again.
2026-01-04 00:48:32 | DEBUG    | ExoplanetDownloader | Retry 1 for KIC 8583696 after 2.0s: Error in reading Data product D:\.lightkurve\cache\mastDownload\Kepler\kplr008583696_lc_Q011111111111111111\kplr008583696-2009166043257_llc.fits of type KeplerLightCurve .
This file may be corrupt due to an interrupted download. Please remove it from your disk and try again.
2026-01-04 00:48:33 | DEBUG    | ExoplanetDownloader | Retry 2 for KIC 8564674 after 4.0s: Error in reading Data product D:\.lightkurve\cache\mastDownload\Kepler\kplr008564674_lc_Q011111111111111111\kplr008564674-2010174085026_llc.fits of type KeplerLightCurve .
This file may be corrupt due to an interrupted download. Please remove it from your disk and try again.
2026-01-04 00:48:33 | DEBUG    | ExoplanetDownloader | Retry 2 for KIC 8578780 after 4.0s: Error in reading Data product D:\.lightkurve\cache\mastDownload\Kepler\kplr008578780_lc_Q011111111111111111\kplr008578780-2009166043257_llc.fits of type KeplerLightCurve .
This file may be corrupt due to an interrupted download. Please remove it from your disk and try again.
2026-01-04 00:48:33 | DEBUG    | ExoplanetDownloader | Retry 1 for KIC 8591173 after 2.0s: Error in reading Data product D:\.lightkurve\cache\mastDownload\Kepler\kplr008591173_lc_Q011111111111111111\kplr008591173-2010078095331_llc.fits of type KeplerLightCurve .
This file may be corrupt due to an interrupted download. Please remove it from your disk and try again.
2026-01-04 00:48:34 | DEBUG    | ExoplanetDownloader | Retry 2 for KIC 8570333 after 4.0s: Error in reading Data product D:\.lightkurve\cache\mastDownload\Kepler\kplr008570333_lc_Q011111111111111111\kplr008570333-2012004120508_llc.fits of type KeplerLightCurve .
This file may be corrupt due to an interrupted download. Please remove it from your disk and try again.
2026-01-04 00:48:35 | DEBUG    | ExoplanetDownloader | Retry 1 for KIC 8609450 after 2.0s: Error in reading Data product D:\.lightkurve\cache\mastDownload\Kepler\kplr008609450_lc_Q011111111111111111\kplr008609450-2010174085026_llc.fits of type KeplerLightCurve .
This file may be corrupt due to an interrupted download. Please remove it from your disk and try again.
2026-01-04 00:48:35 | DEBUG    | ExoplanetDownloader | Retry 2 for KIC 8583696 after 4.0s: Error in reading Data product D:\.lightkurve\cache\mastDownload\Kepler\kplr008583696_lc_Q011111111111111111\kplr008583696-2009166043257_llc.fits of type KeplerLightCurve .
This file may be corrupt due to an interrupted download. Please remove it from your disk and try again.
2026-01-04 00:48:37 | DEBUG    | ExoplanetDownloader | Retry 1 for KIC 8611832 after 2.0s: Error in reading Data product D:\.lightkurve\cache\mastDownload\Kepler\kplr008611832_lc_Q011111111111111111\kplr008611832-2009350155506_llc.fits of type KeplerLightCurve .
This file may be corrupt due to an interrupted download. Please remove it from your disk and try again.
2026-01-04 00:48:37 | DEBUG    | ExoplanetDownloader | Retry 2 for KIC 8591173 after 4.0s: Error in reading Data product D:\.lightkurve\cache\mastDownload\Kepler\kplr008591173_lc_Q011111111111111111\kplr008591173-2010078095331_llc.fits of type KeplerLightCurve .
This file may be corrupt due to an interrupted download. Please remove it from your disk and try again.
2026-01-04 00:48:37 | DEBUG    | ExoplanetDownloader | Retry 1 for KIC 8611257 after 2.0s: Error in reading Data product D:\.lightkurve\cache\mastDownload\Kepler\kplr008611257_lc_Q011111111111111111\kplr008611257-2011271113734_llc.fits of type KeplerLightCurve .
This file may be corrupt due to an interrupted download. Please remove it from your disk and try again.
2026-01-04 00:48:38 | DEBUG    | ExoplanetDownloader | Retry 2 for KIC 8609450 after 4.0s: Error in reading Data product D:\.lightkurve\cache\mastDownload\Kepler\kplr008609450_lc_Q011111111111111111\kplr008609450-2010174085026_llc.fits of type KeplerLightCurve .
This file may be corrupt due to an interrupted download. Please remove it from your disk and try again.
2026-01-04 00:48:40 | DEBUG    | ExoplanetDownloader | Retry 2 for KIC 8611832 after 4.0s: Error in reading Data product D:\.lightkurve\cache\mastDownload\Kepler\kplr008611832_lc_Q011111111111111111\kplr008611832-2009350155506_llc.fits of type KeplerLightCurve .
This file may be corrupt due to an interrupted download. Please remove it from your disk and try again.
2026-01-04 00:48:40 | DEBUG    | ExoplanetDownloader | Retry 1 for KIC 8612847 after 2.0s: Error in reading Data product D:\.lightkurve\cache\mastDownload\Kepler\kplr008612847_lc_Q011111111111111111\kplr008612847-2010078095331_llc.fits of type KeplerLightCurve .
This file may be corrupt due to an interrupted download. Please remove it from your disk and try again.
2026-01-04 00:48:41 | DEBUG    | ExoplanetDownloader | Retry 2 for KIC 8611257 after 4.0s: Error in reading Data product D:\.lightkurve\cache\mastDownload\Kepler\kplr008611257_lc_Q011111111111111111\kplr008611257-2011271113734_llc.fits of type KeplerLightCurve .
This file may be corrupt due to an interrupted download. Please remove it from your disk and try again.
2026-01-04 00:48:41 | DEBUG    | ExoplanetDownloader | Retry 1 for KIC 8625925 after 2.0s: Error in reading Data product D:\.lightkurve\cache\mastDownload\Kepler\kplr008625925_lc_Q011111111111111111\kplr008625925-2010355172524_llc.fits of type KeplerLightCurve .
This file may be corrupt due to an interrupted download. Please remove it from your disk and try again.
2026-01-04 00:48:42 | DEBUG    | ExoplanetDownloader | Retry 1 for KIC 8628758 after 2.0s: Error in reading Data product D:\.lightkurve\cache\mastDownload\Kepler\kplr008628758_lc_Q011111111111111111\kplr008628758-2010174085026_llc.fits of type KeplerLightCurve .
This file may be corrupt due to an interrupted download. Please remove it from your disk and try again.
2026-01-04 00:48:42 | DEBUG    | ExoplanetDownloader | Retry 1 for KIC 8628973 after 2.0s: Error in reading Data product D:\.lightkurve\cache\mastDownload\Kepler\kplr008628973_lc_Q011111111111111111\kplr008628973-2010174085026_llc.fits of type KeplerLightCurve .
This file may be corrupt due to an interrupted download. Please remove it from your disk and try again.
2026-01-04 00:48:43 | DEBUG    | ExoplanetDownloader | Retry 2 for KIC 8612847 after 4.0s: Error in reading Data product D:\.lightkurve\cache\mastDownload\Kepler\kplr008612847_lc_Q011111111111111111\kplr008612847-2010078095331_llc.fits of type KeplerLightCurve .
This file may be corrupt due to an interrupted download. Please remove it from your disk and try again.
2026-01-04 00:48:44 | DEBUG    | ExoplanetDownloader | Retry 2 for KIC 8625925 after 4.0s: Error in reading Data product D:\.lightkurve\cache\mastDownload\Kepler\kplr008625925_lc_Q011111111111111111\kplr008625925-2010355172524_llc.fits of type KeplerLightCurve .
This file may be corrupt due to an interrupted download. Please remove it from your disk and try again.
2026-01-04 00:48:45 | DEBUG    | ExoplanetDownloader | Retry 2 for KIC 8628758 after 4.0s: Error in reading Data product D:\.lightkurve\cache\mastDownload\Kepler\kplr008628758_lc_Q011111111111111111\kplr008628758-2010174085026_llc.fits of type KeplerLightCurve .
This file may be corrupt due to an interrupted download. Please remove it from your disk and try again.
2026-01-04 00:48:45 | DEBUG    | ExoplanetDownloader | Retry 1 for KIC 8636333 after 2.0s: Error in reading Data product D:\.lightkurve\cache\mastDownload\Kepler\kplr008636333_lc_Q011111111111111111\kplr008636333-2011271113734_llc.fits of type KeplerLightCurve .
This file may be corrupt due to an interrupted download. Please remove it from your disk and try again.
2026-01-04 00:48:46 | DEBUG    | ExoplanetDownloader | Retry 2 for KIC 8628973 after 4.0s: Error in reading Data product D:\.lightkurve\cache\mastDownload\Kepler\kplr008628973_lc_Q011111111111111111\kplr008628973-2010174085026_llc.fits of type KeplerLightCurve .
This file may be corrupt due to an interrupted download. Please remove it from your disk and try again.
2026-01-04 00:48:47 | DEBUG    | ExoplanetDownloader | Retry 1 for KIC 8678594 after 2.0s: Error in reading Data product D:\.lightkurve\cache\mastDownload\Kepler\kplr008678594_lc_Q011111111111111111\kplr008678594-2010174085026_llc.fits of type KeplerLightCurve .
This file may be corrupt due to an interrupted download. Please remove it from your disk and try again.
2026-01-04 00:48:47 | DEBUG    | ExoplanetDownloader | Retry 1 for KIC 8636600 after 2.0s: Error in reading Data product D:\.lightkurve\cache\mastDownload\Kepler\kplr008636600_lc_Q011111111111111111\kplr008636600-2013131215648_llc.fits of type KeplerLightCurve .
This file may be corrupt due to an interrupted download. Please remove it from your disk and try again.
2026-01-04 00:48:52 | DEBUG    | ExoplanetDownloader | Retry 1 for KIC 8686097 after 2.0s: Error in reading Data product D:\.lightkurve\cache\mastDownload\Kepler\kplr008686097_lc_Q111111111111111111\kplr008686097-2009131105131_llc.fits of type KeplerLightCurve .
This file may be corrupt due to an interrupted download. Please remove it from your disk and try again.
2026-01-04 00:48:52 | DEBUG    | ExoplanetDownloader | Retry 2 for KIC 8636333 after 4.0s: Error in reading Data product D:\.lightkurve\cache\mastDownload\Kepler\kplr008636333_lc_Q011111111111111111\kplr008636333-2011271113734_llc.fits of type KeplerLightCurve .
This file may be corrupt due to an interrupted download. Please remove it from your disk and try again.
2026-01-04 00:48:53 | DEBUG    | ExoplanetDownloader | Retry 2 for KIC 8678594 after 4.0s: Error in reading Data product D:\.lightkurve\cache\mastDownload\Kepler\kplr008678594_lc_Q011111111111111111\kplr008678594-2010174085026_llc.fits of type KeplerLightCurve .
This file may be corrupt due to an interrupted download. Please remove it from your disk and try again.
2026-01-04 00:48:53 | DEBUG    | ExoplanetDownloader | Retry 1 for KIC 8681734 after 2.0s: Error in reading Data product D:\.lightkurve\cache\mastDownload\Kepler\kplr008681734_lc_Q011111111111111111\kplr008681734-2011073133259_llc.fits of type KeplerLightCurve .
This file may be corrupt due to an interrupted download. Please remove it from your disk and try again.
2026-01-04 00:48:54 | DEBUG    | ExoplanetDownloader | Retry 2 for KIC 8636600 after 4.0s: Error in reading Data product D:\.lightkurve\cache\mastDownload\Kepler\kplr008636600_lc_Q011111111111111111\kplr008636600-2013131215648_llc.fits of type KeplerLightCurve .
This file may be corrupt due to an interrupted download. Please remove it from your disk and try again.
2026-01-04 00:48:55 | DEBUG    | ExoplanetDownloader | Retry 2 for KIC 8686097 after 4.0s: Error in reading Data product D:\.lightkurve\cache\mastDownload\Kepler\kplr008686097_lc_Q111111111111111111\kplr008686097-2009131105131_llc.fits of type KeplerLightCurve .
This file may be corrupt due to an interrupted download. Please remove it from your disk and try again.
2026-01-04 00:48:57 | DEBUG    | ExoplanetDownloader | Retry 1 for KIC 8689031 after 2.0s: Error in reading Data product D:\.lightkurve\cache\mastDownload\Kepler\kplr008689031_lc_Q011111111111111111\kplr008689031-2012277125453_llc.fits of type KeplerLightCurve .
This file may be corrupt due to an interrupted download. Please remove it from your disk and try again.
2026-01-04 00:48:57 | DEBUG    | ExoplanetDownloader | Retry 1 for KIC 8709688 after 2.0s: Error in reading Data product D:\.lightkurve\cache\mastDownload\Kepler\kplr008709688_lc_Q011111111111111111\kplr008709688-2012088054726_llc.fits of type KeplerLightCurve .
This file may be corrupt due to an interrupted download. Please remove it from your disk and try again.
2026-01-04 00:48:58 | DEBUG    | ExoplanetDownloader | Retry 1 for KIC 8738735 after 2.0s: Error in reading Data product D:\.lightkurve\cache\mastDownload\Kepler\kplr008738735_lc_Q011111111111111111\kplr008738735-2012277125453_llc.fits of type KeplerLightCurve .
This file may be corrupt due to an interrupted download. Please remove it from your disk and try again.
2026-01-04 00:48:58 | DEBUG    | ExoplanetDownloader | Retry 2 for KIC 8681734 after 4.0s: Error in reading Data product D:\.lightkurve\cache\mastDownload\Kepler\kplr008681734_lc_Q011111111111111111\kplr008681734-2011073133259_llc.fits of type KeplerLightCurve .
This file may be corrupt due to an interrupted download. Please remove it from your disk and try again.
2026-01-04 00:49:02 | DEBUG    | ExoplanetDownloader | Retry 1 for KIC 8753657 after 2.0s: Error in reading Data product D:\.lightkurve\cache\mastDownload\Kepler\kplr008753657_lc_Q111111111111111111\kplr008753657-2009166043257_llc.fits of type KeplerLightCurve .
This file may be corrupt due to an interrupted download. Please remove it from your disk and try again.
2026-01-04 00:49:05 | DEBUG    | ExoplanetDownloader | Retry 2 for KIC 8753657 after 4.0s: Error in reading Data product D:\.lightkurve\cache\mastDownload\Kepler\kplr008753657_lc_Q111111111111111111\kplr008753657-2009166043257_llc.fits of type KeplerLightCurve .
This file may be corrupt due to an interrupted download. Please remove it from your disk and try again.
2026-01-04 00:49:06 | DEBUG    | ExoplanetDownloader | Retry 2 for KIC 8709688 after 4.0s: Error in reading Data product D:\.lightkurve\cache\mastDownload\Kepler\kplr008709688_lc_Q011111111111111111\kplr008709688-2012088054726_llc.fits of type KeplerLightCurve .
This file may be corrupt due to an interrupted download. Please remove it from your disk and try again.
2026-01-04 00:49:06 | DEBUG    | ExoplanetDownloader | Retry 1 for KIC 8745553 after 2.0s: Error in reading Data product D:\.lightkurve\cache\mastDownload\Kepler\kplr008745553_lc_Q001010101010101010\kplr008745553-2012277125453_llc.fits of type KeplerLightCurve .
This file may be corrupt due to an interrupted download. Please remove it from your disk and try again.
2026-01-04 00:49:07 | DEBUG    | ExoplanetDownloader | Retry 1 for KIC 8742590 after 2.0s: Error in reading Data product D:\.lightkurve\cache\mastDownload\Kepler\kplr008742590_lc_Q011111111111111111\kplr008742590-2011073133259_llc.fits of type KeplerLightCurve .
This file may be corrupt due to an interrupted download. Please remove it from your disk and try again.
2026-01-04 00:49:08 | DEBUG    | ExoplanetDownloader | Retry 2 for KIC 8689031 after 4.0s: Error in reading Data product D:\.lightkurve\cache\mastDownload\Kepler\kplr008689031_lc_Q011111111111111111\kplr008689031-2012277125453_llc.fits of type KeplerLightCurve .
This file may be corrupt due to an interrupted download. Please remove it from your disk and try again.
2026-01-04 00:49:08 | DEBUG    | ExoplanetDownloader | Retry 1 for KIC 8738775 after 2.0s: Error in reading Data product D:\.lightkurve\cache\mastDownload\Kepler\kplr008738775_lc_Q011111111111111111\kplr008738775-2012179063303_llc.fits of type KeplerLightCurve .
This file may be corrupt due to an interrupted download. Please remove it from your disk and try again.
2026-01-04 00:49:08 | DEBUG    | ExoplanetDownloader | Retry 2 for KIC 8738735 after 4.0s: Error in reading Data product D:\.lightkurve\cache\mastDownload\Kepler\kplr008738735_lc_Q011111111111111111\kplr008738735-2012277125453_llc.fits of type KeplerLightCurve .
This file may be corrupt due to an interrupted download. Please remove it from your disk and try again.
2026-01-04 00:49:09 | DEBUG    | ExoplanetDownloader | Retry 2 for KIC 8745553 after 4.0s: Error in reading Data product D:\.lightkurve\cache\mastDownload\Kepler\kplr008745553_lc_Q001010101010101010\kplr008745553-2012277125453_llc.fits of type KeplerLightCurve .
This file may be corrupt due to an interrupted download. Please remove it from your disk and try again.
2026-01-04 00:49:10 | DEBUG    | ExoplanetDownloader | Retry 2 for KIC 8742590 after 4.0s: Error in reading Data product D:\.lightkurve\cache\mastDownload\Kepler\kplr008742590_lc_Q011111111111111111\kplr008742590-2011073133259_llc.fits of type KeplerLightCurve .
This file may be corrupt due to an interrupted download. Please remove it from your disk and try again.
2026-01-04 00:49:10 | DEBUG    | ExoplanetDownloader | Retry 1 for KIC 8757824 after 2.0s: Error in reading Data product D:\.lightkurve\cache\mastDownload\Kepler\kplr008757824_lc_Q011111111111111111\kplr008757824-2011271113734_llc.fits of type KeplerLightCurve .
This file may be corrupt due to an interrupted download. Please remove it from your disk and try again.
2026-01-04 00:49:15 | DEBUG    | ExoplanetDownloader | Retry 1 for KIC 8760040 after 2.0s: Error in reading Data product D:\.lightkurve\cache\mastDownload\Kepler\kplr008760040_lc_Q011111111111111111\kplr008760040-2011271113734_llc.fits of type KeplerLightCurve .
This file may be corrupt due to an interrupted download. Please remove it from your disk and try again.
2026-01-04 00:49:15 | DEBUG    | ExoplanetDownloader | Retry 2 for KIC 8738775 after 4.0s: Error in reading Data product D:\.lightkurve\cache\mastDownload\Kepler\kplr008738775_lc_Q011111111111111111\kplr008738775-2012179063303_llc.fits of type KeplerLightCurve .
This file may be corrupt due to an interrupted download. Please remove it from your disk and try again.
2026-01-04 00:49:17 | DEBUG    | ExoplanetDownloader | Retry 2 for KIC 8757824 after 4.0s: Error in reading Data product D:\.lightkurve\cache\mastDownload\Kepler\kplr008757824_lc_Q011111111111111111\kplr008757824-2011271113734_llc.fits of type KeplerLightCurve .
This file may be corrupt due to an interrupted download. Please remove it from your disk and try again.
2026-01-04 00:49:19 | DEBUG    | ExoplanetDownloader | Retry 1 for KIC 8804283 after 2.0s: Error in reading Data product D:\.lightkurve\cache\mastDownload\Kepler\kplr008804283_lc_Q011111111111111111\kplr008804283-2009350155506_llc.fits of type KeplerLightCurve .
This file may be corrupt due to an interrupted download. Please remove it from your disk and try again.
2026-01-04 00:49:19 | DEBUG    | ExoplanetDownloader | Retry 2 for KIC 8760040 after 4.0s: Error in reading Data product D:\.lightkurve\cache\mastDownload\Kepler\kplr008760040_lc_Q011111111111111111\kplr008760040-2011271113734_llc.fits of type KeplerLightCurve .
This file may be corrupt due to an interrupted download. Please remove it from your disk and try again.
2026-01-04 00:49:19 | DEBUG    | ExoplanetDownloader | Retry 1 for KIC 8801316 after 2.0s: Error in reading Data product D:\.lightkurve\cache\mastDownload\Kepler\kplr008801316_lc_Q111111111111111111\kplr008801316-2011177032512_llc.fits of type KeplerLightCurve .
This file may be corrupt due to an interrupted download. Please remove it from your disk and try again.
2026-01-04 00:49:22 | DEBUG    | ExoplanetDownloader | Retry 1 for KIC 8804397 after 2.0s: Error in reading Data product D:\.lightkurve\cache\mastDownload\Kepler\kplr008804397_lc_Q011111111111111111\kplr008804397-2010265121752_llc.fits of type KeplerLightCurve .
This file may be corrupt due to an interrupted download. Please remove it from your disk and try again.
2026-01-04 00:49:22 | DEBUG    | ExoplanetDownloader | Retry 1 for KIC 8806072 after 2.0s: Error in reading Data product D:\.lightkurve\cache\mastDownload\Kepler\kplr008806072_lc_Q011111111111111111\kplr008806072-2010355172524_llc.fits of type KeplerLightCurve .
This file may be corrupt due to an interrupted download. Please remove it from your disk and try again.
2026-01-04 00:49:22 | DEBUG    | ExoplanetDownloader | Retry 2 for KIC 8804283 after 4.0s: Error in reading Data product D:\.lightkurve\cache\mastDownload\Kepler\kplr008804283_lc_Q011111111111111111\kplr008804283-2009350155506_llc.fits of type KeplerLightCurve .
This file may be corrupt due to an interrupted download. Please remove it from your disk and try again.
2026-01-04 00:49:24 | DEBUG    | ExoplanetDownloader | Retry 2 for KIC 8801316 after 4.0s: Error in reading Data product D:\.lightkurve\cache\mastDownload\Kepler\kplr008801316_lc_Q111111111111111111\kplr008801316-2011177032512_llc.fits of type KeplerLightCurve .
This file may be corrupt due to an interrupted download. Please remove it from your disk and try again.
2026-01-04 00:49:24 | DEBUG    | ExoplanetDownloader | Retry 1 for KIC 8824737 after 2.0s: Error in reading Data product D:\.lightkurve\cache\mastDownload\Kepler\kplr008824737_lc_Q011111111111111111\kplr008824737-2012277125453_llc.fits of type KeplerLightCurve .
This file may be corrupt due to an interrupted download. Please remove it from your disk and try again.
2026-01-04 00:49:24 | DEBUG    | ExoplanetDownloader | Retry 2 for KIC 8804397 after 4.0s: Error in reading Data product D:\.lightkurve\cache\mastDownload\Kepler\kplr008804397_lc_Q011111111111111111\kplr008804397-2010265121752_llc.fits of type KeplerLightCurve .
This file may be corrupt due to an interrupted download. Please remove it from your disk and try again.
2026-01-04 00:49:26 | DEBUG    | ExoplanetDownloader | Retry 2 for KIC 8806072 after 4.0s: Error in reading Data product D:\.lightkurve\cache\mastDownload\Kepler\kplr008806072_lc_Q011111111111111111\kplr008806072-2010355172524_llc.fits of type KeplerLightCurve .
This file may be corrupt due to an interrupted download. Please remove it from your disk and try again.
2026-01-04 00:49:27 | DEBUG    | ExoplanetDownloader | Retry 1 for KIC 8826878 after 2.0s: Error in reading Data product D:\.lightkurve\cache\mastDownload\Kepler\kplr008826878_lc_Q011111111111111111\kplr008826878-2012004120508_llc.fits of type KeplerLightCurve .
This file may be corrupt due to an interrupted download. Please remove it from your disk and try again.
2026-01-04 00:49:28 | DEBUG    | ExoplanetDownloader | Retry 1 for KIC 8845205 after 2.0s: Error in reading Data product D:\.lightkurve\cache\mastDownload\Kepler\kplr008845205_lc_Q011111111111111111\kplr008845205-2010174085026_llc.fits of type KeplerLightCurve .
This file may be corrupt due to an interrupted download. Please remove it from your disk and try again.
2026-01-04 00:49:28 | DEBUG    | ExoplanetDownloader | Retry 1 for KIC 8832512 after 2.0s: Error in reading Data product D:\.lightkurve\cache\mastDownload\Kepler\kplr008832512_lc_Q011111111111111111\kplr008832512-2013098041711_llc.fits of type KeplerLightCurve .
This file may be corrupt due to an interrupted download. Please remove it from your disk and try again.
2026-01-04 00:49:28 | DEBUG    | ExoplanetDownloader | Retry 2 for KIC 8824737 after 4.0s: Error in reading Data product D:\.lightkurve\cache\mastDownload\Kepler\kplr008824737_lc_Q011111111111111111\kplr008824737-2012277125453_llc.fits of type KeplerLightCurve .
This file may be corrupt due to an interrupted download. Please remove it from your disk and try again.
2026-01-04 00:49:29 | DEBUG    | ExoplanetDownloader | Retry 1 for KIC 8883593 after 2.0s: Error in reading Data product D:\.lightkurve\cache\mastDownload\Kepler\kplr008883593_lc_Q011111111111111111\kplr008883593-2009166043257_llc.fits of type KeplerLightCurve .
This file may be corrupt due to an interrupted download. Please remove it from your disk and try again.
2026-01-04 00:49:30 | DEBUG    | ExoplanetDownloader | Retry 2 for KIC 8845205 after 4.0s: Error in reading Data product D:\.lightkurve\cache\mastDownload\Kepler\kplr008845205_lc_Q011111111111111111\kplr008845205-2010174085026_llc.fits of type KeplerLightCurve .
This file may be corrupt due to an interrupted download. Please remove it from your disk and try again.
2026-01-04 00:49:32 | DEBUG    | ExoplanetDownloader | Retry 2 for KIC 8826878 after 4.0s: Error in reading Data product D:\.lightkurve\cache\mastDownload\Kepler\kplr008826878_lc_Q011111111111111111\kplr008826878-2012004120508_llc.fits of type KeplerLightCurve .
This file may be corrupt due to an interrupted download. Please remove it from your disk and try again.
2026-01-04 00:49:32 | DEBUG    | ExoplanetDownloader | Retry 2 for KIC 8883593 after 4.0s: Error in reading Data product D:\.lightkurve\cache\mastDownload\Kepler\kplr008883593_lc_Q011111111111111111\kplr008883593-2009166043257_llc.fits of type KeplerLightCurve .
This file may be corrupt due to an interrupted download. Please remove it from your disk and try again.
2026-01-04 00:49:34 | DEBUG    | ExoplanetDownloader | Retry 1 for KIC 8884274 after 2.0s: Error in reading Data product D:\.lightkurve\cache\mastDownload\Kepler\kplr008884274_lc_Q000011111111111111\kplr008884274-2012088054726_llc.fits of type KeplerLightCurve .
This file may be corrupt due to an interrupted download. Please remove it from your disk and try again.
2026-01-04 00:49:34 | DEBUG    | ExoplanetDownloader | Retry 2 for KIC 8832512 after 4.0s: Error in reading Data product D:\.lightkurve\cache\mastDownload\Kepler\kplr008832512_lc_Q011111111111111111\kplr008832512-2013098041711_llc.fits of type KeplerLightCurve .
This file may be corrupt due to an interrupted download. Please remove it from your disk and try again.
2026-01-04 00:49:34 | DEBUG    | ExoplanetDownloader | Retry 1 for KIC 8890150 after 2.0s: Error in reading Data product D:\.lightkurve\cache\mastDownload\Kepler\kplr008890150_lc_Q011111111111111111\kplr008890150-2011073133259_llc.fits of type KeplerLightCurve .
This file may be corrupt due to an interrupted download. Please remove it from your disk and try again.
2026-01-04 00:49:35 | DEBUG    | ExoplanetDownloader | Retry 1 for KIC 8890924 after 2.0s: Error in reading Data product D:\.lightkurve\cache\mastDownload\Kepler\kplr008890924_lc_Q111111111111111111\kplr008890924-2010174085026_llc.fits of type KeplerLightCurve .
This file may be corrupt due to an interrupted download. Please remove it from your disk and try again.
2026-01-04 00:49:39 | DEBUG    | ExoplanetDownloader | Retry 1 for KIC 8892303 after 2.0s: Error in reading Data product D:\.lightkurve\cache\mastDownload\Kepler\kplr008892303_lc_Q000000111100111111\kplr008892303-2011073133259_llc.fits of type KeplerLightCurve .
This file may be corrupt due to an interrupted download. Please remove it from your disk and try again.
2026-01-04 00:49:40 | DEBUG    | ExoplanetDownloader | Retry 1 for KIC 8956206 after 2.0s: Error in reading Data product D:\.lightkurve\cache\mastDownload\Kepler\kplr008956206_lc_Q011111111111111111\kplr008956206-2009350155506_llc.fits of type KeplerLightCurve .
This file may be corrupt due to an interrupted download. Please remove it from your disk and try again.
2026-01-04 00:49:40 | DEBUG    | ExoplanetDownloader | Retry 1 for KIC 8951205 after 2.0s: Error in reading Data product D:\.lightkurve\cache\mastDownload\Kepler\kplr008951205_lc_Q011111111111111111\kplr008951205-2009350155506_llc.fits of type KeplerLightCurve .
This file may be corrupt due to an interrupted download. Please remove it from your disk and try again.
2026-01-04 00:49:40 | DEBUG    | ExoplanetDownloader | Retry 2 for KIC 8884274 after 4.0s: Error in reading Data product D:\.lightkurve\cache\mastDownload\Kepler\kplr008884274_lc_Q000011111111111111\kplr008884274-2012088054726_llc.fits of type KeplerLightCurve .
This file may be corrupt due to an interrupted download. Please remove it from your disk and try again.
2026-01-04 00:49:40 | DEBUG    | ExoplanetDownloader | Retry 2 for KIC 8890924 after 4.0s: Error in reading Data product D:\.lightkurve\cache\mastDownload\Kepler\kplr008890924_lc_Q111111111111111111\kplr008890924-2010174085026_llc.fits of type KeplerLightCurve .
This file may be corrupt due to an interrupted download. Please remove it from your disk and try again.
2026-01-04 00:49:41 | DEBUG    | ExoplanetDownloader | Retry 2 for KIC 8890150 after 4.0s: Error in reading Data product D:\.lightkurve\cache\mastDownload\Kepler\kplr008890150_lc_Q011111111111111111\kplr008890150-2011073133259_llc.fits of type KeplerLightCurve .
This file may be corrupt due to an interrupted download. Please remove it from your disk and try again.
2026-01-04 00:49:42 | DEBUG    | ExoplanetDownloader | Retry 1 for KIC 8973129 after 2.0s: Error in reading Data product D:\.lightkurve\cache\mastDownload\Kepler\kplr008973129_lc_Q011111111111111111\kplr008973129-2009259160929_llc.fits of type KeplerLightCurve .
This file may be corrupt due to an interrupted download. Please remove it from your disk and try again.
2026-01-04 00:49:42 | DEBUG    | ExoplanetDownloader | Retry 2 for KIC 8892303 after 4.0s: Error in reading Data product D:\.lightkurve\cache\mastDownload\Kepler\kplr008892303_lc_Q000000111100111111\kplr008892303-2011073133259_llc.fits of type KeplerLightCurve .
This file may be corrupt due to an interrupted download. Please remove it from your disk and try again.
2026-01-04 00:49:42 | DEBUG    | ExoplanetDownloader | Retry 2 for KIC 8956206 after 4.0s: Error in reading Data product D:\.lightkurve\cache\mastDownload\Kepler\kplr008956206_lc_Q011111111111111111\kplr008956206-2009350155506_llc.fits of type KeplerLightCurve .
This file may be corrupt due to an interrupted download. Please remove it from your disk and try again.
2026-01-04 00:49:42 | DEBUG    | ExoplanetDownloader | Retry 2 for KIC 8951205 after 4.0s: Error in reading Data product D:\.lightkurve\cache\mastDownload\Kepler\kplr008951205_lc_Q011111111111111111\kplr008951205-2009350155506_llc.fits of type KeplerLightCurve .
This file may be corrupt due to an interrupted download. Please remove it from your disk and try again.
2026-01-04 00:49:43 | DEBUG    | ExoplanetDownloader | Retry 1 for KIC 9003401 after 2.0s: Error in reading Data product D:\.lightkurve\cache\mastDownload\Kepler\kplr009003401_lc_Q111111111111111111\kplr009003401-2010265121752_llc.fits of type KeplerLightCurve .
This file may be corrupt due to an interrupted download. Please remove it from your disk and try again.
2026-01-04 00:49:45 | DEBUG    | ExoplanetDownloader | Retry 2 for KIC 8973129 after 4.0s: Error in reading Data product D:\.lightkurve\cache\mastDownload\Kepler\kplr008973129_lc_Q011111111111111111\kplr008973129-2009259160929_llc.fits of type KeplerLightCurve .
This file may be corrupt due to an interrupted download. Please remove it from your disk and try again.
2026-01-04 00:49:46 | DEBUG    | ExoplanetDownloader | Retry 2 for KIC 9003401 after 4.0s: Error in reading Data product D:\.lightkurve\cache\mastDownload\Kepler\kplr009003401_lc_Q111111111111111111\kplr009003401-2010265121752_llc.fits of type KeplerLightCurve .
This file may be corrupt due to an interrupted download. Please remove it from your disk and try again.
2026-01-04 00:49:47 | DEBUG    | ExoplanetDownloader | Retry 1 for KIC 9008737 after 2.0s: Error in reading Data product D:\.lightkurve\cache\mastDownload\Kepler\kplr009008737_lc_Q011111111111111111\kplr009008737-2010078095331_llc.fits of type KeplerLightCurve .
This file may be corrupt due to an interrupted download. Please remove it from your disk and try again.
2026-01-04 00:49:48 | DEBUG    | ExoplanetDownloader | Retry 1 for KIC 9020114 after 2.0s: Error in reading Data product D:\.lightkurve\cache\mastDownload\Kepler\kplr009020114_lc_Q011111111111111111\kplr009020114-2009350155506_llc.fits of type KeplerLightCurve .
This file may be corrupt due to an interrupted download. Please remove it from your disk and try again.
2026-01-04 00:49:48 | DEBUG    | ExoplanetDownloader | Retry 1 for KIC 9011825 after 2.0s: Error in reading Data product D:\.lightkurve\cache\mastDownload\Kepler\kplr009011825_lc_Q011101110111111111\kplr009011825-2010355172524_llc.fits of type KeplerLightCurve .
This file may be corrupt due to an interrupted download. Please remove it from your disk and try again.
2026-01-04 00:49:49 | DEBUG    | ExoplanetDownloader | Retry 1 for KIC 9022166 after 2.0s: Error in reading Data product D:\.lightkurve\cache\mastDownload\Kepler\kplr009022166_lc_Q110101010101010101\kplr009022166-2009166043257_llc.fits of type KeplerLightCurve .
This file may be corrupt due to an interrupted download. Please remove it from your disk and try again.
2026-01-04 00:49:49 | DEBUG    | ExoplanetDownloader | Retry 1 for KIC 9026749 after 2.0s: Error in reading Data product D:\.lightkurve\cache\mastDownload\Kepler\kplr009026749_lc_Q011111111111111111\kplr009026749-2009350155506_llc.fits of type KeplerLightCurve .
This file may be corrupt due to an interrupted download. Please remove it from your disk and try again.
2026-01-04 00:49:50 | DEBUG    | ExoplanetDownloader | Retry 1 for KIC 9025971 after 2.0s: Error in reading Data product D:\.lightkurve\cache\mastDownload\Kepler\kplr009025971_lc_Q011111111111111111\kplr009025971-2012004120508_llc.fits of type KeplerLightCurve .
This file may be corrupt due to an interrupted download. Please remove it from your disk and try again.
2026-01-04 00:49:50 | DEBUG    | ExoplanetDownloader | Retry 2 for KIC 9008737 after 4.0s: Error in reading Data product D:\.lightkurve\cache\mastDownload\Kepler\kplr009008737_lc_Q011111111111111111\kplr009008737-2010078095331_llc.fits of type KeplerLightCurve .
This file may be corrupt due to an interrupted download. Please remove it from your disk and try again.
2026-01-04 00:49:50 | DEBUG    | ExoplanetDownloader | Retry 2 for KIC 9020114 after 4.0s: Error in reading Data product D:\.lightkurve\cache\mastDownload\Kepler\kplr009020114_lc_Q011111111111111111\kplr009020114-2009350155506_llc.fits of type KeplerLightCurve .
This file may be corrupt due to an interrupted download. Please remove it from your disk and try again.
2026-01-04 00:49:51 | DEBUG    | ExoplanetDownloader | Retry 2 for KIC 9011825 after 4.0s: Error in reading Data product D:\.lightkurve\cache\mastDownload\Kepler\kplr009011825_lc_Q011101110111111111\kplr009011825-2010355172524_llc.fits of type KeplerLightCurve .
This file may be corrupt due to an interrupted download. Please remove it from your disk and try again.
2026-01-04 00:49:51 | DEBUG    | ExoplanetDownloader | Retry 2 for KIC 9022166 after 4.0s: Error in reading Data product D:\.lightkurve\cache\mastDownload\Kepler\kplr009022166_lc_Q110101010101010101\kplr009022166-2009166043257_llc.fits of type KeplerLightCurve .
This file may be corrupt due to an interrupted download. Please remove it from your disk and try again.
2026-01-04 00:49:52 | DEBUG    | ExoplanetDownloader | Retry 1 for KIC 9030537 after 2.0s: Error in reading Data product D:\.lightkurve\cache\mastDownload\Kepler\kplr009030537_lc_Q011111111111111111\kplr009030537-2010265121752_llc.fits of type KeplerLightCurve .
This file may be corrupt due to an interrupted download. Please remove it from your disk and try again.
2026-01-04 00:49:52 | DEBUG    | ExoplanetDownloader | Retry 2 for KIC 9026749 after 4.0s: Error in reading Data product D:\.lightkurve\cache\mastDownload\Kepler\kplr009026749_lc_Q011111111111111111\kplr009026749-2009350155506_llc.fits of type KeplerLightCurve .
This file may be corrupt due to an interrupted download. Please remove it from your disk and try again.
2026-01-04 00:49:53 | DEBUG    | ExoplanetDownloader | Retry 2 for KIC 9025971 after 4.0s: Error in reading Data product D:\.lightkurve\cache\mastDownload\Kepler\kplr009025971_lc_Q011111111111111111\kplr009025971-2012004120508_llc.fits of type KeplerLightCurve .
This file may be corrupt due to an interrupted download. Please remove it from your disk and try again.
2026-01-04 00:49:53 | DEBUG    | ExoplanetDownloader | Retry 1 for KIC 9071593 after 2.0s: Error in reading Data product D:\.lightkurve\cache\mastDownload\Kepler\kplr009071593_lc_Q011111111111111111\kplr009071593-2010265121752_llc.fits of type KeplerLightCurve .
This file may be corrupt due to an interrupted download. Please remove it from your disk and try again.
2026-01-04 00:49:54 | DEBUG    | ExoplanetDownloader | Retry 2 for KIC 9030537 after 4.0s: Error in reading Data product D:\.lightkurve\cache\mastDownload\Kepler\kplr009030537_lc_Q011111111111111111\kplr009030537-2010265121752_llc.fits of type KeplerLightCurve .
This file may be corrupt due to an interrupted download. Please remove it from your disk and try again.
2026-01-04 00:49:56 | DEBUG    | ExoplanetDownloader | Retry 2 for KIC 9071593 after 4.0s: Error in reading Data product D:\.lightkurve\cache\mastDownload\Kepler\kplr009071593_lc_Q011111111111111111\kplr009071593-2010265121752_llc.fits of type KeplerLightCurve .
This file may be corrupt due to an interrupted download. Please remove it from your disk and try again.
2026-01-04 00:49:56 | DEBUG    | ExoplanetDownloader | Retry 1 for KIC 9076513 after 2.0s: Error in reading Data product D:\.lightkurve\cache\mastDownload\Kepler\kplr009076513_lc_Q011111111111111111\kplr009076513-2009166043257_llc.fits of type KeplerLightCurve .
This file may be corrupt due to an interrupted download. Please remove it from your disk and try again.
2026-01-04 00:49:57 | DEBUG    | ExoplanetDownloader | Retry 1 for KIC 9076971 after 2.0s: Error in reading Data product D:\.lightkurve\cache\mastDownload\Kepler\kplr009076971_lc_Q000011111111111111\kplr009076971-2012277125453_llc.fits of type KeplerLightCurve .
This file may be corrupt due to an interrupted download. Please remove it from your disk and try again.
2026-01-04 00:49:59 | DEBUG    | ExoplanetDownloader | Retry 2 for KIC 9076513 after 4.0s: Error in reading Data product D:\.lightkurve\cache\mastDownload\Kepler\kplr009076513_lc_Q011111111111111111\kplr009076513-2009166043257_llc.fits of type KeplerLightCurve .
This file may be corrupt due to an interrupted download. Please remove it from your disk and try again.
2026-01-04 00:50:00 | DEBUG    | ExoplanetDownloader | Retry 1 for KIC 9085563 after 2.0s: Error in reading Data product D:\.lightkurve\cache\mastDownload\Kepler\kplr009085563_lc_Q000011111111111111\kplr009085563-2013011073258_llc.fits of type KeplerLightCurve .
This file may be corrupt due to an interrupted download. Please remove it from your disk and try again.
2026-01-04 00:50:02 | DEBUG    | ExoplanetDownloader | Retry 1 for KIC 9086251 after 2.0s: Error in reading Data product D:\.lightkurve\cache\mastDownload\Kepler\kplr009086251_lc_Q111111111111111111\kplr009086251-2012004120508_llc.fits of type KeplerLightCurve .
This file may be corrupt due to an interrupted download. Please remove it from your disk and try again.
2026-01-04 00:50:02 | DEBUG    | ExoplanetDownloader | Retry 1 for KIC 9101496 after 2.0s: Error in reading Data product D:\.lightkurve\cache\mastDownload\Kepler\kplr009101496_lc_Q011111111111111111\kplr009101496-2011177032512_llc.fits of type KeplerLightCurve .
This file may be corrupt due to an interrupted download. Please remove it from your disk and try again.
2026-01-04 00:50:04 | DEBUG    | ExoplanetDownloader | Retry 2 for KIC 9076971 after 4.0s: Error in reading Data product D:\.lightkurve\cache\mastDownload\Kepler\kplr009076971_lc_Q000011111111111111\kplr009076971-2012277125453_llc.fits of type KeplerLightCurve .
This file may be corrupt due to an interrupted download. Please remove it from your disk and try again.
2026-01-04 00:50:05 | DEBUG    | ExoplanetDownloader | Retry 2 for KIC 9085563 after 4.0s: Error in reading Data product D:\.lightkurve\cache\mastDownload\Kepler\kplr009085563_lc_Q000011111111111111\kplr009085563-2013011073258_llc.fits of type KeplerLightCurve .
This file may be corrupt due to an interrupted download. Please remove it from your disk and try again.
2026-01-04 00:50:05 | DEBUG    | ExoplanetDownloader | Retry 1 for KIC 9112931 after 2.0s: Error in reading Data product D:\.lightkurve\cache\mastDownload\Kepler\kplr009112931_lc_Q000011111111111111\kplr009112931-2012088054726_llc.fits of type KeplerLightCurve .
This file may be corrupt due to an interrupted download. Please remove it from your disk and try again.
2026-01-04 00:50:06 | DEBUG    | ExoplanetDownloader | Retry 1 for KIC 9117416 after 2.0s: Error in reading Data product D:\.lightkurve\cache\mastDownload\Kepler\kplr009117416_lc_Q111111111111111111\kplr009117416-2012004120508_llc.fits of type KeplerLightCurve .
This file may be corrupt due to an interrupted download. Please remove it from your disk and try again.
2026-01-04 00:50:06 | DEBUG    | ExoplanetDownloader | Retry 2 for KIC 9101496 after 4.0s: Error in reading Data product D:\.lightkurve\cache\mastDownload\Kepler\kplr009101496_lc_Q011111111111111111\kplr009101496-2011177032512_llc.fits of type KeplerLightCurve .
This file may be corrupt due to an interrupted download. Please remove it from your disk and try again.
2026-01-04 00:50:07 | DEBUG    | ExoplanetDownloader | Retry 1 for KIC 9139084 after 2.0s: Error in reading Data product D:\.lightkurve\cache\mastDownload\Kepler\kplr009139084_lc_Q111111111111111111\kplr009139084-2010355172524_llc.fits of type KeplerLightCurve .
This file may be corrupt due to an interrupted download. Please remove it from your disk and try again.
2026-01-04 00:50:07 | DEBUG    | ExoplanetDownloader | Retry 2 for KIC 9086251 after 4.0s: Error in reading Data product D:\.lightkurve\cache\mastDownload\Kepler\kplr009086251_lc_Q111111111111111111\kplr009086251-2012004120508_llc.fits of type KeplerLightCurve .
This file may be corrupt due to an interrupted download. Please remove it from your disk and try again.
2026-01-04 00:50:07 | DEBUG    | ExoplanetDownloader | Retry 1 for KIC 9141355 after 2.0s: Error in reading Data product D:\.lightkurve\cache\mastDownload\Kepler\kplr009141355_lc_Q011111111111111111\kplr009141355-2012004120508_llc.fits of type KeplerLightCurve .
This file may be corrupt due to an interrupted download. Please remove it from your disk and try again.
2026-01-04 00:50:08 | DEBUG    | ExoplanetDownloader | Retry 2 for KIC 9112931 after 4.0s: Error in reading Data product D:\.lightkurve\cache\mastDownload\Kepler\kplr009112931_lc_Q000011111111111111\kplr009112931-2012088054726_llc.fits of type KeplerLightCurve .
This file may be corrupt due to an interrupted download. Please remove it from your disk and try again.
2026-01-04 00:50:10 | DEBUG    | ExoplanetDownloader | Retry 2 for KIC 9117416 after 4.0s: Error in reading Data product D:\.lightkurve\cache\mastDownload\Kepler\kplr009117416_lc_Q111111111111111111\kplr009117416-2012004120508_llc.fits of type KeplerLightCurve .
This file may be corrupt due to an interrupted download. Please remove it from your disk and try again.
2026-01-04 00:50:11 | DEBUG    | ExoplanetDownloader | Retry 2 for KIC 9139084 after 4.0s: Error in reading Data product D:\.lightkurve\cache\mastDownload\Kepler\kplr009139084_lc_Q111111111111111111\kplr009139084-2010355172524_llc.fits of type KeplerLightCurve .
This file may be corrupt due to an interrupted download. Please remove it from your disk and try again.
2026-01-04 00:50:11 | DEBUG    | ExoplanetDownloader | Retry 2 for KIC 9141355 after 4.0s: Error in reading Data product D:\.lightkurve\cache\mastDownload\Kepler\kplr009141355_lc_Q011111111111111111\kplr009141355-2012004120508_llc.fits of type KeplerLightCurve .
This file may be corrupt due to an interrupted download. Please remove it from your disk and try again.
2026-01-04 00:50:12 | DEBUG    | ExoplanetDownloader | Retry 1 for KIC 9153570 after 2.0s: Error in reading Data product D:\.lightkurve\cache\mastDownload\Kepler\kplr009153570_lc_Q011111111111111111\kplr009153570-2010078095331_llc.fits of type KeplerLightCurve .
This file may be corrupt due to an interrupted download. Please remove it from your disk and try again.
2026-01-04 00:50:13 | DEBUG    | ExoplanetDownloader | Retry 1 for KIC 9166862 after 2.0s: Error in reading Data product D:\.lightkurve\cache\mastDownload\Kepler\kplr009166862_lc_Q011111111111111111\kplr009166862-2010174085026_llc.fits of type KeplerLightCurve .
This file may be corrupt due to an interrupted download. Please remove it from your disk and try again.
2026-01-04 00:50:14 | DEBUG    | ExoplanetDownloader | Retry 1 for KIC 9177629 after 2.0s: Error in reading Data product D:\.lightkurve\cache\mastDownload\Kepler\kplr009177629_lc_Q011111111111111111\kplr009177629-2010078095331_llc.fits of type KeplerLightCurve .
This file may be corrupt due to an interrupted download. Please remove it from your disk and try again.
2026-01-04 00:50:15 | DEBUG    | ExoplanetDownloader | Retry 2 for KIC 9153570 after 4.0s: Error in reading Data product D:\.lightkurve\cache\mastDownload\Kepler\kplr009153570_lc_Q011111111111111111\kplr009153570-2010078095331_llc.fits of type KeplerLightCurve .
This file may be corrupt due to an interrupted download. Please remove it from your disk and try again.
2026-01-04 00:50:15 | DEBUG    | ExoplanetDownloader | Retry 1 for KIC 9183378 after 2.0s: Error in reading Data product D:\.lightkurve\cache\mastDownload\Kepler\kplr009183378_lc_Q011111111111111111\kplr009183378-2010174085026_llc.fits of type KeplerLightCurve .
This file may be corrupt due to an interrupted download. Please remove it from your disk and try again.
2026-01-04 00:50:15 | DEBUG    | ExoplanetDownloader | Retry 1 for KIC 9209624 after 2.0s: Error in reading Data product D:\.lightkurve\cache\mastDownload\Kepler\kplr009209624_lc_Q011111111111111111\kplr009209624-2010174085026_llc.fits of type KeplerLightCurve .
This file may be corrupt due to an interrupted download. Please remove it from your disk and try again.
2026-01-04 00:50:17 | DEBUG    | ExoplanetDownloader | Retry 2 for KIC 9166862 after 4.0s: Error in reading Data product D:\.lightkurve\cache\mastDownload\Kepler\kplr009166862_lc_Q011111111111111111\kplr009166862-2010174085026_llc.fits of type KeplerLightCurve .
This file may be corrupt due to an interrupted download. Please remove it from your disk and try again.
2026-01-04 00:50:17 | DEBUG    | ExoplanetDownloader | Retry 2 for KIC 9177629 after 4.0s: Error in reading Data product D:\.lightkurve\cache\mastDownload\Kepler\kplr009177629_lc_Q011111111111111111\kplr009177629-2010078095331_llc.fits of type KeplerLightCurve .
This file may be corrupt due to an interrupted download. Please remove it from your disk and try again.
2026-01-04 00:50:18 | DEBUG    | ExoplanetDownloader | Retry 2 for KIC 9183378 after 4.0s: Error in reading Data product D:\.lightkurve\cache\mastDownload\Kepler\kplr009183378_lc_Q011111111111111111\kplr009183378-2010174085026_llc.fits of type KeplerLightCurve .
This file may be corrupt due to an interrupted download. Please remove it from your disk and try again.
2026-01-04 00:50:18 | DEBUG    | ExoplanetDownloader | Retry 1 for KIC 9210387 after 2.0s: Error in reading Data product D:\.lightkurve\cache\mastDownload\Kepler\kplr009210387_lc_Q011111111111111111\kplr009210387-2009259160929_llc.fits of type KeplerLightCurve .
This file may be corrupt due to an interrupted download. Please remove it from your disk and try again.
2026-01-04 00:50:18 | DEBUG    | ExoplanetDownloader | Retry 1 for KIC 9214942 after 2.0s: Error in reading Data product D:\.lightkurve\cache\mastDownload\Kepler\kplr009214942_lc_Q011111111111111111\kplr009214942-2009166043257_llc.fits of type KeplerLightCurve .
This file may be corrupt due to an interrupted download. Please remove it from your disk and try again.
2026-01-04 00:50:18 | DEBUG    | ExoplanetDownloader | Retry 2 for KIC 9209624 after 4.0s: Error in reading Data product D:\.lightkurve\cache\mastDownload\Kepler\kplr009209624_lc_Q011111111111111111\kplr009209624-2010174085026_llc.fits of type KeplerLightCurve .
This file may be corrupt due to an interrupted download. Please remove it from your disk and try again.
2026-01-04 00:50:19 | DEBUG    | ExoplanetDownloader | Retry 1 for KIC 9221517 after 2.0s: Error in reading Data product D:\.lightkurve\cache\mastDownload\Kepler\kplr009221517_lc_Q011111111111111111\kplr009221517-2010265121752_llc.fits of type KeplerLightCurve .
This file may be corrupt due to an interrupted download. Please remove it from your disk and try again.
2026-01-04 00:50:21 | DEBUG    | ExoplanetDownloader | Retry 2 for KIC 9210387 after 4.0s: Error in reading Data product D:\.lightkurve\cache\mastDownload\Kepler\kplr009210387_lc_Q011111111111111111\kplr009210387-2009259160929_llc.fits of type KeplerLightCurve .
This file may be corrupt due to an interrupted download. Please remove it from your disk and try again.
2026-01-04 00:50:21 | DEBUG    | ExoplanetDownloader | Retry 2 for KIC 9214942 after 4.0s: Error in reading Data product D:\.lightkurve\cache\mastDownload\Kepler\kplr009214942_lc_Q011111111111111111\kplr009214942-2009166043257_llc.fits of type KeplerLightCurve .
This file may be corrupt due to an interrupted download. Please remove it from your disk and try again.
2026-01-04 00:50:21 | DEBUG    | ExoplanetDownloader | Retry 1 for KIC 9229657 after 2.0s: Error in reading Data product D:\.lightkurve\cache\mastDownload\Kepler\kplr009229657_lc_Q011111111111111111\kplr009229657-2011177032512_llc.fits of type KeplerLightCurve .
This file may be corrupt due to an interrupted download. Please remove it from your disk and try again.
2026-01-04 00:50:23 | DEBUG    | ExoplanetDownloader | Retry 2 for KIC 9221517 after 4.0s: Error in reading Data product D:\.lightkurve\cache\mastDownload\Kepler\kplr009221517_lc_Q011111111111111111\kplr009221517-2010265121752_llc.fits of type KeplerLightCurve .
This file may be corrupt due to an interrupted download. Please remove it from your disk and try again.
2026-01-04 00:50:25 | DEBUG    | ExoplanetDownloader | Retry 2 for KIC 9229657 after 4.0s: Error in reading Data product D:\.lightkurve\cache\mastDownload\Kepler\kplr009229657_lc_Q011111111111111111\kplr009229657-2011177032512_llc.fits of type KeplerLightCurve .
This file may be corrupt due to an interrupted download. Please remove it from your disk and try again.
2026-01-04 00:50:25 | DEBUG    | ExoplanetDownloader | Retry 1 for KIC 9244508 after 2.0s: Error in reading Data product D:\.lightkurve\cache\mastDownload\Kepler\kplr009244508_lc_Q011111111111111111\kplr009244508-2012277125453_llc.fits of type KeplerLightCurve .
This file may be corrupt due to an interrupted download. Please remove it from your disk and try again.
2026-01-04 00:50:26 | DEBUG    | ExoplanetDownloader | Retry 1 for KIC 9244756 after 2.0s: Error in reading Data product D:\.lightkurve\cache\mastDownload\Kepler\kplr009244756_lc_Q011111111111111111\kplr009244756-2010174085026_llc.fits of type KeplerLightCurve .
This file may be corrupt due to an interrupted download. Please remove it from your disk and try again.
2026-01-04 00:50:26 | DEBUG    | ExoplanetDownloader | Retry 1 for KIC 9271752 after 2.0s: Error in reading Data product D:\.lightkurve\cache\mastDownload\Kepler\kplr009271752_lc_Q011111111111111111\kplr009271752-2010078095331_llc.fits of type KeplerLightCurve .
This file may be corrupt due to an interrupted download. Please remove it from your disk and try again.
2026-01-04 00:50:26 | DEBUG    | ExoplanetDownloader | Retry 1 for KIC 9266431 after 2.0s: Error in reading Data product D:\.lightkurve\cache\mastDownload\Kepler\kplr009266431_lc_Q011111111111111111\kplr009266431-2011073133259_llc.fits of type KeplerLightCurve .
This file may be corrupt due to an interrupted download. Please remove it from your disk and try again.
2026-01-04 00:50:29 | DEBUG    | ExoplanetDownloader | Retry 1 for KIC 9280239 after 2.0s: Error in reading Data product D:\.lightkurve\cache\mastDownload\Kepler\kplr009280239_lc_Q010101010101010101\kplr009280239-2013011073258_llc.fits of type KeplerLightCurve .
This file may be corrupt due to an interrupted download. Please remove it from your disk and try again.
2026-01-04 00:50:29 | DEBUG    | ExoplanetDownloader | Retry 1 for KIC 9277896 after 2.0s: Error in reading Data product D:\.lightkurve\cache\mastDownload\Kepler\kplr009277896_lc_Q111111111111111111\kplr009277896-2012277125453_llc.fits of type KeplerLightCurve .
This file may be corrupt due to an interrupted download. Please remove it from your disk and try again.
2026-01-04 00:50:30 | DEBUG    | ExoplanetDownloader | Retry 2 for KIC 9271752 after 4.0s: Error in reading Data product D:\.lightkurve\cache\mastDownload\Kepler\kplr009271752_lc_Q011111111111111111\kplr009271752-2010078095331_llc.fits of type KeplerLightCurve .
This file may be corrupt due to an interrupted download. Please remove it from your disk and try again.
2026-01-04 00:50:30 | DEBUG    | ExoplanetDownloader | Retry 2 for KIC 9244756 after 4.0s: Error in reading Data product D:\.lightkurve\cache\mastDownload\Kepler\kplr009244756_lc_Q011111111111111111\kplr009244756-2010174085026_llc.fits of type KeplerLightCurve .
This file may be corrupt due to an interrupted download. Please remove it from your disk and try again.
2026-01-04 00:50:31 | DEBUG    | ExoplanetDownloader | Retry 2 for KIC 9244508 after 4.0s: Error in reading Data product D:\.lightkurve\cache\mastDownload\Kepler\kplr009244508_lc_Q011111111111111111\kplr009244508-2012277125453_llc.fits of type KeplerLightCurve .
This file may be corrupt due to an interrupted download. Please remove it from your disk and try again.
2026-01-04 00:50:31 | DEBUG    | ExoplanetDownloader | Retry 1 for KIC 9285568 after 2.0s: Error in reading Data product D:\.lightkurve\cache\mastDownload\Kepler\kplr009285568_lc_Q000011111111111111\kplr009285568-2011073133259_llc.fits of type KeplerLightCurve .
This file may be corrupt due to an interrupted download. Please remove it from your disk and try again.
2026-01-04 00:50:31 | DEBUG    | ExoplanetDownloader | Retry 2 for KIC 9266431 after 4.0s: Error in reading Data product D:\.lightkurve\cache\mastDownload\Kepler\kplr009266431_lc_Q011111111111111111\kplr009266431-2011073133259_llc.fits of type KeplerLightCurve .
This file may be corrupt due to an interrupted download. Please remove it from your disk and try again.
2026-01-04 00:50:32 | DEBUG    | ExoplanetDownloader | Retry 2 for KIC 9280239 after 4.0s: Error in reading Data product D:\.lightkurve\cache\mastDownload\Kepler\kplr009280239_lc_Q010101010101010101\kplr009280239-2013011073258_llc.fits of type KeplerLightCurve .
This file may be corrupt due to an interrupted download. Please remove it from your disk and try again.
2026-01-04 00:50:33 | DEBUG    | ExoplanetDownloader | Retry 1 for KIC 9304101 after 2.0s: Error in reading Data product D:\.lightkurve\cache\mastDownload\Kepler\kplr009304101_lc_Q111111111111111111\kplr009304101-2009350155506_llc.fits of type KeplerLightCurve .
This file may be corrupt due to an interrupted download. Please remove it from your disk and try again.
2026-01-04 00:50:33 | DEBUG    | ExoplanetDownloader | Retry 2 for KIC 9277896 after 4.0s: Error in reading Data product D:\.lightkurve\cache\mastDownload\Kepler\kplr009277896_lc_Q111111111111111111\kplr009277896-2012277125453_llc.fits of type KeplerLightCurve .
This file may be corrupt due to an interrupted download. Please remove it from your disk and try again.
2026-01-04 00:50:34 | DEBUG    | ExoplanetDownloader | Retry 2 for KIC 9285568 after 4.0s: Error in reading Data product D:\.lightkurve\cache\mastDownload\Kepler\kplr009285568_lc_Q000011111111111111\kplr009285568-2011073133259_llc.fits of type KeplerLightCurve .
This file may be corrupt due to an interrupted download. Please remove it from your disk and try again.
2026-01-04 00:50:36 | DEBUG    | ExoplanetDownloader | Retry 2 for KIC 9304101 after 4.0s: Error in reading Data product D:\.lightkurve\cache\mastDownload\Kepler\kplr009304101_lc_Q111111111111111111\kplr009304101-2009350155506_llc.fits of type KeplerLightCurve .
This file may be corrupt due to an interrupted download. Please remove it from your disk and try again.
2026-01-04 00:50:37 | DEBUG    | ExoplanetDownloader | Retry 1 for KIC 9305831 after 2.0s: Error in reading Data product D:\.lightkurve\cache\mastDownload\Kepler\kplr009305831_lc_Q011111111111111111\kplr009305831-2010265121752_llc.fits of type KeplerLightCurve .
This file may be corrupt due to an interrupted download. Please remove it from your disk and try again.
2026-01-04 00:50:39 | DEBUG    | ExoplanetDownloader | Retry 1 for KIC 9307509 after 2.0s: Error in reading Data product D:\.lightkurve\cache\mastDownload\Kepler\kplr009307509_lc_Q011111111111111111\kplr009307509-2011073133259_llc.fits of type KeplerLightCurve .
This file may be corrupt due to an interrupted download. Please remove it from your disk and try again.
2026-01-04 00:50:39 | DEBUG    | ExoplanetDownloader | Retry 1 for KIC 9334893 after 2.0s: Error in reading Data product D:\.lightkurve\cache\mastDownload\Kepler\kplr009334893_lc_Q011111111111111111\kplr009334893-2009259160929_llc.fits of type KeplerLightCurve .
This file may be corrupt due to an interrupted download. Please remove it from your disk and try again.
2026-01-04 00:50:40 | DEBUG    | ExoplanetDownloader | Retry 1 for KIC 9349757 after 2.0s: Error in reading Data product D:\.lightkurve\cache\mastDownload\Kepler\kplr009349757_lc_Q011111111111111111\kplr009349757-2010174085026_llc.fits of type KeplerLightCurve .
This file may be corrupt due to an interrupted download. Please remove it from your disk and try again.
2026-01-04 00:50:41 | DEBUG    | ExoplanetDownloader | Retry 1 for KIC 9351316 after 2.0s: Error in reading Data product D:\.lightkurve\cache\mastDownload\Kepler\kplr009351316_lc_Q011111111111111111\kplr009351316-2009166043257_llc.fits of type KeplerLightCurve .
This file may be corrupt due to an interrupted download. Please remove it from your disk and try again.
2026-01-04 00:50:42 | DEBUG    | ExoplanetDownloader | Retry 2 for KIC 9305831 after 4.0s: Error in reading Data product D:\.lightkurve\cache\mastDownload\Kepler\kplr009305831_lc_Q011111111111111111\kplr009305831-2010265121752_llc.fits of type KeplerLightCurve .
This file may be corrupt due to an interrupted download. Please remove it from your disk and try again.
2026-01-04 00:50:42 | DEBUG    | ExoplanetDownloader | Retry 2 for KIC 9334893 after 4.0s: Error in reading Data product D:\.lightkurve\cache\mastDownload\Kepler\kplr009334893_lc_Q011111111111111111\kplr009334893-2009259160929_llc.fits of type KeplerLightCurve .
This file may be corrupt due to an interrupted download. Please remove it from your disk and try again.
2026-01-04 00:50:43 | DEBUG    | ExoplanetDownloader | Retry 2 for KIC 9351316 after 4.0s: Error in reading Data product D:\.lightkurve\cache\mastDownload\Kepler\kplr009351316_lc_Q011111111111111111\kplr009351316-2009166043257_llc.fits of type KeplerLightCurve .
This file may be corrupt due to an interrupted download. Please remove it from your disk and try again.
2026-01-04 00:50:44 | DEBUG    | ExoplanetDownloader | Retry 2 for KIC 9349757 after 4.0s: Error in reading Data product D:\.lightkurve\cache\mastDownload\Kepler\kplr009349757_lc_Q011111111111111111\kplr009349757-2010174085026_llc.fits of type KeplerLightCurve .
This file may be corrupt due to an interrupted download. Please remove it from your disk and try again.
2026-01-04 00:50:44 | DEBUG    | ExoplanetDownloader | Retry 1 for KIC 9351920 after 2.0s: Error in reading Data product D:\.lightkurve\cache\mastDownload\Kepler\kplr009351920_lc_Q011111111111111111\kplr009351920-2011073133259_llc.fits of type KeplerLightCurve .
This file may be corrupt due to an interrupted download. Please remove it from your disk and try again.
2026-01-04 00:50:44 | DEBUG    | ExoplanetDownloader | Retry 1 for KIC 9405595 after 2.0s: Error in reading Data product D:\.lightkurve\cache\mastDownload\Kepler\kplr009405595_lc_Q011111111111111111\kplr009405595-2010174085026_llc.fits of type KeplerLightCurve .
This file may be corrupt due to an interrupted download. Please remove it from your disk and try again.
2026-01-04 00:50:44 | DEBUG    | ExoplanetDownloader | Retry 2 for KIC 9307509 after 4.0s: Error in reading Data product D:\.lightkurve\cache\mastDownload\Kepler\kplr009307509_lc_Q011111111111111111\kplr009307509-2011073133259_llc.fits of type KeplerLightCurve .
This file may be corrupt due to an interrupted download. Please remove it from your disk and try again.
2026-01-04 00:50:44 | DEBUG    | ExoplanetDownloader | Retry 1 for KIC 9401997 after 2.0s: Error in reading Data product D:\.lightkurve\cache\mastDownload\Kepler\kplr009401997_lc_Q011111111111111111\kplr009401997-2012004120508_llc.fits of type KeplerLightCurve .
This file may be corrupt due to an interrupted download. Please remove it from your disk and try again.
2026-01-04 00:50:47 | DEBUG    | ExoplanetDownloader | Retry 2 for KIC 9405595 after 4.0s: Error in reading Data product D:\.lightkurve\cache\mastDownload\Kepler\kplr009405595_lc_Q011111111111111111\kplr009405595-2010174085026_llc.fits of type KeplerLightCurve .
This file may be corrupt due to an interrupted download. Please remove it from your disk and try again.
2026-01-04 00:50:48 | DEBUG    | ExoplanetDownloader | Retry 2 for KIC 9351920 after 4.0s: Error in reading Data product D:\.lightkurve\cache\mastDownload\Kepler\kplr009351920_lc_Q011111111111111111\kplr009351920-2011073133259_llc.fits of type KeplerLightCurve .
This file may be corrupt due to an interrupted download. Please remove it from your disk and try again.
2026-01-04 00:50:48 | DEBUG    | ExoplanetDownloader | Retry 2 for KIC 9401997 after 4.0s: Error in reading Data product D:\.lightkurve\cache\mastDownload\Kepler\kplr009401997_lc_Q011111111111111111\kplr009401997-2012004120508_llc.fits of type KeplerLightCurve .
This file may be corrupt due to an interrupted download. Please remove it from your disk and try again.
2026-01-04 00:50:49 | DEBUG    | ExoplanetDownloader | Retry 1 for KIC 9406990 after 2.0s: Error in reading Data product D:\.lightkurve\cache\mastDownload\Kepler\kplr009406990_lc_Q011111111111111111\kplr009406990-2010174085026_llc.fits of type KeplerLightCurve .
This file may be corrupt due to an interrupted download. Please remove it from your disk and try again.
2026-01-04 00:50:50 | DEBUG    | ExoplanetDownloader | Retry 1 for KIC 9411412 after 2.0s: Error in reading Data product D:\.lightkurve\cache\mastDownload\Kepler\kplr009411412_lc_Q011111111111111111\kplr009411412-2010355172524_llc.fits of type KeplerLightCurve .
This file may be corrupt due to an interrupted download. Please remove it from your disk and try again.
2026-01-04 00:50:50 | DEBUG    | ExoplanetDownloader | Retry 1 for KIC 9415108 after 2.0s: Error in reading Data product D:\.lightkurve\cache\mastDownload\Kepler\kplr009415108_lc_Q011111111111111111\kplr009415108-2010174085026_llc.fits of type KeplerLightCurve .
This file may be corrupt due to an interrupted download. Please remove it from your disk and try again.
2026-01-04 00:50:53 | DEBUG    | ExoplanetDownloader | Retry 1 for KIC 9451706 after 2.0s: Error in reading Data product D:\.lightkurve\cache\mastDownload\Kepler\kplr009451706_lc_Q111111111111111111\kplr009451706-2013131215648_llc.fits of type KeplerLightCurve .
This file may be corrupt due to an interrupted download. Please remove it from your disk and try again.
2026-01-04 00:50:54 | DEBUG    | ExoplanetDownloader | Retry 2 for KIC 9406990 after 4.0s: Error in reading Data product D:\.lightkurve\cache\mastDownload\Kepler\kplr009406990_lc_Q011111111111111111\kplr009406990-2010174085026_llc.fits of type KeplerLightCurve .
This file may be corrupt due to an interrupted download. Please remove it from your disk and try again.
2026-01-04 00:50:54 | DEBUG    | ExoplanetDownloader | Retry 2 for KIC 9415108 after 4.0s: Error in reading Data product D:\.lightkurve\cache\mastDownload\Kepler\kplr009415108_lc_Q011111111111111111\kplr009415108-2010174085026_llc.fits of type KeplerLightCurve .
This file may be corrupt due to an interrupted download. Please remove it from your disk and try again.
2026-01-04 00:50:55 | DEBUG    | ExoplanetDownloader | Retry 1 for KIC 9455325 after 2.0s: Error in reading Data product D:\.lightkurve\cache\mastDownload\Kepler\kplr009455325_lc_Q011111111111111111\kplr009455325-2011073133259_llc.fits of type KeplerLightCurve .
This file may be corrupt due to an interrupted download. Please remove it from your disk and try again.
2026-01-04 00:50:55 | DEBUG    | ExoplanetDownloader | Retry 2 for KIC 9411412 after 4.0s: Error in reading Data product D:\.lightkurve\cache\mastDownload\Kepler\kplr009411412_lc_Q011111111111111111\kplr009411412-2010355172524_llc.fits of type KeplerLightCurve .
This file may be corrupt due to an interrupted download. Please remove it from your disk and try again.
2026-01-04 00:50:56 | DEBUG    | ExoplanetDownloader | Retry 1 for KIC 9458343 after 2.0s: Error in reading Data product D:\.lightkurve\cache\mastDownload\Kepler\kplr009458343_lc_Q011111111111111111\kplr009458343-2010078095331_llc.fits of type KeplerLightCurve .
This file may be corrupt due to an interrupted download. Please remove it from your disk and try again.
2026-01-04 00:50:58 | DEBUG    | ExoplanetDownloader | Retry 1 for KIC 9466429 after 2.0s: Error in reading Data product D:\.lightkurve\cache\mastDownload\Kepler\kplr009466429_lc_Q011111111111111111\kplr009466429-2010174085026_llc.fits of type KeplerLightCurve .
This file may be corrupt due to an interrupted download. Please remove it from your disk and try again.
2026-01-04 00:51:00 | DEBUG    | ExoplanetDownloader | Retry 2 for KIC 9458343 after 4.0s: Error in reading Data product D:\.lightkurve\cache\mastDownload\Kepler\kplr009458343_lc_Q011111111111111111\kplr009458343-2010078095331_llc.fits of type KeplerLightCurve .
This file may be corrupt due to an interrupted download. Please remove it from your disk and try again.
2026-01-04 00:51:00 | DEBUG    | ExoplanetDownloader | Retry 2 for KIC 9451706 after 4.0s: Error in reading Data product D:\.lightkurve\cache\mastDownload\Kepler\kplr009451706_lc_Q111111111111111111\kplr009451706-2013131215648_llc.fits of type KeplerLightCurve .
This file may be corrupt due to an interrupted download. Please remove it from your disk and try again.
2026-01-04 00:51:02 | DEBUG    | ExoplanetDownloader | Retry 1 for KIC 9468551 after 2.0s: Error in reading Data product D:\.lightkurve\cache\mastDownload\Kepler\kplr009468551_lc_Q000011111111111111\kplr009468551-2012179063303_llc.fits of type KeplerLightCurve .
This file may be corrupt due to an interrupted download. Please remove it from your disk and try again.
2026-01-04 00:51:02 | DEBUG    | ExoplanetDownloader | Retry 2 for KIC 9455325 after 4.0s: Error in reading Data product D:\.lightkurve\cache\mastDownload\Kepler\kplr009455325_lc_Q011111111111111111\kplr009455325-2011073133259_llc.fits of type KeplerLightCurve .
This file may be corrupt due to an interrupted download. Please remove it from your disk and try again.
2026-01-04 00:51:02 | DEBUG    | ExoplanetDownloader | Retry 2 for KIC 9466429 after 4.0s: Error in reading Data product D:\.lightkurve\cache\mastDownload\Kepler\kplr009466429_lc_Q011111111111111111\kplr009466429-2010174085026_llc.fits of type KeplerLightCurve .
This file may be corrupt due to an interrupted download. Please remove it from your disk and try again.
2026-01-04 00:51:03 | DEBUG    | ExoplanetDownloader | Retry 1 for KIC 9473078 after 2.0s: Error in reading Data product D:\.lightkurve\cache\mastDownload\Kepler\kplr009473078_lc_Q111111111111111111\kplr009473078-2010078095331_llc.fits of type KeplerLightCurve .
This file may be corrupt due to an interrupted download. Please remove it from your disk and try again.
2026-01-04 00:51:03 | DEBUG    | ExoplanetDownloader | Retry 1 for KIC 9475552 after 2.0s: Error in reading Data product D:\.lightkurve\cache\mastDownload\Kepler\kplr009475552_lc_Q011111111111111111\kplr009475552-2010078095331_llc.fits of type KeplerLightCurve .
This file may be corrupt due to an interrupted download. Please remove it from your disk and try again.
2026-01-04 00:51:05 | DEBUG    | ExoplanetDownloader | Retry 1 for KIC 9517393 after 2.0s: Error in reading Data product D:\.lightkurve\cache\mastDownload\Kepler\kplr009517393_lc_Q011111111111111111\kplr009517393-2012004120508_llc.fits of type KeplerLightCurve .
This file may be corrupt due to an interrupted download. Please remove it from your disk and try again.
2026-01-04 00:51:05 | DEBUG    | ExoplanetDownloader | Retry 2 for KIC 9468551 after 4.0s: Error in reading Data product D:\.lightkurve\cache\mastDownload\Kepler\kplr009468551_lc_Q000011111111111111\kplr009468551-2012179063303_llc.fits of type KeplerLightCurve .
This file may be corrupt due to an interrupted download. Please remove it from your disk and try again.
2026-01-04 00:51:07 | DEBUG    | ExoplanetDownloader | Retry 2 for KIC 9473078 after 4.0s: Error in reading Data product D:\.lightkurve\cache\mastDownload\Kepler\kplr009473078_lc_Q111111111111111111\kplr009473078-2010078095331_llc.fits of type KeplerLightCurve .
This file may be corrupt due to an interrupted download. Please remove it from your disk and try again.
2026-01-04 00:51:08 | DEBUG    | ExoplanetDownloader | Retry 2 for KIC 9475552 after 4.0s: Error in reading Data product D:\.lightkurve\cache\mastDownload\Kepler\kplr009475552_lc_Q011111111111111111\kplr009475552-2010078095331_llc.fits of type KeplerLightCurve .
This file may be corrupt due to an interrupted download. Please remove it from your disk and try again.
2026-01-04 00:51:10 | DEBUG    | ExoplanetDownloader | Retry 1 for KIC 9518318 after 2.0s: Error in reading Data product D:\.lightkurve\cache\mastDownload\Kepler\kplr009518318_lc_Q011111111111111111\kplr009518318-2011073133259_llc.fits of type KeplerLightCurve .
This file may be corrupt due to an interrupted download. Please remove it from your disk and try again.
2026-01-04 00:51:10 | DEBUG    | ExoplanetDownloader | Retry 2 for KIC 9517393 after 4.0s: Error in reading Data product D:\.lightkurve\cache\mastDownload\Kepler\kplr009517393_lc_Q011111111111111111\kplr009517393-2012004120508_llc.fits of type KeplerLightCurve .
This file may be corrupt due to an interrupted download. Please remove it from your disk and try again.
2026-01-04 00:51:11 | DEBUG    | ExoplanetDownloader | Retry 1 for KIC 9527915 after 2.0s: Error in reading Data product D:\.lightkurve\cache\mastDownload\Kepler\kplr009527915_lc_Q011111111111111111\kplr009527915-2009350155506_llc.fits of type KeplerLightCurve .
This file may be corrupt due to an interrupted download. Please remove it from your disk and try again.
2026-01-04 00:51:13 | DEBUG    | ExoplanetDownloader | Retry 1 for KIC 9549648 after 2.0s: Error in reading Data product D:\.lightkurve\cache\mastDownload\Kepler\kplr009549648_lc_Q111111111111111111\kplr009549648-2011271113734_llc.fits of type KeplerLightCurve .
This file may be corrupt due to an interrupted download. Please remove it from your disk and try again.
2026-01-04 00:51:13 | DEBUG    | ExoplanetDownloader | Retry 1 for KIC 9527334 after 2.0s: I/O operation on closed file.
2026-01-04 00:51:14 | DEBUG    | ExoplanetDownloader | Retry 2 for KIC 9527915 after 4.0s: Error in reading Data product D:\.lightkurve\cache\mastDownload\Kepler\kplr009527915_lc_Q011111111111111111\kplr009527915-2009350155506_llc.fits of type KeplerLightCurve .
This file may be corrupt due to an interrupted download. Please remove it from your disk and try again.
2026-01-04 00:51:14 | DEBUG    | ExoplanetDownloader | Retry 1 for KIC 9573539 after 2.0s: Error in reading Data product D:\.lightkurve\cache\mastDownload\Kepler\kplr009573539_lc_Q111111111111111111\kplr009573539-2011271113734_llc.fits of type KeplerLightCurve .
This file may be corrupt due to an interrupted download. Please remove it from your disk and try again.
2026-01-04 00:51:14 | DEBUG    | ExoplanetDownloader | Retry 2 for KIC 9518318 after 4.0s: Error in reading Data product D:\.lightkurve\cache\mastDownload\Kepler\kplr009518318_lc_Q011111111111111111\kplr009518318-2011073133259_llc.fits of type KeplerLightCurve .
This file may be corrupt due to an interrupted download. Please remove it from your disk and try again.
2026-01-04 00:51:15 | DEBUG    | ExoplanetDownloader | Retry 1 for KIC 9578686 after 2.0s: Error in reading Data product D:\.lightkurve\cache\mastDownload\Kepler\kplr009578686_lc_Q011111111111111111\kplr009578686-2010174085026_llc.fits of type KeplerLightCurve .
This file may be corrupt due to an interrupted download. Please remove it from your disk and try again.
2026-01-04 00:51:18 | DEBUG    | ExoplanetDownloader | Retry 2 for KIC 9549648 after 4.0s: Error in reading Data product D:\.lightkurve\cache\mastDownload\Kepler\kplr009549648_lc_Q111111111111111111\kplr009549648-2011271113734_llc.fits of type KeplerLightCurve .
This file may be corrupt due to an interrupted download. Please remove it from your disk and try again.
2026-01-04 00:51:18 | DEBUG    | ExoplanetDownloader | Retry 1 for KIC 9573685 after 2.0s: Error in reading Data product D:\.lightkurve\cache\mastDownload\Kepler\kplr009573685_lc_Q011111111111111111\kplr009573685-2012004120508_llc.fits of type KeplerLightCurve .
This file may be corrupt due to an interrupted download. Please remove it from your disk and try again.
2026-01-04 00:51:18 | DEBUG    | ExoplanetDownloader | Retry 2 for KIC 9578686 after 4.0s: Error in reading Data product D:\.lightkurve\cache\mastDownload\Kepler\kplr009578686_lc_Q011111111111111111\kplr009578686-2010174085026_llc.fits of type KeplerLightCurve .
This file may be corrupt due to an interrupted download. Please remove it from your disk and try again.
2026-01-04 00:51:19 | DEBUG    | ExoplanetDownloader | Retry 2 for KIC 9573539 after 4.0s: Error in reading Data product D:\.lightkurve\cache\mastDownload\Kepler\kplr009573539_lc_Q111111111111111111\kplr009573539-2011271113734_llc.fits of type KeplerLightCurve .
This file may be corrupt due to an interrupted download. Please remove it from your disk and try again.
2026-01-04 00:51:21 | DEBUG    | ExoplanetDownloader | Retry 1 for KIC 9583881 after 2.0s: Error in reading Data product D:\.lightkurve\cache\mastDownload\Kepler\kplr009583881_lc_Q011111111111111111\kplr009583881-2011073133259_llc.fits of type KeplerLightCurve .
This file may be corrupt due to an interrupted download. Please remove it from your disk and try again.
2026-01-04 00:51:22 | DEBUG    | ExoplanetDownloader | Retry 2 for KIC 9573685 after 4.0s: Error in reading Data product D:\.lightkurve\cache\mastDownload\Kepler\kplr009573685_lc_Q011111111111111111\kplr009573685-2012004120508_llc.fits of type KeplerLightCurve .
This file may be corrupt due to an interrupted download. Please remove it from your disk and try again.
2026-01-04 00:51:22 | DEBUG    | ExoplanetDownloader | Retry 1 for KIC 9589524 after 2.0s: Error in reading Data product D:\.lightkurve\cache\mastDownload\Kepler\kplr009589524_lc_Q011111111111111111\kplr009589524-2013098041711_llc.fits of type KeplerLightCurve .
This file may be corrupt due to an interrupted download. Please remove it from your disk and try again.
2026-01-04 00:51:23 | DEBUG    | ExoplanetDownloader | Retry 2 for KIC 9527334 after 4.0s: I/O operation on closed file.
2026-01-04 00:51:24 | DEBUG    | ExoplanetDownloader | Retry 1 for KIC 9590976 after 2.0s: Error in reading Data product D:\.lightkurve\cache\mastDownload\Kepler\kplr009590976_lc_Q111111111111111111\kplr009590976-2012088054726_llc.fits of type KeplerLightCurve .
This file may be corrupt due to an interrupted download. Please remove it from your disk and try again.
2026-01-04 00:51:24 | DEBUG    | ExoplanetDownloader | Retry 2 for KIC 9583881 after 4.0s: Error in reading Data product D:\.lightkurve\cache\mastDownload\Kepler\kplr009583881_lc_Q011111111111111111\kplr009583881-2011073133259_llc.fits of type KeplerLightCurve .
This file may be corrupt due to an interrupted download. Please remove it from your disk and try again.
2026-01-04 00:51:25 | DEBUG    | ExoplanetDownloader | Retry 1 for KIC 9592705 after 2.0s: Error in reading Data product D:\.lightkurve\cache\mastDownload\Kepler\kplr009592705_lc_Q111111111111111111\kplr009592705-2010174085026_llc.fits of type KeplerLightCurve .
This file may be corrupt due to an interrupted download. Please remove it from your disk and try again.
2026-01-04 00:51:26 | DEBUG    | ExoplanetDownloader | Retry 1 for KIC 9597806 after 2.0s: Error in reading Data product D:\.lightkurve\cache\mastDownload\Kepler\kplr009597806_lc_Q000011111111111111\kplr009597806-2010355172524_llc.fits of type KeplerLightCurve .
This file may be corrupt due to an interrupted download. Please remove it from your disk and try again.
2026-01-04 00:51:26 | DEBUG    | ExoplanetDownloader | Retry 2 for KIC 9589524 after 4.0s: Error in reading Data product D:\.lightkurve\cache\mastDownload\Kepler\kplr009589524_lc_Q011111111111111111\kplr009589524-2013098041711_llc.fits of type KeplerLightCurve .
This file may be corrupt due to an interrupted download. Please remove it from your disk and try again.
2026-01-04 00:51:27 | DEBUG    | ExoplanetDownloader | Retry 1 for KIC 9595827 after 2.0s: Error in reading Data product D:\.lightkurve\cache\mastDownload\Kepler\kplr009595827_lc_Q011111111111111111\kplr009595827-2009259160929_llc.fits of type KeplerLightCurve .
This file may be corrupt due to an interrupted download. Please remove it from your disk and try again.
2026-01-04 00:51:28 | DEBUG    | ExoplanetDownloader | Retry 2 for KIC 9590976 after 4.0s: Error in reading Data product D:\.lightkurve\cache\mastDownload\Kepler\kplr009590976_lc_Q111111111111111111\kplr009590976-2012088054726_llc.fits of type KeplerLightCurve .
This file may be corrupt due to an interrupted download. Please remove it from your disk and try again.
2026-01-04 00:51:28 | DEBUG    | ExoplanetDownloader | Retry 2 for KIC 9592705 after 4.0s: Error in reading Data product D:\.lightkurve\cache\mastDownload\Kepler\kplr009592705_lc_Q111111111111111111\kplr009592705-2010174085026_llc.fits of type KeplerLightCurve .
This file may be corrupt due to an interrupted download. Please remove it from your disk and try again.
2026-01-04 00:51:29 | DEBUG    | ExoplanetDownloader | Retry 2 for KIC 9597806 after 4.0s: Error in reading Data product D:\.lightkurve\cache\mastDownload\Kepler\kplr009597806_lc_Q000011111111111111\kplr009597806-2010355172524_llc.fits of type KeplerLightCurve .
This file may be corrupt due to an interrupted download. Please remove it from your disk and try again.
2026-01-04 00:51:30 | DEBUG    | ExoplanetDownloader | Retry 2 for KIC 9595827 after 4.0s: Error in reading Data product D:\.lightkurve\cache\mastDownload\Kepler\kplr009595827_lc_Q011111111111111111\kplr009595827-2009259160929_llc.fits of type KeplerLightCurve .
This file may be corrupt due to an interrupted download. Please remove it from your disk and try again.
2026-01-04 00:51:31 | DEBUG    | ExoplanetDownloader | Retry 1 for KIC 9602613 after 2.0s: Error in reading Data product D:\.lightkurve\cache\mastDownload\Kepler\kplr009602613_lc_Q111111101110111011\kplr009602613-2011177032512_llc.fits of type KeplerLightCurve .
This file may be corrupt due to an interrupted download. Please remove it from your disk and try again.
2026-01-04 00:51:31 | DEBUG    | ExoplanetDownloader | Retry 1 for KIC 9631762 after 2.0s: Error in reading Data product D:\.lightkurve\cache\mastDownload\Kepler\kplr009631762_lc_Q011111111111111111\kplr009631762-2010265121752_llc.fits of type KeplerLightCurve .
This file may be corrupt due to an interrupted download. Please remove it from your disk and try again.
2026-01-04 00:51:32 | DEBUG    | ExoplanetDownloader | Retry 1 for KIC 9631995 after 2.0s: Error in reading Data product D:\.lightkurve\cache\mastDownload\Kepler\kplr009631995_lc_Q111111111111111111\kplr009631995-2010078095331_llc.fits of type KeplerLightCurve .
This file may be corrupt due to an interrupted download. Please remove it from your disk and try again.
2026-01-04 00:51:34 | DEBUG    | ExoplanetDownloader | Retry 2 for KIC 9631762 after 4.0s: Error in reading Data product D:\.lightkurve\cache\mastDownload\Kepler\kplr009631762_lc_Q011111111111111111\kplr009631762-2010265121752_llc.fits of type KeplerLightCurve .
This file may be corrupt due to an interrupted download. Please remove it from your disk and try again.
2026-01-04 00:51:34 | DEBUG    | ExoplanetDownloader | Retry 1 for KIC 9634821 after 2.0s: Error in reading Data product D:\.lightkurve\cache\mastDownload\Kepler\kplr009634821_lc_Q000011111111111111\kplr009634821-2010078095331_llc.fits of type KeplerLightCurve .
This file may be corrupt due to an interrupted download. Please remove it from your disk and try again.
2026-01-04 00:51:34 | DEBUG    | ExoplanetDownloader | Retry 2 for KIC 9602613 after 4.0s: Error in reading Data product D:\.lightkurve\cache\mastDownload\Kepler\kplr009602613_lc_Q111111101110111011\kplr009602613-2011177032512_llc.fits of type KeplerLightCurve .
This file may be corrupt due to an interrupted download. Please remove it from your disk and try again.
2026-01-04 00:51:35 | DEBUG    | ExoplanetDownloader | Retry 2 for KIC 9631995 after 4.0s: Error in reading Data product D:\.lightkurve\cache\mastDownload\Kepler\kplr009631995_lc_Q111111111111111111\kplr009631995-2010078095331_llc.fits of type KeplerLightCurve .
This file may be corrupt due to an interrupted download. Please remove it from your disk and try again.
2026-01-04 00:51:36 | DEBUG    | ExoplanetDownloader | Retry 1 for KIC 9642292 after 2.0s: Error in reading Data product D:\.lightkurve\cache\mastDownload\Kepler\kplr009642292_lc_Q000011111111111111\kplr009642292-2010174085026_llc.fits of type KeplerLightCurve .
This file may be corrupt due to an interrupted download. Please remove it from your disk and try again.
2026-01-04 00:51:36 | DEBUG    | ExoplanetDownloader | Retry 1 for KIC 9643874 after 2.0s: Error in reading Data product D:\.lightkurve\cache\mastDownload\Kepler\kplr009643874_lc_Q000011111111111111\kplr009643874-2010078095331_llc.fits of type KeplerLightCurve .
This file may be corrupt due to an interrupted download. Please remove it from your disk and try again.
2026-01-04 00:51:36 | DEBUG    | ExoplanetDownloader | Retry 1 for KIC 9641481 after 2.0s: Error in reading Data product D:\.lightkurve\cache\mastDownload\Kepler\kplr009641481_lc_Q011111111111111111\kplr009641481-2012179063303_llc.fits of type KeplerLightCurve .
This file may be corrupt due to an interrupted download. Please remove it from your disk and try again.
2026-01-04 00:51:36 | DEBUG    | ExoplanetDownloader | Retry 1 for KIC 9650989 after 2.0s: Error in reading Data product D:\.lightkurve\cache\mastDownload\Kepler\kplr009650989_lc_Q011111111111111111\kplr009650989-2010078095331_llc.fits of type KeplerLightCurve .
This file may be corrupt due to an interrupted download. Please remove it from your disk and try again.
2026-01-04 00:51:37 | DEBUG    | ExoplanetDownloader | Retry 2 for KIC 9634821 after 4.0s: Error in reading Data product D:\.lightkurve\cache\mastDownload\Kepler\kplr009634821_lc_Q000011111111111111\kplr009634821-2010078095331_llc.fits of type KeplerLightCurve .
This file may be corrupt due to an interrupted download. Please remove it from your disk and try again.
2026-01-04 00:51:39 | DEBUG    | ExoplanetDownloader | Retry 2 for KIC 9643874 after 4.0s: Error in reading Data product D:\.lightkurve\cache\mastDownload\Kepler\kplr009643874_lc_Q000011111111111111\kplr009643874-2010078095331_llc.fits of type KeplerLightCurve .
This file may be corrupt due to an interrupted download. Please remove it from your disk and try again.
2026-01-04 00:51:39 | DEBUG    | ExoplanetDownloader | Retry 2 for KIC 9642292 after 4.0s: Error in reading Data product D:\.lightkurve\cache\mastDownload\Kepler\kplr009642292_lc_Q000011111111111111\kplr009642292-2010174085026_llc.fits of type KeplerLightCurve .
This file may be corrupt due to an interrupted download. Please remove it from your disk and try again.
2026-01-04 00:51:41 | DEBUG    | ExoplanetDownloader | Retry 2 for KIC 9650989 after 4.0s: Error in reading Data product D:\.lightkurve\cache\mastDownload\Kepler\kplr009650989_lc_Q011111111111111111\kplr009650989-2010078095331_llc.fits of type KeplerLightCurve .
This file may be corrupt due to an interrupted download. Please remove it from your disk and try again.
2026-01-04 00:51:42 | DEBUG    | ExoplanetDownloader | Retry 2 for KIC 9641481 after 4.0s: Error in reading Data product D:\.lightkurve\cache\mastDownload\Kepler\kplr009641481_lc_Q011111111111111111\kplr009641481-2012179063303_llc.fits of type KeplerLightCurve .
This file may be corrupt due to an interrupted download. Please remove it from your disk and try again.
2026-01-04 00:51:42 | DEBUG    | ExoplanetDownloader | Retry 1 for KIC 9654468 after 2.0s: Error in reading Data product D:\.lightkurve\cache\mastDownload\Kepler\kplr009654468_lc_Q000001110010111111\kplr009654468-2010265121752_llc.fits of type KeplerLightCurve .
This file may be corrupt due to an interrupted download. Please remove it from your disk and try again.
2026-01-04 00:51:43 | DEBUG    | ExoplanetDownloader | Retry 1 for KIC 9693006 after 2.0s: Error in reading Data product D:\.lightkurve\cache\mastDownload\Kepler\kplr009693006_lc_Q111111111111111111\kplr009693006-2009166043257_llc.fits of type KeplerLightCurve .
This file may be corrupt due to an interrupted download. Please remove it from your disk and try again.
2026-01-04 00:51:44 | DEBUG    | ExoplanetDownloader | Retry 1 for KIC 9701962 after 2.0s: Error in reading Data product D:\.lightkurve\cache\mastDownload\Kepler\kplr009701962_lc_Q011111111111111111\kplr009701962-2011271113734_llc.fits of type KeplerLightCurve .
This file may be corrupt due to an interrupted download. Please remove it from your disk and try again.
2026-01-04 00:51:45 | DEBUG    | ExoplanetDownloader | Retry 1 for KIC 9661979 after 2.0s: Error in reading Data product D:\.lightkurve\cache\mastDownload\Kepler\kplr009661979_lc_Q011111101110111011\kplr009661979-2013098041711_llc.fits of type KeplerLightCurve .
This file may be corrupt due to an interrupted download. Please remove it from your disk and try again.
2026-01-04 00:51:45 | DEBUG    | ExoplanetDownloader | Retry 2 for KIC 9654468 after 4.0s: Error in reading Data product D:\.lightkurve\cache\mastDownload\Kepler\kplr009654468_lc_Q000001110010111111\kplr009654468-2010265121752_llc.fits of type KeplerLightCurve .
This file may be corrupt due to an interrupted download. Please remove it from your disk and try again.
2026-01-04 00:51:46 | DEBUG    | ExoplanetDownloader | Retry 2 for KIC 9693006 after 4.0s: Error in reading Data product D:\.lightkurve\cache\mastDownload\Kepler\kplr009693006_lc_Q111111111111111111\kplr009693006-2009166043257_llc.fits of type KeplerLightCurve .
This file may be corrupt due to an interrupted download. Please remove it from your disk and try again.
2026-01-04 00:51:47 | DEBUG    | ExoplanetDownloader | Retry 1 for KIC 9702006 after 2.0s: Error in reading Data product D:\.lightkurve\cache\mastDownload\Kepler\kplr009702006_lc_Q011111111111111111\kplr009702006-2012179063303_llc.fits of type KeplerLightCurve .
This file may be corrupt due to an interrupted download. Please remove it from your disk and try again.
2026-01-04 00:51:47 | DEBUG    | ExoplanetDownloader | Retry 1 for KIC 9704384 after 2.0s: Error in reading Data product D:\.lightkurve\cache\mastDownload\Kepler\kplr009704384_lc_Q111111111111111111\kplr009704384-2010265121752_llc.fits of type KeplerLightCurve .
This file may be corrupt due to an interrupted download. Please remove it from your disk and try again.
2026-01-04 00:51:48 | DEBUG    | ExoplanetDownloader | Retry 2 for KIC 9701962 after 4.0s: Error in reading Data product D:\.lightkurve\cache\mastDownload\Kepler\kplr009701962_lc_Q011111111111111111\kplr009701962-2011271113734_llc.fits of type KeplerLightCurve .
This file may be corrupt due to an interrupted download. Please remove it from your disk and try again.
2026-01-04 00:51:48 | DEBUG    | ExoplanetDownloader | Retry 2 for KIC 9661979 after 4.0s: Error in reading Data product D:\.lightkurve\cache\mastDownload\Kepler\kplr009661979_lc_Q011111101110111011\kplr009661979-2013098041711_llc.fits of type KeplerLightCurve .
This file may be corrupt due to an interrupted download. Please remove it from your disk and try again.
2026-01-04 00:51:49 | DEBUG    | ExoplanetDownloader | Retry 1 for KIC 9710326 after 2.0s: Error in reading Data product D:\.lightkurve\cache\mastDownload\Kepler\kplr009710326_lc_Q011111111111111111\kplr009710326-2010078095331_llc.fits of type KeplerLightCurve .
This file may be corrupt due to an interrupted download. Please remove it from your disk and try again.
2026-01-04 00:51:50 | DEBUG    | ExoplanetDownloader | Retry 1 for KIC 9716391 after 2.0s: Error in reading Data product D:\.lightkurve\cache\mastDownload\Kepler\kplr009716391_lc_Q000110111111111111\kplr009716391-2010355172524_llc.fits of type KeplerLightCurve .
This file may be corrupt due to an interrupted download. Please remove it from your disk and try again.
2026-01-04 00:51:51 | DEBUG    | ExoplanetDownloader | Retry 2 for KIC 9704384 after 4.0s: Error in reading Data product D:\.lightkurve\cache\mastDownload\Kepler\kplr009704384_lc_Q111111111111111111\kplr009704384-2010265121752_llc.fits of type KeplerLightCurve .
This file may be corrupt due to an interrupted download. Please remove it from your disk and try again.
2026-01-04 00:51:51 | DEBUG    | ExoplanetDownloader | Retry 2 for KIC 9702006 after 4.0s: Error in reading Data product D:\.lightkurve\cache\mastDownload\Kepler\kplr009702006_lc_Q011111111111111111\kplr009702006-2012179063303_llc.fits of type KeplerLightCurve .
This file may be corrupt due to an interrupted download. Please remove it from your disk and try again.
2026-01-04 00:51:51 | DEBUG    | ExoplanetDownloader | Retry 2 for KIC 9710326 after 4.0s: Error in reading Data product D:\.lightkurve\cache\mastDownload\Kepler\kplr009710326_lc_Q011111111111111111\kplr009710326-2010078095331_llc.fits of type KeplerLightCurve .
This file may be corrupt due to an interrupted download. Please remove it from your disk and try again.
2026-01-04 00:51:52 | DEBUG    | ExoplanetDownloader | Retry 1 for KIC 9717943 after 2.0s: Error in reading Data product D:\.lightkurve\cache\mastDownload\Kepler\kplr009717943_lc_Q111111111111111111\kplr009717943-2009166043257_llc.fits of type KeplerLightCurve .
This file may be corrupt due to an interrupted download. Please remove it from your disk and try again.
2026-01-04 00:51:53 | DEBUG    | ExoplanetDownloader | Retry 1 for KIC 9735426 after 2.0s: Error in reading Data product D:\.lightkurve\cache\mastDownload\Kepler\kplr009735426_lc_Q011111111111111111\kplr009735426-2009350155506_llc.fits of type KeplerLightCurve .
This file may be corrupt due to an interrupted download. Please remove it from your disk and try again.
2026-01-04 00:51:53 | DEBUG    | ExoplanetDownloader | Retry 2 for KIC 9716391 after 4.0s: Error in reading Data product D:\.lightkurve\cache\mastDownload\Kepler\kplr009716391_lc_Q000110111111111111\kplr009716391-2010355172524_llc.fits of type KeplerLightCurve .
This file may be corrupt due to an interrupted download. Please remove it from your disk and try again.
2026-01-04 00:51:54 | DEBUG    | ExoplanetDownloader | Retry 2 for KIC 9717943 after 4.0s: Error in reading Data product D:\.lightkurve\cache\mastDownload\Kepler\kplr009717943_lc_Q111111111111111111\kplr009717943-2009166043257_llc.fits of type KeplerLightCurve .
This file may be corrupt due to an interrupted download. Please remove it from your disk and try again.
2026-01-04 00:51:56 | DEBUG    | ExoplanetDownloader | Retry 2 for KIC 9735426 after 4.0s: Error in reading Data product D:\.lightkurve\cache\mastDownload\Kepler\kplr009735426_lc_Q011111111111111111\kplr009735426-2009350155506_llc.fits of type KeplerLightCurve .
This file may be corrupt due to an interrupted download. Please remove it from your disk and try again.
2026-01-04 00:51:57 | DEBUG    | ExoplanetDownloader | Retry 1 for KIC 9758089 after 2.0s: Error in reading Data product D:\.lightkurve\cache\mastDownload\Kepler\kplr009758089_lc_Q011111111111111111\kplr009758089-2012088054726_llc.fits of type KeplerLightCurve .
This file may be corrupt due to an interrupted download. Please remove it from your disk and try again.
2026-01-04 00:51:58 | DEBUG    | ExoplanetDownloader | Retry 1 for KIC 9761615 after 2.0s: Error in reading Data product D:\.lightkurve\cache\mastDownload\Kepler\kplr009761615_lc_Q011111111111111111\kplr009761615-2011073133259_llc.fits of type KeplerLightCurve .
This file may be corrupt due to an interrupted download. Please remove it from your disk and try again.
2026-01-04 00:51:59 | DEBUG    | ExoplanetDownloader | Retry 1 for KIC 9761882 after 2.0s: Error in reading Data product D:\.lightkurve\cache\mastDownload\Kepler\kplr009761882_lc_Q011111111111111111\kplr009761882-2010265121752_llc.fits of type KeplerLightCurve .
This file may be corrupt due to an interrupted download. Please remove it from your disk and try again.
2026-01-04 00:52:00 | DEBUG    | ExoplanetDownloader | Retry 1 for KIC 9763348 after 2.0s: Error in reading Data product D:\.lightkurve\cache\mastDownload\Kepler\kplr009763348_lc_Q111111111111111111\kplr009763348-2010265121752_llc.fits of type KeplerLightCurve .
This file may be corrupt due to an interrupted download. Please remove it from your disk and try again.
2026-01-04 00:52:01 | DEBUG    | ExoplanetDownloader | Retry 1 for KIC 9763612 after 2.0s: Error in reading Data product D:\.lightkurve\cache\mastDownload\Kepler\kplr009763612_lc_Q111111111111111111\kplr009763612-2010265121752_llc.fits of type KeplerLightCurve .
This file may be corrupt due to an interrupted download. Please remove it from your disk and try again.
2026-01-04 00:52:01 | DEBUG    | ExoplanetDownloader | Retry 1 for KIC 9782691 after 2.0s: Error in reading Data product D:\.lightkurve\cache\mastDownload\Kepler\kplr009782691_lc_Q011111101110111011\kplr009782691-2009350155506_llc.fits of type KeplerLightCurve .
This file may be corrupt due to an interrupted download. Please remove it from your disk and try again.
2026-01-04 00:52:03 | DEBUG    | ExoplanetDownloader | Retry 2 for KIC 9758089 after 4.0s: Error in reading Data product D:\.lightkurve\cache\mastDownload\Kepler\kplr009758089_lc_Q011111111111111111\kplr009758089-2012088054726_llc.fits of type KeplerLightCurve .
This file may be corrupt due to an interrupted download. Please remove it from your disk and try again.
2026-01-04 00:52:03 | DEBUG    | ExoplanetDownloader | Retry 1 for KIC 9813499 after 2.0s: Error in reading Data product D:\.lightkurve\cache\mastDownload\Kepler\kplr009813499_lc_Q011111111111111111\kplr009813499-2011271113734_llc.fits of type KeplerLightCurve .
This file may be corrupt due to an interrupted download. Please remove it from your disk and try again.
2026-01-04 00:52:04 | DEBUG    | ExoplanetDownloader | Retry 2 for KIC 9761615 after 4.0s: Error in reading Data product D:\.lightkurve\cache\mastDownload\Kepler\kplr009761615_lc_Q011111111111111111\kplr009761615-2011073133259_llc.fits of type KeplerLightCurve .
This file may be corrupt due to an interrupted download. Please remove it from your disk and try again.
2026-01-04 00:52:04 | DEBUG    | ExoplanetDownloader | Retry 2 for KIC 9761882 after 4.0s: Error in reading Data product D:\.lightkurve\cache\mastDownload\Kepler\kplr009761882_lc_Q011111111111111111\kplr009761882-2010265121752_llc.fits of type KeplerLightCurve .
This file may be corrupt due to an interrupted download. Please remove it from your disk and try again.
2026-01-04 00:52:04 | DEBUG    | ExoplanetDownloader | Retry 2 for KIC 9763348 after 4.0s: Error in reading Data product D:\.lightkurve\cache\mastDownload\Kepler\kplr009763348_lc_Q111111111111111111\kplr009763348-2010265121752_llc.fits of type KeplerLightCurve .
This file may be corrupt due to an interrupted download. Please remove it from your disk and try again.
2026-01-04 00:52:04 | DEBUG    | ExoplanetDownloader | Retry 1 for KIC 9818462 after 2.0s: Error in reading Data product D:\.lightkurve\cache\mastDownload\Kepler\kplr009818462_lc_Q011111111111111111\kplr009818462-2009350155506_llc.fits of type KeplerLightCurve .
This file may be corrupt due to an interrupted download. Please remove it from your disk and try again.
2026-01-04 00:52:04 | DEBUG    | ExoplanetDownloader | Retry 2 for KIC 9782691 after 4.0s: Error in reading Data product D:\.lightkurve\cache\mastDownload\Kepler\kplr009782691_lc_Q011111101110111011\kplr009782691-2009350155506_llc.fits of type KeplerLightCurve .
This file may be corrupt due to an interrupted download. Please remove it from your disk and try again.
2026-01-04 00:52:04 | DEBUG    | ExoplanetDownloader | Retry 2 for KIC 9763612 after 4.0s: Error in reading Data product D:\.lightkurve\cache\mastDownload\Kepler\kplr009763612_lc_Q111111111111111111\kplr009763612-2010265121752_llc.fits of type KeplerLightCurve .
This file may be corrupt due to an interrupted download. Please remove it from your disk and try again.
2026-01-04 00:52:06 | DEBUG    | ExoplanetDownloader | Retry 2 for KIC 9813499 after 4.0s: Error in reading Data product D:\.lightkurve\cache\mastDownload\Kepler\kplr009813499_lc_Q011111111111111111\kplr009813499-2011271113734_llc.fits of type KeplerLightCurve .
This file may be corrupt due to an interrupted download. Please remove it from your disk and try again.
2026-01-04 00:52:07 | DEBUG    | ExoplanetDownloader | Retry 2 for KIC 9818462 after 4.0s: Error in reading Data product D:\.lightkurve\cache\mastDownload\Kepler\kplr009818462_lc_Q011111111111111111\kplr009818462-2009350155506_llc.fits of type KeplerLightCurve .
This file may be corrupt due to an interrupted download. Please remove it from your disk and try again.
2026-01-04 00:52:11 | DEBUG    | ExoplanetDownloader | Retry 1 for KIC 9820483 after 2.0s: Error in reading Data product D:\.lightkurve\cache\mastDownload\Kepler\kplr009820483_lc_Q001111111111111111\kplr009820483-2011177032512_llc.fits of type KeplerLightCurve .
This file may be corrupt due to an interrupted download. Please remove it from your disk and try again.
2026-01-04 00:52:12 | DEBUG    | ExoplanetDownloader | Retry 1 for KIC 9824805 after 2.0s: Error in reading Data product D:\.lightkurve\cache\mastDownload\Kepler\kplr009824805_lc_Q011111111111111111\kplr009824805-2009166043257_llc.fits of type KeplerLightCurve .
This file may be corrupt due to an interrupted download. Please remove it from your disk and try again.
2026-01-04 00:52:12 | DEBUG    | ExoplanetDownloader | Retry 1 for KIC 9823487 after 2.0s: Error in reading Data product D:\.lightkurve\cache\mastDownload\Kepler\kplr009823487_lc_Q011111111111111111\kplr009823487-2009259160929_llc.fits of type KeplerLightCurve .
This file may be corrupt due to an interrupted download. Please remove it from your disk and try again.
2026-01-04 00:52:12 | DEBUG    | ExoplanetDownloader | Retry 1 for KIC 9823457 after 2.0s: Error in reading Data product D:\.lightkurve\cache\mastDownload\Kepler\kplr009823457_lc_Q011111111111111111\kplr009823457-2010265121752_llc.fits of type KeplerLightCurve .
This file may be corrupt due to an interrupted download. Please remove it from your disk and try again.
2026-01-04 00:52:13 | DEBUG    | ExoplanetDownloader | Retry 1 for KIC 9825625 after 2.0s: Error in reading Data product D:\.lightkurve\cache\mastDownload\Kepler\kplr009825625_lc_Q011111111111111111\kplr009825625-2009350155506_llc.fits of type KeplerLightCurve .
This file may be corrupt due to an interrupted download. Please remove it from your disk and try again.
2026-01-04 00:52:13 | DEBUG    | ExoplanetDownloader | Retry 1 for KIC 9828127 after 2.0s: Error in reading Data product D:\.lightkurve\cache\mastDownload\Kepler\kplr009828127_lc_Q011111111111111111\kplr009828127-2011271113734_llc.fits of type KeplerLightCurve .
This file may be corrupt due to an interrupted download. Please remove it from your disk and try again.
2026-01-04 00:52:14 | DEBUG    | ExoplanetDownloader | Retry 2 for KIC 9820483 after 4.0s: Error in reading Data product D:\.lightkurve\cache\mastDownload\Kepler\kplr009820483_lc_Q001111111111111111\kplr009820483-2011177032512_llc.fits of type KeplerLightCurve .
This file may be corrupt due to an interrupted download. Please remove it from your disk and try again.
2026-01-04 00:52:14 | DEBUG    | ExoplanetDownloader | Retry 2 for KIC 9824805 after 4.0s: Error in reading Data product D:\.lightkurve\cache\mastDownload\Kepler\kplr009824805_lc_Q011111111111111111\kplr009824805-2009166043257_llc.fits of type KeplerLightCurve .
This file may be corrupt due to an interrupted download. Please remove it from your disk and try again.
2026-01-04 00:52:15 | DEBUG    | ExoplanetDownloader | Retry 2 for KIC 9823487 after 4.0s: Error in reading Data product D:\.lightkurve\cache\mastDownload\Kepler\kplr009823487_lc_Q011111111111111111\kplr009823487-2009259160929_llc.fits of type KeplerLightCurve .
This file may be corrupt due to an interrupted download. Please remove it from your disk and try again.
2026-01-04 00:52:15 | DEBUG    | ExoplanetDownloader | Retry 1 for KIC 9834040 after 2.0s: Error in reading Data product D:\.lightkurve\cache\mastDownload\Kepler\kplr009834040_lc_Q011111111111111111\kplr009834040-2010174085026_llc.fits of type KeplerLightCurve .
This file may be corrupt due to an interrupted download. Please remove it from your disk and try again.
2026-01-04 00:52:16 | DEBUG    | ExoplanetDownloader | Retry 2 for KIC 9825625 after 4.0s: Error in reading Data product D:\.lightkurve\cache\mastDownload\Kepler\kplr009825625_lc_Q011111111111111111\kplr009825625-2009350155506_llc.fits of type KeplerLightCurve .
This file may be corrupt due to an interrupted download. Please remove it from your disk and try again.
2026-01-04 00:52:16 | DEBUG    | ExoplanetDownloader | Retry 1 for KIC 9832208 after 2.0s: Error in reading Data product D:\.lightkurve\cache\mastDownload\Kepler\kplr009832208_lc_Q011111111111111111\kplr009832208-2011073133259_llc.fits of type KeplerLightCurve .
This file may be corrupt due to an interrupted download. Please remove it from your disk and try again.
2026-01-04 00:52:16 | DEBUG    | ExoplanetDownloader | Retry 2 for KIC 9823457 after 4.0s: Error in reading Data product D:\.lightkurve\cache\mastDownload\Kepler\kplr009823457_lc_Q011111111111111111\kplr009823457-2010265121752_llc.fits of type KeplerLightCurve .
This file may be corrupt due to an interrupted download. Please remove it from your disk and try again.
2026-01-04 00:52:16 | DEBUG    | ExoplanetDownloader | Retry 2 for KIC 9828127 after 4.0s: Error in reading Data product D:\.lightkurve\cache\mastDownload\Kepler\kplr009828127_lc_Q011111111111111111\kplr009828127-2011271113734_llc.fits of type KeplerLightCurve .
This file may be corrupt due to an interrupted download. Please remove it from your disk and try again.
2026-01-04 00:52:18 | DEBUG    | ExoplanetDownloader | Retry 2 for KIC 9834040 after 4.0s: Error in reading Data product D:\.lightkurve\cache\mastDownload\Kepler\kplr009834040_lc_Q011111111111111111\kplr009834040-2010174085026_llc.fits of type KeplerLightCurve .
This file may be corrupt due to an interrupted download. Please remove it from your disk and try again.
2026-01-04 00:52:19 | DEBUG    | ExoplanetDownloader | Retry 2 for KIC 9832208 after 4.0s: Error in reading Data product D:\.lightkurve\cache\mastDownload\Kepler\kplr009832208_lc_Q011111111111111111\kplr009832208-2011073133259_llc.fits of type KeplerLightCurve .
This file may be corrupt due to an interrupted download. Please remove it from your disk and try again.
2026-01-04 00:52:22 | DEBUG    | ExoplanetDownloader | Retry 1 for KIC 9836149 after 2.0s: Error in reading Data product D:\.lightkurve\cache\mastDownload\Kepler\kplr009836149_lc_Q011111111111111111\kplr009836149-2010174085026_llc.fits of type KeplerLightCurve .
This file may be corrupt due to an interrupted download. Please remove it from your disk and try again.
2026-01-04 00:52:22 | DEBUG    | ExoplanetDownloader | Retry 1 for KIC 9838949 after 2.0s: Error in reading Data product D:\.lightkurve\cache\mastDownload\Kepler\kplr009838949_lc_Q011111111111111111\kplr009838949-2009259160929_llc.fits of type KeplerLightCurve .
This file may be corrupt due to an interrupted download. Please remove it from your disk and try again.
2026-01-04 00:52:22 | DEBUG    | ExoplanetDownloader | Retry 1 for KIC 9837685 after 2.0s: Error in reading Data product D:\.lightkurve\cache\mastDownload\Kepler\kplr009837685_lc_Q000011111111111111\kplr009837685-2010355172524_llc.fits of type KeplerLightCurve .
This file may be corrupt due to an interrupted download. Please remove it from your disk and try again.
2026-01-04 00:52:23 | DEBUG    | ExoplanetDownloader | Retry 1 for KIC 9836959 after 2.0s: Error in reading Data product D:\.lightkurve\cache\mastDownload\Kepler\kplr009836959_lc_Q111111111111111111\kplr009836959-2011271113734_llc.fits of type KeplerLightCurve .
This file may be corrupt due to an interrupted download. Please remove it from your disk and try again.
2026-01-04 00:52:25 | DEBUG    | ExoplanetDownloader | Retry 1 for KIC 9845898 after 2.0s: Error in reading Data product D:\.lightkurve\cache\mastDownload\Kepler\kplr009845898_lc_Q011111101110111011\kplr009845898-2011177032512_llc.fits of type KeplerLightCurve .
This file may be corrupt due to an interrupted download. Please remove it from your disk and try again.
2026-01-04 00:52:25 | DEBUG    | ExoplanetDownloader | Retry 2 for KIC 9838949 after 4.0s: Error in reading Data product D:\.lightkurve\cache\mastDownload\Kepler\kplr009838949_lc_Q011111111111111111\kplr009838949-2009259160929_llc.fits of type KeplerLightCurve .
This file may be corrupt due to an interrupted download. Please remove it from your disk and try again.
2026-01-04 00:52:26 | DEBUG    | ExoplanetDownloader | Retry 2 for KIC 9836149 after 4.0s: Error in reading Data product D:\.lightkurve\cache\mastDownload\Kepler\kplr009836149_lc_Q011111111111111111\kplr009836149-2010174085026_llc.fits of type KeplerLightCurve .
This file may be corrupt due to an interrupted download. Please remove it from your disk and try again.
2026-01-04 00:52:26 | DEBUG    | ExoplanetDownloader | Retry 2 for KIC 9837685 after 4.0s: Error in reading Data product D:\.lightkurve\cache\mastDownload\Kepler\kplr009837685_lc_Q000011111111111111\kplr009837685-2010355172524_llc.fits of type KeplerLightCurve .
This file may be corrupt due to an interrupted download. Please remove it from your disk and try again.
2026-01-04 00:52:27 | DEBUG    | ExoplanetDownloader | Retry 1 for KIC 9880190 after 2.0s: Error in reading Data product D:\.lightkurve\cache\mastDownload\Kepler\kplr009880190_lc_Q011111111111111111\kplr009880190-2011177032512_llc.fits of type KeplerLightCurve .
This file may be corrupt due to an interrupted download. Please remove it from your disk and try again.
2026-01-04 00:52:27 | DEBUG    | ExoplanetDownloader | Retry 2 for KIC 9836959 after 4.0s: Error in reading Data product D:\.lightkurve\cache\mastDownload\Kepler\kplr009836959_lc_Q111111111111111111\kplr009836959-2011271113734_llc.fits of type KeplerLightCurve .
This file may be corrupt due to an interrupted download. Please remove it from your disk and try again.
2026-01-04 00:52:27 | DEBUG    | ExoplanetDownloader | Retry 1 for KIC 9873254 after 2.0s: Error in reading Data product D:\.lightkurve\cache\mastDownload\Kepler\kplr009873254_lc_Q111111111111111111\kplr009873254-2011177032512_llc.fits of type KeplerLightCurve .
This file may be corrupt due to an interrupted download. Please remove it from your disk and try again.
2026-01-04 00:52:28 | DEBUG    | ExoplanetDownloader | Retry 2 for KIC 9845898 after 4.0s: Error in reading Data product D:\.lightkurve\cache\mastDownload\Kepler\kplr009845898_lc_Q011111101110111011\kplr009845898-2011177032512_llc.fits of type KeplerLightCurve .
This file may be corrupt due to an interrupted download. Please remove it from your disk and try again.
2026-01-04 00:52:29 | DEBUG    | ExoplanetDownloader | Retry 1 for KIC 9885417 after 2.0s: Error in reading Data product D:\.lightkurve\cache\mastDownload\Kepler\kplr009885417_lc_Q111111111111111111\kplr009885417-2012004120508_llc.fits of type KeplerLightCurve .
This file may be corrupt due to an interrupted download. Please remove it from your disk and try again.
2026-01-04 00:52:31 | DEBUG    | ExoplanetDownloader | Retry 2 for KIC 9880190 after 4.0s: Error in reading Data product D:\.lightkurve\cache\mastDownload\Kepler\kplr009880190_lc_Q011111111111111111\kplr009880190-2011177032512_llc.fits of type KeplerLightCurve .
This file may be corrupt due to an interrupted download. Please remove it from your disk and try again.
2026-01-04 00:52:31 | DEBUG    | ExoplanetDownloader | Retry 2 for KIC 9873254 after 4.0s: Error in reading Data product D:\.lightkurve\cache\mastDownload\Kepler\kplr009873254_lc_Q111111111111111111\kplr009873254-2011177032512_llc.fits of type KeplerLightCurve .
This file may be corrupt due to an interrupted download. Please remove it from your disk and try again.
2026-01-04 00:52:36 | DEBUG    | ExoplanetDownloader | Retry 2 for KIC 9885417 after 4.0s: Error in reading Data product D:\.lightkurve\cache\mastDownload\Kepler\kplr009885417_lc_Q111111111111111111\kplr009885417-2012004120508_llc.fits of type KeplerLightCurve .
This file may be corrupt due to an interrupted download. Please remove it from your disk and try again.
2026-01-04 00:52:38 | DEBUG    | ExoplanetDownloader | Retry 1 for KIC 9898017 after 2.0s: Error in reading Data product D:\.lightkurve\cache\mastDownload\Kepler\kplr009898017_lc_Q011111111111111111\kplr009898017-2011271113734_llc.fits of type KeplerLightCurve .
This file may be corrupt due to an interrupted download. Please remove it from your disk and try again.
2026-01-04 00:52:38 | DEBUG    | ExoplanetDownloader | Retry 1 for KIC 9895006 after 2.0s: Error in reading Data product D:\.lightkurve\cache\mastDownload\Kepler\kplr009895006_lc_Q011111111111111111\kplr009895006-2012088054726_llc.fits of type KeplerLightCurve .
This file may be corrupt due to an interrupted download. Please remove it from your disk and try again.
2026-01-04 00:52:39 | DEBUG    | ExoplanetDownloader | Retry 1 for KIC 9896018 after 2.0s: Error in reading Data product D:\.lightkurve\cache\mastDownload\Kepler\kplr009896018_lc_Q011111111111111111\kplr009896018-2012088054726_llc.fits of type KeplerLightCurve .
This file may be corrupt due to an interrupted download. Please remove it from your disk and try again.
2026-01-04 00:52:40 | DEBUG    | ExoplanetDownloader | Retry 1 for KIC 9904006 after 2.0s: Error in reading Data product D:\.lightkurve\cache\mastDownload\Kepler\kplr009904006_lc_Q111111101110111011\kplr009904006-2010265121752_llc.fits of type KeplerLightCurve .
This file may be corrupt due to an interrupted download. Please remove it from your disk and try again.
2026-01-04 00:52:40 | DEBUG    | ExoplanetDownloader | Retry 1 for KIC 9898447 after 2.0s: Error in reading Data product D:\.lightkurve\cache\mastDownload\Kepler\kplr009898447_lc_Q111111111111111111\kplr009898447-2012088054726_llc.fits of type KeplerLightCurve .
This file may be corrupt due to an interrupted download. Please remove it from your disk and try again.
2026-01-04 00:52:41 | DEBUG    | ExoplanetDownloader | Retry 2 for KIC 9898017 after 4.0s: Error in reading Data product D:\.lightkurve\cache\mastDownload\Kepler\kplr009898017_lc_Q011111111111111111\kplr009898017-2011271113734_llc.fits of type KeplerLightCurve .
This file may be corrupt due to an interrupted download. Please remove it from your disk and try again.
2026-01-04 00:52:42 | DEBUG    | ExoplanetDownloader | Retry 1 for KIC 9909735 after 2.0s: Error in reading Data product D:\.lightkurve\cache\mastDownload\Kepler\kplr009909735_lc_Q111111101110111011\kplr009909735-2010078095331_llc.fits of type KeplerLightCurve .
This file may be corrupt due to an interrupted download. Please remove it from your disk and try again.
2026-01-04 00:52:43 | DEBUG    | ExoplanetDownloader | Retry 1 for KIC 9907129 after 2.0s: Error in reading Data product D:\.lightkurve\cache\mastDownload\Kepler\kplr009907129_lc_Q011111101110111011\kplr009907129-2011177032512_llc.fits of type KeplerLightCurve .
This file may be corrupt due to an interrupted download. Please remove it from your disk and try again.
2026-01-04 00:52:43 | DEBUG    | ExoplanetDownloader | Retry 2 for KIC 9895006 after 4.0s: Error in reading Data product D:\.lightkurve\cache\mastDownload\Kepler\kplr009895006_lc_Q011111111111111111\kplr009895006-2012088054726_llc.fits of type KeplerLightCurve .
This file may be corrupt due to an interrupted download. Please remove it from your disk and try again.
2026-01-04 00:52:44 | DEBUG    | ExoplanetDownloader | Retry 2 for KIC 9904006 after 4.0s: Error in reading Data product D:\.lightkurve\cache\mastDownload\Kepler\kplr009904006_lc_Q111111101110111011\kplr009904006-2010265121752_llc.fits of type KeplerLightCurve .
This file may be corrupt due to an interrupted download. Please remove it from your disk and try again.
2026-01-04 00:52:45 | DEBUG    | ExoplanetDownloader | Retry 2 for KIC 9896018 after 4.0s: Error in reading Data product D:\.lightkurve\cache\mastDownload\Kepler\kplr009896018_lc_Q011111111111111111\kplr009896018-2012088054726_llc.fits of type KeplerLightCurve .
This file may be corrupt due to an interrupted download. Please remove it from your disk and try again.
2026-01-04 00:52:45 | DEBUG    | ExoplanetDownloader | Retry 1 for KIC 9941066 after 2.0s: Error in reading Data product D:\.lightkurve\cache\mastDownload\Kepler\kplr009941066_lc_Q011111111111111111\kplr009941066-2010174085026_llc.fits of type KeplerLightCurve .
This file may be corrupt due to an interrupted download. Please remove it from your disk and try again.
2026-01-04 00:52:45 | DEBUG    | ExoplanetDownloader | Retry 2 for KIC 9909735 after 4.0s: Error in reading Data product D:\.lightkurve\cache\mastDownload\Kepler\kplr009909735_lc_Q111111101110111011\kplr009909735-2010078095331_llc.fits of type KeplerLightCurve .
This file may be corrupt due to an interrupted download. Please remove it from your disk and try again.
2026-01-04 00:52:45 | DEBUG    | ExoplanetDownloader | Retry 2 for KIC 9898447 after 4.0s: Error in reading Data product D:\.lightkurve\cache\mastDownload\Kepler\kplr009898447_lc_Q111111111111111111\kplr009898447-2012088054726_llc.fits of type KeplerLightCurve .
This file may be corrupt due to an interrupted download. Please remove it from your disk and try again.
2026-01-04 00:52:46 | DEBUG    | ExoplanetDownloader | Retry 2 for KIC 9907129 after 4.0s: Error in reading Data product D:\.lightkurve\cache\mastDownload\Kepler\kplr009907129_lc_Q011111101110111011\kplr009907129-2011177032512_llc.fits of type KeplerLightCurve .
This file may be corrupt due to an interrupted download. Please remove it from your disk and try again.
2026-01-04 00:52:47 | DEBUG    | ExoplanetDownloader | Retry 2 for KIC 9941066 after 4.0s: Error in reading Data product D:\.lightkurve\cache\mastDownload\Kepler\kplr009941066_lc_Q011111111111111111\kplr009941066-2010174085026_llc.fits of type KeplerLightCurve .
This file may be corrupt due to an interrupted download. Please remove it from your disk and try again.
2026-01-04 00:52:49 | DEBUG    | ExoplanetDownloader | Retry 1 for KIC 9963265 after 2.0s: Error in reading Data product D:\.lightkurve\cache\mastDownload\Kepler\kplr009963265_lc_Q011111101110111011\kplr009963265-2013098041711_llc.fits of type KeplerLightCurve .
This file may be corrupt due to an interrupted download. Please remove it from your disk and try again.
2026-01-04 00:52:54 | DEBUG    | ExoplanetDownloader | Retry 1 for KIC 9964801 after 2.0s: Error in reading Data product D:\.lightkurve\cache\mastDownload\Kepler\kplr009964801_lc_Q011111101110111011\kplr009964801-2009350155506_llc.fits of type KeplerLightCurve .
This file may be corrupt due to an interrupted download. Please remove it from your disk and try again.
2026-01-04 00:52:55 | DEBUG    | ExoplanetDownloader | Retry 1 for KIC 9965957 after 2.0s: Error in reading Data product D:\.lightkurve\cache\mastDownload\Kepler\kplr009965957_lc_Q011111101110111011\kplr009965957-2010174085026_llc.fits of type KeplerLightCurve .
This file may be corrupt due to an interrupted download. Please remove it from your disk and try again.
2026-01-04 00:52:56 | DEBUG    | ExoplanetDownloader | Retry 1 for KIC 9995771 after 2.0s: Error in reading Data product D:\.lightkurve\cache\mastDownload\Kepler\kplr009995771_lc_Q000011111111111111\kplr009995771-2010174085026_llc.fits of type KeplerLightCurve .
This file may be corrupt due to an interrupted download. Please remove it from your disk and try again.
2026-01-04 00:52:56 | DEBUG    | ExoplanetDownloader | Retry 1 for KIC 9967771 after 2.0s: Error in reading Data product D:\.lightkurve\cache\mastDownload\Kepler\kplr009967771_lc_Q011111101110111011\kplr009967771-2011177032512_llc.fits of type KeplerLightCurve .
This file may be corrupt due to an interrupted download. Please remove it from your disk and try again.
2026-01-04 00:52:56 | DEBUG    | ExoplanetDownloader | Retry 2 for KIC 9963265 after 4.0s: Error in reading Data product D:\.lightkurve\cache\mastDownload\Kepler\kplr009963265_lc_Q011111101110111011\kplr009963265-2013098041711_llc.fits of type KeplerLightCurve .
This file may be corrupt due to an interrupted download. Please remove it from your disk and try again.
2026-01-04 00:52:57 | DEBUG    | ExoplanetDownloader | Retry 1 for KIC 9973109 after 2.0s: Error in reading Data product D:\.lightkurve\cache\mastDownload\Kepler\kplr009973109_lc_Q011111101110111011\kplr009973109-2012179063303_llc.fits of type KeplerLightCurve .
This file may be corrupt due to an interrupted download. Please remove it from your disk and try again.
2026-01-04 00:52:57 | DEBUG    | ExoplanetDownloader | Retry 2 for KIC 9964801 after 4.0s: Error in reading Data product D:\.lightkurve\cache\mastDownload\Kepler\kplr009964801_lc_Q011111101110111011\kplr009964801-2009350155506_llc.fits of type KeplerLightCurve .
This file may be corrupt due to an interrupted download. Please remove it from your disk and try again.
2026-01-04 00:52:58 | DEBUG    | ExoplanetDownloader | Retry 1 for KIC 10004738 after 2.0s: Error in reading Data product D:\.lightkurve\cache\mastDownload\Kepler\kplr010004738_lc_Q011111111111111111\kplr010004738-2011177032512_llc.fits of type KeplerLightCurve .
This file may be corrupt due to an interrupted download. Please remove it from your disk and try again.
2026-01-04 00:52:58 | DEBUG    | ExoplanetDownloader | Retry 1 for KIC 10005758 after 2.0s: Error in reading Data product D:\.lightkurve\cache\mastDownload\Kepler\kplr010005758_lc_Q011111111111111111\kplr010005758-2010355172524_llc.fits of type KeplerLightCurve .
This file may be corrupt due to an interrupted download. Please remove it from your disk and try again.
2026-01-04 00:52:58 | DEBUG    | ExoplanetDownloader | Retry 2 for KIC 9965957 after 4.0s: Error in reading Data product D:\.lightkurve\cache\mastDownload\Kepler\kplr009965957_lc_Q011111101110111011\kplr009965957-2010174085026_llc.fits of type KeplerLightCurve .
This file may be corrupt due to an interrupted download. Please remove it from your disk and try again.
2026-01-04 00:52:59 | DEBUG    | ExoplanetDownloader | Retry 2 for KIC 9995771 after 4.0s: Error in reading Data product D:\.lightkurve\cache\mastDownload\Kepler\kplr009995771_lc_Q000011111111111111\kplr009995771-2010174085026_llc.fits of type KeplerLightCurve .
This file may be corrupt due to an interrupted download. Please remove it from your disk and try again.
2026-01-04 00:52:59 | DEBUG    | ExoplanetDownloader | Retry 2 for KIC 9967771 after 4.0s: Error in reading Data product D:\.lightkurve\cache\mastDownload\Kepler\kplr009967771_lc_Q011111101110111011\kplr009967771-2011177032512_llc.fits of type KeplerLightCurve .
This file may be corrupt due to an interrupted download. Please remove it from your disk and try again.
2026-01-04 00:53:00 | DEBUG    | ExoplanetDownloader | Retry 2 for KIC 9973109 after 4.0s: Error in reading Data product D:\.lightkurve\cache\mastDownload\Kepler\kplr009973109_lc_Q011111101110111011\kplr009973109-2012179063303_llc.fits of type KeplerLightCurve .
This file may be corrupt due to an interrupted download. Please remove it from your disk and try again.
2026-01-04 00:53:01 | DEBUG    | ExoplanetDownloader | Retry 2 for KIC 10005758 after 4.0s: Error in reading Data product D:\.lightkurve\cache\mastDownload\Kepler\kplr010005758_lc_Q011111111111111111\kplr010005758-2010355172524_llc.fits of type KeplerLightCurve .
This file may be corrupt due to an interrupted download. Please remove it from your disk and try again.
2026-01-04 00:53:01 | DEBUG    | ExoplanetDownloader | Retry 2 for KIC 10004738 after 4.0s: Error in reading Data product D:\.lightkurve\cache\mastDownload\Kepler\kplr010004738_lc_Q011111111111111111\kplr010004738-2011177032512_llc.fits of type KeplerLightCurve .
This file may be corrupt due to an interrupted download. Please remove it from your disk and try again.
2026-01-04 00:53:04 | DEBUG    | ExoplanetDownloader | Retry 1 for KIC 10006581 after 2.0s: Error in reading Data product D:\.lightkurve\cache\mastDownload\Kepler\kplr010006581_lc_Q011111111111111111\kplr010006581-2009350155506_llc.fits of type KeplerLightCurve .
This file may be corrupt due to an interrupted download. Please remove it from your disk and try again.
2026-01-04 00:53:04 | DEBUG    | ExoplanetDownloader | Retry 1 for KIC 10018233 after 2.0s: Error in reading Data product D:\.lightkurve\cache\mastDownload\Kepler\kplr010018233_lc_Q011111111111111111\kplr010018233-2009350155506_llc.fits of type KeplerLightCurve .
This file may be corrupt due to an interrupted download. Please remove it from your disk and try again.
2026-01-04 00:53:04 | DEBUG    | ExoplanetDownloader | Retry 1 for KIC 10019708 after 2.0s: Error in reading Data product D:\.lightkurve\cache\mastDownload\Kepler\kplr010019708_lc_Q011111111111111111\kplr010019708-2009259160929_llc.fits of type KeplerLightCurve .
This file may be corrupt due to an interrupted download. Please remove it from your disk and try again.
2026-01-04 00:53:05 | DEBUG    | ExoplanetDownloader | Retry 1 for KIC 10024051 after 2.0s: Error in reading Data product D:\.lightkurve\cache\mastDownload\Kepler\kplr010024051_lc_Q011111101110111011\kplr010024051-2009259160929_llc.fits of type KeplerLightCurve .
This file may be corrupt due to an interrupted download. Please remove it from your disk and try again.
2026-01-04 00:53:06 | DEBUG    | ExoplanetDownloader | Retry 1 for KIC 10027247 after 2.0s: Error in reading Data product D:\.lightkurve\cache\mastDownload\Kepler\kplr010027247_lc_Q011111101110111011\kplr010027247-2009166043257_llc.fits of type KeplerLightCurve .
This file may be corrupt due to an interrupted download. Please remove it from your disk and try again.
2026-01-04 00:53:07 | DEBUG    | ExoplanetDownloader | Retry 2 for KIC 10006581 after 4.0s: Error in reading Data product D:\.lightkurve\cache\mastDownload\Kepler\kplr010006581_lc_Q011111111111111111\kplr010006581-2009350155506_llc.fits of type KeplerLightCurve .
This file may be corrupt due to an interrupted download. Please remove it from your disk and try again.
2026-01-04 00:53:07 | DEBUG    | ExoplanetDownloader | Retry 2 for KIC 10018233 after 4.0s: Error in reading Data product D:\.lightkurve\cache\mastDownload\Kepler\kplr010018233_lc_Q011111111111111111\kplr010018233-2009350155506_llc.fits of type KeplerLightCurve .
This file may be corrupt due to an interrupted download. Please remove it from your disk and try again.
2026-01-04 00:53:07 | DEBUG    | ExoplanetDownloader | Retry 1 for KIC 10024701 after 2.0s: Error in reading Data product D:\.lightkurve\cache\mastDownload\Kepler\kplr010024701_lc_Q111111101110111011\kplr010024701-2011177032512_llc.fits of type KeplerLightCurve .
This file may be corrupt due to an interrupted download. Please remove it from your disk and try again.
2026-01-04 00:53:07 | DEBUG    | ExoplanetDownloader | Retry 2 for KIC 10019708 after 4.0s: Error in reading Data product D:\.lightkurve\cache\mastDownload\Kepler\kplr010019708_lc_Q011111111111111111\kplr010019708-2009259160929_llc.fits of type KeplerLightCurve .
This file may be corrupt due to an interrupted download. Please remove it from your disk and try again.
2026-01-04 00:53:08 | DEBUG    | ExoplanetDownloader | Retry 2 for KIC 10024051 after 4.0s: Error in reading Data product D:\.lightkurve\cache\mastDownload\Kepler\kplr010024051_lc_Q011111101110111011\kplr010024051-2009259160929_llc.fits of type KeplerLightCurve .
This file may be corrupt due to an interrupted download. Please remove it from your disk and try again.
2026-01-04 00:53:09 | DEBUG    | ExoplanetDownloader | Retry 2 for KIC 10027247 after 4.0s: Error in reading Data product D:\.lightkurve\cache\mastDownload\Kepler\kplr010027247_lc_Q011111101110111011\kplr010027247-2009166043257_llc.fits of type KeplerLightCurve .
This file may be corrupt due to an interrupted download. Please remove it from your disk and try again.
2026-01-04 00:53:09 | DEBUG    | ExoplanetDownloader | Retry 1 for KIC 10027323 after 2.0s: Error in reading Data product D:\.lightkurve\cache\mastDownload\Kepler\kplr010027323_lc_Q011111101110111011\kplr010027323-2011073133259_llc.fits of type KeplerLightCurve .
This file may be corrupt due to an interrupted download. Please remove it from your disk and try again.
2026-01-04 00:53:09 | DEBUG    | ExoplanetDownloader | Retry 1 for KIC 10028140 after 2.0s: Error in reading Data product D:\.lightkurve\cache\mastDownload\Kepler\kplr010028140_lc_Q011111101110111011\kplr010028140-2011271113734_llc.fits of type KeplerLightCurve .
This file may be corrupt due to an interrupted download. Please remove it from your disk and try again.
2026-01-04 00:53:10 | DEBUG    | ExoplanetDownloader | Retry 2 for KIC 10024701 after 4.0s: Error in reading Data product D:\.lightkurve\cache\mastDownload\Kepler\kplr010024701_lc_Q111111101110111011\kplr010024701-2011177032512_llc.fits of type KeplerLightCurve .
This file may be corrupt due to an interrupted download. Please remove it from your disk and try again.
2026-01-04 00:53:12 | DEBUG    | ExoplanetDownloader | Retry 2 for KIC 10027323 after 4.0s: Error in reading Data product D:\.lightkurve\cache\mastDownload\Kepler\kplr010027323_lc_Q011111101110111011\kplr010027323-2011073133259_llc.fits of type KeplerLightCurve .
This file may be corrupt due to an interrupted download. Please remove it from your disk and try again.
2026-01-04 00:53:13 | DEBUG    | ExoplanetDownloader | Retry 2 for KIC 10028140 after 4.0s: Error in reading Data product D:\.lightkurve\cache\mastDownload\Kepler\kplr010028140_lc_Q011111101110111011\kplr010028140-2011271113734_llc.fits of type KeplerLightCurve .
This file may be corrupt due to an interrupted download. Please remove it from your disk and try again.
2026-01-04 00:53:14 | DEBUG    | ExoplanetDownloader | Retry 1 for KIC 10028535 after 2.0s: Error in reading Data product D:\.lightkurve\cache\mastDownload\Kepler\kplr010028535_lc_Q011111101110111011\kplr010028535-2011073133259_llc.fits of type KeplerLightCurve .
This file may be corrupt due to an interrupted download. Please remove it from your disk and try again.
2026-01-04 00:53:14 | DEBUG    | ExoplanetDownloader | Retry 1 for KIC 10063208 after 2.0s: Error in reading Data product D:\.lightkurve\cache\mastDownload\Kepler\kplr010063208_lc_Q011111111111111111\kplr010063208-2010078095331_llc.fits of type KeplerLightCurve .
This file may be corrupt due to an interrupted download. Please remove it from your disk and try again.
2026-01-04 00:53:14 | DEBUG    | ExoplanetDownloader | Retry 1 for KIC 10057494 after 2.0s: Error in reading Data product D:\.lightkurve\cache\mastDownload\Kepler\kplr010057494_lc_Q111111111111111111\kplr010057494-2011271113734_llc.fits of type KeplerLightCurve .
This file may be corrupt due to an interrupted download. Please remove it from your disk and try again.
2026-01-04 00:53:15 | DEBUG    | ExoplanetDownloader | Retry 1 for KIC 10063802 after 2.0s: Error in reading Data product D:\.lightkurve\cache\mastDownload\Kepler\kplr010063802_lc_Q111111111111111111\kplr010063802-2012088054726_llc.fits of type KeplerLightCurve .
This file may be corrupt due to an interrupted download. Please remove it from your disk and try again.
2026-01-04 00:53:17 | DEBUG    | ExoplanetDownloader | Retry 1 for KIC 10064256 after 2.0s: Error in reading Data product D:\.lightkurve\cache\mastDownload\Kepler\kplr010064256_lc_Q011111111111111111\kplr010064256-2010265121752_llc.fits of type KeplerLightCurve .
This file may be corrupt due to an interrupted download. Please remove it from your disk and try again.
2026-01-04 00:53:18 | DEBUG    | ExoplanetDownloader | Retry 2 for KIC 10063208 after 4.0s: Error in reading Data product D:\.lightkurve\cache\mastDownload\Kepler\kplr010063208_lc_Q011111111111111111\kplr010063208-2010078095331_llc.fits of type KeplerLightCurve .
This file may be corrupt due to an interrupted download. Please remove it from your disk and try again.
2026-01-04 00:53:18 | DEBUG    | ExoplanetDownloader | Retry 2 for KIC 10028535 after 4.0s: Error in reading Data product D:\.lightkurve\cache\mastDownload\Kepler\kplr010028535_lc_Q011111101110111011\kplr010028535-2011073133259_llc.fits of type KeplerLightCurve .
This file may be corrupt due to an interrupted download. Please remove it from your disk and try again.
2026-01-04 00:53:19 | DEBUG    | ExoplanetDownloader | Retry 1 for KIC 10070468 after 2.0s: Error in reading Data product D:\.lightkurve\cache\mastDownload\Kepler\kplr010070468_lc_Q011111111111111111\kplr010070468-2010355172524_llc.fits of type KeplerLightCurve .
This file may be corrupt due to an interrupted download. Please remove it from your disk and try again.
2026-01-04 00:53:19 | DEBUG    | ExoplanetDownloader | Retry 2 for KIC 10057494 after 4.0s: Error in reading Data product D:\.lightkurve\cache\mastDownload\Kepler\kplr010057494_lc_Q111111111111111111\kplr010057494-2011271113734_llc.fits of type KeplerLightCurve .
This file may be corrupt due to an interrupted download. Please remove it from your disk and try again.
2026-01-04 00:53:20 | DEBUG    | ExoplanetDownloader | Retry 2 for KIC 10064256 after 4.0s: Error in reading Data product D:\.lightkurve\cache\mastDownload\Kepler\kplr010064256_lc_Q011111111111111111\kplr010064256-2010265121752_llc.fits of type KeplerLightCurve .
This file may be corrupt due to an interrupted download. Please remove it from your disk and try again.
2026-01-04 00:53:20 | DEBUG    | ExoplanetDownloader | Retry 2 for KIC 10063802 after 4.0s: Error in reading Data product D:\.lightkurve\cache\mastDownload\Kepler\kplr010063802_lc_Q111111111111111111\kplr010063802-2012088054726_llc.fits of type KeplerLightCurve .
This file may be corrupt due to an interrupted download. Please remove it from your disk and try again.
2026-01-04 00:53:21 | DEBUG    | ExoplanetDownloader | Retry 1 for KIC 10074466 after 2.0s: Error in reading Data product D:\.lightkurve\cache\mastDownload\Kepler\kplr010074466_lc_Q011111111111111111\kplr010074466-2009350155506_llc.fits of type KeplerLightCurve .
This file may be corrupt due to an interrupted download. Please remove it from your disk and try again.
2026-01-04 00:53:21 | DEBUG    | ExoplanetDownloader | Retry 1 for KIC 10098844 after 2.0s: Error in reading Data product D:\.lightkurve\cache\mastDownload\Kepler\kplr010098844_lc_Q011111101110111011\kplr010098844-2012088054726_llc.fits of type KeplerLightCurve .
This file may be corrupt due to an interrupted download. Please remove it from your disk and try again.
2026-01-04 00:53:22 | DEBUG    | ExoplanetDownloader | Retry 2 for KIC 10070468 after 4.0s: Error in reading Data product D:\.lightkurve\cache\mastDownload\Kepler\kplr010070468_lc_Q011111111111111111\kplr010070468-2010355172524_llc.fits of type KeplerLightCurve .
This file may be corrupt due to an interrupted download. Please remove it from your disk and try again.
2026-01-04 00:53:23 | DEBUG    | ExoplanetDownloader | Retry 2 for KIC 10074466 after 4.0s: Error in reading Data product D:\.lightkurve\cache\mastDownload\Kepler\kplr010074466_lc_Q011111111111111111\kplr010074466-2009350155506_llc.fits of type KeplerLightCurve .
This file may be corrupt due to an interrupted download. Please remove it from your disk and try again.
2026-01-04 00:53:26 | DEBUG    | ExoplanetDownloader | Retry 1 for KIC 10122255 after 2.0s: Error in reading Data product D:\.lightkurve\cache\mastDownload\Kepler\kplr010122255_lc_Q011111111111111111\kplr010122255-2010355172524_llc.fits of type KeplerLightCurve .
This file may be corrupt due to an interrupted download. Please remove it from your disk and try again.
2026-01-04 00:53:26 | DEBUG    | ExoplanetDownloader | Retry 2 for KIC 10098844 after 4.0s: Error in reading Data product D:\.lightkurve\cache\mastDownload\Kepler\kplr010098844_lc_Q011111101110111011\kplr010098844-2012088054726_llc.fits of type KeplerLightCurve .
This file may be corrupt due to an interrupted download. Please remove it from your disk and try again.
2026-01-04 00:53:27 | DEBUG    | ExoplanetDownloader | Retry 1 for KIC 10123064 after 2.0s: Error in reading Data product D:\.lightkurve\cache\mastDownload\Kepler\kplr010123064_lc_Q011111111111111111\kplr010123064-2012004120508_llc.fits of type KeplerLightCurve .
This file may be corrupt due to an interrupted download. Please remove it from your disk and try again.
2026-01-04 00:53:28 | DEBUG    | ExoplanetDownloader | Retry 1 for KIC 10132832 after 2.0s: Error in reading Data product D:\.lightkurve\cache\mastDownload\Kepler\kplr010132832_lc_Q011111111111111111\kplr010132832-2010265121752_llc.fits of type KeplerLightCurve .
This file may be corrupt due to an interrupted download. Please remove it from your disk and try again.
2026-01-04 00:53:29 | DEBUG    | ExoplanetDownloader | Retry 1 for KIC 10130039 after 2.0s: Error in reading Data product D:\.lightkurve\cache\mastDownload\Kepler\kplr010130039_lc_Q111111111111111111\kplr010130039-2010078095331_llc.fits of type KeplerLightCurve .
This file may be corrupt due to an interrupted download. Please remove it from your disk and try again.
2026-01-04 00:53:29 | DEBUG    | ExoplanetDownloader | Retry 1 for KIC 10153855 after 2.0s: Error in reading Data product D:\.lightkurve\cache\mastDownload\Kepler\kplr010153855_lc_Q011111101110111011\kplr010153855-2009350155506_llc.fits of type KeplerLightCurve .
This file may be corrupt due to an interrupted download. Please remove it from your disk and try again.
2026-01-04 00:53:29 | DEBUG    | ExoplanetDownloader | Retry 2 for KIC 10122255 after 4.0s: Error in reading Data product D:\.lightkurve\cache\mastDownload\Kepler\kplr010122255_lc_Q011111111111111111\kplr010122255-2010355172524_llc.fits of type KeplerLightCurve .
This file may be corrupt due to an interrupted download. Please remove it from your disk and try again.
2026-01-04 00:53:29 | DEBUG    | ExoplanetDownloader | Retry 1 for KIC 10134152 after 2.0s: Error in reading Data product D:\.lightkurve\cache\mastDownload\Kepler\kplr010134152_lc_Q011111111111111111\kplr010134152-2011271113734_llc.fits of type KeplerLightCurve .
This file may be corrupt due to an interrupted download. Please remove it from your disk and try again.
2026-01-04 00:53:30 | DEBUG    | ExoplanetDownloader | Retry 2 for KIC 10123064 after 4.0s: Error in reading Data product D:\.lightkurve\cache\mastDownload\Kepler\kplr010123064_lc_Q011111111111111111\kplr010123064-2012004120508_llc.fits of type KeplerLightCurve .
This file may be corrupt due to an interrupted download. Please remove it from your disk and try again.
2026-01-04 00:53:30 | DEBUG    | ExoplanetDownloader | Retry 1 for KIC 10154388 after 2.0s: Error in reading Data product D:\.lightkurve\cache\mastDownload\Kepler\kplr010154388_lc_Q111111101110111011\kplr010154388-2009166043257_llc.fits of type KeplerLightCurve .
This file may be corrupt due to an interrupted download. Please remove it from your disk and try again.
2026-01-04 00:53:32 | DEBUG    | ExoplanetDownloader | Retry 2 for KIC 10132832 after 4.0s: Error in reading Data product D:\.lightkurve\cache\mastDownload\Kepler\kplr010132832_lc_Q011111111111111111\kplr010132832-2010265121752_llc.fits of type KeplerLightCurve .
This file may be corrupt due to an interrupted download. Please remove it from your disk and try again.
2026-01-04 00:53:32 | DEBUG    | ExoplanetDownloader | Retry 2 for KIC 10153855 after 4.0s: Error in reading Data product D:\.lightkurve\cache\mastDownload\Kepler\kplr010153855_lc_Q011111101110111011\kplr010153855-2009350155506_llc.fits of type KeplerLightCurve .
This file may be corrupt due to an interrupted download. Please remove it from your disk and try again.
2026-01-04 00:53:32 | DEBUG    | ExoplanetDownloader | Retry 2 for KIC 10130039 after 4.0s: Error in reading Data product D:\.lightkurve\cache\mastDownload\Kepler\kplr010130039_lc_Q111111111111111111\kplr010130039-2010078095331_llc.fits of type KeplerLightCurve .
This file may be corrupt due to an interrupted download. Please remove it from your disk and try again.
2026-01-04 00:53:33 | DEBUG    | ExoplanetDownloader | Retry 2 for KIC 10134152 after 4.0s: Error in reading Data product D:\.lightkurve\cache\mastDownload\Kepler\kplr010134152_lc_Q011111111111111111\kplr010134152-2011271113734_llc.fits of type KeplerLightCurve .
This file may be corrupt due to an interrupted download. Please remove it from your disk and try again.
2026-01-04 00:53:33 | DEBUG    | ExoplanetDownloader | Retry 2 for KIC 10154388 after 4.0s: Error in reading Data product D:\.lightkurve\cache\mastDownload\Kepler\kplr010154388_lc_Q111111101110111011\kplr010154388-2009166043257_llc.fits of type KeplerLightCurve .
This file may be corrupt due to an interrupted download. Please remove it from your disk and try again.
2026-01-04 00:53:34 | DEBUG    | ExoplanetDownloader | Retry 1 for KIC 10155434 after 2.0s: Error in reading Data product D:\.lightkurve\cache\mastDownload\Kepler\kplr010155434_lc_Q011111101110111011\kplr010155434-2009259160929_llc.fits of type KeplerLightCurve .
This file may be corrupt due to an interrupted download. Please remove it from your disk and try again.
2026-01-04 00:53:36 | DEBUG    | ExoplanetDownloader | Retry 2 for KIC 10155434 after 4.0s: Error in reading Data product D:\.lightkurve\cache\mastDownload\Kepler\kplr010155434_lc_Q011111101110111011\kplr010155434-2009259160929_llc.fits of type KeplerLightCurve .
This file may be corrupt due to an interrupted download. Please remove it from your disk and try again.
2026-01-04 00:53:37 | DEBUG    | ExoplanetDownloader | Retry 1 for KIC 10190777 after 2.0s: Error in reading Data product D:\.lightkurve\cache\mastDownload\Kepler\kplr010190777_lc_Q111111111111111111\kplr010190777-2011271113734_llc.fits of type KeplerLightCurve .
This file may be corrupt due to an interrupted download. Please remove it from your disk and try again.
2026-01-04 00:53:38 | DEBUG    | ExoplanetDownloader | Retry 1 for KIC 10203349 after 2.0s: Error in reading Data product D:\.lightkurve\cache\mastDownload\Kepler\kplr010203349_lc_Q000011111111111111\kplr010203349-2010265121752_llc.fits of type KeplerLightCurve .
This file may be corrupt due to an interrupted download. Please remove it from your disk and try again.
2026-01-04 00:53:39 | DEBUG    | ExoplanetDownloader | Retry 1 for KIC 10214162 after 2.0s: Error in reading Data product D:\.lightkurve\cache\mastDownload\Kepler\kplr010214162_lc_Q000011111111111111\kplr010214162-2010078095331_llc.fits of type KeplerLightCurve .
This file may be corrupt due to an interrupted download. Please remove it from your disk and try again.
2026-01-04 00:53:40 | DEBUG    | ExoplanetDownloader | Retry 1 for KIC 10253547 after 2.0s: Error in reading Data product D:\.lightkurve\cache\mastDownload\Kepler\kplr010253547_lc_Q011111111111111111\kplr010253547-2011073133259_llc.fits of type KeplerLightCurve .
This file may be corrupt due to an interrupted download. Please remove it from your disk and try again.
2026-01-04 00:53:42 | DEBUG    | ExoplanetDownloader | Retry 2 for KIC 10214162 after 4.0s: Error in reading Data product D:\.lightkurve\cache\mastDownload\Kepler\kplr010214162_lc_Q000011111111111111\kplr010214162-2010078095331_llc.fits of type KeplerLightCurve .
This file may be corrupt due to an interrupted download. Please remove it from your disk and try again.
2026-01-04 00:53:42 | DEBUG    | ExoplanetDownloader | Retry 2 for KIC 10203349 after 4.0s: Error in reading Data product D:\.lightkurve\cache\mastDownload\Kepler\kplr010203349_lc_Q000011111111111111\kplr010203349-2010265121752_llc.fits of type KeplerLightCurve .
This file may be corrupt due to an interrupted download. Please remove it from your disk and try again.
2026-01-04 00:53:43 | DEBUG    | ExoplanetDownloader | Retry 1 for KIC 10272640 after 2.0s: Error in reading Data product D:\.lightkurve\cache\mastDownload\Kepler\kplr010272640_lc_Q000011111111111111\kplr010272640-2011177032512_llc.fits of type KeplerLightCurve .
This file may be corrupt due to an interrupted download. Please remove it from your disk and try again.
2026-01-04 00:53:43 | DEBUG    | ExoplanetDownloader | Retry 2 for KIC 10190777 after 4.0s: Error in reading Data product D:\.lightkurve\cache\mastDownload\Kepler\kplr010190777_lc_Q111111111111111111\kplr010190777-2011271113734_llc.fits of type KeplerLightCurve .
This file may be corrupt due to an interrupted download. Please remove it from your disk and try again.
2026-01-04 00:53:43 | DEBUG    | ExoplanetDownloader | Retry 1 for KIC 10264660 after 2.0s: Error in reading Data product D:\.lightkurve\cache\mastDownload\Kepler\kplr010264660_lc_Q111111111111111111\kplr010264660-2011073133259_llc.fits of type KeplerLightCurve .
This file may be corrupt due to an interrupted download. Please remove it from your disk and try again.
2026-01-04 00:53:43 | DEBUG    | ExoplanetDownloader | Retry 1 for KIC 10266615 after 2.0s: Error in reading Data product D:\.lightkurve\cache\mastDownload\Kepler\kplr010266615_lc_Q011111111111111111\kplr010266615-2011073133259_llc.fits of type KeplerLightCurve .
This file may be corrupt due to an interrupted download. Please remove it from your disk and try again.
2026-01-04 00:53:44 | DEBUG    | ExoplanetDownloader | Retry 1 for KIC 10285631 after 2.0s: Error in reading Data product D:\.lightkurve\cache\mastDownload\Kepler\kplr010285631_lc_Q111111101110111011\kplr010285631-2009259160929_llc.fits of type KeplerLightCurve .
This file may be corrupt due to an interrupted download. Please remove it from your disk and try again.
2026-01-04 00:53:44 | DEBUG    | ExoplanetDownloader | Retry 2 for KIC 10253547 after 4.0s: Error in reading Data product D:\.lightkurve\cache\mastDownload\Kepler\kplr010253547_lc_Q011111111111111111\kplr010253547-2011073133259_llc.fits of type KeplerLightCurve .
This file may be corrupt due to an interrupted download. Please remove it from your disk and try again.
2026-01-04 00:53:46 | DEBUG    | ExoplanetDownloader | Retry 2 for KIC 10272640 after 4.0s: Error in reading Data product D:\.lightkurve\cache\mastDownload\Kepler\kplr010272640_lc_Q000011111111111111\kplr010272640-2011177032512_llc.fits of type KeplerLightCurve .
This file may be corrupt due to an interrupted download. Please remove it from your disk and try again.
2026-01-04 00:53:47 | DEBUG    | ExoplanetDownloader | Retry 2 for KIC 10285631 after 4.0s: Error in reading Data product D:\.lightkurve\cache\mastDownload\Kepler\kplr010285631_lc_Q111111101110111011\kplr010285631-2009259160929_llc.fits of type KeplerLightCurve .
This file may be corrupt due to an interrupted download. Please remove it from your disk and try again.
2026-01-04 00:53:47 | DEBUG    | ExoplanetDownloader | Retry 2 for KIC 10264660 after 4.0s: Error in reading Data product D:\.lightkurve\cache\mastDownload\Kepler\kplr010264660_lc_Q111111111111111111\kplr010264660-2011073133259_llc.fits of type KeplerLightCurve .
This file may be corrupt due to an interrupted download. Please remove it from your disk and try again.
2026-01-04 00:53:47 | DEBUG    | ExoplanetDownloader | Retry 2 for KIC 10266615 after 4.0s: Error in reading Data product D:\.lightkurve\cache\mastDownload\Kepler\kplr010266615_lc_Q011111111111111111\kplr010266615-2011073133259_llc.fits of type KeplerLightCurve .
This file may be corrupt due to an interrupted download. Please remove it from your disk and try again.
2026-01-04 00:53:50 | DEBUG    | ExoplanetDownloader | Retry 1 for KIC 10289119 after 2.0s: Error in reading Data product D:\.lightkurve\cache\mastDownload\Kepler\kplr010289119_lc_Q011111101110111011\kplr010289119-2010265121752_llc.fits of type KeplerLightCurve .
This file may be corrupt due to an interrupted download. Please remove it from your disk and try again.
2026-01-04 00:53:51 | DEBUG    | ExoplanetDownloader | Retry 1 for KIC 10290666 after 2.0s: Error in reading Data product D:\.lightkurve\cache\mastDownload\Kepler\kplr010290666_lc_Q111111101110111011\kplr010290666-2011073133259_llc.fits of type KeplerLightCurve .
This file may be corrupt due to an interrupted download. Please remove it from your disk and try again.
2026-01-04 00:53:56 | DEBUG    | ExoplanetDownloader | Retry 2 for KIC 10289119 after 4.0s: Error in reading Data product D:\.lightkurve\cache\mastDownload\Kepler\kplr010289119_lc_Q011111101110111011\kplr010289119-2010265121752_llc.fits of type KeplerLightCurve .
This file may be corrupt due to an interrupted download. Please remove it from your disk and try again.
2026-01-04 00:53:57 | DEBUG    | ExoplanetDownloader | Retry 1 for KIC 10318874 after 2.0s: Error in reading Data product D:\.lightkurve\cache\mastDownload\Kepler\kplr010318874_lc_Q111111111111111111\kplr010318874-2011177032512_llc.fits of type KeplerLightCurve .
This file may be corrupt due to an interrupted download. Please remove it from your disk and try again.
2026-01-04 00:53:58 | DEBUG    | ExoplanetDownloader | Retry 2 for KIC 10290666 after 4.0s: Error in reading Data product D:\.lightkurve\cache\mastDownload\Kepler\kplr010290666_lc_Q111111101110111011\kplr010290666-2011073133259_llc.fits of type KeplerLightCurve .
This file may be corrupt due to an interrupted download. Please remove it from your disk and try again.
2026-01-04 00:53:58 | DEBUG    | ExoplanetDownloader | Retry 1 for KIC 10332213 after 2.0s: Error in reading Data product D:\.lightkurve\cache\mastDownload\Kepler\kplr010332213_lc_Q011111111111111111\kplr010332213-2010355172524_llc.fits of type KeplerLightCurve .
This file may be corrupt due to an interrupted download. Please remove it from your disk and try again.
2026-01-04 00:53:58 | DEBUG    | ExoplanetDownloader | Retry 1 for KIC 10329469 after 2.0s: Error in reading Data product D:\.lightkurve\cache\mastDownload\Kepler\kplr010329469_lc_Q011111111111111111\kplr010329469-2011177032512_llc.fits of type KeplerLightCurve .
This file may be corrupt due to an interrupted download. Please remove it from your disk and try again.
2026-01-04 00:53:58 | DEBUG    | ExoplanetDownloader | Retry 1 for KIC 10329835 after 2.0s: Error in reading Data product D:\.lightkurve\cache\mastDownload\Kepler\kplr010329835_lc_Q011111111111111111\kplr010329835-2012179063303_llc.fits of type KeplerLightCurve .
This file may be corrupt due to an interrupted download. Please remove it from your disk and try again.
2026-01-04 00:53:59 | DEBUG    | ExoplanetDownloader | Retry 1 for KIC 10337517 after 2.0s: Error in reading Data product D:\.lightkurve\cache\mastDownload\Kepler\kplr010337517_lc_Q011111111111111111\kplr010337517-2009166043257_llc.fits of type KeplerLightCurve .
This file may be corrupt due to an interrupted download. Please remove it from your disk and try again.
2026-01-04 00:53:59 | DEBUG    | ExoplanetDownloader | Retry 1 for KIC 10337258 after 2.0s: Error in reading Data product D:\.lightkurve\cache\mastDownload\Kepler\kplr010337258_lc_Q111111111111111111\kplr010337258-2010265121752_llc.fits of type KeplerLightCurve .
This file may be corrupt due to an interrupted download. Please remove it from your disk and try again.
2026-01-04 00:54:02 | DEBUG    | ExoplanetDownloader | Retry 2 for KIC 10318874 after 4.0s: Error in reading Data product D:\.lightkurve\cache\mastDownload\Kepler\kplr010318874_lc_Q111111111111111111\kplr010318874-2011177032512_llc.fits of type KeplerLightCurve .
This file may be corrupt due to an interrupted download. Please remove it from your disk and try again.
2026-01-04 00:54:02 | DEBUG    | ExoplanetDownloader | Retry 2 for KIC 10337517 after 4.0s: Error in reading Data product D:\.lightkurve\cache\mastDownload\Kepler\kplr010337517_lc_Q011111111111111111\kplr010337517-2009166043257_llc.fits of type KeplerLightCurve .
This file may be corrupt due to an interrupted download. Please remove it from your disk and try again.
2026-01-04 00:54:03 | DEBUG    | ExoplanetDownloader | Retry 2 for KIC 10332213 after 4.0s: Error in reading Data product D:\.lightkurve\cache\mastDownload\Kepler\kplr010332213_lc_Q011111111111111111\kplr010332213-2010355172524_llc.fits of type KeplerLightCurve .
This file may be corrupt due to an interrupted download. Please remove it from your disk and try again.
2026-01-04 00:54:04 | DEBUG    | ExoplanetDownloader | Retry 2 for KIC 10337258 after 4.0s: Error in reading Data product D:\.lightkurve\cache\mastDownload\Kepler\kplr010337258_lc_Q111111111111111111\kplr010337258-2010265121752_llc.fits of type KeplerLightCurve .
This file may be corrupt due to an interrupted download. Please remove it from your disk and try again.
2026-01-04 00:54:04 | DEBUG    | ExoplanetDownloader | Retry 2 for KIC 10329469 after 4.0s: Error in reading Data product D:\.lightkurve\cache\mastDownload\Kepler\kplr010329469_lc_Q011111111111111111\kplr010329469-2011177032512_llc.fits of type KeplerLightCurve .
This file may be corrupt due to an interrupted download. Please remove it from your disk and try again.
2026-01-04 00:54:05 | DEBUG    | ExoplanetDownloader | Retry 2 for KIC 10329835 after 4.0s: Error in reading Data product D:\.lightkurve\cache\mastDownload\Kepler\kplr010329835_lc_Q011111111111111111\kplr010329835-2012179063303_llc.fits of type KeplerLightCurve .
This file may be corrupt due to an interrupted download. Please remove it from your disk and try again.
2026-01-04 00:54:05 | DEBUG    | ExoplanetDownloader | Retry 1 for KIC 10340423 after 2.0s: Error in reading Data product D:\.lightkurve\cache\mastDownload\Kepler\kplr010340423_lc_Q011111111111111111\kplr010340423-2010078095331_llc.fits of type KeplerLightCurve .
This file may be corrupt due to an interrupted download. Please remove it from your disk and try again.
2026-01-04 00:54:08 | DEBUG    | ExoplanetDownloader | Retry 1 for KIC 10350571 after 2.0s: Error in reading Data product D:\.lightkurve\cache\mastDownload\Kepler\kplr010350571_lc_Q111111101110111011\kplr010350571-2011073133259_llc.fits of type KeplerLightCurve .
This file may be corrupt due to an interrupted download. Please remove it from your disk and try again.
2026-01-04 00:54:09 | DEBUG    | ExoplanetDownloader | Retry 2 for KIC 10340423 after 4.0s: Error in reading Data product D:\.lightkurve\cache\mastDownload\Kepler\kplr010340423_lc_Q011111111111111111\kplr010340423-2010078095331_llc.fits of type KeplerLightCurve .
This file may be corrupt due to an interrupted download. Please remove it from your disk and try again.
2026-01-04 00:54:11 | DEBUG    | ExoplanetDownloader | Retry 1 for KIC 10353968 after 2.0s: Error in reading Data product D:\.lightkurve\cache\mastDownload\Kepler\kplr010353968_lc_Q011111101110111011\kplr010353968-2010265121752_llc.fits of type KeplerLightCurve .
This file may be corrupt due to an interrupted download. Please remove it from your disk and try again.
2026-01-04 00:54:14 | DEBUG    | ExoplanetDownloader | Retry 1 for KIC 10386984 after 2.0s: Error in reading Data product D:\.lightkurve\cache\mastDownload\Kepler\kplr010386984_lc_Q011111111111111111\kplr010386984-2009350155506_llc.fits of type KeplerLightCurve .
This file may be corrupt due to an interrupted download. Please remove it from your disk and try again.
2026-01-04 00:54:15 | DEBUG    | ExoplanetDownloader | Retry 2 for KIC 10350571 after 4.0s: Error in reading Data product D:\.lightkurve\cache\mastDownload\Kepler\kplr010350571_lc_Q111111101110111011\kplr010350571-2011073133259_llc.fits of type KeplerLightCurve .
This file may be corrupt due to an interrupted download. Please remove it from your disk and try again.
2026-01-04 00:54:16 | DEBUG    | ExoplanetDownloader | Retry 1 for KIC 10388286 after 2.0s: Error in reading Data product D:\.lightkurve\cache\mastDownload\Kepler\kplr010388286_lc_Q011111111111111111\kplr010388286-2009350155506_llc.fits of type KeplerLightCurve .
This file may be corrupt due to an interrupted download. Please remove it from your disk and try again.
2026-01-04 00:54:16 | DEBUG    | ExoplanetDownloader | Retry 2 for KIC 10353968 after 4.0s: Error in reading Data product D:\.lightkurve\cache\mastDownload\Kepler\kplr010353968_lc_Q011111101110111011\kplr010353968-2010265121752_llc.fits of type KeplerLightCurve .
This file may be corrupt due to an interrupted download. Please remove it from your disk and try again.
2026-01-04 00:54:17 | DEBUG    | ExoplanetDownloader | Retry 1 for KIC 10397751 after 2.0s: Error in reading Data product D:\.lightkurve\cache\mastDownload\Kepler\kplr010397751_lc_Q011111111111111111\kplr010397751-2009166043257_llc.fits of type KeplerLightCurve .
This file may be corrupt due to an interrupted download. Please remove it from your disk and try again.
2026-01-04 00:54:17 | DEBUG    | ExoplanetDownloader | Retry 1 for KIC 10386922 after 2.0s: Error in reading Data product D:\.lightkurve\cache\mastDownload\Kepler\kplr010386922_lc_Q111111111111111111\kplr010386922-2012088054726_llc.fits of type KeplerLightCurve .
This file may be corrupt due to an interrupted download. Please remove it from your disk and try again.
2026-01-04 00:54:17 | DEBUG    | ExoplanetDownloader | Retry 1 for KIC 10360722 after 2.0s: Error in reading Data product D:\.lightkurve\cache\mastDownload\Kepler\kplr010360722_lc_Q011111101110111011\kplr010360722-2013098041711_llc.fits of type KeplerLightCurve .
This file may be corrupt due to an interrupted download. Please remove it from your disk and try again.
2026-01-04 00:54:17 | DEBUG    | ExoplanetDownloader | Retry 2 for KIC 10386984 after 4.0s: Error in reading Data product D:\.lightkurve\cache\mastDownload\Kepler\kplr010386984_lc_Q011111111111111111\kplr010386984-2009350155506_llc.fits of type KeplerLightCurve .
This file may be corrupt due to an interrupted download. Please remove it from your disk and try again.
2026-01-04 00:54:19 | DEBUG    | ExoplanetDownloader | Retry 2 for KIC 10388286 after 4.0s: Error in reading Data product D:\.lightkurve\cache\mastDownload\Kepler\kplr010388286_lc_Q011111111111111111\kplr010388286-2009350155506_llc.fits of type KeplerLightCurve .
This file may be corrupt due to an interrupted download. Please remove it from your disk and try again.
2026-01-04 00:54:19 | DEBUG    | ExoplanetDownloader | Retry 1 for KIC 10407482 after 2.0s: Error in reading Data product D:\.lightkurve\cache\mastDownload\Kepler\kplr010407482_lc_Q011100111111111111\kplr010407482-2013131215648_llc.fits of type KeplerLightCurve .
This file may be corrupt due to an interrupted download. Please remove it from your disk and try again.
2026-01-04 00:54:20 | DEBUG    | ExoplanetDownloader | Retry 2 for KIC 10397751 after 4.0s: Error in reading Data product D:\.lightkurve\cache\mastDownload\Kepler\kplr010397751_lc_Q011111111111111111\kplr010397751-2009166043257_llc.fits of type KeplerLightCurve .
This file may be corrupt due to an interrupted download. Please remove it from your disk and try again.
2026-01-04 00:54:27 | DEBUG    | ExoplanetDownloader | Retry 2 for KIC 10360722 after 4.0s: Error in reading Data product D:\.lightkurve\cache\mastDownload\Kepler\kplr010360722_lc_Q011111101110111011\kplr010360722-2013098041711_llc.fits of type KeplerLightCurve .
This file may be corrupt due to an interrupted download. Please remove it from your disk and try again.
2026-01-04 00:54:28 | DEBUG    | ExoplanetDownloader | Retry 1 for KIC 10454632 after 2.0s: Error in reading Data product D:\.lightkurve\cache\mastDownload\Kepler\kplr010454632_lc_Q111111111111111111\kplr010454632-2009259160929_llc.fits of type KeplerLightCurve .
This file may be corrupt due to an interrupted download. Please remove it from your disk and try again.
2026-01-04 00:54:28 | DEBUG    | ExoplanetDownloader | Retry 2 for KIC 10386922 after 4.0s: Error in reading Data product D:\.lightkurve\cache\mastDownload\Kepler\kplr010386922_lc_Q111111111111111111\kplr010386922-2012088054726_llc.fits of type KeplerLightCurve .
This file may be corrupt due to an interrupted download. Please remove it from your disk and try again.
2026-01-04 00:54:30 | DEBUG    | ExoplanetDownloader | Retry 1 for KIC 10453588 after 2.0s: Error in reading Data product D:\.lightkurve\cache\mastDownload\Kepler\kplr010453588_lc_Q111111111111111111\kplr010453588-2011177032512_llc.fits of type KeplerLightCurve .
This file may be corrupt due to an interrupted download. Please remove it from your disk and try again.
2026-01-04 00:54:30 | DEBUG    | ExoplanetDownloader | Retry 1 for KIC 10471515 after 2.0s: Error in reading Data product D:\.lightkurve\cache\mastDownload\Kepler\kplr010471515_lc_Q111111111111111111\kplr010471515-2009131105131_llc.fits of type KeplerLightCurve .
This file may be corrupt due to an interrupted download. Please remove it from your disk and try again.
2026-01-04 00:54:31 | DEBUG    | ExoplanetDownloader | Retry 2 for KIC 10454632 after 4.0s: Error in reading Data product D:\.lightkurve\cache\mastDownload\Kepler\kplr010454632_lc_Q111111111111111111\kplr010454632-2009259160929_llc.fits of type KeplerLightCurve .
This file may be corrupt due to an interrupted download. Please remove it from your disk and try again.
2026-01-04 00:54:32 | DEBUG    | ExoplanetDownloader | Retry 2 for KIC 10407482 after 4.0s: Error in reading Data product D:\.lightkurve\cache\mastDownload\Kepler\kplr010407482_lc_Q011100111111111111\kplr010407482-2013131215648_llc.fits of type KeplerLightCurve .
This file may be corrupt due to an interrupted download. Please remove it from your disk and try again.
2026-01-04 00:54:33 | DEBUG    | ExoplanetDownloader | Retry 2 for KIC 10471515 after 4.0s: Error in reading Data product D:\.lightkurve\cache\mastDownload\Kepler\kplr010471515_lc_Q111111111111111111\kplr010471515-2009131105131_llc.fits of type KeplerLightCurve .
This file may be corrupt due to an interrupted download. Please remove it from your disk and try again.
2026-01-04 00:54:36 | DEBUG    | ExoplanetDownloader | Retry 1 for KIC 10464050 after 2.0s: Error in reading Data product D:\.lightkurve\cache\mastDownload\Kepler\kplr010464050_lc_Q011111111111111111\kplr010464050-2011073133259_llc.fits of type KeplerLightCurve .
This file may be corrupt due to an interrupted download. Please remove it from your disk and try again.
2026-01-04 00:54:37 | DEBUG    | ExoplanetDownloader | Retry 1 for KIC 10468885 after 2.0s: Error in reading Data product D:\.lightkurve\cache\mastDownload\Kepler\kplr010468885_lc_Q011111111111111111\kplr010468885-2012004120508_llc.fits of type KeplerLightCurve .
This file may be corrupt due to an interrupted download. Please remove it from your disk and try again.
2026-01-04 00:54:39 | DEBUG    | ExoplanetDownloader | Retry 2 for KIC 10453588 after 4.0s: Error in reading Data product D:\.lightkurve\cache\mastDownload\Kepler\kplr010453588_lc_Q111111111111111111\kplr010453588-2011177032512_llc.fits of type KeplerLightCurve .
This file may be corrupt due to an interrupted download. Please remove it from your disk and try again.
2026-01-04 00:54:41 | DEBUG    | ExoplanetDownloader | Retry 1 for KIC 10480915 after 2.0s: Error in reading Data product D:\.lightkurve\cache\mastDownload\Kepler\kplr010480915_lc_Q011111101110111011\kplr010480915-2010078095331_llc.fits of type KeplerLightCurve .
This file may be corrupt due to an interrupted download. Please remove it from your disk and try again.
2026-01-04 00:54:42 | DEBUG    | ExoplanetDownloader | Retry 1 for KIC 10525027 after 2.0s: Error in reading Data product D:\.lightkurve\cache\mastDownload\Kepler\kplr010525027_lc_Q011111111111111111\kplr010525027-2009350155506_llc.fits of type KeplerLightCurve .
This file may be corrupt due to an interrupted download. Please remove it from your disk and try again.
2026-01-04 00:54:46 | DEBUG    | ExoplanetDownloader | Retry 2 for KIC 10480915 after 4.0s: Error in reading Data product D:\.lightkurve\cache\mastDownload\Kepler\kplr010480915_lc_Q011111101110111011\kplr010480915-2010078095331_llc.fits of type KeplerLightCurve .
This file may be corrupt due to an interrupted download. Please remove it from your disk and try again.
2026-01-04 00:54:46 | DEBUG    | ExoplanetDownloader | Retry 2 for KIC 10525027 after 4.0s: Error in reading Data product D:\.lightkurve\cache\mastDownload\Kepler\kplr010525027_lc_Q011111111111111111\kplr010525027-2009350155506_llc.fits of type KeplerLightCurve .
This file may be corrupt due to an interrupted download. Please remove it from your disk and try again.
2026-01-04 00:54:47 | DEBUG    | ExoplanetDownloader | Retry 2 for KIC 10464050 after 4.0s: Error in reading Data product D:\.lightkurve\cache\mastDownload\Kepler\kplr010464050_lc_Q011111111111111111\kplr010464050-2011073133259_llc.fits of type KeplerLightCurve .
This file may be corrupt due to an interrupted download. Please remove it from your disk and try again.
2026-01-04 00:54:47 | DEBUG    | ExoplanetDownloader | Retry 2 for KIC 10468885 after 4.0s: Error in reading Data product D:\.lightkurve\cache\mastDownload\Kepler\kplr010468885_lc_Q011111111111111111\kplr010468885-2012004120508_llc.fits of type KeplerLightCurve .
This file may be corrupt due to an interrupted download. Please remove it from your disk and try again.
2026-01-04 00:54:47 | DEBUG    | ExoplanetDownloader | Retry 1 for KIC 10489206 after 2.0s: Error in reading Data product D:\.lightkurve\cache\mastDownload\Kepler\kplr010489206_lc_Q011111101110111011\kplr010489206-2012179063303_llc.fits of type KeplerLightCurve .
This file may be corrupt due to an interrupted download. Please remove it from your disk and try again.
2026-01-04 00:54:48 | DEBUG    | ExoplanetDownloader | Retry 1 for KIC 10528068 after 2.0s: Error in reading Data product D:\.lightkurve\cache\mastDownload\Kepler\kplr010528068_lc_Q011111111111111111\kplr010528068-2009350155506_llc.fits of type KeplerLightCurve .
This file may be corrupt due to an interrupted download. Please remove it from your disk and try again.
2026-01-04 00:54:48 | DEBUG    | ExoplanetDownloader | Retry 1 for KIC 10538176 after 2.0s: Error in reading Data product D:\.lightkurve\cache\mastDownload\Kepler\kplr010538176_lc_Q001011111111111111\kplr010538176-2012088054726_llc.fits of type KeplerLightCurve .
This file may be corrupt due to an interrupted download. Please remove it from your disk and try again.
2026-01-04 00:54:50 | DEBUG    | ExoplanetDownloader | Retry 1 for KIC 10549023 after 2.0s: Error in reading Data product D:\.lightkurve\cache\mastDownload\Kepler\kplr010549023_lc_Q011111101110111011\kplr010549023-2013098041711_llc.fits of type KeplerLightCurve .
This file may be corrupt due to an interrupted download. Please remove it from your disk and try again.
2026-01-04 00:54:51 | DEBUG    | ExoplanetDownloader | Retry 2 for KIC 10528068 after 4.0s: Error in reading Data product D:\.lightkurve\cache\mastDownload\Kepler\kplr010528068_lc_Q011111111111111111\kplr010528068-2009350155506_llc.fits of type KeplerLightCurve .
This file may be corrupt due to an interrupted download. Please remove it from your disk and try again.
2026-01-04 00:54:51 | DEBUG    | ExoplanetDownloader | Retry 2 for KIC 10489206 after 4.0s: Error in reading Data product D:\.lightkurve\cache\mastDownload\Kepler\kplr010489206_lc_Q011111101110111011\kplr010489206-2012179063303_llc.fits of type KeplerLightCurve .
This file may be corrupt due to an interrupted download. Please remove it from your disk and try again.
2026-01-04 00:54:55 | DEBUG    | ExoplanetDownloader | Retry 2 for KIC 10538176 after 4.0s: Error in reading Data product D:\.lightkurve\cache\mastDownload\Kepler\kplr010538176_lc_Q001011111111111111\kplr010538176-2012088054726_llc.fits of type KeplerLightCurve .
This file may be corrupt due to an interrupted download. Please remove it from your disk and try again.
2026-01-04 00:54:56 | DEBUG    | ExoplanetDownloader | Retry 1 for KIC 10591855 after 2.0s: Error in reading Data product D:\.lightkurve\cache\mastDownload\Kepler\kplr010591855_lc_Q011111111111111111\kplr010591855-2010265121752_llc.fits of type KeplerLightCurve .
This file may be corrupt due to an interrupted download. Please remove it from your disk and try again.
2026-01-04 00:54:58 | DEBUG    | ExoplanetDownloader | Retry 2 for KIC 10549023 after 4.0s: Error in reading Data product D:\.lightkurve\cache\mastDownload\Kepler\kplr010549023_lc_Q011111101110111011\kplr010549023-2013098041711_llc.fits of type KeplerLightCurve .
This file may be corrupt due to an interrupted download. Please remove it from your disk and try again.
2026-01-04 00:54:58 | DEBUG    | ExoplanetDownloader | Retry 1 for KIC 10583761 after 2.0s: Error in reading Data product D:\.lightkurve\cache\mastDownload\Kepler\kplr010583761_lc_Q011111111111111111\kplr010583761-2012179063303_llc.fits of type KeplerLightCurve .
This file may be corrupt due to an interrupted download. Please remove it from your disk and try again.
2026-01-04 00:55:01 | DEBUG    | ExoplanetDownloader | Retry 1 for KIC 10600955 after 2.0s: Error in reading Data product D:\.lightkurve\cache\mastDownload\Kepler\kplr010600955_lc_Q011111111111111111\kplr010600955-2011271113734_llc.fits of type KeplerLightCurve .
This file may be corrupt due to an interrupted download. Please remove it from your disk and try again.
2026-01-04 00:55:01 | DEBUG    | ExoplanetDownloader | Retry 1 for KIC 10604592 after 2.0s: Error in reading Data product D:\.lightkurve\cache\mastDownload\Kepler\kplr010604592_lc_Q011111111111111111\kplr010604592-2010355172524_llc.fits of type KeplerLightCurve .
This file may be corrupt due to an interrupted download. Please remove it from your disk and try again.
2026-01-04 00:55:02 | DEBUG    | ExoplanetDownloader | Retry 2 for KIC 10591855 after 4.0s: Error in reading Data product D:\.lightkurve\cache\mastDownload\Kepler\kplr010591855_lc_Q011111111111111111\kplr010591855-2010265121752_llc.fits of type KeplerLightCurve .
This file may be corrupt due to an interrupted download. Please remove it from your disk and try again.
2026-01-04 00:55:03 | DEBUG    | ExoplanetDownloader | Retry 1 for KIC 10663396 after 2.0s: Error in reading Data product D:\.lightkurve\cache\mastDownload\Kepler\kplr010663396_lc_Q011001100110011001\kplr010663396-2010265121752_llc.fits of type KeplerLightCurve .
This file may be corrupt due to an interrupted download. Please remove it from your disk and try again.
2026-01-04 00:55:03 | DEBUG    | ExoplanetDownloader | Retry 1 for KIC 10593535 after 2.0s: Error in reading Data product D:\.lightkurve\cache\mastDownload\Kepler\kplr010593535_lc_Q011111111111111111\kplr010593535-2013011073258_llc.fits of type KeplerLightCurve .
This file may be corrupt due to an interrupted download. Please remove it from your disk and try again.
2026-01-04 00:55:05 | DEBUG    | ExoplanetDownloader | Retry 2 for KIC 10583761 after 4.0s: Error in reading Data product D:\.lightkurve\cache\mastDownload\Kepler\kplr010583761_lc_Q011111111111111111\kplr010583761-2012179063303_llc.fits of type KeplerLightCurve .
This file may be corrupt due to an interrupted download. Please remove it from your disk and try again.
2026-01-04 00:55:06 | DEBUG    | ExoplanetDownloader | Retry 2 for KIC 10604592 after 4.0s: Error in reading Data product D:\.lightkurve\cache\mastDownload\Kepler\kplr010604592_lc_Q011111111111111111\kplr010604592-2010355172524_llc.fits of type KeplerLightCurve .
This file may be corrupt due to an interrupted download. Please remove it from your disk and try again.
2026-01-04 00:55:07 | DEBUG    | ExoplanetDownloader | Retry 1 for KIC 10676014 after 2.0s: Error in reading Data product D:\.lightkurve\cache\mastDownload\Kepler\kplr010676014_lc_Q011111101110111011\kplr010676014-2010078095331_llc.fits of type KeplerLightCurve .
This file may be corrupt due to an interrupted download. Please remove it from your disk and try again.
2026-01-04 00:55:07 | DEBUG    | ExoplanetDownloader | Retry 2 for KIC 10600955 after 4.0s: Error in reading Data product D:\.lightkurve\cache\mastDownload\Kepler\kplr010600955_lc_Q011111111111111111\kplr010600955-2011271113734_llc.fits of type KeplerLightCurve .
This file may be corrupt due to an interrupted download. Please remove it from your disk and try again.
2026-01-04 00:55:07 | DEBUG    | ExoplanetDownloader | Retry 2 for KIC 10663396 after 4.0s: Error in reading Data product D:\.lightkurve\cache\mastDownload\Kepler\kplr010663396_lc_Q011001100110011001\kplr010663396-2010265121752_llc.fits of type KeplerLightCurve .
This file may be corrupt due to an interrupted download. Please remove it from your disk and try again.
2026-01-04 00:55:08 | DEBUG    | ExoplanetDownloader | Retry 2 for KIC 10593535 after 4.0s: Error in reading Data product D:\.lightkurve\cache\mastDownload\Kepler\kplr010593535_lc_Q011111111111111111\kplr010593535-2013011073258_llc.fits of type KeplerLightCurve .
This file may be corrupt due to an interrupted download. Please remove it from your disk and try again.
2026-01-04 00:55:09 | DEBUG    | ExoplanetDownloader | Retry 1 for KIC 10676824 after 2.0s: Error in reading Data product D:\.lightkurve\cache\mastDownload\Kepler\kplr010676824_lc_Q011111101110111011\kplr010676824-2010078095331_llc.fits of type KeplerLightCurve .
This file may be corrupt due to an interrupted download. Please remove it from your disk and try again.
2026-01-04 00:55:09 | DEBUG    | ExoplanetDownloader | Retry 2 for KIC 10676014 after 4.0s: Error in reading Data product D:\.lightkurve\cache\mastDownload\Kepler\kplr010676014_lc_Q011111101110111011\kplr010676014-2010078095331_llc.fits of type KeplerLightCurve .
This file may be corrupt due to an interrupted download. Please remove it from your disk and try again.
2026-01-04 00:55:10 | DEBUG    | ExoplanetDownloader | Retry 1 for KIC 10686864 after 2.0s: Error in reading Data product D:\.lightkurve\cache\mastDownload\Kepler\kplr010686864_lc_Q011111101110111011\kplr010686864-2012088054726_llc.fits of type KeplerLightCurve .
This file may be corrupt due to an interrupted download. Please remove it from your disk and try again.
2026-01-04 00:55:13 | DEBUG    | ExoplanetDownloader | Retry 2 for KIC 10676824 after 4.0s: Error in reading Data product D:\.lightkurve\cache\mastDownload\Kepler\kplr010676824_lc_Q011111101110111011\kplr010676824-2010078095331_llc.fits of type KeplerLightCurve .
This file may be corrupt due to an interrupted download. Please remove it from your disk and try again.
2026-01-04 00:55:14 | DEBUG    | ExoplanetDownloader | Retry 1 for KIC 10714072 after 2.0s: Error in reading Data product D:\.lightkurve\cache\mastDownload\Kepler\kplr010714072_lc_Q011111111111111111\kplr010714072-2010078095331_llc.fits of type KeplerLightCurve .
This file may be corrupt due to an interrupted download. Please remove it from your disk and try again.
2026-01-04 00:55:16 | DEBUG    | ExoplanetDownloader | Retry 2 for KIC 10686864 after 4.0s: Error in reading Data product D:\.lightkurve\cache\mastDownload\Kepler\kplr010686864_lc_Q011111101110111011\kplr010686864-2012088054726_llc.fits of type KeplerLightCurve .
This file may be corrupt due to an interrupted download. Please remove it from your disk and try again.
2026-01-04 00:55:16 | DEBUG    | ExoplanetDownloader | Retry 1 for KIC 10723367 after 2.0s: Error in reading Data product D:\.lightkurve\cache\mastDownload\Kepler\kplr010723367_lc_Q011111111111111111\kplr010723367-2010078095331_llc.fits of type KeplerLightCurve .
This file may be corrupt due to an interrupted download. Please remove it from your disk and try again.
2026-01-04 00:55:18 | DEBUG    | ExoplanetDownloader | Retry 2 for KIC 10714072 after 4.0s: Error in reading Data product D:\.lightkurve\cache\mastDownload\Kepler\kplr010714072_lc_Q011111111111111111\kplr010714072-2010078095331_llc.fits of type KeplerLightCurve .
This file may be corrupt due to an interrupted download. Please remove it from your disk and try again.
2026-01-04 00:55:18 | DEBUG    | ExoplanetDownloader | Retry 1 for KIC 10717220 after 2.0s: Error in reading Data product D:\.lightkurve\cache\mastDownload\Kepler\kplr010717220_lc_Q011111110111011101\kplr010717220-2012179063303_llc.fits of type KeplerLightCurve .
This file may be corrupt due to an interrupted download. Please remove it from your disk and try again.
2026-01-04 00:55:19 | DEBUG    | ExoplanetDownloader | Retry 2 for KIC 10723367 after 4.0s: Error in reading Data product D:\.lightkurve\cache\mastDownload\Kepler\kplr010723367_lc_Q011111111111111111\kplr010723367-2010078095331_llc.fits of type KeplerLightCurve .
This file may be corrupt due to an interrupted download. Please remove it from your disk and try again.
2026-01-04 00:55:19 | DEBUG    | ExoplanetDownloader | Retry 1 for KIC 10723750 after 2.0s: Error in reading Data product D:\.lightkurve\cache\mastDownload\Kepler\kplr010723750_lc_Q011111111111111111\kplr010723750-2012004120508_llc.fits of type KeplerLightCurve .
This file may be corrupt due to an interrupted download. Please remove it from your disk and try again.
2026-01-04 00:55:19 | DEBUG    | ExoplanetDownloader | Retry 1 for KIC 10730034 after 2.0s: Error in reading Data product D:\.lightkurve\cache\mastDownload\Kepler\kplr010730034_lc_Q011111111111111111\kplr010730034-2011271113734_llc.fits of type KeplerLightCurve .
This file may be corrupt due to an interrupted download. Please remove it from your disk and try again.
2026-01-04 00:55:20 | DEBUG    | ExoplanetDownloader | Retry 1 for KIC 10730070 after 2.0s: Error in reading Data product D:\.lightkurve\cache\mastDownload\Kepler\kplr010730070_lc_Q011111111111111111\kplr010730070-2012088054726_llc.fits of type KeplerLightCurve .
This file may be corrupt due to an interrupted download. Please remove it from your disk and try again.
2026-01-04 00:55:22 | DEBUG    | ExoplanetDownloader | Retry 1 for KIC 10748390 after 2.0s: Error in reading Data product D:\.lightkurve\cache\mastDownload\Kepler\kplr010748390_lc_Q111111101110111011\kplr010748390-2010078095331_llc.fits of type KeplerLightCurve .
This file may be corrupt due to an interrupted download. Please remove it from your disk and try again.
2026-01-04 00:55:24 | DEBUG    | ExoplanetDownloader | Retry 2 for KIC 10717220 after 4.0s: Error in reading Data product D:\.lightkurve\cache\mastDownload\Kepler\kplr010717220_lc_Q011111110111011101\kplr010717220-2012179063303_llc.fits of type KeplerLightCurve .
This file may be corrupt due to an interrupted download. Please remove it from your disk and try again.
2026-01-04 00:55:25 | DEBUG    | ExoplanetDownloader | Retry 2 for KIC 10730034 after 4.0s: Error in reading Data product D:\.lightkurve\cache\mastDownload\Kepler\kplr010730034_lc_Q011111111111111111\kplr010730034-2011271113734_llc.fits of type KeplerLightCurve .
This file may be corrupt due to an interrupted download. Please remove it from your disk and try again.
2026-01-04 00:55:26 | DEBUG    | ExoplanetDownloader | Retry 2 for KIC 10748390 after 4.0s: Error in reading Data product D:\.lightkurve\cache\mastDownload\Kepler\kplr010748390_lc_Q111111101110111011\kplr010748390-2010078095331_llc.fits of type KeplerLightCurve .
This file may be corrupt due to an interrupted download. Please remove it from your disk and try again.
2026-01-04 00:55:26 | DEBUG    | ExoplanetDownloader | Retry 2 for KIC 10723750 after 4.0s: Error in reading Data product D:\.lightkurve\cache\mastDownload\Kepler\kplr010723750_lc_Q011111111111111111\kplr010723750-2012004120508_llc.fits of type KeplerLightCurve .
This file may be corrupt due to an interrupted download. Please remove it from your disk and try again.
2026-01-04 00:55:27 | DEBUG    | ExoplanetDownloader | Retry 1 for KIC 10779233 after 2.0s: Error in reading Data product D:\.lightkurve\cache\mastDownload\Kepler\kplr010779233_lc_Q111111111111111111\kplr010779233-2011271113734_llc.fits of type KeplerLightCurve .
This file may be corrupt due to an interrupted download. Please remove it from your disk and try again.
2026-01-04 00:55:27 | DEBUG    | ExoplanetDownloader | Retry 1 for KIC 10794087 after 2.0s: Error in reading Data product D:\.lightkurve\cache\mastDownload\Kepler\kplr010794087_lc_Q111111111111111111\kplr010794087-2009350155506_llc.fits of type KeplerLightCurve .
This file may be corrupt due to an interrupted download. Please remove it from your disk and try again.
2026-01-04 00:55:27 | DEBUG    | ExoplanetDownloader | Retry 2 for KIC 10730070 after 4.0s: Error in reading Data product D:\.lightkurve\cache\mastDownload\Kepler\kplr010730070_lc_Q011111111111111111\kplr010730070-2012088054726_llc.fits of type KeplerLightCurve .
This file may be corrupt due to an interrupted download. Please remove it from your disk and try again.
2026-01-04 00:55:27 | DEBUG    | ExoplanetDownloader | Retry 1 for KIC 10795103 after 2.0s: Error in reading Data product D:\.lightkurve\cache\mastDownload\Kepler\kplr010795103_lc_Q111111111111111111\kplr010795103-2009350155506_llc.fits of type KeplerLightCurve .
This file may be corrupt due to an interrupted download. Please remove it from your disk and try again.
2026-01-04 00:55:30 | DEBUG    | ExoplanetDownloader | Retry 2 for KIC 10794087 after 4.0s: Error in reading Data product D:\.lightkurve\cache\mastDownload\Kepler\kplr010794087_lc_Q111111111111111111\kplr010794087-2009350155506_llc.fits of type KeplerLightCurve .
This file may be corrupt due to an interrupted download. Please remove it from your disk and try again.
2026-01-04 00:55:31 | DEBUG    | ExoplanetDownloader | Retry 2 for KIC 10795103 after 4.0s: Error in reading Data product D:\.lightkurve\cache\mastDownload\Kepler\kplr010795103_lc_Q111111111111111111\kplr010795103-2009350155506_llc.fits of type KeplerLightCurve .
This file may be corrupt due to an interrupted download. Please remove it from your disk and try again.
2026-01-04 00:55:32 | DEBUG    | ExoplanetDownloader | Retry 2 for KIC 10779233 after 4.0s: Error in reading Data product D:\.lightkurve\cache\mastDownload\Kepler\kplr010779233_lc_Q111111111111111111\kplr010779233-2011271113734_llc.fits of type KeplerLightCurve .
This file may be corrupt due to an interrupted download. Please remove it from your disk and try again.
2026-01-04 00:55:33 | DEBUG    | ExoplanetDownloader | Retry 1 for KIC 10810838 after 2.0s: Error in reading Data product D:\.lightkurve\cache\mastDownload\Kepler\kplr010810838_lc_Q011111101110111011\kplr010810838-2009259160929_llc.fits of type KeplerLightCurve .
This file may be corrupt due to an interrupted download. Please remove it from your disk and try again.
2026-01-04 00:55:35 | DEBUG    | ExoplanetDownloader | Retry 1 for KIC 10813132 after 2.0s: Error in reading Data product D:\.lightkurve\cache\mastDownload\Kepler\kplr010813132_lc_Q011111101110111011\kplr010813132-2011271113734_llc.fits of type KeplerLightCurve .
This file may be corrupt due to an interrupted download. Please remove it from your disk and try again.
2026-01-04 00:55:36 | DEBUG    | ExoplanetDownloader | Retry 2 for KIC 10810838 after 4.0s: Error in reading Data product D:\.lightkurve\cache\mastDownload\Kepler\kplr010810838_lc_Q011111101110111011\kplr010810838-2009259160929_llc.fits of type KeplerLightCurve .
This file may be corrupt due to an interrupted download. Please remove it from your disk and try again.
2026-01-04 00:55:36 | DEBUG    | ExoplanetDownloader | Retry 1 for KIC 10854768 after 2.0s: Error in reading Data product D:\.lightkurve\cache\mastDownload\Kepler\kplr010854768_lc_Q011111111111111111\kplr010854768-2010174085026_llc.fits of type KeplerLightCurve .
This file may be corrupt due to an interrupted download. Please remove it from your disk and try again.
2026-01-04 00:55:37 | DEBUG    | ExoplanetDownloader | Retry 1 for KIC 10857519 after 2.0s: Error in reading Data product D:\.lightkurve\cache\mastDownload\Kepler\kplr010857519_lc_Q111111111111111111\kplr010857519-2009350155506_llc.fits of type KeplerLightCurve .
This file may be corrupt due to an interrupted download. Please remove it from your disk and try again.
2026-01-04 00:55:38 | DEBUG    | ExoplanetDownloader | Retry 1 for KIC 10858832 after 2.0s: Error in reading Data product D:\.lightkurve\cache\mastDownload\Kepler\kplr010858832_lc_Q011111111111111111\kplr010858832-2009259160929_llc.fits of type KeplerLightCurve .
This file may be corrupt due to an interrupted download. Please remove it from your disk and try again.
2026-01-04 00:55:38 | DEBUG    | ExoplanetDownloader | Retry 1 for KIC 10842192 after 2.0s: Error in reading Data product D:\.lightkurve\cache\mastDownload\Kepler\kplr010842192_lc_Q011111111111111111\kplr010842192-2013098041711_llc.fits of type KeplerLightCurve .
This file may be corrupt due to an interrupted download. Please remove it from your disk and try again.
2026-01-04 00:55:39 | DEBUG    | ExoplanetDownloader | Retry 1 for KIC 10863608 after 2.0s: Error in reading Data product D:\.lightkurve\cache\mastDownload\Kepler\kplr010863608_lc_Q001111111111111111\kplr010863608-2010265121752_llc.fits of type KeplerLightCurve .
This file may be corrupt due to an interrupted download. Please remove it from your disk and try again.
2026-01-04 00:55:39 | DEBUG    | ExoplanetDownloader | Retry 2 for KIC 10813132 after 4.0s: Error in reading Data product D:\.lightkurve\cache\mastDownload\Kepler\kplr010813132_lc_Q011111101110111011\kplr010813132-2011271113734_llc.fits of type KeplerLightCurve .
This file may be corrupt due to an interrupted download. Please remove it from your disk and try again.
2026-01-04 00:55:39 | DEBUG    | ExoplanetDownloader | Retry 2 for KIC 10854768 after 4.0s: Error in reading Data product D:\.lightkurve\cache\mastDownload\Kepler\kplr010854768_lc_Q011111111111111111\kplr010854768-2010174085026_llc.fits of type KeplerLightCurve .
This file may be corrupt due to an interrupted download. Please remove it from your disk and try again.
2026-01-04 00:55:41 | DEBUG    | ExoplanetDownloader | Retry 2 for KIC 10858832 after 4.0s: Error in reading Data product D:\.lightkurve\cache\mastDownload\Kepler\kplr010858832_lc_Q011111111111111111\kplr010858832-2009259160929_llc.fits of type KeplerLightCurve .
This file may be corrupt due to an interrupted download. Please remove it from your disk and try again.
2026-01-04 00:55:41 | DEBUG    | ExoplanetDownloader | Retry 2 for KIC 10857519 after 4.0s: Error in reading Data product D:\.lightkurve\cache\mastDownload\Kepler\kplr010857519_lc_Q111111111111111111\kplr010857519-2009350155506_llc.fits of type KeplerLightCurve .
This file may be corrupt due to an interrupted download. Please remove it from your disk and try again.
2026-01-04 00:55:42 | DEBUG    | ExoplanetDownloader | Retry 2 for KIC 10863608 after 4.0s: Error in reading Data product D:\.lightkurve\cache\mastDownload\Kepler\kplr010863608_lc_Q001111111111111111\kplr010863608-2010265121752_llc.fits of type KeplerLightCurve .
This file may be corrupt due to an interrupted download. Please remove it from your disk and try again.
2026-01-04 00:55:43 | DEBUG    | ExoplanetDownloader | Retry 1 for KIC 10864656 after 2.0s: Error in reading Data product D:\.lightkurve\cache\mastDownload\Kepler\kplr010864656_lc_Q111111111111111111\kplr010864656-2011073133259_llc.fits of type KeplerLightCurve .
This file may be corrupt due to an interrupted download. Please remove it from your disk and try again.
2026-01-04 00:55:43 | DEBUG    | ExoplanetDownloader | Retry 2 for KIC 10842192 after 4.0s: Error in reading Data product D:\.lightkurve\cache\mastDownload\Kepler\kplr010842192_lc_Q011111111111111111\kplr010842192-2013098041711_llc.fits of type KeplerLightCurve .
This file may be corrupt due to an interrupted download. Please remove it from your disk and try again.
2026-01-04 00:55:44 | DEBUG    | ExoplanetDownloader | Retry 1 for KIC 10874215 after 2.0s: Error in reading Data product D:\.lightkurve\cache\mastDownload\Kepler\kplr010874215_lc_Q011111101110111011\kplr010874215-2012088054726_llc.fits of type KeplerLightCurve .
This file may be corrupt due to an interrupted download. Please remove it from your disk and try again.
2026-01-04 00:55:46 | DEBUG    | ExoplanetDownloader | Retry 2 for KIC 10864656 after 4.0s: Error in reading Data product D:\.lightkurve\cache\mastDownload\Kepler\kplr010864656_lc_Q111111111111111111\kplr010864656-2011073133259_llc.fits of type KeplerLightCurve .
This file may be corrupt due to an interrupted download. Please remove it from your disk and try again.
2026-01-04 00:55:47 | DEBUG    | ExoplanetDownloader | Retry 1 for KIC 10874614 after 2.0s: Error in reading Data product D:\.lightkurve\cache\mastDownload\Kepler\kplr010874614_lc_Q111111101110111011\kplr010874614-2009166043257_llc.fits of type KeplerLightCurve .
This file may be corrupt due to an interrupted download. Please remove it from your disk and try again.
2026-01-04 00:55:49 | DEBUG    | ExoplanetDownloader | Retry 1 for KIC 10879038 after 2.0s: Error in reading Data product D:\.lightkurve\cache\mastDownload\Kepler\kplr010879038_lc_Q011111101110111011\kplr010879038-2010078095331_llc.fits of type KeplerLightCurve .
This file may be corrupt due to an interrupted download. Please remove it from your disk and try again.
2026-01-04 00:55:49 | DEBUG    | ExoplanetDownloader | Retry 2 for KIC 10874614 after 4.0s: Error in reading Data product D:\.lightkurve\cache\mastDownload\Kepler\kplr010874614_lc_Q111111101110111011\kplr010874614-2009166043257_llc.fits of type KeplerLightCurve .
This file may be corrupt due to an interrupted download. Please remove it from your disk and try again.
2026-01-04 00:55:51 | DEBUG    | ExoplanetDownloader | Retry 2 for KIC 10874215 after 4.0s: Error in reading Data product D:\.lightkurve\cache\mastDownload\Kepler\kplr010874215_lc_Q011111101110111011\kplr010874215-2012088054726_llc.fits of type KeplerLightCurve .
This file may be corrupt due to an interrupted download. Please remove it from your disk and try again.
2026-01-04 00:55:52 | DEBUG    | ExoplanetDownloader | Retry 1 for KIC 10880507 after 2.0s: Error in reading Data product D:\.lightkurve\cache\mastDownload\Kepler\kplr010880507_lc_Q011111101110111011\kplr010880507-2012179063303_llc.fits of type KeplerLightCurve .
This file may be corrupt due to an interrupted download. Please remove it from your disk and try again.
2026-01-04 00:55:52 | DEBUG    | ExoplanetDownloader | Retry 1 for KIC 10878263 after 2.0s: Error in reading Data product D:\.lightkurve\cache\mastDownload\Kepler\kplr010878263_lc_Q111111101110111011\kplr010878263-2012277125453_llc.fits of type KeplerLightCurve .
This file may be corrupt due to an interrupted download. Please remove it from your disk and try again.
2026-01-04 00:55:53 | DEBUG    | ExoplanetDownloader | Retry 2 for KIC 10879038 after 4.0s: Error in reading Data product D:\.lightkurve\cache\mastDownload\Kepler\kplr010879038_lc_Q011111101110111011\kplr010879038-2010078095331_llc.fits of type KeplerLightCurve .
This file may be corrupt due to an interrupted download. Please remove it from your disk and try again.
2026-01-04 00:55:53 | DEBUG    | ExoplanetDownloader | Retry 1 for KIC 10881457 after 2.0s: Error in reading Data product D:\.lightkurve\cache\mastDownload\Kepler\kplr010881457_lc_Q000011101110111011\kplr010881457-2012179063303_llc.fits of type KeplerLightCurve .
This file may be corrupt due to an interrupted download. Please remove it from your disk and try again.
2026-01-04 00:55:56 | DEBUG    | ExoplanetDownloader | Retry 2 for KIC 10880507 after 4.0s: Error in reading Data product D:\.lightkurve\cache\mastDownload\Kepler\kplr010880507_lc_Q011111101110111011\kplr010880507-2012179063303_llc.fits of type KeplerLightCurve .
This file may be corrupt due to an interrupted download. Please remove it from your disk and try again.
2026-01-04 00:55:57 | DEBUG    | ExoplanetDownloader | Retry 1 for KIC 10905746 after 2.0s: Error in reading Data product D:\.lightkurve\cache\mastDownload\Kepler\kplr010905746_lc_Q110000000001111111\kplr010905746-2012088054726_llc.fits of type KeplerLightCurve .
This file may be corrupt due to an interrupted download. Please remove it from your disk and try again.
2026-01-04 00:55:57 | DEBUG    | ExoplanetDownloader | Retry 2 for KIC 10878263 after 4.0s: Error in reading Data product D:\.lightkurve\cache\mastDownload\Kepler\kplr010878263_lc_Q111111101110111011\kplr010878263-2012277125453_llc.fits of type KeplerLightCurve .
This file may be corrupt due to an interrupted download. Please remove it from your disk and try again.
2026-01-04 00:55:59 | DEBUG    | ExoplanetDownloader | Retry 1 for KIC 10905239 after 2.0s: Error in reading Data product D:\.lightkurve\cache\mastDownload\Kepler\kplr010905239_lc_Q011111111111111111\kplr010905239-2010265121752_llc.fits of type KeplerLightCurve .
This file may be corrupt due to an interrupted download. Please remove it from your disk and try again.
2026-01-04 00:55:59 | DEBUG    | ExoplanetDownloader | Retry 2 for KIC 10881457 after 4.0s: Error in reading Data product D:\.lightkurve\cache\mastDownload\Kepler\kplr010881457_lc_Q000011101110111011\kplr010881457-2012179063303_llc.fits of type KeplerLightCurve .
This file may be corrupt due to an interrupted download. Please remove it from your disk and try again.
2026-01-04 00:56:00 | DEBUG    | ExoplanetDownloader | Retry 2 for KIC 10905746 after 4.0s: Error in reading Data product D:\.lightkurve\cache\mastDownload\Kepler\kplr010905746_lc_Q110000000001111111\kplr010905746-2012088054726_llc.fits of type KeplerLightCurve .
This file may be corrupt due to an interrupted download. Please remove it from your disk and try again.
2026-01-04 00:56:01 | DEBUG    | ExoplanetDownloader | Retry 1 for KIC 10904857 after 2.0s: Error in reading Data product D:\.lightkurve\cache\mastDownload\Kepler\kplr010904857_lc_Q011111111111111111\kplr010904857-2013098041711_llc.fits of type KeplerLightCurve .
This file may be corrupt due to an interrupted download. Please remove it from your disk and try again.
2026-01-04 00:56:01 | DEBUG    | ExoplanetDownloader | Retry 1 for KIC 10909127 after 2.0s: Error in reading Data product D:\.lightkurve\cache\mastDownload\Kepler\kplr010909127_lc_Q011111110111011101\kplr010909127-2010265121752_llc.fits of type KeplerLightCurve .
This file may be corrupt due to an interrupted download. Please remove it from your disk and try again.
2026-01-04 00:56:02 | DEBUG    | ExoplanetDownloader | Retry 1 for KIC 10922659 after 2.0s: Error in reading Data product D:\.lightkurve\cache\mastDownload\Kepler\kplr010922659_lc_Q000011111111111111\kplr010922659-2011271113734_llc.fits of type KeplerLightCurve .
This file may be corrupt due to an interrupted download. Please remove it from your disk and try again.
2026-01-04 00:56:03 | DEBUG    | ExoplanetDownloader | Retry 2 for KIC 10905239 after 4.0s: Error in reading Data product D:\.lightkurve\cache\mastDownload\Kepler\kplr010905239_lc_Q011111111111111111\kplr010905239-2010265121752_llc.fits of type KeplerLightCurve .
This file may be corrupt due to an interrupted download. Please remove it from your disk and try again.
2026-01-04 00:56:05 | DEBUG    | ExoplanetDownloader | Retry 1 for KIC 10934674 after 2.0s: Error in reading Data product D:\.lightkurve\cache\mastDownload\Kepler\kplr010934674_lc_Q011111101110111011\kplr010934674-2009166043257_llc.fits of type KeplerLightCurve .
This file may be corrupt due to an interrupted download. Please remove it from your disk and try again.
2026-01-04 00:56:06 | DEBUG    | ExoplanetDownloader | Retry 2 for KIC 10909127 after 4.0s: Error in reading Data product D:\.lightkurve\cache\mastDownload\Kepler\kplr010909127_lc_Q011111110111011101\kplr010909127-2010265121752_llc.fits of type KeplerLightCurve .
This file may be corrupt due to an interrupted download. Please remove it from your disk and try again.
2026-01-04 00:56:07 | DEBUG    | ExoplanetDownloader | Retry 2 for KIC 10922659 after 4.0s: Error in reading Data product D:\.lightkurve\cache\mastDownload\Kepler\kplr010922659_lc_Q000011111111111111\kplr010922659-2011271113734_llc.fits of type KeplerLightCurve .
This file may be corrupt due to an interrupted download. Please remove it from your disk and try again.
2026-01-04 00:56:07 | DEBUG    | ExoplanetDownloader | Retry 2 for KIC 10904857 after 4.0s: Error in reading Data product D:\.lightkurve\cache\mastDownload\Kepler\kplr010904857_lc_Q011111111111111111\kplr010904857-2013098041711_llc.fits of type KeplerLightCurve .
This file may be corrupt due to an interrupted download. Please remove it from your disk and try again.
2026-01-04 00:56:08 | DEBUG    | ExoplanetDownloader | Retry 2 for KIC 10934674 after 4.0s: Error in reading Data product D:\.lightkurve\cache\mastDownload\Kepler\kplr010934674_lc_Q011111101110111011\kplr010934674-2009166043257_llc.fits of type KeplerLightCurve .
This file may be corrupt due to an interrupted download. Please remove it from your disk and try again.
2026-01-04 00:56:08 | DEBUG    | ExoplanetDownloader | Retry 1 for KIC 10963065 after 2.0s: Error in reading Data product D:\.lightkurve\cache\mastDownload\Kepler\kplr010963065_lc_Q111111110111011101\kplr010963065-2010174085026_llc.fits of type KeplerLightCurve .
This file may be corrupt due to an interrupted download. Please remove it from your disk and try again.
2026-01-04 00:56:09 | DEBUG    | ExoplanetDownloader | Retry 1 for KIC 10975146 after 2.0s: Error in reading Data product D:\.lightkurve\cache\mastDownload\Kepler\kplr010975146_lc_Q011111111111111111\kplr010975146-2010174085026_llc.fits of type KeplerLightCurve .
This file may be corrupt due to an interrupted download. Please remove it from your disk and try again.
2026-01-04 00:56:10 | DEBUG    | ExoplanetDownloader | Retry 1 for KIC 10989274 after 2.0s: Error in reading Data product D:\.lightkurve\cache\mastDownload\Kepler\kplr010989274_lc_Q011111101110111011\kplr010989274-2011271113734_llc.fits of type KeplerLightCurve .
This file may be corrupt due to an interrupted download. Please remove it from your disk and try again.
2026-01-04 00:56:12 | DEBUG    | ExoplanetDownloader | Retry 2 for KIC 10963065 after 4.0s: Error in reading Data product D:\.lightkurve\cache\mastDownload\Kepler\kplr010963065_lc_Q111111110111011101\kplr010963065-2010174085026_llc.fits of type KeplerLightCurve .
This file may be corrupt due to an interrupted download. Please remove it from your disk and try again.
2026-01-04 00:56:13 | DEBUG    | ExoplanetDownloader | Retry 2 for KIC 10975146 after 4.0s: Error in reading Data product D:\.lightkurve\cache\mastDownload\Kepler\kplr010975146_lc_Q011111111111111111\kplr010975146-2010174085026_llc.fits of type KeplerLightCurve .
This file may be corrupt due to an interrupted download. Please remove it from your disk and try again.
2026-01-04 00:56:14 | DEBUG    | ExoplanetDownloader | Retry 1 for KIC 11019987 after 2.0s: Error in reading Data product D:\.lightkurve\cache\mastDownload\Kepler\kplr011019987_lc_Q111111110111011101\kplr011019987-2010009091648_llc.fits of type KeplerLightCurve .
This file may be corrupt due to an interrupted download. Please remove it from your disk and try again.
2026-01-04 00:56:14 | DEBUG    | ExoplanetDownloader | Retry 1 for KIC 11017901 after 2.0s: Error in reading Data product D:\.lightkurve\cache\mastDownload\Kepler\kplr011017901_lc_Q111111110111011101\kplr011017901-2012004120508_llc.fits of type KeplerLightCurve .
This file may be corrupt due to an interrupted download. Please remove it from your disk and try again.
2026-01-04 00:56:15 | DEBUG    | ExoplanetDownloader | Retry 1 for KIC 11030475 after 2.0s: Error in reading Data product D:\.lightkurve\cache\mastDownload\Kepler\kplr011030475_lc_Q011111111111111111\kplr011030475-2010078095331_llc.fits of type KeplerLightCurve .
This file may be corrupt due to an interrupted download. Please remove it from your disk and try again.
2026-01-04 00:56:15 | DEBUG    | ExoplanetDownloader | Retry 2 for KIC 10989274 after 4.0s: Error in reading Data product D:\.lightkurve\cache\mastDownload\Kepler\kplr010989274_lc_Q011111101110111011\kplr010989274-2011271113734_llc.fits of type KeplerLightCurve .
This file may be corrupt due to an interrupted download. Please remove it from your disk and try again.
2026-01-04 00:56:17 | DEBUG    | ExoplanetDownloader | Retry 2 for KIC 11019987 after 4.0s: Error in reading Data product D:\.lightkurve\cache\mastDownload\Kepler\kplr011019987_lc_Q111111110111011101\kplr011019987-2010009091648_llc.fits of type KeplerLightCurve .
This file may be corrupt due to an interrupted download. Please remove it from your disk and try again.
2026-01-04 00:56:18 | DEBUG    | ExoplanetDownloader | Retry 1 for KIC 11032227 after 2.0s: Error in reading Data product D:\.lightkurve\cache\mastDownload\Kepler\kplr011032227_lc_Q011111111111111111\kplr011032227-2010355172524_llc.fits of type KeplerLightCurve .
This file may be corrupt due to an interrupted download. Please remove it from your disk and try again.
2026-01-04 00:56:19 | DEBUG    | ExoplanetDownloader | Retry 2 for KIC 11030475 after 4.0s: Error in reading Data product D:\.lightkurve\cache\mastDownload\Kepler\kplr011030475_lc_Q011111111111111111\kplr011030475-2010078095331_llc.fits of type KeplerLightCurve .
This file may be corrupt due to an interrupted download. Please remove it from your disk and try again.
2026-01-04 00:56:19 | DEBUG    | ExoplanetDownloader | Retry 1 for KIC 11037335 after 2.0s: Error in reading Data product D:\.lightkurve\cache\mastDownload\Kepler\kplr011037335_lc_Q011111111111111111\kplr011037335-2010174085026_llc.fits of type KeplerLightCurve .
This file may be corrupt due to an interrupted download. Please remove it from your disk and try again.
2026-01-04 00:56:19 | DEBUG    | ExoplanetDownloader | Retry 2 for KIC 11017901 after 4.0s: Error in reading Data product D:\.lightkurve\cache\mastDownload\Kepler\kplr011017901_lc_Q111111110111011101\kplr011017901-2012004120508_llc.fits of type KeplerLightCurve .
This file may be corrupt due to an interrupted download. Please remove it from your disk and try again.
2026-01-04 00:56:23 | DEBUG    | ExoplanetDownloader | Retry 2 for KIC 11032227 after 4.0s: Error in reading Data product D:\.lightkurve\cache\mastDownload\Kepler\kplr011032227_lc_Q011111111111111111\kplr011032227-2010355172524_llc.fits of type KeplerLightCurve .
This file may be corrupt due to an interrupted download. Please remove it from your disk and try again.
2026-01-04 00:56:23 | DEBUG    | ExoplanetDownloader | Retry 2 for KIC 11037335 after 4.0s: Error in reading Data product D:\.lightkurve\cache\mastDownload\Kepler\kplr011037335_lc_Q011111111111111111\kplr011037335-2010174085026_llc.fits of type KeplerLightCurve .
This file may be corrupt due to an interrupted download. Please remove it from your disk and try again.
2026-01-04 00:56:23 | DEBUG    | ExoplanetDownloader | Retry 1 for KIC 11037818 after 2.0s: Error in reading Data product D:\.lightkurve\cache\mastDownload\Kepler\kplr011037818_lc_Q011111111111111111\kplr011037818-2012179063303_llc.fits of type KeplerLightCurve .
This file may be corrupt due to an interrupted download. Please remove it from your disk and try again.
2026-01-04 00:56:24 | DEBUG    | ExoplanetDownloader | Retry 1 for KIC 11046025 after 2.0s: Error in reading Data product D:\.lightkurve\cache\mastDownload\Kepler\kplr011046025_lc_Q011111101110111011\kplr011046025-2011271113734_llc.fits of type KeplerLightCurve .
This file may be corrupt due to an interrupted download. Please remove it from your disk and try again.
2026-01-04 00:56:25 | DEBUG    | ExoplanetDownloader | Retry 1 for KIC 11073351 after 2.0s: Error in reading Data product D:\.lightkurve\cache\mastDownload\Kepler\kplr011073351_lc_Q011111110111011101\kplr011073351-2011177032512_llc.fits of type KeplerLightCurve .
This file may be corrupt due to an interrupted download. Please remove it from your disk and try again.
2026-01-04 00:56:26 | DEBUG    | ExoplanetDownloader | Retry 1 for KIC 11080405 after 2.0s: Error in reading Data product D:\.lightkurve\cache\mastDownload\Kepler\kplr011080405_lc_Q001111111111111111\kplr011080405-2012004120508_llc.fits of type KeplerLightCurve .
This file may be corrupt due to an interrupted download. Please remove it from your disk and try again.
2026-01-04 00:56:28 | DEBUG    | ExoplanetDownloader | Retry 1 for KIC 11100383 after 2.0s: Error in reading Data product D:\.lightkurve\cache\mastDownload\Kepler\kplr011100383_lc_Q111111101110111011\kplr011100383-2010078095331_llc.fits of type KeplerLightCurve .
This file may be corrupt due to an interrupted download. Please remove it from your disk and try again.
2026-01-04 00:56:29 | DEBUG    | ExoplanetDownloader | Retry 1 for KIC 11086270 after 2.0s: Error in reading Data product D:\.lightkurve\cache\mastDownload\Kepler\kplr011086270_lc_Q111111111111111111\kplr011086270-2011271113734_llc.fits of type KeplerLightCurve .
This file may be corrupt due to an interrupted download. Please remove it from your disk and try again.
2026-01-04 00:56:30 | DEBUG    | ExoplanetDownloader | Retry 2 for KIC 11046025 after 4.0s: Error in reading Data product D:\.lightkurve\cache\mastDownload\Kepler\kplr011046025_lc_Q011111101110111011\kplr011046025-2011271113734_llc.fits of type KeplerLightCurve .
This file may be corrupt due to an interrupted download. Please remove it from your disk and try again.
2026-01-04 00:56:31 | DEBUG    | ExoplanetDownloader | Retry 2 for KIC 11073351 after 4.0s: Error in reading Data product D:\.lightkurve\cache\mastDownload\Kepler\kplr011073351_lc_Q011111110111011101\kplr011073351-2011177032512_llc.fits of type KeplerLightCurve .
This file may be corrupt due to an interrupted download. Please remove it from your disk and try again.
2026-01-04 00:56:31 | DEBUG    | ExoplanetDownloader | Retry 2 for KIC 11037818 after 4.0s: Error in reading Data product D:\.lightkurve\cache\mastDownload\Kepler\kplr011037818_lc_Q011111111111111111\kplr011037818-2012179063303_llc.fits of type KeplerLightCurve .
This file may be corrupt due to an interrupted download. Please remove it from your disk and try again.
2026-01-04 00:56:31 | DEBUG    | ExoplanetDownloader | Retry 2 for KIC 11080405 after 4.0s: Error in reading Data product D:\.lightkurve\cache\mastDownload\Kepler\kplr011080405_lc_Q001111111111111111\kplr011080405-2012004120508_llc.fits of type KeplerLightCurve .
This file may be corrupt due to an interrupted download. Please remove it from your disk and try again.
2026-01-04 00:56:31 | DEBUG    | ExoplanetDownloader | Retry 2 for KIC 11100383 after 4.0s: Error in reading Data product D:\.lightkurve\cache\mastDownload\Kepler\kplr011100383_lc_Q111111101110111011\kplr011100383-2010078095331_llc.fits of type KeplerLightCurve .
This file may be corrupt due to an interrupted download. Please remove it from your disk and try again.
2026-01-04 00:56:32 | DEBUG    | ExoplanetDownloader | Retry 1 for KIC 11127479 after 2.0s: Error in reading Data product D:\.lightkurve\cache\mastDownload\Kepler\kplr011127479_lc_Q111111110111011101\kplr011127479-2009131105131_llc.fits of type KeplerLightCurve .
This file may be corrupt due to an interrupted download. Please remove it from your disk and try again.
2026-01-04 00:56:33 | DEBUG    | ExoplanetDownloader | Retry 2 for KIC 11086270 after 4.0s: Error in reading Data product D:\.lightkurve\cache\mastDownload\Kepler\kplr011086270_lc_Q111111111111111111\kplr011086270-2011271113734_llc.fits of type KeplerLightCurve .
This file may be corrupt due to an interrupted download. Please remove it from your disk and try again.
2026-01-04 00:56:33 | DEBUG    | ExoplanetDownloader | Retry 1 for KIC 11125613 after 2.0s: Error in reading Data product D:\.lightkurve\cache\mastDownload\Kepler\kplr011125613_lc_Q011111110111011101\kplr011125613-2011271113734_llc.fits of type KeplerLightCurve .
This file may be corrupt due to an interrupted download. Please remove it from your disk and try again.
2026-01-04 00:56:35 | DEBUG    | ExoplanetDownloader | Retry 2 for KIC 11127479 after 4.0s: Error in reading Data product D:\.lightkurve\cache\mastDownload\Kepler\kplr011127479_lc_Q111111110111011101\kplr011127479-2009131105131_llc.fits of type KeplerLightCurve .
This file may be corrupt due to an interrupted download. Please remove it from your disk and try again.
2026-01-04 00:56:40 | DEBUG    | ExoplanetDownloader | Retry 2 for KIC 11125613 after 4.0s: Error in reading Data product D:\.lightkurve\cache\mastDownload\Kepler\kplr011125613_lc_Q011111110111011101\kplr011125613-2011271113734_llc.fits of type KeplerLightCurve .
This file may be corrupt due to an interrupted download. Please remove it from your disk and try again.
2026-01-04 00:56:42 | DEBUG    | ExoplanetDownloader | Retry 1 for KIC 11137180 after 2.0s: Error in reading Data product D:\.lightkurve\cache\mastDownload\Kepler\kplr011137180_lc_Q011111111111111111\kplr011137180-2011271113734_llc.fits of type KeplerLightCurve .
This file may be corrupt due to an interrupted download. Please remove it from your disk and try again.
2026-01-04 00:56:43 | DEBUG    | ExoplanetDownloader | Retry 1 for KIC 11134879 after 2.0s: Error in reading Data product D:\.lightkurve\cache\mastDownload\Kepler\kplr011134879_lc_Q011111111111111111\kplr011134879-2011271113734_llc.fits of type KeplerLightCurve .
This file may be corrupt due to an interrupted download. Please remove it from your disk and try again.
2026-01-04 00:56:43 | DEBUG    | ExoplanetDownloader | Retry 1 for KIC 11135308 after 2.0s: Error in reading Data product D:\.lightkurve\cache\mastDownload\Kepler\kplr011135308_lc_Q111111111111111111\kplr011135308-2011177032512_llc.fits of type KeplerLightCurve .
This file may be corrupt due to an interrupted download. Please remove it from your disk and try again.
2026-01-04 00:56:43 | DEBUG    | ExoplanetDownloader | Retry 1 for KIC 11177676 after 2.0s: Error in reading Data product D:\.lightkurve\cache\mastDownload\Kepler\kplr011177676_lc_Q011111110111011101\kplr011177676-2010174085026_llc.fits of type KeplerLightCurve .
This file may be corrupt due to an interrupted download. Please remove it from your disk and try again.
2026-01-04 00:56:43 | DEBUG    | ExoplanetDownloader | Retry 1 for KIC 11138155 after 2.0s: Error in reading Data product D:\.lightkurve\cache\mastDownload\Kepler\kplr011138155_lc_Q011111111111111111\kplr011138155-2011271113734_llc.fits of type KeplerLightCurve .
This file may be corrupt due to an interrupted download. Please remove it from your disk and try again.
2026-01-04 00:56:43 | DEBUG    | ExoplanetDownloader | Retry 1 for KIC 11177707 after 2.0s: Error in reading Data product D:\.lightkurve\cache\mastDownload\Kepler\kplr011177707_lc_Q011111110111011101\kplr011177707-2010009091648_llc.fits of type KeplerLightCurve .
This file may be corrupt due to an interrupted download. Please remove it from your disk and try again.
2026-01-04 00:56:44 | DEBUG    | ExoplanetDownloader | Retry 1 for KIC 11179076 after 2.0s: Error in reading Data product D:\.lightkurve\cache\mastDownload\Kepler\kplr011179076_lc_Q011111110111011101\kplr011179076-2011177032512_llc.fits of type KeplerLightCurve .
This file may be corrupt due to an interrupted download. Please remove it from your disk and try again.
2026-01-04 00:56:46 | DEBUG    | ExoplanetDownloader | Retry 2 for KIC 11137180 after 4.0s: Error in reading Data product D:\.lightkurve\cache\mastDownload\Kepler\kplr011137180_lc_Q011111111111111111\kplr011137180-2011271113734_llc.fits of type KeplerLightCurve .
This file may be corrupt due to an interrupted download. Please remove it from your disk and try again.
2026-01-04 00:56:47 | DEBUG    | ExoplanetDownloader | Retry 2 for KIC 11134879 after 4.0s: Error in reading Data product D:\.lightkurve\cache\mastDownload\Kepler\kplr011134879_lc_Q011111111111111111\kplr011134879-2011271113734_llc.fits of type KeplerLightCurve .
This file may be corrupt due to an interrupted download. Please remove it from your disk and try again.
2026-01-04 00:56:47 | DEBUG    | ExoplanetDownloader | Retry 2 for KIC 11177707 after 4.0s: Error in reading Data product D:\.lightkurve\cache\mastDownload\Kepler\kplr011177707_lc_Q011111110111011101\kplr011177707-2010009091648_llc.fits of type KeplerLightCurve .
This file may be corrupt due to an interrupted download. Please remove it from your disk and try again.
2026-01-04 00:56:48 | DEBUG    | ExoplanetDownloader | Retry 2 for KIC 11177676 after 4.0s: Error in reading Data product D:\.lightkurve\cache\mastDownload\Kepler\kplr011177676_lc_Q011111110111011101\kplr011177676-2010174085026_llc.fits of type KeplerLightCurve .
This file may be corrupt due to an interrupted download. Please remove it from your disk and try again.
2026-01-04 00:56:49 | DEBUG    | ExoplanetDownloader | Retry 2 for KIC 11138155 after 4.0s: Error in reading Data product D:\.lightkurve\cache\mastDownload\Kepler\kplr011138155_lc_Q011111111111111111\kplr011138155-2011271113734_llc.fits of type KeplerLightCurve .
This file may be corrupt due to an interrupted download. Please remove it from your disk and try again.
2026-01-04 00:56:49 | DEBUG    | ExoplanetDownloader | Retry 2 for KIC 11179076 after 4.0s: Error in reading Data product D:\.lightkurve\cache\mastDownload\Kepler\kplr011179076_lc_Q011111110111011101\kplr011179076-2011177032512_llc.fits of type KeplerLightCurve .
This file may be corrupt due to an interrupted download. Please remove it from your disk and try again.
2026-01-04 00:56:49 | DEBUG    | ExoplanetDownloader | Retry 2 for KIC 11135308 after 4.0s: Error in reading Data product D:\.lightkurve\cache\mastDownload\Kepler\kplr011135308_lc_Q111111111111111111\kplr011135308-2011177032512_llc.fits of type KeplerLightCurve .
This file may be corrupt due to an interrupted download. Please remove it from your disk and try again.
2026-01-04 00:56:50 | DEBUG    | ExoplanetDownloader | Retry 1 for KIC 11187436 after 2.0s: Error in reading Data product D:\.lightkurve\cache\mastDownload\Kepler\kplr011187436_lc_Q011111111111111111\kplr011187436-2013011073258_llc.fits of type KeplerLightCurve .
This file may be corrupt due to an interrupted download. Please remove it from your disk and try again.
2026-01-04 00:56:54 | DEBUG    | ExoplanetDownloader | Retry 1 for KIC 11194032 after 2.0s: Error in reading Data product D:\.lightkurve\cache\mastDownload\Kepler\kplr011194032_lc_Q011111111111111111\kplr011194032-2010078095331_llc.fits of type KeplerLightCurve .
This file may be corrupt due to an interrupted download. Please remove it from your disk and try again.
2026-01-04 00:56:55 | DEBUG    | ExoplanetDownloader | Retry 2 for KIC 11187436 after 4.0s: Error in reading Data product D:\.lightkurve\cache\mastDownload\Kepler\kplr011187436_lc_Q011111111111111111\kplr011187436-2013011073258_llc.fits of type KeplerLightCurve .
This file may be corrupt due to an interrupted download. Please remove it from your disk and try again.
2026-01-04 00:56:55 | DEBUG    | ExoplanetDownloader | Retry 1 for KIC 11236244 after 2.0s: Error in reading Data product D:\.lightkurve\cache\mastDownload\Kepler\kplr011236244_lc_Q011111110111011101\kplr011236244-2010009091648_llc.fits of type KeplerLightCurve .
This file may be corrupt due to an interrupted download. Please remove it from your disk and try again.
2026-01-04 00:56:55 | DEBUG    | ExoplanetDownloader | Retry 1 for KIC 11193263 after 2.0s: Error in reading Data product D:\.lightkurve\cache\mastDownload\Kepler\kplr011193263_lc_Q011111111111111111\kplr011193263-2010078095331_llc.fits of type KeplerLightCurve .
This file may be corrupt due to an interrupted download. Please remove it from your disk and try again.
2026-01-04 00:56:56 | DEBUG    | ExoplanetDownloader | Retry 1 for KIC 11241912 after 2.0s: Error in reading Data product D:\.lightkurve\cache\mastDownload\Kepler\kplr011241912_lc_Q011111111111111111\kplr011241912-2012088054726_llc.fits of type KeplerLightCurve .
This file may be corrupt due to an interrupted download. Please remove it from your disk and try again.
2026-01-04 00:56:56 | DEBUG    | ExoplanetDownloader | Retry 1 for KIC 11244137 after 2.0s: Error in reading Data product D:\.lightkurve\cache\mastDownload\Kepler\kplr011244137_lc_Q011111111111111111\kplr011244137-2010265121752_llc.fits of type KeplerLightCurve .
This file may be corrupt due to an interrupted download. Please remove it from your disk and try again.
2026-01-04 00:56:57 | DEBUG    | ExoplanetDownloader | Retry 2 for KIC 11194032 after 4.0s: Error in reading Data product D:\.lightkurve\cache\mastDownload\Kepler\kplr011194032_lc_Q011111111111111111\kplr011194032-2010078095331_llc.fits of type KeplerLightCurve .
This file may be corrupt due to an interrupted download. Please remove it from your disk and try again.
2026-01-04 00:56:57 | DEBUG    | ExoplanetDownloader | Retry 1 for KIC 11285870 after 2.0s: Error in reading Data product D:\.lightkurve\cache\mastDownload\Kepler\kplr011285870_lc_Q011111110111011101\kplr011285870-2009350155506_llc.fits of type KeplerLightCurve .
This file may be corrupt due to an interrupted download. Please remove it from your disk and try again.
2026-01-04 00:56:57 | DEBUG    | ExoplanetDownloader | Retry 2 for KIC 11236244 after 4.0s: Error in reading Data product D:\.lightkurve\cache\mastDownload\Kepler\kplr011236244_lc_Q011111110111011101\kplr011236244-2010009091648_llc.fits of type KeplerLightCurve .
This file may be corrupt due to an interrupted download. Please remove it from your disk and try again.
2026-01-04 00:56:58 | DEBUG    | ExoplanetDownloader | Retry 2 for KIC 11193263 after 4.0s: Error in reading Data product D:\.lightkurve\cache\mastDownload\Kepler\kplr011193263_lc_Q011111111111111111\kplr011193263-2010078095331_llc.fits of type KeplerLightCurve .
This file may be corrupt due to an interrupted download. Please remove it from your disk and try again.
2026-01-04 00:56:58 | DEBUG    | ExoplanetDownloader | Retry 1 for KIC 11297236 after 2.0s: Error in reading Data product D:\.lightkurve\cache\mastDownload\Kepler\kplr011297236_lc_Q011111111111111111\kplr011297236-2011271113734_llc.fits of type KeplerLightCurve .
This file may be corrupt due to an interrupted download. Please remove it from your disk and try again.
2026-01-04 00:56:59 | DEBUG    | ExoplanetDownloader | Retry 2 for KIC 11244137 after 4.0s: Error in reading Data product D:\.lightkurve\cache\mastDownload\Kepler\kplr011244137_lc_Q011111111111111111\kplr011244137-2010265121752_llc.fits of type KeplerLightCurve .
This file may be corrupt due to an interrupted download. Please remove it from your disk and try again.
2026-01-04 00:57:00 | DEBUG    | ExoplanetDownloader | Retry 2 for KIC 11241912 after 4.0s: Error in reading Data product D:\.lightkurve\cache\mastDownload\Kepler\kplr011241912_lc_Q011111111111111111\kplr011241912-2012088054726_llc.fits of type KeplerLightCurve .
This file may be corrupt due to an interrupted download. Please remove it from your disk and try again.
2026-01-04 00:57:00 | DEBUG    | ExoplanetDownloader | Retry 2 for KIC 11285870 after 4.0s: Error in reading Data product D:\.lightkurve\cache\mastDownload\Kepler\kplr011285870_lc_Q011111110111011101\kplr011285870-2009350155506_llc.fits of type KeplerLightCurve .
This file may be corrupt due to an interrupted download. Please remove it from your disk and try again.
2026-01-04 00:57:01 | DEBUG    | ExoplanetDownloader | Retry 2 for KIC 11297236 after 4.0s: Error in reading Data product D:\.lightkurve\cache\mastDownload\Kepler\kplr011297236_lc_Q011111111111111111\kplr011297236-2011271113734_llc.fits of type KeplerLightCurve .
This file may be corrupt due to an interrupted download. Please remove it from your disk and try again.
2026-01-04 00:57:03 | DEBUG    | ExoplanetDownloader | Retry 1 for KIC 11298298 after 2.0s: Error in reading Data product D:\.lightkurve\cache\mastDownload\Kepler\kplr011298298_lc_Q011111111111111111\kplr011298298-2010355172524_llc.fits of type KeplerLightCurve .
This file may be corrupt due to an interrupted download. Please remove it from your disk and try again.
2026-01-04 00:57:03 | DEBUG    | ExoplanetDownloader | Retry 1 for KIC 11303322 after 2.0s: Error in reading Data product D:\.lightkurve\cache\mastDownload\Kepler\kplr011303322_lc_Q011111111111111111\kplr011303322-2011177032512_llc.fits of type KeplerLightCurve .
This file may be corrupt due to an interrupted download. Please remove it from your disk and try again.
2026-01-04 00:57:04 | DEBUG    | ExoplanetDownloader | Retry 1 for KIC 11337141 after 2.0s: Error in reading Data product D:\.lightkurve\cache\mastDownload\Kepler\kplr011337141_lc_Q011111110111011101\kplr011337141-2010174085026_llc.fits of type KeplerLightCurve .
This file may be corrupt due to an interrupted download. Please remove it from your disk and try again.
2026-01-04 00:57:04 | DEBUG    | ExoplanetDownloader | Retry 1 for KIC 11337372 after 2.0s: Error in reading Data product D:\.lightkurve\cache\mastDownload\Kepler\kplr011337372_lc_Q000011110111011101\kplr011337372-2010174085026_llc.fits of type KeplerLightCurve .
This file may be corrupt due to an interrupted download. Please remove it from your disk and try again.
2026-01-04 00:57:06 | DEBUG    | ExoplanetDownloader | Retry 2 for KIC 11298298 after 4.0s: Error in reading Data product D:\.lightkurve\cache\mastDownload\Kepler\kplr011298298_lc_Q011111111111111111\kplr011298298-2010355172524_llc.fits of type KeplerLightCurve .
This file may be corrupt due to an interrupted download. Please remove it from your disk and try again.
2026-01-04 00:57:07 | DEBUG    | ExoplanetDownloader | Retry 2 for KIC 11337372 after 4.0s: Error in reading Data product D:\.lightkurve\cache\mastDownload\Kepler\kplr011337372_lc_Q000011110111011101\kplr011337372-2010174085026_llc.fits of type KeplerLightCurve .
This file may be corrupt due to an interrupted download. Please remove it from your disk and try again.
2026-01-04 00:57:08 | DEBUG    | ExoplanetDownloader | Retry 1 for KIC 11356260 after 2.0s: Error in reading Data product D:\.lightkurve\cache\mastDownload\Kepler\kplr011356260_lc_Q011111111111111111\kplr011356260-2010174085026_llc.fits of type KeplerLightCurve .
This file may be corrupt due to an interrupted download. Please remove it from your disk and try again.
2026-01-04 00:57:08 | DEBUG    | ExoplanetDownloader | Retry 2 for KIC 11337141 after 4.0s: Error in reading Data product D:\.lightkurve\cache\mastDownload\Kepler\kplr011337141_lc_Q011111110111011101\kplr011337141-2010174085026_llc.fits of type KeplerLightCurve .
This file may be corrupt due to an interrupted download. Please remove it from your disk and try again.
2026-01-04 00:57:08 | DEBUG    | ExoplanetDownloader | Retry 2 for KIC 11303322 after 4.0s: Error in reading Data product D:\.lightkurve\cache\mastDownload\Kepler\kplr011303322_lc_Q011111111111111111\kplr011303322-2011177032512_llc.fits of type KeplerLightCurve .
This file may be corrupt due to an interrupted download. Please remove it from your disk and try again.
2026-01-04 00:57:09 | DEBUG    | ExoplanetDownloader | Retry 1 for KIC 11359879 after 2.0s: Error in reading Data product D:\.lightkurve\cache\mastDownload\Kepler\kplr011359879_lc_Q011111111111111111\kplr011359879-2010078095331_llc.fits of type KeplerLightCurve .
This file may be corrupt due to an interrupted download. Please remove it from your disk and try again.
2026-01-04 00:57:09 | DEBUG    | ExoplanetDownloader | Retry 1 for KIC 11348997 after 2.0s: Error in reading Data product D:\.lightkurve\cache\mastDownload\Kepler\kplr011348997_lc_Q000011111111111111\kplr011348997-2012277125453_llc.fits of type KeplerLightCurve .
This file may be corrupt due to an interrupted download. Please remove it from your disk and try again.
2026-01-04 00:57:09 | DEBUG    | ExoplanetDownloader | Retry 1 for KIC 11358389 after 2.0s: Error in reading Data product D:\.lightkurve\cache\mastDownload\Kepler\kplr011358389_lc_Q011111111111111111\kplr011358389-2011177032512_llc.fits of type KeplerLightCurve .
This file may be corrupt due to an interrupted download. Please remove it from your disk and try again.
2026-01-04 00:57:11 | DEBUG    | ExoplanetDownloader | Retry 2 for KIC 11356260 after 4.0s: Error in reading Data product D:\.lightkurve\cache\mastDownload\Kepler\kplr011356260_lc_Q011111111111111111\kplr011356260-2010174085026_llc.fits of type KeplerLightCurve .
This file may be corrupt due to an interrupted download. Please remove it from your disk and try again.
2026-01-04 00:57:11 | DEBUG    | ExoplanetDownloader | Retry 2 for KIC 11359879 after 4.0s: Error in reading Data product D:\.lightkurve\cache\mastDownload\Kepler\kplr011359879_lc_Q011111111111111111\kplr011359879-2010078095331_llc.fits of type KeplerLightCurve .
This file may be corrupt due to an interrupted download. Please remove it from your disk and try again.
2026-01-04 00:57:12 | DEBUG    | ExoplanetDownloader | Retry 2 for KIC 11358389 after 4.0s: Error in reading Data product D:\.lightkurve\cache\mastDownload\Kepler\kplr011358389_lc_Q011111111111111111\kplr011358389-2011177032512_llc.fits of type KeplerLightCurve .
This file may be corrupt due to an interrupted download. Please remove it from your disk and try again.
2026-01-04 00:57:12 | DEBUG    | ExoplanetDownloader | Retry 2 for KIC 11348997 after 4.0s: Error in reading Data product D:\.lightkurve\cache\mastDownload\Kepler\kplr011348997_lc_Q000011111111111111\kplr011348997-2012277125453_llc.fits of type KeplerLightCurve .
This file may be corrupt due to an interrupted download. Please remove it from your disk and try again.
2026-01-04 00:57:14 | DEBUG    | ExoplanetDownloader | Retry 1 for KIC 11360805 after 2.0s: Error in reading Data product D:\.lightkurve\cache\mastDownload\Kepler\kplr011360805_lc_Q011111111111111111\kplr011360805-2010355172524_llc.fits of type KeplerLightCurve .
This file may be corrupt due to an interrupted download. Please remove it from your disk and try again.
2026-01-04 00:57:14 | DEBUG    | ExoplanetDownloader | Retry 1 for KIC 11394027 after 2.0s: Error in reading Data product D:\.lightkurve\cache\mastDownload\Kepler\kplr011394027_lc_Q111111110111011101\kplr011394027-2010355172524_llc.fits of type KeplerLightCurve .
This file may be corrupt due to an interrupted download. Please remove it from your disk and try again.
2026-01-04 00:57:15 | DEBUG    | ExoplanetDownloader | Retry 1 for KIC 11401182 after 2.0s: Error in reading Data product D:\.lightkurve\cache\mastDownload\Kepler\kplr011401182_lc_Q011111111111111111\kplr011401182-2009350155506_llc.fits of type KeplerLightCurve .
This file may be corrupt due to an interrupted download. Please remove it from your disk and try again.
2026-01-04 00:57:18 | DEBUG    | ExoplanetDownloader | Retry 2 for KIC 11360805 after 4.0s: Error in reading Data product D:\.lightkurve\cache\mastDownload\Kepler\kplr011360805_lc_Q011111111111111111\kplr011360805-2010355172524_llc.fits of type KeplerLightCurve .
This file may be corrupt due to an interrupted download. Please remove it from your disk and try again.
2026-01-04 00:57:18 | DEBUG    | ExoplanetDownloader | Retry 1 for KIC 11410904 after 2.0s: Error in reading Data product D:\.lightkurve\cache\mastDownload\Kepler\kplr011410904_lc_Q011111111111111111\kplr011410904-2009259160929_llc.fits of type KeplerLightCurve .
This file may be corrupt due to an interrupted download. Please remove it from your disk and try again.
2026-01-04 00:57:19 | DEBUG    | ExoplanetDownloader | Retry 2 for KIC 11401182 after 4.0s: Error in reading Data product D:\.lightkurve\cache\mastDownload\Kepler\kplr011401182_lc_Q011111111111111111\kplr011401182-2009350155506_llc.fits of type KeplerLightCurve .
This file may be corrupt due to an interrupted download. Please remove it from your disk and try again.
2026-01-04 00:57:19 | DEBUG    | ExoplanetDownloader | Retry 1 for KIC 11402995 after 2.0s: Error in reading Data product D:\.lightkurve\cache\mastDownload\Kepler\kplr011402995_lc_Q011111111111111111\kplr011402995-2010174085026_llc.fits of type KeplerLightCurve .
This file may be corrupt due to an interrupted download. Please remove it from your disk and try again.
2026-01-04 00:57:19 | DEBUG    | ExoplanetDownloader | Retry 2 for KIC 11394027 after 4.0s: Error in reading Data product D:\.lightkurve\cache\mastDownload\Kepler\kplr011394027_lc_Q111111110111011101\kplr011394027-2010355172524_llc.fits of type KeplerLightCurve .
This file may be corrupt due to an interrupted download. Please remove it from your disk and try again.
2026-01-04 00:57:19 | DEBUG    | ExoplanetDownloader | Retry 1 for KIC 11401755 after 2.0s: Error in reading Data product D:\.lightkurve\cache\mastDownload\Kepler\kplr011401755_lc_Q111111111111111111\kplr011401755-2012179063303_llc.fits of type KeplerLightCurve .
This file may be corrupt due to an interrupted download. Please remove it from your disk and try again.
2026-01-04 00:57:21 | DEBUG    | ExoplanetDownloader | Retry 2 for KIC 11410904 after 4.0s: Error in reading Data product D:\.lightkurve\cache\mastDownload\Kepler\kplr011410904_lc_Q011111111111111111\kplr011410904-2009259160929_llc.fits of type KeplerLightCurve .
This file may be corrupt due to an interrupted download. Please remove it from your disk and try again.
2026-01-04 00:57:21 | DEBUG    | ExoplanetDownloader | Retry 1 for KIC 11415243 after 2.0s: Error in reading Data product D:\.lightkurve\cache\mastDownload\Kepler\kplr011415243_lc_Q011111111111111111\kplr011415243-2010174085026_llc.fits of type KeplerLightCurve .
This file may be corrupt due to an interrupted download. Please remove it from your disk and try again.
2026-01-04 00:57:22 | DEBUG    | ExoplanetDownloader | Retry 2 for KIC 11402995 after 4.0s: Error in reading Data product D:\.lightkurve\cache\mastDownload\Kepler\kplr011402995_lc_Q011111111111111111\kplr011402995-2010174085026_llc.fits of type KeplerLightCurve .
This file may be corrupt due to an interrupted download. Please remove it from your disk and try again.
2026-01-04 00:57:22 | DEBUG    | ExoplanetDownloader | Retry 1 for KIC 11414465 after 2.0s: Error in reading Data product D:\.lightkurve\cache\mastDownload\Kepler\kplr011414465_lc_Q011100111111111111\kplr011414465-2011271113734_llc.fits of type KeplerLightCurve .
This file may be corrupt due to an interrupted download. Please remove it from your disk and try again.
2026-01-04 00:57:22 | DEBUG    | ExoplanetDownloader | Retry 2 for KIC 11401755 after 4.0s: Error in reading Data product D:\.lightkurve\cache\mastDownload\Kepler\kplr011401755_lc_Q111111111111111111\kplr011401755-2012179063303_llc.fits of type KeplerLightCurve .
This file may be corrupt due to an interrupted download. Please remove it from your disk and try again.
2026-01-04 00:57:24 | DEBUG    | ExoplanetDownloader | Retry 2 for KIC 11415243 after 4.0s: Error in reading Data product D:\.lightkurve\cache\mastDownload\Kepler\kplr011415243_lc_Q011111111111111111\kplr011415243-2010174085026_llc.fits of type KeplerLightCurve .
This file may be corrupt due to an interrupted download. Please remove it from your disk and try again.
2026-01-04 00:57:25 | DEBUG    | ExoplanetDownloader | Retry 2 for KIC 11414465 after 4.0s: Error in reading Data product D:\.lightkurve\cache\mastDownload\Kepler\kplr011414465_lc_Q011100111111111111\kplr011414465-2011271113734_llc.fits of type KeplerLightCurve .
This file may be corrupt due to an interrupted download. Please remove it from your disk and try again.
2026-01-04 00:57:26 | DEBUG    | ExoplanetDownloader | Retry 1 for KIC 11444514 after 2.0s: Error in reading Data product D:\.lightkurve\cache\mastDownload\Kepler\kplr011444514_lc_Q011111110111011101\kplr011444514-2013131215648_llc.fits of type KeplerLightCurve .
This file may be corrupt due to an interrupted download. Please remove it from your disk and try again.
2026-01-04 00:57:27 | DEBUG    | ExoplanetDownloader | Retry 1 for KIC 11446443 after 2.0s: Error in reading Data product D:\.lightkurve\cache\mastDownload\Kepler\kplr011446443_lc_Q111111110111011101\kplr011446443-2012004120508_llc.fits of type KeplerLightCurve .
This file may be corrupt due to an interrupted download. Please remove it from your disk and try again.
2026-01-04 00:57:27 | DEBUG    | ExoplanetDownloader | Retry 1 for KIC 11449844 after 2.0s: Error in reading Data product D:\.lightkurve\cache\mastDownload\Kepler\kplr011449844_lc_Q011111111111111111\kplr011449844-2012004120508_llc.fits of type KeplerLightCurve .
This file may be corrupt due to an interrupted download. Please remove it from your disk and try again.
2026-01-04 00:57:27 | DEBUG    | ExoplanetDownloader | Retry 1 for KIC 11453592 after 2.0s: Error in reading Data product D:\.lightkurve\cache\mastDownload\Kepler\kplr011453592_lc_Q000000111100111111\kplr011453592-2011073133259_llc.fits of type KeplerLightCurve .
This file may be corrupt due to an interrupted download. Please remove it from your disk and try again.
2026-01-04 00:57:29 | DEBUG    | ExoplanetDownloader | Retry 1 for KIC 11460018 after 2.0s: Error in reading Data product D:\.lightkurve\cache\mastDownload\Kepler\kplr011460018_lc_Q011111111111111111\kplr011460018-2011177032512_llc.fits of type KeplerLightCurve .
This file may be corrupt due to an interrupted download. Please remove it from your disk and try again.
2026-01-04 00:57:30 | DEBUG    | ExoplanetDownloader | Retry 2 for KIC 11444514 after 4.0s: Error in reading Data product D:\.lightkurve\cache\mastDownload\Kepler\kplr011444514_lc_Q011111110111011101\kplr011444514-2013131215648_llc.fits of type KeplerLightCurve .
This file may be corrupt due to an interrupted download. Please remove it from your disk and try again.
2026-01-04 00:57:31 | DEBUG    | ExoplanetDownloader | Retry 1 for KIC 11460462 after 2.0s: Error in reading Data product D:\.lightkurve\cache\mastDownload\Kepler\kplr011460462_lc_Q111111111111111111\kplr011460462-2010174085026_llc.fits of type KeplerLightCurve .
This file may be corrupt due to an interrupted download. Please remove it from your disk and try again.
2026-01-04 00:57:31 | DEBUG    | ExoplanetDownloader | Retry 2 for KIC 11453592 after 4.0s: Error in reading Data product D:\.lightkurve\cache\mastDownload\Kepler\kplr011453592_lc_Q000000111100111111\kplr011453592-2011073133259_llc.fits of type KeplerLightCurve .
This file may be corrupt due to an interrupted download. Please remove it from your disk and try again.
2026-01-04 00:57:31 | DEBUG    | ExoplanetDownloader | Retry 2 for KIC 11446443 after 4.0s: Error in reading Data product D:\.lightkurve\cache\mastDownload\Kepler\kplr011446443_lc_Q111111110111011101\kplr011446443-2012004120508_llc.fits of type KeplerLightCurve .
This file may be corrupt due to an interrupted download. Please remove it from your disk and try again.
2026-01-04 00:57:32 | DEBUG    | ExoplanetDownloader | Retry 2 for KIC 11449844 after 4.0s: Error in reading Data product D:\.lightkurve\cache\mastDownload\Kepler\kplr011449844_lc_Q011111111111111111\kplr011449844-2012004120508_llc.fits of type KeplerLightCurve .
This file may be corrupt due to an interrupted download. Please remove it from your disk and try again.
2026-01-04 00:57:32 | DEBUG    | ExoplanetDownloader | Retry 1 for KIC 11461433 after 2.0s: Error in reading Data product D:\.lightkurve\cache\mastDownload\Kepler\kplr011461433_lc_Q011111111111111111\kplr011461433-2010174085026_llc.fits of type KeplerLightCurve .
This file may be corrupt due to an interrupted download. Please remove it from your disk and try again.
2026-01-04 00:57:32 | DEBUG    | ExoplanetDownloader | Retry 2 for KIC 11460018 after 4.0s: Error in reading Data product D:\.lightkurve\cache\mastDownload\Kepler\kplr011460018_lc_Q011111111111111111\kplr011460018-2011177032512_llc.fits of type KeplerLightCurve .
This file may be corrupt due to an interrupted download. Please remove it from your disk and try again.
2026-01-04 00:57:33 | DEBUG    | ExoplanetDownloader | Retry 1 for KIC 11461844 after 2.0s: Error in reading Data product D:\.lightkurve\cache\mastDownload\Kepler\kplr011461844_lc_Q011111111111111111\kplr011461844-2009350155506_llc.fits of type KeplerLightCurve .
This file may be corrupt due to an interrupted download. Please remove it from your disk and try again.
2026-01-04 00:57:33 | DEBUG    | ExoplanetDownloader | Retry 2 for KIC 11460462 after 4.0s: Error in reading Data product D:\.lightkurve\cache\mastDownload\Kepler\kplr011460462_lc_Q111111111111111111\kplr011460462-2010174085026_llc.fits of type KeplerLightCurve .
This file may be corrupt due to an interrupted download. Please remove it from your disk and try again.
2026-01-04 00:57:34 | DEBUG    | ExoplanetDownloader | Retry 2 for KIC 11461433 after 4.0s: Error in reading Data product D:\.lightkurve\cache\mastDownload\Kepler\kplr011461433_lc_Q011111111111111111\kplr011461433-2010174085026_llc.fits of type KeplerLightCurve .
This file may be corrupt due to an interrupted download. Please remove it from your disk and try again.
2026-01-04 00:57:36 | DEBUG    | ExoplanetDownloader | Retry 2 for KIC 11461844 after 4.0s: Error in reading Data product D:\.lightkurve\cache\mastDownload\Kepler\kplr011461844_lc_Q011111111111111111\kplr011461844-2009350155506_llc.fits of type KeplerLightCurve .
This file may be corrupt due to an interrupted download. Please remove it from your disk and try again.
2026-01-04 00:57:38 | DEBUG    | ExoplanetDownloader | Retry 1 for KIC 11465950 after 2.0s: Error in reading Data product D:\.lightkurve\cache\mastDownload\Kepler\kplr011465950_lc_Q011111111111111111\kplr011465950-2010265121752_llc.fits of type KeplerLightCurve .
This file may be corrupt due to an interrupted download. Please remove it from your disk and try again.
2026-01-04 00:57:38 | DEBUG    | ExoplanetDownloader | Retry 1 for KIC 11495458 after 2.0s: Error in reading Data product D:\.lightkurve\cache\mastDownload\Kepler\kplr011495458_lc_Q011111110111011101\kplr011495458-2011271113734_llc.fits of type KeplerLightCurve .
This file may be corrupt due to an interrupted download. Please remove it from your disk and try again.
2026-01-04 00:57:40 | DEBUG    | ExoplanetDownloader | Retry 1 for KIC 11497977 after 2.0s: Error in reading Data product D:\.lightkurve\cache\mastDownload\Kepler\kplr011497977_lc_Q011111110111011101\kplr011497977-2010355172524_llc.fits of type KeplerLightCurve .
This file may be corrupt due to an interrupted download. Please remove it from your disk and try again.
2026-01-04 00:57:40 | DEBUG    | ExoplanetDownloader | Retry 1 for KIC 11498128 after 2.0s: Error in reading Data product D:\.lightkurve\cache\mastDownload\Kepler\kplr011498128_lc_Q011111110111011101\kplr011498128-2012179063303_llc.fits of type KeplerLightCurve .
This file may be corrupt due to an interrupted download. Please remove it from your disk and try again.
2026-01-04 00:57:40 | DEBUG    | ExoplanetDownloader | Retry 1 for KIC 11502867 after 2.0s: Error in reading Data product D:\.lightkurve\cache\mastDownload\Kepler\kplr011502867_lc_Q011111111111111111\kplr011502867-2009259160929_llc.fits of type KeplerLightCurve .
This file may be corrupt due to an interrupted download. Please remove it from your disk and try again.
2026-01-04 00:57:41 | DEBUG    | ExoplanetDownloader | Retry 2 for KIC 11465950 after 4.0s: Error in reading Data product D:\.lightkurve\cache\mastDownload\Kepler\kplr011465950_lc_Q011111111111111111\kplr011465950-2010265121752_llc.fits of type KeplerLightCurve .
This file may be corrupt due to an interrupted download. Please remove it from your disk and try again.
2026-01-04 00:57:41 | DEBUG    | ExoplanetDownloader | Retry 1 for KIC 11507101 after 2.0s: Error in reading Data product D:\.lightkurve\cache\mastDownload\Kepler\kplr011507101_lc_Q011111111111111111\kplr011507101-2012004120508_llc.fits of type KeplerLightCurve .
This file may be corrupt due to an interrupted download. Please remove it from your disk and try again.
2026-01-04 00:57:42 | DEBUG    | ExoplanetDownloader | Retry 2 for KIC 11495458 after 4.0s: Error in reading Data product D:\.lightkurve\cache\mastDownload\Kepler\kplr011495458_lc_Q011111110111011101\kplr011495458-2011271113734_llc.fits of type KeplerLightCurve .
This file may be corrupt due to an interrupted download. Please remove it from your disk and try again.
2026-01-04 00:57:43 | DEBUG    | ExoplanetDownloader | Retry 2 for KIC 11502867 after 4.0s: Error in reading Data product D:\.lightkurve\cache\mastDownload\Kepler\kplr011502867_lc_Q011111111111111111\kplr011502867-2009259160929_llc.fits of type KeplerLightCurve .
This file may be corrupt due to an interrupted download. Please remove it from your disk and try again.
2026-01-04 00:57:43 | DEBUG    | ExoplanetDownloader | Retry 1 for KIC 11513486 after 2.0s: Error in reading Data product D:\.lightkurve\cache\mastDownload\Kepler\kplr011513486_lc_Q001111111111111111\kplr011513486-2011271113734_llc.fits of type KeplerLightCurve .
This file may be corrupt due to an interrupted download. Please remove it from your disk and try again.
2026-01-04 00:57:43 | DEBUG    | ExoplanetDownloader | Retry 2 for KIC 11497977 after 4.0s: Error in reading Data product D:\.lightkurve\cache\mastDownload\Kepler\kplr011497977_lc_Q011111110111011101\kplr011497977-2010355172524_llc.fits of type KeplerLightCurve .
This file may be corrupt due to an interrupted download. Please remove it from your disk and try again.
2026-01-04 00:57:44 | DEBUG    | ExoplanetDownloader | Retry 1 for KIC 11512246 after 2.0s: Error in reading Data product D:\.lightkurve\cache\mastDownload\Kepler\kplr011512246_lc_Q111111111111111111\kplr011512246-2013011073258_llc.fits of type KeplerLightCurve .
This file may be corrupt due to an interrupted download. Please remove it from your disk and try again.
2026-01-04 00:57:44 | DEBUG    | ExoplanetDownloader | Retry 2 for KIC 11498128 after 4.0s: Error in reading Data product D:\.lightkurve\cache\mastDownload\Kepler\kplr011498128_lc_Q011111110111011101\kplr011498128-2012179063303_llc.fits of type KeplerLightCurve .
This file may be corrupt due to an interrupted download. Please remove it from your disk and try again.
2026-01-04 00:57:44 | DEBUG    | ExoplanetDownloader | Retry 2 for KIC 11507101 after 4.0s: Error in reading Data product D:\.lightkurve\cache\mastDownload\Kepler\kplr011507101_lc_Q011111111111111111\kplr011507101-2012004120508_llc.fits of type KeplerLightCurve .
This file may be corrupt due to an interrupted download. Please remove it from your disk and try again.
2026-01-04 00:57:46 | DEBUG    | ExoplanetDownloader | Retry 2 for KIC 11513486 after 4.0s: Error in reading Data product D:\.lightkurve\cache\mastDownload\Kepler\kplr011513486_lc_Q001111111111111111\kplr011513486-2011271113734_llc.fits of type KeplerLightCurve .
This file may be corrupt due to an interrupted download. Please remove it from your disk and try again.
2026-01-04 00:57:47 | DEBUG    | ExoplanetDownloader | Retry 2 for KIC 11512246 after 4.0s: Error in reading Data product D:\.lightkurve\cache\mastDownload\Kepler\kplr011512246_lc_Q111111111111111111\kplr011512246-2013011073258_llc.fits of type KeplerLightCurve .
This file may be corrupt due to an interrupted download. Please remove it from your disk and try again.
2026-01-04 00:57:48 | DEBUG    | ExoplanetDownloader | Retry 1 for KIC 11517719 after 2.0s: Error in reading Data product D:\.lightkurve\cache\mastDownload\Kepler\kplr011517719_lc_Q011111111111111111\kplr011517719-2010355172524_llc.fits of type KeplerLightCurve .
This file may be corrupt due to an interrupted download. Please remove it from your disk and try again.
2026-01-04 00:57:50 | DEBUG    | ExoplanetDownloader | Retry 1 for KIC 11519187 after 2.0s: Error in reading Data product D:\.lightkurve\cache\mastDownload\Kepler\kplr011519187_lc_Q000011111111111111\kplr011519187-2011073133259_llc.fits of type KeplerLightCurve .
This file may be corrupt due to an interrupted download. Please remove it from your disk and try again.
2026-01-04 00:57:50 | DEBUG    | ExoplanetDownloader | Retry 1 for KIC 11521793 after 2.0s: Error in reading Data product D:\.lightkurve\cache\mastDownload\Kepler\kplr011521793_lc_Q011111111111111111\kplr011521793-2009350155506_llc.fits of type KeplerLightCurve .
This file may be corrupt due to an interrupted download. Please remove it from your disk and try again.
2026-01-04 00:57:50 | DEBUG    | ExoplanetDownloader | Retry 1 for KIC 11518142 after 2.0s: Error in reading Data product D:\.lightkurve\cache\mastDownload\Kepler\kplr011518142_lc_Q011111111111111111\kplr011518142-2011177032512_llc.fits of type KeplerLightCurve .
This file may be corrupt due to an interrupted download. Please remove it from your disk and try again.
2026-01-04 00:57:51 | DEBUG    | ExoplanetDownloader | Retry 1 for KIC 11547513 after 2.0s: Error in reading Data product D:\.lightkurve\cache\mastDownload\Kepler\kplr011547513_lc_Q111111110111011101\kplr011547513-2009166043257_llc.fits of type KeplerLightCurve .
This file may be corrupt due to an interrupted download. Please remove it from your disk and try again.
2026-01-04 00:57:51 | DEBUG    | ExoplanetDownloader | Retry 2 for KIC 11517719 after 4.0s: Error in reading Data product D:\.lightkurve\cache\mastDownload\Kepler\kplr011517719_lc_Q011111111111111111\kplr011517719-2010355172524_llc.fits of type KeplerLightCurve .
This file may be corrupt due to an interrupted download. Please remove it from your disk and try again.
2026-01-04 00:57:52 | DEBUG    | ExoplanetDownloader | Retry 1 for KIC 11554435 after 2.0s: Error in reading Data product D:\.lightkurve\cache\mastDownload\Kepler\kplr011554435_lc_Q111111111111111111\kplr011554435-2010078095331_llc.fits of type KeplerLightCurve .
This file may be corrupt due to an interrupted download. Please remove it from your disk and try again.
2026-01-04 00:57:53 | DEBUG    | ExoplanetDownloader | Retry 2 for KIC 11521793 after 4.0s: Error in reading Data product D:\.lightkurve\cache\mastDownload\Kepler\kplr011521793_lc_Q011111111111111111\kplr011521793-2009350155506_llc.fits of type KeplerLightCurve .
This file may be corrupt due to an interrupted download. Please remove it from your disk and try again.
2026-01-04 00:57:53 | DEBUG    | ExoplanetDownloader | Retry 2 for KIC 11547513 after 4.0s: Error in reading Data product D:\.lightkurve\cache\mastDownload\Kepler\kplr011547513_lc_Q111111110111011101\kplr011547513-2009166043257_llc.fits of type KeplerLightCurve .
This file may be corrupt due to an interrupted download. Please remove it from your disk and try again.
2026-01-04 00:57:53 | DEBUG    | ExoplanetDownloader | Retry 2 for KIC 11519187 after 4.0s: Error in reading Data product D:\.lightkurve\cache\mastDownload\Kepler\kplr011519187_lc_Q000011111111111111\kplr011519187-2011073133259_llc.fits of type KeplerLightCurve .
This file may be corrupt due to an interrupted download. Please remove it from your disk and try again.
2026-01-04 00:57:54 | DEBUG    | ExoplanetDownloader | Retry 1 for KIC 11560897 after 2.0s: Error in reading Data product D:\.lightkurve\cache\mastDownload\Kepler\kplr011560897_lc_Q011111111111111111\kplr011560897-2010355172524_llc.fits of type KeplerLightCurve .
This file may be corrupt due to an interrupted download. Please remove it from your disk and try again.
2026-01-04 00:57:54 | DEBUG    | ExoplanetDownloader | Retry 2 for KIC 11518142 after 4.0s: Error in reading Data product D:\.lightkurve\cache\mastDownload\Kepler\kplr011518142_lc_Q011111111111111111\kplr011518142-2011177032512_llc.fits of type KeplerLightCurve .
This file may be corrupt due to an interrupted download. Please remove it from your disk and try again.
2026-01-04 00:57:54 | DEBUG    | ExoplanetDownloader | Retry 1 for KIC 11565924 after 2.0s: Error in reading Data product D:\.lightkurve\cache\mastDownload\Kepler\kplr011565924_lc_Q111111111111111111\kplr011565924-2009350155506_llc.fits of type KeplerLightCurve .
This file may be corrupt due to an interrupted download. Please remove it from your disk and try again.
2026-01-04 00:57:55 | DEBUG    | ExoplanetDownloader | Retry 2 for KIC 11554435 after 4.0s: Error in reading Data product D:\.lightkurve\cache\mastDownload\Kepler\kplr011554435_lc_Q111111111111111111\kplr011554435-2010078095331_llc.fits of type KeplerLightCurve .
This file may be corrupt due to an interrupted download. Please remove it from your disk and try again.
2026-01-04 00:57:56 | DEBUG    | ExoplanetDownloader | Retry 2 for KIC 11560897 after 4.0s: Error in reading Data product D:\.lightkurve\cache\mastDownload\Kepler\kplr011560897_lc_Q011111111111111111\kplr011560897-2010355172524_llc.fits of type KeplerLightCurve .
This file may be corrupt due to an interrupted download. Please remove it from your disk and try again.
2026-01-04 00:57:57 | DEBUG    | ExoplanetDownloader | Retry 2 for KIC 11565924 after 4.0s: Error in reading Data product D:\.lightkurve\cache\mastDownload\Kepler\kplr011565924_lc_Q111111111111111111\kplr011565924-2009350155506_llc.fits of type KeplerLightCurve .
This file may be corrupt due to an interrupted download. Please remove it from your disk and try again.
2026-01-04 00:57:57 | DEBUG    | ExoplanetDownloader | Retry 1 for KIC 11566256 after 2.0s: Error in reading Data product D:\.lightkurve\cache\mastDownload\Kepler\kplr011566256_lc_Q011111111111111111\kplr011566256-2009259160929_llc.fits of type KeplerLightCurve .
This file may be corrupt due to an interrupted download. Please remove it from your disk and try again.
2026-01-04 00:58:00 | DEBUG    | ExoplanetDownloader | Retry 1 for KIC 11568987 after 2.0s: Error in reading Data product D:\.lightkurve\cache\mastDownload\Kepler\kplr011568987_lc_Q011111111111111111\kplr011568987-2009259160929_llc.fits of type KeplerLightCurve .
This file may be corrupt due to an interrupted download. Please remove it from your disk and try again.
2026-01-04 00:58:00 | DEBUG    | ExoplanetDownloader | Retry 1 for KIC 11572193 after 2.0s: Error in reading Data product D:\.lightkurve\cache\mastDownload\Kepler\kplr011572193_lc_Q011111111111111111\kplr011572193-2010078095331_llc.fits of type KeplerLightCurve .
This file may be corrupt due to an interrupted download. Please remove it from your disk and try again.
2026-01-04 00:58:00 | DEBUG    | ExoplanetDownloader | Retry 2 for KIC 11566256 after 4.0s: Error in reading Data product D:\.lightkurve\cache\mastDownload\Kepler\kplr011566256_lc_Q011111111111111111\kplr011566256-2009259160929_llc.fits of type KeplerLightCurve .
This file may be corrupt due to an interrupted download. Please remove it from your disk and try again.
2026-01-04 00:58:01 | DEBUG    | ExoplanetDownloader | Retry 1 for KIC 11614617 after 2.0s: Error in reading Data product D:\.lightkurve\cache\mastDownload\Kepler\kplr011614617_lc_Q011111111111111111\kplr011614617-2010174085026_llc.fits of type KeplerLightCurve .
This file may be corrupt due to an interrupted download. Please remove it from your disk and try again.
2026-01-04 00:58:01 | DEBUG    | ExoplanetDownloader | Retry 1 for KIC 11611275 after 2.0s: Error in reading Data product D:\.lightkurve\cache\mastDownload\Kepler\kplr011611275_lc_Q011111111111111111\kplr011611275-2012179063303_llc.fits of type KeplerLightCurve .
This file may be corrupt due to an interrupted download. Please remove it from your disk and try again.
2026-01-04 00:58:01 | DEBUG    | ExoplanetDownloader | Retry 1 for KIC 11622600 after 2.0s: Error in reading Data product D:\.lightkurve\cache\mastDownload\Kepler\kplr011622600_lc_Q011111111111111111\kplr011622600-2009350155506_llc.fits of type KeplerLightCurve .
This file may be corrupt due to an interrupted download. Please remove it from your disk and try again.
2026-01-04 00:58:02 | DEBUG    | ExoplanetDownloader | Retry 2 for KIC 11568987 after 4.0s: Error in reading Data product D:\.lightkurve\cache\mastDownload\Kepler\kplr011568987_lc_Q011111111111111111\kplr011568987-2009259160929_llc.fits of type KeplerLightCurve .
This file may be corrupt due to an interrupted download. Please remove it from your disk and try again.
2026-01-04 00:58:02 | DEBUG    | ExoplanetDownloader | Retry 2 for KIC 11572193 after 4.0s: Error in reading Data product D:\.lightkurve\cache\mastDownload\Kepler\kplr011572193_lc_Q011111111111111111\kplr011572193-2010078095331_llc.fits of type KeplerLightCurve .
This file may be corrupt due to an interrupted download. Please remove it from your disk and try again.
2026-01-04 00:58:03 | DEBUG    | ExoplanetDownloader | Retry 2 for KIC 11614617 after 4.0s: Error in reading Data product D:\.lightkurve\cache\mastDownload\Kepler\kplr011614617_lc_Q011111111111111111\kplr011614617-2010174085026_llc.fits of type KeplerLightCurve .
This file may be corrupt due to an interrupted download. Please remove it from your disk and try again.
2026-01-04 00:58:04 | DEBUG    | ExoplanetDownloader | Retry 1 for KIC 11623629 after 2.0s: Error in reading Data product D:\.lightkurve\cache\mastDownload\Kepler\kplr011623629_lc_Q111111111111111111\kplr011623629-2009131105131_llc.fits of type KeplerLightCurve .
This file may be corrupt due to an interrupted download. Please remove it from your disk and try again.
2026-01-04 00:58:04 | DEBUG    | ExoplanetDownloader | Retry 1 for KIC 11624249 after 2.0s: Error in reading Data product D:\.lightkurve\cache\mastDownload\Kepler\kplr011624249_lc_Q011111111111111111\kplr011624249-2009259160929_llc.fits of type KeplerLightCurve .
This file may be corrupt due to an interrupted download. Please remove it from your disk and try again.
2026-01-04 00:58:04 | DEBUG    | ExoplanetDownloader | Retry 2 for KIC 11622600 after 4.0s: Error in reading Data product D:\.lightkurve\cache\mastDownload\Kepler\kplr011622600_lc_Q011111111111111111\kplr011622600-2009350155506_llc.fits of type KeplerLightCurve .
This file may be corrupt due to an interrupted download. Please remove it from your disk and try again.
2026-01-04 00:58:04 | DEBUG    | ExoplanetDownloader | Retry 2 for KIC 11611275 after 4.0s: Error in reading Data product D:\.lightkurve\cache\mastDownload\Kepler\kplr011611275_lc_Q011111111111111111\kplr011611275-2012179063303_llc.fits of type KeplerLightCurve .
This file may be corrupt due to an interrupted download. Please remove it from your disk and try again.
2026-01-04 00:58:06 | DEBUG    | ExoplanetDownloader | Retry 2 for KIC 11623629 after 4.0s: Error in reading Data product D:\.lightkurve\cache\mastDownload\Kepler\kplr011623629_lc_Q111111111111111111\kplr011623629-2009131105131_llc.fits of type KeplerLightCurve .
This file may be corrupt due to an interrupted download. Please remove it from your disk and try again.
2026-01-04 00:58:06 | DEBUG    | ExoplanetDownloader | Retry 2 for KIC 11624249 after 4.0s: Error in reading Data product D:\.lightkurve\cache\mastDownload\Kepler\kplr011624249_lc_Q011111111111111111\kplr011624249-2009259160929_llc.fits of type KeplerLightCurve .
This file may be corrupt due to an interrupted download. Please remove it from your disk and try again.
2026-01-04 00:58:06 | DEBUG    | ExoplanetDownloader | Retry 1 for KIC 11651712 after 2.0s: Error in reading Data product D:\.lightkurve\cache\mastDownload\Kepler\kplr011651712_lc_Q011111110111011101\kplr011651712-2013011073258_llc.fits of type KeplerLightCurve .
This file may be corrupt due to an interrupted download. Please remove it from your disk and try again.
2026-01-04 00:58:08 | DEBUG    | ExoplanetDownloader | Retry 1 for KIC 11656246 after 2.0s: Error in reading Data product D:\.lightkurve\cache\mastDownload\Kepler\kplr011656246_lc_Q011111111111111111\kplr011656246-2009259160929_llc.fits of type KeplerLightCurve .
This file may be corrupt due to an interrupted download. Please remove it from your disk and try again.
2026-01-04 00:58:11 | DEBUG    | ExoplanetDownloader | Retry 1 for KIC 11657891 after 2.0s: Error in reading Data product D:\.lightkurve\cache\mastDownload\Kepler\kplr011657891_lc_Q011111111111111111\kplr011657891-2010174085026_llc.fits of type KeplerLightCurve .
This file may be corrupt due to an interrupted download. Please remove it from your disk and try again.
2026-01-04 00:58:11 | DEBUG    | ExoplanetDownloader | Retry 1 for KIC 11656721 after 2.0s: Error in reading Data product D:\.lightkurve\cache\mastDownload\Kepler\kplr011656721_lc_Q011111111111111111\kplr011656721-2012088054726_llc.fits of type KeplerLightCurve .
This file may be corrupt due to an interrupted download. Please remove it from your disk and try again.
2026-01-04 00:58:11 | DEBUG    | ExoplanetDownloader | Retry 2 for KIC 11656246 after 4.0s: Error in reading Data product D:\.lightkurve\cache\mastDownload\Kepler\kplr011656246_lc_Q011111111111111111\kplr011656246-2009259160929_llc.fits of type KeplerLightCurve .
This file may be corrupt due to an interrupted download. Please remove it from your disk and try again.
2026-01-04 00:58:11 | DEBUG    | ExoplanetDownloader | Retry 2 for KIC 11651712 after 4.0s: Error in reading Data product D:\.lightkurve\cache\mastDownload\Kepler\kplr011651712_lc_Q011111110111011101\kplr011651712-2013011073258_llc.fits of type KeplerLightCurve .
This file may be corrupt due to an interrupted download. Please remove it from your disk and try again.
2026-01-04 00:58:12 | DEBUG    | ExoplanetDownloader | Retry 1 for KIC 11669125 after 2.0s: Error in reading Data product D:\.lightkurve\cache\mastDownload\Kepler\kplr011669125_lc_Q111111111111111111\kplr011669125-2012004120508_llc.fits of type KeplerLightCurve .
This file may be corrupt due to an interrupted download. Please remove it from your disk and try again.
2026-01-04 00:58:13 | DEBUG    | ExoplanetDownloader | Retry 1 for KIC 11669239 after 2.0s: Error in reading Data product D:\.lightkurve\cache\mastDownload\Kepler\kplr011669239_lc_Q011111111111111111\kplr011669239-2010078095331_llc.fits of type KeplerLightCurve .
This file may be corrupt due to an interrupted download. Please remove it from your disk and try again.
2026-01-04 00:58:13 | DEBUG    | ExoplanetDownloader | Retry 1 for KIC 11701407 after 2.0s: Error in reading Data product D:\.lightkurve\cache\mastDownload\Kepler\kplr011701407_lc_Q000011110111011101\kplr011701407-2010009091648_llc.fits of type KeplerLightCurve .
This file may be corrupt due to an interrupted download. Please remove it from your disk and try again.
2026-01-04 00:58:14 | DEBUG    | ExoplanetDownloader | Retry 2 for KIC 11657891 after 4.0s: Error in reading Data product D:\.lightkurve\cache\mastDownload\Kepler\kplr011657891_lc_Q011111111111111111\kplr011657891-2010174085026_llc.fits of type KeplerLightCurve .
This file may be corrupt due to an interrupted download. Please remove it from your disk and try again.
2026-01-04 00:58:14 | DEBUG    | ExoplanetDownloader | Retry 1 for KIC 11673802 after 2.0s: Error in reading Data product D:\.lightkurve\cache\mastDownload\Kepler\kplr011673802_lc_Q111111111111111111\kplr011673802-2012179063303_llc.fits of type KeplerLightCurve .
This file may be corrupt due to an interrupted download. Please remove it from your disk and try again.
2026-01-04 00:58:15 | DEBUG    | ExoplanetDownloader | Retry 2 for KIC 11656721 after 4.0s: Error in reading Data product D:\.lightkurve\cache\mastDownload\Kepler\kplr011656721_lc_Q011111111111111111\kplr011656721-2012088054726_llc.fits of type KeplerLightCurve .
This file may be corrupt due to an interrupted download. Please remove it from your disk and try again.
2026-01-04 00:58:15 | DEBUG    | ExoplanetDownloader | Retry 2 for KIC 11669125 after 4.0s: Error in reading Data product D:\.lightkurve\cache\mastDownload\Kepler\kplr011669125_lc_Q111111111111111111\kplr011669125-2012004120508_llc.fits of type KeplerLightCurve .
This file may be corrupt due to an interrupted download. Please remove it from your disk and try again.
2026-01-04 00:58:16 | DEBUG    | ExoplanetDownloader | Retry 2 for KIC 11669239 after 4.0s: Error in reading Data product D:\.lightkurve\cache\mastDownload\Kepler\kplr011669239_lc_Q011111111111111111\kplr011669239-2010078095331_llc.fits of type KeplerLightCurve .
This file may be corrupt due to an interrupted download. Please remove it from your disk and try again.
2026-01-04 00:58:16 | DEBUG    | ExoplanetDownloader | Retry 2 for KIC 11701407 after 4.0s: Error in reading Data product D:\.lightkurve\cache\mastDownload\Kepler\kplr011701407_lc_Q000011110111011101\kplr011701407-2010009091648_llc.fits of type KeplerLightCurve .
This file may be corrupt due to an interrupted download. Please remove it from your disk and try again.
2026-01-04 00:58:18 | DEBUG    | ExoplanetDownloader | Retry 2 for KIC 11673802 after 4.0s: Error in reading Data product D:\.lightkurve\cache\mastDownload\Kepler\kplr011673802_lc_Q111111111111111111\kplr011673802-2012179063303_llc.fits of type KeplerLightCurve .
This file may be corrupt due to an interrupted download. Please remove it from your disk and try again.
2026-01-04 00:58:18 | DEBUG    | ExoplanetDownloader | Retry 1 for KIC 11714231 after 2.0s: Error in reading Data product D:\.lightkurve\cache\mastDownload\Kepler\kplr011714231_lc_Q011111111111111111\kplr011714231-2011177032512_llc.fits of type KeplerLightCurve .
This file may be corrupt due to an interrupted download. Please remove it from your disk and try again.
2026-01-04 00:58:19 | DEBUG    | ExoplanetDownloader | Retry 1 for KIC 11718389 after 2.0s: Error in reading Data product D:\.lightkurve\cache\mastDownload\Kepler\kplr011718389_lc_Q011111111111111111\kplr011718389-2013098041711_llc.fits of type KeplerLightCurve .
This file may be corrupt due to an interrupted download. Please remove it from your disk and try again.
2026-01-04 00:58:21 | DEBUG    | ExoplanetDownloader | Retry 1 for KIC 11720424 after 2.0s: Error in reading Data product D:\.lightkurve\cache\mastDownload\Kepler\kplr011720424_lc_Q011111111111111111\kplr011720424-2013011073258_llc.fits of type KeplerLightCurve .
This file may be corrupt due to an interrupted download. Please remove it from your disk and try again.
2026-01-04 00:58:21 | DEBUG    | ExoplanetDownloader | Retry 2 for KIC 11714231 after 4.0s: Error in reading Data product D:\.lightkurve\cache\mastDownload\Kepler\kplr011714231_lc_Q011111111111111111\kplr011714231-2011177032512_llc.fits of type KeplerLightCurve .
This file may be corrupt due to an interrupted download. Please remove it from your disk and try again.
2026-01-04 00:58:21 | DEBUG    | ExoplanetDownloader | Retry 1 for KIC 11752632 after 2.0s: Error in reading Data product D:\.lightkurve\cache\mastDownload\Kepler\kplr011752632_lc_Q011111110111011101\kplr011752632-2009166043257_llc.fits of type KeplerLightCurve .
This file may be corrupt due to an interrupted download. Please remove it from your disk and try again.
2026-01-04 00:58:22 | DEBUG    | ExoplanetDownloader | Retry 2 for KIC 11718389 after 4.0s: Error in reading Data product D:\.lightkurve\cache\mastDownload\Kepler\kplr011718389_lc_Q011111111111111111\kplr011718389-2013098041711_llc.fits of type KeplerLightCurve .
This file may be corrupt due to an interrupted download. Please remove it from your disk and try again.
2026-01-04 00:58:23 | DEBUG    | ExoplanetDownloader | Retry 1 for KIC 11754553 after 2.0s: Error in reading Data product D:\.lightkurve\cache\mastDownload\Kepler\kplr011754553_lc_Q011111110111011101\kplr011754553-2010009091648_llc.fits of type KeplerLightCurve .
This file may be corrupt due to an interrupted download. Please remove it from your disk and try again.
2026-01-04 00:58:23 | DEBUG    | ExoplanetDownloader | Retry 1 for KIC 11760231 after 2.0s: Error in reading Data product D:\.lightkurve\cache\mastDownload\Kepler\kplr011760231_lc_Q111111111111111111\kplr011760231-2010174085026_llc.fits of type KeplerLightCurve .
This file may be corrupt due to an interrupted download. Please remove it from your disk and try again.
2026-01-04 00:58:24 | DEBUG    | ExoplanetDownloader | Retry 1 for KIC 11757451 after 2.0s: Error in reading Data product D:\.lightkurve\cache\mastDownload\Kepler\kplr011757451_lc_Q011111111111111111\kplr011757451-2010355172524_llc.fits of type KeplerLightCurve .
This file may be corrupt due to an interrupted download. Please remove it from your disk and try again.
2026-01-04 00:58:24 | DEBUG    | ExoplanetDownloader | Retry 2 for KIC 11752632 after 4.0s: Error in reading Data product D:\.lightkurve\cache\mastDownload\Kepler\kplr011752632_lc_Q011111110111011101\kplr011752632-2009166043257_llc.fits of type KeplerLightCurve .
This file may be corrupt due to an interrupted download. Please remove it from your disk and try again.
2026-01-04 00:58:24 | DEBUG    | ExoplanetDownloader | Retry 2 for KIC 11720424 after 4.0s: Error in reading Data product D:\.lightkurve\cache\mastDownload\Kepler\kplr011720424_lc_Q011111111111111111\kplr011720424-2013011073258_llc.fits of type KeplerLightCurve .
This file may be corrupt due to an interrupted download. Please remove it from your disk and try again.
2026-01-04 00:58:26 | DEBUG    | ExoplanetDownloader | Retry 1 for KIC 11760860 after 2.0s: Error in reading Data product D:\.lightkurve\cache\mastDownload\Kepler\kplr011760860_lc_Q111111111111111111\kplr011760860-2009259160929_llc.fits of type KeplerLightCurve .
This file may be corrupt due to an interrupted download. Please remove it from your disk and try again.
2026-01-04 00:58:26 | DEBUG    | ExoplanetDownloader | Retry 2 for KIC 11754553 after 4.0s: Error in reading Data product D:\.lightkurve\cache\mastDownload\Kepler\kplr011754553_lc_Q011111110111011101\kplr011754553-2010009091648_llc.fits of type KeplerLightCurve .
This file may be corrupt due to an interrupted download. Please remove it from your disk and try again.
2026-01-04 00:58:27 | DEBUG    | ExoplanetDownloader | Retry 2 for KIC 11760231 after 4.0s: Error in reading Data product D:\.lightkurve\cache\mastDownload\Kepler\kplr011760231_lc_Q111111111111111111\kplr011760231-2010174085026_llc.fits of type KeplerLightCurve .
This file may be corrupt due to an interrupted download. Please remove it from your disk and try again.
2026-01-04 00:58:27 | DEBUG    | ExoplanetDownloader | Retry 2 for KIC 11757451 after 4.0s: Error in reading Data product D:\.lightkurve\cache\mastDownload\Kepler\kplr011757451_lc_Q011111111111111111\kplr011757451-2010355172524_llc.fits of type KeplerLightCurve .
This file may be corrupt due to an interrupted download. Please remove it from your disk and try again.
2026-01-04 00:58:28 | DEBUG    | ExoplanetDownloader | Retry 2 for KIC 11760860 after 4.0s: Error in reading Data product D:\.lightkurve\cache\mastDownload\Kepler\kplr011760860_lc_Q111111111111111111\kplr011760860-2009259160929_llc.fits of type KeplerLightCurve .
This file may be corrupt due to an interrupted download. Please remove it from your disk and try again.
2026-01-04 00:58:29 | DEBUG    | ExoplanetDownloader | Retry 1 for KIC 11768142 after 2.0s: Error in reading Data product D:\.lightkurve\cache\mastDownload\Kepler\kplr011768142_lc_Q011111111111111111\kplr011768142-2010265121752_llc.fits of type KeplerLightCurve .
This file may be corrupt due to an interrupted download. Please remove it from your disk and try again.
2026-01-04 00:58:30 | DEBUG    | ExoplanetDownloader | Retry 1 for KIC 11769890 after 2.0s: Error in reading Data product D:\.lightkurve\cache\mastDownload\Kepler\kplr011769890_lc_Q011111111111111111\kplr011769890-2010174085026_llc.fits of type KeplerLightCurve .
This file may be corrupt due to an interrupted download. Please remove it from your disk and try again.
2026-01-04 00:58:30 | DEBUG    | ExoplanetDownloader | Retry 1 for KIC 11811193 after 2.0s: Error in reading Data product D:\.lightkurve\cache\mastDownload\Kepler\kplr011811193_lc_Q111111111111111111\kplr011811193-2010174085026_llc.fits of type KeplerLightCurve .
This file may be corrupt due to an interrupted download. Please remove it from your disk and try again.
2026-01-04 00:58:32 | DEBUG    | ExoplanetDownloader | Retry 2 for KIC 11768142 after 4.0s: Error in reading Data product D:\.lightkurve\cache\mastDownload\Kepler\kplr011768142_lc_Q011111111111111111\kplr011768142-2010265121752_llc.fits of type KeplerLightCurve .
This file may be corrupt due to an interrupted download. Please remove it from your disk and try again.
2026-01-04 00:58:32 | DEBUG    | ExoplanetDownloader | Retry 1 for KIC 11821363 after 2.0s: Error in reading Data product D:\.lightkurve\cache\mastDownload\Kepler\kplr011821363_lc_Q010011001100110011\kplr011821363-2011073133259_llc.fits of type KeplerLightCurve .
This file may be corrupt due to an interrupted download. Please remove it from your disk and try again.
2026-01-04 00:58:33 | DEBUG    | ExoplanetDownloader | Retry 2 for KIC 11769890 after 4.0s: Error in reading Data product D:\.lightkurve\cache\mastDownload\Kepler\kplr011769890_lc_Q011111111111111111\kplr011769890-2010174085026_llc.fits of type KeplerLightCurve .
This file may be corrupt due to an interrupted download. Please remove it from your disk and try again.
2026-01-04 00:58:33 | DEBUG    | ExoplanetDownloader | Retry 1 for KIC 11818607 after 2.0s: Error in reading Data product D:\.lightkurve\cache\mastDownload\Kepler\kplr011818607_lc_Q011111111111111111\kplr011818607-2012004120508_llc.fits of type KeplerLightCurve .
This file may be corrupt due to an interrupted download. Please remove it from your disk and try again.
2026-01-04 00:58:33 | DEBUG    | ExoplanetDownloader | Retry 2 for KIC 11811193 after 4.0s: Error in reading Data product D:\.lightkurve\cache\mastDownload\Kepler\kplr011811193_lc_Q111111111111111111\kplr011811193-2010174085026_llc.fits of type KeplerLightCurve .
This file may be corrupt due to an interrupted download. Please remove it from your disk and try again.
2026-01-04 00:58:34 | DEBUG    | ExoplanetDownloader | Retry 1 for KIC 11852982 after 2.0s: Error in reading Data product D:\.lightkurve\cache\mastDownload\Kepler\kplr011852982_lc_Q011111110111011101\kplr011852982-2009350155506_llc.fits of type KeplerLightCurve .
This file may be corrupt due to an interrupted download. Please remove it from your disk and try again.
2026-01-04 00:58:35 | DEBUG    | ExoplanetDownloader | Retry 1 for KIC 11853255 after 2.0s: Error in reading Data product D:\.lightkurve\cache\mastDownload\Kepler\kplr011853255_lc_Q011111110111011101\kplr011853255-2012179063303_llc.fits of type KeplerLightCurve .
This file may be corrupt due to an interrupted download. Please remove it from your disk and try again.
2026-01-04 00:58:35 | DEBUG    | ExoplanetDownloader | Retry 2 for KIC 11821363 after 4.0s: Error in reading Data product D:\.lightkurve\cache\mastDownload\Kepler\kplr011821363_lc_Q010011001100110011\kplr011821363-2011073133259_llc.fits of type KeplerLightCurve .
This file may be corrupt due to an interrupted download. Please remove it from your disk and try again.
2026-01-04 00:58:35 | DEBUG    | ExoplanetDownloader | Retry 1 for KIC 11853905 after 2.0s: Error in reading Data product D:\.lightkurve\cache\mastDownload\Kepler\kplr011853905_lc_Q111111110111011101\kplr011853905-2010355172524_llc.fits of type KeplerLightCurve .
This file may be corrupt due to an interrupted download. Please remove it from your disk and try again.
2026-01-04 00:58:36 | DEBUG    | ExoplanetDownloader | Retry 2 for KIC 11818607 after 4.0s: Error in reading Data product D:\.lightkurve\cache\mastDownload\Kepler\kplr011818607_lc_Q011111111111111111\kplr011818607-2012004120508_llc.fits of type KeplerLightCurve .
This file may be corrupt due to an interrupted download. Please remove it from your disk and try again.
2026-01-04 00:58:36 | DEBUG    | ExoplanetDownloader | Retry 2 for KIC 11852982 after 4.0s: Error in reading Data product D:\.lightkurve\cache\mastDownload\Kepler\kplr011852982_lc_Q011111110111011101\kplr011852982-2009350155506_llc.fits of type KeplerLightCurve .
This file may be corrupt due to an interrupted download. Please remove it from your disk and try again.
2026-01-04 00:58:39 | DEBUG    | ExoplanetDownloader | Retry 2 for KIC 11853255 after 4.0s: Error in reading Data product D:\.lightkurve\cache\mastDownload\Kepler\kplr011853255_lc_Q011111110111011101\kplr011853255-2012179063303_llc.fits of type KeplerLightCurve .
This file may be corrupt due to an interrupted download. Please remove it from your disk and try again.
2026-01-04 00:58:39 | DEBUG    | ExoplanetDownloader | Retry 2 for KIC 11853905 after 4.0s: Error in reading Data product D:\.lightkurve\cache\mastDownload\Kepler\kplr011853905_lc_Q111111110111011101\kplr011853905-2010355172524_llc.fits of type KeplerLightCurve .
This file may be corrupt due to an interrupted download. Please remove it from your disk and try again.
2026-01-04 00:58:39 | DEBUG    | ExoplanetDownloader | Retry 1 for KIC 11875734 after 2.0s: Error in reading Data product D:\.lightkurve\cache\mastDownload\Kepler\kplr011875734_lc_Q011111111111111111\kplr011875734-2010355172524_llc.fits of type KeplerLightCurve .
This file may be corrupt due to an interrupted download. Please remove it from your disk and try again.
2026-01-04 00:58:40 | DEBUG    | ExoplanetDownloader | Retry 1 for KIC 11905011 after 2.0s: Error in reading Data product D:\.lightkurve\cache\mastDownload\Kepler\kplr011905011_lc_Q111111110111011101\kplr011905011-2010174085026_llc.fits of type KeplerLightCurve .
This file may be corrupt due to an interrupted download. Please remove it from your disk and try again.
2026-01-04 00:58:40 | DEBUG    | ExoplanetDownloader | Retry 1 for KIC 11918099 after 2.0s: Error in reading Data product D:\.lightkurve\cache\mastDownload\Kepler\kplr011918099_lc_Q011111111111111111\kplr011918099-2009350155506_llc.fits of type KeplerLightCurve .
This file may be corrupt due to an interrupted download. Please remove it from your disk and try again.
2026-01-04 00:58:42 | DEBUG    | ExoplanetDownloader | Retry 1 for KIC 11923270 after 2.0s: Error in reading Data product D:\.lightkurve\cache\mastDownload\Kepler\kplr011923270_lc_Q011111111111111111\kplr011923270-2010078095331_llc.fits of type KeplerLightCurve .
This file may be corrupt due to an interrupted download. Please remove it from your disk and try again.
2026-01-04 00:58:42 | DEBUG    | ExoplanetDownloader | Retry 2 for KIC 11875734 after 4.0s: Error in reading Data product D:\.lightkurve\cache\mastDownload\Kepler\kplr011875734_lc_Q011111111111111111\kplr011875734-2010355172524_llc.fits of type KeplerLightCurve .
This file may be corrupt due to an interrupted download. Please remove it from your disk and try again.
2026-01-04 00:58:43 | DEBUG    | ExoplanetDownloader | Retry 2 for KIC 11905011 after 4.0s: Error in reading Data product D:\.lightkurve\cache\mastDownload\Kepler\kplr011905011_lc_Q111111110111011101\kplr011905011-2010174085026_llc.fits of type KeplerLightCurve .
This file may be corrupt due to an interrupted download. Please remove it from your disk and try again.
2026-01-04 00:58:43 | DEBUG    | ExoplanetDownloader | Retry 2 for KIC 11918099 after 4.0s: Error in reading Data product D:\.lightkurve\cache\mastDownload\Kepler\kplr011918099_lc_Q011111111111111111\kplr011918099-2009350155506_llc.fits of type KeplerLightCurve .
This file may be corrupt due to an interrupted download. Please remove it from your disk and try again.
2026-01-04 00:58:43 | DEBUG    | ExoplanetDownloader | Retry 1 for KIC 11923284 after 2.0s: Error in reading Data product D:\.lightkurve\cache\mastDownload\Kepler\kplr011923284_lc_Q111111111111111111\kplr011923284-2010265121752_llc.fits of type KeplerLightCurve .
This file may be corrupt due to an interrupted download. Please remove it from your disk and try again.
2026-01-04 00:58:43 | DEBUG    | ExoplanetDownloader | Retry 1 for KIC 11954842 after 2.0s: Error in reading Data product D:\.lightkurve\cache\mastDownload\Kepler\kplr011954842_lc_Q111111110111011101\kplr011954842-2010009091648_llc.fits of type KeplerLightCurve .
This file may be corrupt due to an interrupted download. Please remove it from your disk and try again.
2026-01-04 00:58:45 | DEBUG    | ExoplanetDownloader | Retry 2 for KIC 11923270 after 4.0s: Error in reading Data product D:\.lightkurve\cache\mastDownload\Kepler\kplr011923270_lc_Q011111111111111111\kplr011923270-2010078095331_llc.fits of type KeplerLightCurve .
This file may be corrupt due to an interrupted download. Please remove it from your disk and try again.
2026-01-04 00:58:46 | DEBUG    | ExoplanetDownloader | Retry 2 for KIC 11954842 after 4.0s: Error in reading Data product D:\.lightkurve\cache\mastDownload\Kepler\kplr011954842_lc_Q111111110111011101\kplr011954842-2010009091648_llc.fits of type KeplerLightCurve .
This file may be corrupt due to an interrupted download. Please remove it from your disk and try again.
2026-01-04 00:58:47 | DEBUG    | ExoplanetDownloader | Retry 2 for KIC 11923284 after 4.0s: Error in reading Data product D:\.lightkurve\cache\mastDownload\Kepler\kplr011923284_lc_Q111111111111111111\kplr011923284-2010265121752_llc.fits of type KeplerLightCurve .
This file may be corrupt due to an interrupted download. Please remove it from your disk and try again.
2026-01-04 00:58:47 | DEBUG    | ExoplanetDownloader | Retry 1 for KIC 11962284 after 2.0s: Error in reading Data product D:\.lightkurve\cache\mastDownload\Kepler\kplr011962284_lc_Q011111111111111111\kplr011962284-2010265121752_llc.fits of type KeplerLightCurve .
This file may be corrupt due to an interrupted download. Please remove it from your disk and try again.
2026-01-04 00:58:48 | DEBUG    | ExoplanetDownloader | Retry 1 for KIC 11960862 after 2.0s: Error in reading Data product D:\.lightkurve\cache\mastDownload\Kepler\kplr011960862_lc_Q011111111111111111\kplr011960862-2011271113734_llc.fits of type KeplerLightCurve .
This file may be corrupt due to an interrupted download. Please remove it from your disk and try again.
2026-01-04 00:58:51 | DEBUG    | ExoplanetDownloader | Retry 1 for KIC 12020329 after 2.0s: Error in reading Data product D:\.lightkurve\cache\mastDownload\Kepler\kplr012020329_lc_Q011111111111111111\kplr012020329-2009350155506_llc.fits of type KeplerLightCurve .
This file may be corrupt due to an interrupted download. Please remove it from your disk and try again.
2026-01-04 00:58:51 | DEBUG    | ExoplanetDownloader | Retry 1 for KIC 11974540 after 2.0s: Error in reading Data product D:\.lightkurve\cache\mastDownload\Kepler\kplr011974540_lc_Q111111111111111111\kplr011974540-2010174085026_llc.fits of type KeplerLightCurve .
This file may be corrupt due to an interrupted download. Please remove it from your disk and try again.
2026-01-04 00:58:52 | DEBUG    | ExoplanetDownloader | Retry 2 for KIC 11962284 after 4.0s: Error in reading Data product D:\.lightkurve\cache\mastDownload\Kepler\kplr011962284_lc_Q011111111111111111\kplr011962284-2010265121752_llc.fits of type KeplerLightCurve .
This file may be corrupt due to an interrupted download. Please remove it from your disk and try again.
2026-01-04 00:58:52 | DEBUG    | ExoplanetDownloader | Retry 1 for KIC 12021625 after 2.0s: Error in reading Data product D:\.lightkurve\cache\mastDownload\Kepler\kplr012021625_lc_Q011111111111111111\kplr012021625-2010174085026_llc.fits of type KeplerLightCurve .
This file may be corrupt due to an interrupted download. Please remove it from your disk and try again.
2026-01-04 00:58:52 | DEBUG    | ExoplanetDownloader | Retry 2 for KIC 11960862 after 4.0s: Error in reading Data product D:\.lightkurve\cache\mastDownload\Kepler\kplr011960862_lc_Q011111111111111111\kplr011960862-2011271113734_llc.fits of type KeplerLightCurve .
This file may be corrupt due to an interrupted download. Please remove it from your disk and try again.
2026-01-04 00:58:53 | DEBUG    | ExoplanetDownloader | Retry 1 for KIC 11963206 after 2.0s: Error in reading Data product D:\.lightkurve\cache\mastDownload\Kepler\kplr011963206_lc_Q011111111111111111\kplr011963206-2012179063303_llc.fits of type KeplerLightCurve .
This file may be corrupt due to an interrupted download. Please remove it from your disk and try again.
2026-01-04 00:58:53 | DEBUG    | ExoplanetDownloader | Retry 2 for KIC 12020329 after 4.0s: Error in reading Data product D:\.lightkurve\cache\mastDownload\Kepler\kplr012020329_lc_Q011111111111111111\kplr012020329-2009350155506_llc.fits of type KeplerLightCurve .
This file may be corrupt due to an interrupted download. Please remove it from your disk and try again.
2026-01-04 00:58:54 | DEBUG    | ExoplanetDownloader | Retry 1 for KIC 12024120 after 2.0s: Error in reading Data product D:\.lightkurve\cache\mastDownload\Kepler\kplr012024120_lc_Q111111111111111111\kplr012024120-2009166043257_llc.fits of type KeplerLightCurve .
This file may be corrupt due to an interrupted download. Please remove it from your disk and try again.
2026-01-04 00:58:54 | DEBUG    | ExoplanetDownloader | Retry 2 for KIC 11974540 after 4.0s: Error in reading Data product D:\.lightkurve\cache\mastDownload\Kepler\kplr011974540_lc_Q111111111111111111\kplr011974540-2010174085026_llc.fits of type KeplerLightCurve .
This file may be corrupt due to an interrupted download. Please remove it from your disk and try again.
2026-01-04 00:58:55 | DEBUG    | ExoplanetDownloader | Retry 2 for KIC 12021625 after 4.0s: Error in reading Data product D:\.lightkurve\cache\mastDownload\Kepler\kplr012021625_lc_Q011111111111111111\kplr012021625-2010174085026_llc.fits of type KeplerLightCurve .
This file may be corrupt due to an interrupted download. Please remove it from your disk and try again.
2026-01-04 00:58:55 | DEBUG    | ExoplanetDownloader | Retry 1 for KIC 12055539 after 2.0s: Error in reading Data product D:\.lightkurve\cache\mastDownload\Kepler\kplr012055539_lc_Q011111111111111111\kplr012055539-2011177032512_llc.fits of type KeplerLightCurve .
This file may be corrupt due to an interrupted download. Please remove it from your disk and try again.
2026-01-04 00:58:56 | DEBUG    | ExoplanetDownloader | Retry 2 for KIC 11963206 after 4.0s: Error in reading Data product D:\.lightkurve\cache\mastDownload\Kepler\kplr011963206_lc_Q011111111111111111\kplr011963206-2012179063303_llc.fits of type KeplerLightCurve .
This file may be corrupt due to an interrupted download. Please remove it from your disk and try again.
2026-01-04 00:58:57 | DEBUG    | ExoplanetDownloader | Retry 2 for KIC 12024120 after 4.0s: Error in reading Data product D:\.lightkurve\cache\mastDownload\Kepler\kplr012024120_lc_Q111111111111111111\kplr012024120-2009166043257_llc.fits of type KeplerLightCurve .
This file may be corrupt due to an interrupted download. Please remove it from your disk and try again.
2026-01-04 00:58:58 | DEBUG    | ExoplanetDownloader | Retry 2 for KIC 12055539 after 4.0s: Error in reading Data product D:\.lightkurve\cache\mastDownload\Kepler\kplr012055539_lc_Q011111111111111111\kplr012055539-2011177032512_llc.fits of type KeplerLightCurve .
This file may be corrupt due to an interrupted download. Please remove it from your disk and try again.
2026-01-04 00:58:59 | DEBUG    | ExoplanetDownloader | Retry 1 for KIC 12058931 after 2.0s: Error in reading Data product D:\.lightkurve\cache\mastDownload\Kepler\kplr012058931_lc_Q011111111111111111\kplr012058931-2010078095331_llc.fits of type KeplerLightCurve .
This file may be corrupt due to an interrupted download. Please remove it from your disk and try again.
2026-01-04 00:59:00 | DEBUG    | ExoplanetDownloader | Retry 1 for KIC 12061969 after 2.0s: Error in reading Data product D:\.lightkurve\cache\mastDownload\Kepler\kplr012061969_lc_Q011111111111111111\kplr012061969-2009166043257_llc.fits of type KeplerLightCurve .
This file may be corrupt due to an interrupted download. Please remove it from your disk and try again.
2026-01-04 00:59:00 | DEBUG    | ExoplanetDownloader | Retry 1 for KIC 12056139 after 2.0s: Error in reading Data product D:\.lightkurve\cache\mastDownload\Kepler\kplr012056139_lc_Q011111111111111111\kplr012056139-2013131215648_llc.fits of type KeplerLightCurve .
This file may be corrupt due to an interrupted download. Please remove it from your disk and try again.
2026-01-04 00:59:02 | DEBUG    | ExoplanetDownloader | Retry 1 for KIC 12120307 after 2.0s: Error in reading Data product D:\.lightkurve\cache\mastDownload\Kepler\kplr012120307_lc_Q011111111111111111\kplr012120307-2009259160929_llc.fits of type KeplerLightCurve .
This file may be corrupt due to an interrupted download. Please remove it from your disk and try again.
2026-01-04 00:59:02 | DEBUG    | ExoplanetDownloader | Retry 2 for KIC 12061969 after 4.0s: Error in reading Data product D:\.lightkurve\cache\mastDownload\Kepler\kplr012061969_lc_Q011111111111111111\kplr012061969-2009166043257_llc.fits of type KeplerLightCurve .
This file may be corrupt due to an interrupted download. Please remove it from your disk and try again.
2026-01-04 00:59:02 | DEBUG    | ExoplanetDownloader | Retry 1 for KIC 12116380 after 2.0s: Error in reading Data product D:\.lightkurve\cache\mastDownload\Kepler\kplr012116380_lc_Q011111111111111111\kplr012116380-2011177032512_llc.fits of type KeplerLightCurve .
This file may be corrupt due to an interrupted download. Please remove it from your disk and try again.
2026-01-04 00:59:03 | DEBUG    | ExoplanetDownloader | Retry 2 for KIC 12058931 after 4.0s: Error in reading Data product D:\.lightkurve\cache\mastDownload\Kepler\kplr012058931_lc_Q011111111111111111\kplr012058931-2010078095331_llc.fits of type KeplerLightCurve .
This file may be corrupt due to an interrupted download. Please remove it from your disk and try again.
2026-01-04 00:59:04 | DEBUG    | ExoplanetDownloader | Retry 2 for KIC 12056139 after 4.0s: Error in reading Data product D:\.lightkurve\cache\mastDownload\Kepler\kplr012056139_lc_Q011111111111111111\kplr012056139-2013131215648_llc.fits of type KeplerLightCurve .
This file may be corrupt due to an interrupted download. Please remove it from your disk and try again.
2026-01-04 00:59:04 | DEBUG    | ExoplanetDownloader | Retry 1 for KIC 12121570 after 2.0s: Error in reading Data product D:\.lightkurve\cache\mastDownload\Kepler\kplr012121570_lc_Q011111111111111111\kplr012121570-2011073133259_llc.fits of type KeplerLightCurve .
This file may be corrupt due to an interrupted download. Please remove it from your disk and try again.
2026-01-04 00:59:05 | DEBUG    | ExoplanetDownloader | Retry 2 for KIC 12120307 after 4.0s: Error in reading Data product D:\.lightkurve\cache\mastDownload\Kepler\kplr012120307_lc_Q011111111111111111\kplr012120307-2009259160929_llc.fits of type KeplerLightCurve .
This file may be corrupt due to an interrupted download. Please remove it from your disk and try again.
2026-01-04 00:59:05 | DEBUG    | ExoplanetDownloader | Retry 1 for KIC 12154526 after 2.0s: Error in reading Data product D:\.lightkurve\cache\mastDownload\Kepler\kplr012154526_lc_Q111111111111111111\kplr012154526-2012004120508_llc.fits of type KeplerLightCurve .
This file may be corrupt due to an interrupted download. Please remove it from your disk and try again.
2026-01-04 00:59:05 | DEBUG    | ExoplanetDownloader | Retry 2 for KIC 12116380 after 4.0s: Error in reading Data product D:\.lightkurve\cache\mastDownload\Kepler\kplr012116380_lc_Q011111111111111111\kplr012116380-2011177032512_llc.fits of type KeplerLightCurve .
This file may be corrupt due to an interrupted download. Please remove it from your disk and try again.
2026-01-04 00:59:06 | DEBUG    | ExoplanetDownloader | Retry 1 for KIC 12156347 after 2.0s: Error in reading Data product D:\.lightkurve\cache\mastDownload\Kepler\kplr012156347_lc_Q011111111111111111\kplr012156347-2011177032512_llc.fits of type KeplerLightCurve .
This file may be corrupt due to an interrupted download. Please remove it from your disk and try again.
2026-01-04 00:59:08 | DEBUG    | ExoplanetDownloader | Retry 2 for KIC 12121570 after 4.0s: Error in reading Data product D:\.lightkurve\cache\mastDownload\Kepler\kplr012121570_lc_Q011111111111111111\kplr012121570-2011073133259_llc.fits of type KeplerLightCurve .
This file may be corrupt due to an interrupted download. Please remove it from your disk and try again.
2026-01-04 00:59:08 | DEBUG    | ExoplanetDownloader | Retry 2 for KIC 12154526 after 4.0s: Error in reading Data product D:\.lightkurve\cache\mastDownload\Kepler\kplr012154526_lc_Q111111111111111111\kplr012154526-2012004120508_llc.fits of type KeplerLightCurve .
This file may be corrupt due to an interrupted download. Please remove it from your disk and try again.
2026-01-04 00:59:09 | DEBUG    | ExoplanetDownloader | Retry 1 for KIC 12254378 after 2.0s: Error in reading Data product D:\.lightkurve\cache\mastDownload\Kepler\kplr012254378_lc_Q011111111111111111\kplr012254378-2010355172524_llc.fits of type KeplerLightCurve .
This file may be corrupt due to an interrupted download. Please remove it from your disk and try again.
2026-01-04 00:59:10 | DEBUG    | ExoplanetDownloader | Retry 2 for KIC 12156347 after 4.0s: Error in reading Data product D:\.lightkurve\cache\mastDownload\Kepler\kplr012156347_lc_Q011111111111111111\kplr012156347-2011177032512_llc.fits of type KeplerLightCurve .
This file may be corrupt due to an interrupted download. Please remove it from your disk and try again.
2026-01-04 00:59:10 | DEBUG    | ExoplanetDownloader | Retry 1 for KIC 12254792 after 2.0s: Error in reading Data product D:\.lightkurve\cache\mastDownload\Kepler\kplr012254792_lc_Q011111111111111111\kplr012254792-2011073133259_llc.fits of type KeplerLightCurve .
This file may be corrupt due to an interrupted download. Please remove it from your disk and try again.
2026-01-04 00:59:12 | DEBUG    | ExoplanetDownloader | Retry 1 for KIC 12254909 after 2.0s: Error in reading Data product D:\.lightkurve\cache\mastDownload\Kepler\kplr012254909_lc_Q111111111111111111\kplr012254909-2010265121752_llc.fits of type KeplerLightCurve .
This file may be corrupt due to an interrupted download. Please remove it from your disk and try again.
2026-01-04 00:59:12 | DEBUG    | ExoplanetDownloader | Retry 2 for KIC 12254378 after 4.0s: Error in reading Data product D:\.lightkurve\cache\mastDownload\Kepler\kplr012254378_lc_Q011111111111111111\kplr012254378-2010355172524_llc.fits of type KeplerLightCurve .
This file may be corrupt due to an interrupted download. Please remove it from your disk and try again.
2026-01-04 00:59:12 | DEBUG    | ExoplanetDownloader | Retry 1 for KIC 12256520 after 2.0s: Error in reading Data product D:\.lightkurve\cache\mastDownload\Kepler\kplr012256520_lc_Q011111111111111111\kplr012256520-2010174085026_llc.fits of type KeplerLightCurve .
This file may be corrupt due to an interrupted download. Please remove it from your disk and try again.
2026-01-04 00:59:12 | DEBUG    | ExoplanetDownloader | Retry 1 for KIC 12306058 after 2.0s: Error in reading Data product D:\.lightkurve\cache\mastDownload\Kepler\kplr012306058_lc_Q111111111111111111\kplr012306058-2009166043257_llc.fits of type KeplerLightCurve .
This file may be corrupt due to an interrupted download. Please remove it from your disk and try again.
2026-01-04 00:59:14 | DEBUG    | ExoplanetDownloader | Retry 2 for KIC 12254792 after 4.0s: Error in reading Data product D:\.lightkurve\cache\mastDownload\Kepler\kplr012254792_lc_Q011111111111111111\kplr012254792-2011073133259_llc.fits of type KeplerLightCurve .
This file may be corrupt due to an interrupted download. Please remove it from your disk and try again.
2026-01-04 00:59:14 | DEBUG    | ExoplanetDownloader | Retry 2 for KIC 12254909 after 4.0s: Error in reading Data product D:\.lightkurve\cache\mastDownload\Kepler\kplr012254909_lc_Q111111111111111111\kplr012254909-2010265121752_llc.fits of type KeplerLightCurve .
This file may be corrupt due to an interrupted download. Please remove it from your disk and try again.
2026-01-04 00:59:15 | DEBUG    | ExoplanetDownloader | Retry 2 for KIC 12256520 after 4.0s: Error in reading Data product D:\.lightkurve\cache\mastDownload\Kepler\kplr012256520_lc_Q011111111111111111\kplr012256520-2010174085026_llc.fits of type KeplerLightCurve .
This file may be corrupt due to an interrupted download. Please remove it from your disk and try again.
2026-01-04 00:59:15 | DEBUG    | ExoplanetDownloader | Retry 1 for KIC 12404086 after 2.0s: Error in reading Data product D:\.lightkurve\cache\mastDownload\Kepler\kplr012404086_lc_Q011111111111111111\kplr012404086-2010078095331_llc.fits of type KeplerLightCurve .
This file may be corrupt due to an interrupted download. Please remove it from your disk and try again.
2026-01-04 00:59:15 | DEBUG    | ExoplanetDownloader | Retry 2 for KIC 12306058 after 4.0s: Error in reading Data product D:\.lightkurve\cache\mastDownload\Kepler\kplr012306058_lc_Q111111111111111111\kplr012306058-2009166043257_llc.fits of type KeplerLightCurve .
This file may be corrupt due to an interrupted download. Please remove it from your disk and try again.
2026-01-04 00:59:16 | DEBUG    | ExoplanetDownloader | Retry 1 for KIC 12404954 after 2.0s: Error in reading Data product D:\.lightkurve\cache\mastDownload\Kepler\kplr012404954_lc_Q011111111111111111\kplr012404954-2010174085026_llc.fits of type KeplerLightCurve .
This file may be corrupt due to an interrupted download. Please remove it from your disk and try again.
2026-01-04 00:59:17 | DEBUG    | ExoplanetDownloader | Retry 1 for KIC 12406749 after 2.0s: Error in reading Data product D:\.lightkurve\cache\mastDownload\Kepler\kplr012406749_lc_Q001111111111111111\kplr012406749-2010265121752_llc.fits of type KeplerLightCurve .
This file may be corrupt due to an interrupted download. Please remove it from your disk and try again.
2026-01-04 00:59:18 | DEBUG    | ExoplanetDownloader | Retry 2 for KIC 12404086 after 4.0s: Error in reading Data product D:\.lightkurve\cache\mastDownload\Kepler\kplr012404086_lc_Q011111111111111111\kplr012404086-2010078095331_llc.fits of type KeplerLightCurve .
This file may be corrupt due to an interrupted download. Please remove it from your disk and try again.
2026-01-04 00:59:19 | DEBUG    | ExoplanetDownloader | Retry 2 for KIC 12404954 after 4.0s: Error in reading Data product D:\.lightkurve\cache\mastDownload\Kepler\kplr012404954_lc_Q011111111111111111\kplr012404954-2010174085026_llc.fits of type KeplerLightCurve .
This file may be corrupt due to an interrupted download. Please remove it from your disk and try again.
2026-01-04 00:59:19 | DEBUG    | ExoplanetDownloader | Retry 1 for KIC 12406807 after 2.0s: Error in reading Data product D:\.lightkurve\cache\mastDownload\Kepler\kplr012406807_lc_Q011111111111111111\kplr012406807-2011271113734_llc.fits of type KeplerLightCurve .
This file may be corrupt due to an interrupted download. Please remove it from your disk and try again.
2026-01-04 00:59:20 | DEBUG    | ExoplanetDownloader | Retry 2 for KIC 12406749 after 4.0s: Error in reading Data product D:\.lightkurve\cache\mastDownload\Kepler\kplr012406749_lc_Q001111111111111111\kplr012406749-2010265121752_llc.fits of type KeplerLightCurve .
This file may be corrupt due to an interrupted download. Please remove it from your disk and try again.
2026-01-04 00:59:22 | DEBUG    | ExoplanetDownloader | Retry 1 for KIC 12454461 after 2.0s: Error in reading Data product D:\.lightkurve\cache\mastDownload\Kepler\kplr012454461_lc_Q111111111111111111\kplr012454461-2009259160929_llc.fits of type KeplerLightCurve .
This file may be corrupt due to an interrupted download. Please remove it from your disk and try again.
2026-01-04 00:59:23 | DEBUG    | ExoplanetDownloader | Retry 1 for KIC 12453581 after 2.0s: Error in reading Data product D:\.lightkurve\cache\mastDownload\Kepler\kplr012453581_lc_Q011111111111111111\kplr012453581-2011271113734_llc.fits of type KeplerLightCurve .
This file may be corrupt due to an interrupted download. Please remove it from your disk and try again.
2026-01-04 00:59:23 | DEBUG    | ExoplanetDownloader | Retry 1 for KIC 12456601 after 2.0s: Error in reading Data product D:\.lightkurve\cache\mastDownload\Kepler\kplr012456601_lc_Q011111111111111111\kplr012456601-2010265121752_llc.fits of type KeplerLightCurve .
This file may be corrupt due to an interrupted download. Please remove it from your disk and try again.
2026-01-04 00:59:23 | DEBUG    | ExoplanetDownloader | Retry 1 for KIC 12416661 after 2.0s: Error in reading Data product D:\.lightkurve\cache\mastDownload\Kepler\kplr012416661_lc_Q111111111111111111\kplr012416661-2012277125453_llc.fits of type KeplerLightCurve .
This file may be corrupt due to an interrupted download. Please remove it from your disk and try again.
2026-01-04 00:59:24 | DEBUG    | ExoplanetDownloader | Retry 2 for KIC 12406807 after 4.0s: Error in reading Data product D:\.lightkurve\cache\mastDownload\Kepler\kplr012406807_lc_Q011111111111111111\kplr012406807-2011271113734_llc.fits of type KeplerLightCurve .
This file may be corrupt due to an interrupted download. Please remove it from your disk and try again.
2026-01-04 00:59:25 | DEBUG    | ExoplanetDownloader | Retry 2 for KIC 12454461 after 4.0s: Error in reading Data product D:\.lightkurve\cache\mastDownload\Kepler\kplr012454461_lc_Q111111111111111111\kplr012454461-2009259160929_llc.fits of type KeplerLightCurve .
This file may be corrupt due to an interrupted download. Please remove it from your disk and try again.
2026-01-04 00:59:25 | DEBUG    | ExoplanetDownloader | Retry 1 for KIC 12459913 after 2.0s: Error in reading Data product D:\.lightkurve\cache\mastDownload\Kepler\kplr012459913_lc_Q011111111111111111\kplr012459913-2011271113734_llc.fits of type KeplerLightCurve .
This file may be corrupt due to an interrupted download. Please remove it from your disk and try again.
2026-01-04 00:59:25 | DEBUG    | ExoplanetDownloader | Retry 1 for KIC 12505076 after 2.0s: Error in reading Data product D:\.lightkurve\cache\mastDownload\Kepler\kplr012505076_lc_Q001111111111111111\kplr012505076-2010174085026_llc.fits of type KeplerLightCurve .
This file may be corrupt due to an interrupted download. Please remove it from your disk and try again.
2026-01-04 00:59:26 | DEBUG    | ExoplanetDownloader | Retry 2 for KIC 12456601 after 4.0s: Error in reading Data product D:\.lightkurve\cache\mastDownload\Kepler\kplr012456601_lc_Q011111111111111111\kplr012456601-2010265121752_llc.fits of type KeplerLightCurve .
This file may be corrupt due to an interrupted download. Please remove it from your disk and try again.
2026-01-04 00:59:27 | DEBUG    | ExoplanetDownloader | Retry 2 for KIC 12453581 after 4.0s: Error in reading Data product D:\.lightkurve\cache\mastDownload\Kepler\kplr012453581_lc_Q011111111111111111\kplr012453581-2011271113734_llc.fits of type KeplerLightCurve .
This file may be corrupt due to an interrupted download. Please remove it from your disk and try again.
2026-01-04 00:59:27 | DEBUG    | ExoplanetDownloader | Retry 2 for KIC 12416661 after 4.0s: Error in reading Data product D:\.lightkurve\cache\mastDownload\Kepler\kplr012416661_lc_Q111111111111111111\kplr012416661-2012277125453_llc.fits of type KeplerLightCurve .
This file may be corrupt due to an interrupted download. Please remove it from your disk and try again.
2026-01-04 00:59:28 | DEBUG    | ExoplanetDownloader | Retry 1 for KIC 12505503 after 2.0s: Error in reading Data product D:\.lightkurve\cache\mastDownload\Kepler\kplr012505503_lc_Q111111111111111111\kplr012505503-2012179063303_llc.fits of type KeplerLightCurve .
This file may be corrupt due to an interrupted download. Please remove it from your disk and try again.
2026-01-04 00:59:28 | DEBUG    | ExoplanetDownloader | Retry 2 for KIC 12459913 after 4.0s: Error in reading Data product D:\.lightkurve\cache\mastDownload\Kepler\kplr012459913_lc_Q011111111111111111\kplr012459913-2011271113734_llc.fits of type KeplerLightCurve .
This file may be corrupt due to an interrupted download. Please remove it from your disk and try again.
2026-01-04 00:59:28 | DEBUG    | ExoplanetDownloader | Retry 2 for KIC 12505076 after 4.0s: Error in reading Data product D:\.lightkurve\cache\mastDownload\Kepler\kplr012505076_lc_Q001111111111111111\kplr012505076-2010174085026_llc.fits of type KeplerLightCurve .
This file may be corrupt due to an interrupted download. Please remove it from your disk and try again.
2026-01-04 00:59:30 | DEBUG    | ExoplanetDownloader | Retry 1 for KIC 12506770 after 2.0s: Error in reading Data product D:\.lightkurve\cache\mastDownload\Kepler\kplr012506770_lc_Q011111111111111111\kplr012506770-2009259160929_llc.fits of type KeplerLightCurve .
This file may be corrupt due to an interrupted download. Please remove it from your disk and try again.
2026-01-04 00:59:31 | DEBUG    | ExoplanetDownloader | Retry 2 for KIC 12505503 after 4.0s: Error in reading Data product D:\.lightkurve\cache\mastDownload\Kepler\kplr012505503_lc_Q111111111111111111\kplr012505503-2012179063303_llc.fits of type KeplerLightCurve .
This file may be corrupt due to an interrupted download. Please remove it from your disk and try again.
2026-01-04 00:59:31 | DEBUG    | ExoplanetDownloader | Retry 1 for KIC 12557548 after 2.0s: Error in reading Data product D:\.lightkurve\cache\mastDownload\Kepler\kplr012557548_lc_Q011111111111111111\kplr012557548-2009350155506_llc.fits of type KeplerLightCurve .
This file may be corrupt due to an interrupted download. Please remove it from your disk and try again.
2026-01-04 00:59:33 | DEBUG    | ExoplanetDownloader | Retry 2 for KIC 12506770 after 4.0s: Error in reading Data product D:\.lightkurve\cache\mastDownload\Kepler\kplr012506770_lc_Q011111111111111111\kplr012506770-2009259160929_llc.fits of type KeplerLightCurve .
This file may be corrupt due to an interrupted download. Please remove it from your disk and try again.
2026-01-04 00:59:34 | DEBUG    | ExoplanetDownloader | Retry 1 for KIC 12602568 after 2.0s: Error in reading Data product D:\.lightkurve\cache\mastDownload\Kepler\kplr012602568_lc_Q011111111111111111\kplr012602568-2011271113734_llc.fits of type KeplerLightCurve .
This file may be corrupt due to an interrupted download. Please remove it from your disk and try again.
2026-01-04 00:59:34 | DEBUG    | ExoplanetDownloader | Retry 2 for KIC 12557548 after 4.0s: Error in reading Data product D:\.lightkurve\cache\mastDownload\Kepler\kplr012557548_lc_Q011111111111111111\kplr012557548-2009350155506_llc.fits of type KeplerLightCurve .
This file may be corrupt due to an interrupted download. Please remove it from your disk and try again.
2026-01-04 00:59:35 | DEBUG    | ExoplanetDownloader | Retry 1 for KIC 12735740 after 2.0s: Error in reading Data product D:\.lightkurve\cache\mastDownload\Kepler\kplr012735740_lc_Q111111111111111111\kplr012735740-2010174085026_llc.fits of type KeplerLightCurve .
This file may be corrupt due to an interrupted download. Please remove it from your disk and try again.
2026-01-04 00:59:35 | DEBUG    | ExoplanetDownloader | Retry 1 for KIC 12644822 after 2.0s: Error in reading Data product D:\.lightkurve\cache\mastDownload\Kepler\kplr012644822_lc_Q011111111111111111\kplr012644822-2013131215648_llc.fits of type KeplerLightCurve .
This file may be corrupt due to an interrupted download. Please remove it from your disk and try again.
2026-01-04 00:59:35 | DEBUG    | ExoplanetDownloader | Retry 1 for KIC 12834874 after 2.0s: Error in reading Data product D:\.lightkurve\cache\mastDownload\Kepler\kplr012834874_lc_Q011111111111111111\kplr012834874-2010078095331_llc.fits of type KeplerLightCurve .
This file may be corrupt due to an interrupted download. Please remove it from your disk and try again.
2026-01-04 00:59:37 | DEBUG    | ExoplanetDownloader | Retry 2 for KIC 12602568 after 4.0s: Error in reading Data product D:\.lightkurve\cache\mastDownload\Kepler\kplr012602568_lc_Q011111111111111111\kplr012602568-2011271113734_llc.fits of type KeplerLightCurve .
This file may be corrupt due to an interrupted download. Please remove it from your disk and try again.
2026-01-04 00:59:38 | DEBUG    | ExoplanetDownloader | Retry 2 for KIC 12735740 after 4.0s: Error in reading Data product D:\.lightkurve\cache\mastDownload\Kepler\kplr012735740_lc_Q111111111111111111\kplr012735740-2010174085026_llc.fits of type KeplerLightCurve .
This file may be corrupt due to an interrupted download. Please remove it from your disk and try again.
2026-01-04 00:59:38 | DEBUG    | ExoplanetDownloader | Retry 2 for KIC 12834874 after 4.0s: Error in reading Data product D:\.lightkurve\cache\mastDownload\Kepler\kplr012834874_lc_Q011111111111111111\kplr012834874-2010078095331_llc.fits of type KeplerLightCurve .
This file may be corrupt due to an interrupted download. Please remove it from your disk and try again.
2026-01-04 00:59:38 | DEBUG    | ExoplanetDownloader | Retry 2 for KIC 12644822 after 4.0s: Error in reading Data product D:\.lightkurve\cache\mastDownload\Kepler\kplr012644822_lc_Q011111111111111111\kplr012644822-2013131215648_llc.fits of type KeplerLightCurve .
This file may be corrupt due to an interrupted download. Please remove it from your disk and try again.
