kepid,kepoi_name,kepler_name,koi_disposition,koi_period,koi_period_err1,koi_period_err2,koi_depth,koi_depth_err1,koi_depth_err2,koi_duration,koi_duration_err1,koi_duration_err2,koi_prad,koi_prad_err1,koi_prad_err2,koi_srad,koi_srad_err1,koi_srad_err2,koi_steff,koi_steff_err1,koi_steff_err2,koi_slogg,koi_slogg_err1,koi_slogg_err2,koi_kepmag,ra,dec,catalog,target_id,label
757450,K00889.01,Kepler-75 b,CONFIRMED,8.884922995,1.636e-06,-1.636e-06,16053.4,47.4,-47.4,2.07004,0.00709,-0.00709,10.51,0.56,-0.57,0.843,0.045,-0.045,5332.0,106.0,-96.0,4.5,0.05,-0.036,15.264,291.1376,36.577381,KEPLER_CONFIRMED,757450,1
1026957,K00958.01,Kepler-1731 b,CONFIRMED,21.76129812,1.727e-05,-1.727e-05,1300.7,26.8,-26.8,1.243,0.026,-0.026,2.53,0.16,-0.1,0.72,0.047,-0.029,4859.0,97.0,-97.0,4.612,0.015,-0.045,12.559,291.25449,36.74361,KEPLER_CONFIRMED,1026957,1
1161345,K00984.01,Kepler-1973 b,CONFIRMED,4.28746668,1.524e-05,-1.524e-05,790.1,49.7,-49.7,1.5693,0.0785,-0.0785,2.29,0.22,-0.1,0.815,0.08,-0.034,5296.0,105.0,-105.0,4.576,0.015,-0.085,11.631,291.0488,36.839882,KEPLER_CONFIRMED,1161345,1
1432789,K00992.01,Kepler-745 b,CONFIRMED,9.93146307,5.186e-05,-5.186e-05,398.6,16.4,-16.4,5.678,0.127,-0.127,2.41,0.39,-0.35,1.22,0.196,-0.176,5782.0,78.0,-78.0,4.28,0.137,-0.112,15.214,291.49942,37.05928,KEPLER_CONFIRMED,1432789,1
1717722,K03145.01,Kepler-1977 b,CONFIRMED,4.53702121,2.498e-05,-2.498e-05,504.4,36.5,-36.5,1.813,0.124,-0.124,1.66,0.19,-0.11,0.688,0.079,-0.045,4805.0,144.0,-144.0,4.633,0.027,-0.059,15.689,290.61798,37.289089,KEPLER_CONFIRMED,1717722,1
1718189,K00993.02,Kepler-262 b,CONFIRMED,13.0607936,0.0001053,-0.0001053,236.6,14.1,-14.1,3.215,0.195,-0.195,1.45,0.38,-0.13,0.876,0.234,-0.078,5830.0,146.0,-161.0,4.54,0.044,-0.187,14.246,290.72867,37.252651,KEPLER_CONFIRMED,1718189,1
1718958,K04053.01,Kepler-1934 b,CONFIRMED,1.41975831,1.229e-05,-1.229e-05,60.9,8.8,-8.8,1.429,0.239,-0.239,0.85,0.13,-0.08,1.035,0.157,-0.105,5925.0,107.0,-119.0,4.394,0.084,-0.116,12.801,290.91934,37.28717,KEPLER_CONFIRMED,1718958,1
1724719,K04212.01,Kepler-1569 b,CONFIRMED,5.79179934,3.35e-05,-3.35e-05,118.5,7.2,-7.2,3.474,0.132,-0.132,1.69,0.31,-0.26,1.318,0.243,-0.199,6174.0,74.0,-86.0,4.244,0.125,-0.125,13.96,292.20471,37.221218,KEPLER_CONFIRMED,1724719,1
1725016,K01007.01,Kepler-748 b,CONFIRMED,7.40742502,3.66e-05,-3.66e-05,442.0,21.0,-21.0,3.675,0.101,-0.101,2.01,0.62,-0.21,0.961,0.297,-0.099,5922.0,184.0,-205.0,4.474,0.054,-0.216,15.242,292.26291,37.236992,KEPLER_CONFIRMED,1725016,1
1849702,K02538.01,Kepler-1854 b,CONFIRMED,39.8312536,0.0002066,-0.0002066,388.8,29.7,-29.7,2.442,0.163,-0.163,1.46,0.1,-0.06,0.759,0.05,-0.034,5026.0,100.0,-100.0,4.58,0.024,-0.048,14.125,286.28595,37.387058,KEPLER_CONFIRMED,1849702,1
1865042,K01002.01,Kepler-746 b,CONFIRMED,3.4815917,1.036e-05,-1.036e-05,135.2,6.8,-6.8,1.8069,0.0747,-0.0747,1.17,0.14,-0.15,1.022,0.129,-0.129,5405.0,108.0,-97.0,4.374,0.121,-0.088,13.615,290.68225,37.35511,KEPLER_CONFIRMED,1865042,1
1871056,K01001.01,Kepler-264 b,CONFIRMED,40.8065333,0.0002083,-0.0002083,313.9,6.2,-6.2,13.135,0.125,-0.125,3.71,0.62,-1.0,2.097,0.35,-0.569,6207.0,112.0,-125.0,3.963,0.195,-0.105,13.038,292.04462,37.37624,KEPLER_CONFIRMED,1871056,1
1872821,K02351.01,Kepler-1828 b,CONFIRMED,10.27380957,5.929e-05,-5.929e-05,352.8,20.5,-20.5,3.252,0.141,-0.141,1.68,0.16,-0.08,0.899,0.084,-0.045,5806.0,69.0,-87.0,4.528,0.023,-0.068,14.909,292.42758,37.320808,KEPLER_CONFIRMED,1872821,1
1873513,K04928.01,Kepler-1624 b,CONFIRMED,3.290304098,4.432e-06,-4.432e-06,13552.6,64.8,-64.8,1.7215,0.0126,-0.0126,4.91,0.41,-0.11,0.427,0.036,-0.009,3386.0,103.0,-33.0,4.81,0.01,-0.02,15.669,292.57986,37.376411,KEPLER_CONFIRMED,1873513,1
1995519,K02634.01,Kepler-1299 b,CONFIRMED,19.9401211,0.0001344,-0.0001344,758.9,47.1,-47.1,4.283,0.188,-0.188,2.42,0.47,-0.2,0.763,0.147,-0.063,5623.0,152.0,-169.0,4.596,0.04,-0.12,15.922,286.15015,37.411369,KEPLER_CONFIRMED,1995519,1
1996180,K02534.01,Kepler-1271 b,CONFIRMED,3.02558494,1.202e-05,-1.202e-05,128.3,5.9,-5.9,3.0008,0.0911,-0.0911,1.62,0.29,-0.25,1.263,0.232,-0.19,6123.0,122.0,-134.0,4.263,0.137,-0.112,13.925,286.3443,37.411968,KEPLER_CONFIRMED,1996180,1
2142522,K02403.01,Kepler-1224 b,CONFIRMED,13.32354078,9.754e-05,-9.754e-05,116.6,8.3,-8.3,3.873,0.183,-0.183,1.32,0.22,-0.14,1.218,0.203,-0.125,6113.0,98.0,-147.0,4.341,0.066,-0.114,12.867,286.62576,37.5373,KEPLER_CONFIRMED,2142522,1
2161536,K02130.01,Kepler-1798 b,CONFIRMED,16.85592593,6.43e-05,-6.43e-05,871.5,51.9,-51.9,2.309,0.117,-0.117,1.7,0.08,-0.1,0.587,0.026,-0.035,3967.0,79.0,-79.0,4.674,0.032,-0.017,15.661,291.7262,37.5289,KEPLER_CONFIRMED,2161536,1
2164169,K01029.01,Kepler-1732 b,CONFIRMED,32.3122867,0.0001736,-0.0001736,677.8,22.6,-22.6,6.569,0.208,-0.208,4.84,0.79,-1.06,1.494,0.244,-0.326,5821.0,79.0,-79.0,4.108,0.182,-0.098,14.757,292.29099,37.580799,KEPLER_CONFIRMED,2164169,1
2165002,K00999.02,Kepler-263 c,CONFIRMED,47.3329299,0.0003456,-0.0003456,931.5,70.1,-70.1,2.708,0.168,-0.168,2.18,0.13,-0.09,0.716,0.04,-0.032,4987.0,80.0,-80.0,4.602,0.024,-0.038,15.391,292.46976,37.567791,KEPLER_CONFIRMED,2165002,1
2302548,K00988.02,Kepler-261 c,CONFIRMED,24.5709023,0.0001009,-0.0001009,764.2,31.7,-31.7,3.587,0.181,-0.181,2.82,0.2,-0.12,0.78,0.055,-0.035,5095.0,101.0,-101.0,4.566,0.032,-0.052,13.562,291.36478,37.609169,KEPLER_CONFIRMED,2302548,1
2304320,K02033.01,Kepler-1064 b,CONFIRMED,16.54081386,4.043e-05,-4.043e-05,370.0,12.8,-12.8,2.5996,0.064,-0.064,1.57,0.1,-0.08,0.769,0.049,-0.038,5064.0,101.0,-101.0,4.572,0.028,-0.048,13.755,291.74164,37.688938,KEPLER_CONFIRMED,2304320,1
2307415,K02053.02,Kepler-356 b,CONFIRMED,4.6126736,1.208e-05,-1.208e-05,133.2,4.3,-4.3,3.0643,0.0681,-0.0681,1.6,0.29,-0.24,1.277,0.23,-0.188,6140.0,123.0,-135.0,4.265,0.125,-0.125,12.992,292.42108,37.682819,KEPLER_CONFIRMED,2307415,1
2438264,K00440.01,Kepler-156 c,CONFIRMED,15.90688891,2.554e-05,-2.554e-05,924.7,13.4,-13.4,3.9879,0.044,-0.044,2.35,0.16,-0.12,0.797,0.052,-0.042,5097.0,101.0,-101.0,4.554,0.036,-0.05,14.172,290.29651,37.749489,KEPLER_CONFIRMED,2438264,1
2438513,K01944.01,Kepler-1777 b,CONFIRMED,12.18420006,4.127e-05,-4.127e-05,499.3,22.5,-22.5,2.5014,0.0863,-0.0863,2.59,0.39,-0.29,1.068,0.161,-0.12,5771.0,104.0,-115.0,4.374,0.105,-0.105,13.982,290.32867,37.72311,KEPLER_CONFIRMED,2438513,1
2439243,K02280.01,Kepler-1172 b,CONFIRMED,26.0203329,0.0001869,-0.0001869,1164.4,55.7,-55.7,4.965,0.147,-0.147,4.53,0.71,-0.87,1.244,0.196,-0.24,5624.0,84.0,-75.0,4.218,0.188,-0.101,15.889,290.47452,37.766602,KEPLER_CONFIRMED,2439243,1
2441495,K00166.01,Kepler-479 b,CONFIRMED,12.49340725,1.236e-05,-1.236e-05,715.7,10.8,-10.8,2.2614,0.0287,-0.0287,2.2,0.17,-0.1,0.795,0.06,-0.037,5207.0,103.0,-103.0,4.561,0.032,-0.063,13.575,291.02185,37.769791,KEPLER_CONFIRMED,2441495,1
2442448,K02812.01,Kepler-1354 b,CONFIRMED,76.6139446,0.0006187,-0.0006187,498.7,20.1,-20.1,10.22,0.207,-0.207,2.61,0.79,-0.34,1.03,0.312,-0.134,6173.0,169.0,-206.0,4.408,0.087,-0.203,14.357,291.24518,37.75906,KEPLER_CONFIRMED,2442448,1
2444412,K00103.01,Kepler-1710 b,CONFIRMED,14.91095177,1.275e-05,-1.275e-05,864.5,8.7,-8.7,3.325,0.024,-0.024,2.62,0.33,-0.17,0.899,0.114,-0.057,5650.0,101.0,-112.0,4.5,0.045,-0.105,12.593,291.68335,37.751591,KEPLER_CONFIRMED,2444412,1
2556650,K02156.01,Kepler-1124 b,CONFIRMED,2.852348262,2.926e-06,-2.926e-06,1402.9,59.1,-59.1,0.7051,0.0395,-0.0395,1.66,0.18,-0.2,0.433,0.047,-0.052,3731.0,74.0,-81.0,4.83,0.055,-0.055,15.959,286.59427,37.891258,KEPLER_CONFIRMED,2556650,1
2557816,K00488.01,Kepler-575 b,CONFIRMED,9.3789167,2.173e-05,-2.173e-05,563.5,15.1,-15.1,3.3427,0.0617,-0.0617,2.03,0.41,-0.27,0.808,0.162,-0.108,5684.0,170.0,-170.0,4.493,0.112,-0.138,14.72,286.9639,37.829708,KEPLER_CONFIRMED,2557816,1
2571238,K00084.01,Kepler-19 b,CONFIRMED,9.286964466,3.831e-06,-3.831e-06,691.7,3.2,-3.2,3.3649,0.0145,-0.0145,2.1,0.26,-0.1,0.81,0.099,-0.04,5546.0,100.0,-111.0,4.575,0.018,-0.102,11.898,290.42081,37.851799,KEPLER_CONFIRMED,2571238,1
2574338,K01030.01,Kepler-1733 b,CONFIRMED,9.22961384,4.278e-05,-4.278e-05,492.1,29.7,-29.7,2.235,0.117,-0.117,2.79,0.47,-0.19,1.252,0.212,-0.085,6320.0,75.0,-88.0,4.347,0.032,-0.12,15.399,291.13849,37.859299,KEPLER_CONFIRMED,2574338,1
2581316,K03681.01,Kepler-1514 b,CONFIRMED,217.83184293,8.507e-05,-8.507e-05,9148.7,7.8,-7.8,21.306,0.0132,-0.0132,11.17,2.03,-0.81,1.167,0.212,-0.085,6259.0,99.0,-136.0,4.385,0.034,-0.128,11.69,292.62747,37.860142,KEPLER_CONFIRMED,2581316,1
2581554,K03835.01,Kepler-1521 b,CONFIRMED,47.1484324,8.172e-05,-8.172e-05,1113.8,23.9,-23.9,3.1347,0.0603,-0.0603,2.58,0.14,-0.13,0.734,0.039,-0.039,4975.0,100.0,-100.0,4.579,0.038,-0.031,12.86,292.69028,37.83498,KEPLER_CONFIRMED,2581554,1
2584163,K01031.01,Kepler-754 b,CONFIRMED,14.5598556,0.0001612,-0.0001612,290.6,20.6,-20.6,5.624,0.246,-0.246,1.64,0.49,-0.21,0.966,0.287,-0.123,5959.0,167.0,-188.0,4.46,0.067,-0.202,15.16,293.25412,37.846191,KEPLER_CONFIRMED,2584163,1
2692377,K00299.01,Kepler-98 b,CONFIRMED,1.541676547,1.139e-06,-1.139e-06,296.5,3.7,-3.7,1.9118,0.0213,-0.0213,1.88,0.27,-0.28,1.089,0.161,-0.161,5533.0,110.0,,4.337,0.132,-0.108,12.899,285.66165,37.9645,KEPLER_CONFIRMED,2692377,1
2693736,K01976.01,Kepler-1034 b,CONFIRMED,12.12401737,3.197e-05,-3.197e-05,788.4,22.9,-22.9,3.3091,0.0679,-0.0679,2.37,0.11,-0.2,0.87,0.042,-0.072,5094.0,83.0,-76.0,4.469,0.082,-0.033,15.09,286.11536,37.966999,KEPLER_CONFIRMED,2693736,1
2713049,K00794.01,Kepler-683 b,CONFIRMED,2.539183147,5.073e-06,-5.073e-06,382.1,11.4,-11.4,2.4282,0.0559,-0.0559,2.06,0.29,-0.28,1.062,0.154,-0.14,5519.0,82.0,-74.0,4.35,0.126,-0.103,15.026,291.43997,37.905659,KEPLER_CONFIRMED,2713049,1
2715135,K01024.01,Kepler-753 b,CONFIRMED,5.747711909,7.488e-06,-7.488e-06,820.1,18.5,-18.5,1.8923,0.04,-0.04,1.86,0.07,-0.09,0.632,0.025,-0.031,4252.0,84.0,-84.0,4.64,0.03,-0.017,14.496,291.90326,37.90229,KEPLER_CONFIRMED,2715135,1
2715695,K03077.01,Kepler-1899 b,CONFIRMED,4.09578199,2.002e-05,-2.002e-05,405.5,37.4,-37.4,1.704,0.12,-0.12,1.64,0.12,-0.13,0.742,0.054,-0.059,4791.0,143.0,-129.0,4.577,0.045,-0.036,15.958,292.03348,37.974548,KEPLER_CONFIRMED,2715695,1
2716801,K03053.01,Kepler-1419 b,CONFIRMED,42.5217006,0.0005942,-0.0005942,685.6,49.1,-49.1,5.723,0.253,-0.253,2.45,0.75,-0.25,0.914,0.281,-0.094,5911.0,177.0,-195.0,4.519,0.048,-0.204,15.761,292.25464,37.97142,KEPLER_CONFIRMED,2716801,1
2716853,K01022.01,Kepler-752 b,CONFIRMED,18.82744023,7.934e-05,-7.934e-05,1006.2,36.2,-36.2,4.664,0.106,-0.106,2.7,0.78,-0.25,0.86,0.246,-0.082,5687.0,169.0,-169.0,4.538,0.046,-0.184,15.762,292.26813,37.955639,KEPLER_CONFIRMED,2716853,1
2717158,K03459.01,Kepler-1922 b,CONFIRMED,13.2226149,0.0001685,-0.0001685,261.7,23.1,-23.1,4.337,0.201,-0.201,1.75,0.46,-0.16,0.863,0.231,-0.077,5931.0,161.0,-178.0,4.545,0.044,-0.187,15.208,292.33035,37.997059,KEPLER_CONFIRMED,2717158,1
2718778,K02489.01,Kepler-1844 b,CONFIRMED,3.92453009,1.673e-05,-1.673e-05,463.5,20.8,-20.8,3.691,0.107,-0.107,1.82,0.45,-0.16,0.849,0.209,-0.075,5776.0,181.0,-201.0,4.554,0.042,-0.168,15.708,292.6904,37.93457,KEPLER_CONFIRMED,2718778,1
2721030,K01094.01,Kepler-766 b,CONFIRMED,6.10027621,1.621e-05,-1.621e-05,766.6,19.6,-19.6,4.7476,0.0647,-0.0647,2.59,0.82,-0.28,0.937,0.299,-0.1,5957.0,195.0,-195.0,4.506,0.039,-0.208,15.678,293.18454,37.969841,KEPLER_CONFIRMED,2721030,1
2831055,K04400.01,Kepler-1601 b,CONFIRMED,2.20923119,1.472e-05,-1.472e-05,59.8,4.9,-4.9,2.392,0.168,-0.168,0.84,0.26,-0.11,1.092,0.33,-0.152,5991.0,163.0,-199.0,4.375,0.105,-0.195,13.764,285.51294,38.079739,KEPLER_CONFIRMED,2831055,1
2832589,K01942.01,Kepler-1978 b,CONFIRMED,10.84969477,2.777e-05,-2.777e-05,1122.1,27.5,-27.5,3.474,0.0673,-0.0673,2.67,0.38,-0.21,0.778,0.112,-0.06,5251.0,158.0,-158.0,4.592,0.032,-0.097,15.409,286.00674,38.009541,KEPLER_CONFIRMED,2832589,1
2837111,K01110.01,Kepler-771 b,CONFIRMED,8.7348852,4.425e-05,-4.425e-05,270.7,11.7,-11.7,4.49,0.13,-0.13,1.59,0.52,-0.17,0.96,0.314,-0.105,5982.0,160.0,-195.0,4.493,0.054,-0.216,14.794,287.44409,38.088428,KEPLER_CONFIRMED,2837111,1
2849805,K01116.01,Kepler-773 b,CONFIRMED,3.749105745,7.011e-06,-7.011e-06,182.6,5.7,-5.7,1.9826,0.0371,-0.0371,1.68,0.26,-0.13,0.983,0.149,-0.08,5751.0,104.0,-115.0,4.447,0.063,-0.117,13.333,290.88467,38.057571,KEPLER_CONFIRMED,2849805,1
2853093,K01099.01,Kepler-767 b,CONFIRMED,161.5278347,0.0003206,-0.0003206,4653.6,99.6,-99.6,3.6734,0.0575,-0.0575,8.19,1.36,-1.23,1.213,0.201,-0.183,5778.0,78.0,-78.0,4.285,0.137,-0.112,15.435,291.57916,38.035831,KEPLER_CONFIRMED,2853093,1
2854181,K02232.01,Kepler-1810 b,CONFIRMED,101.1323475,0.0005876,-0.0005876,1502.9,61.9,-61.9,4.366,0.136,-0.136,3.87,0.5,-0.41,1.016,0.131,-0.108,5492.0,82.0,-74.0,4.389,0.105,-0.095,15.331,291.81302,38.088181,KEPLER_CONFIRMED,2854181,1
2854698,K00986.01,Kepler-260 b,CONFIRMED,8.18739443,1.944e-05,-1.944e-05,517.6,14.7,-14.7,3.0472,0.0596,-0.0596,1.92,0.13,-0.14,0.849,0.056,-0.063,5251.0,105.0,-105.0,4.494,0.072,-0.048,14.138,291.92596,38.014118,KEPLER_CONFIRMED,2854698,1
2854914,K01113.01,Kepler-268 b,CONFIRMED,25.93406406,7.912e-05,-7.912e-05,414.5,11.0,-11.0,4.6142,0.0732,-0.0732,2.48,0.42,-0.34,1.225,0.207,-0.17,5952.0,119.0,-119.0,4.287,0.12,-0.12,13.703,291.97617,38.05508,KEPLER_CONFIRMED,2854914,1
2857607,K04659.01,Kepler-1965 b,CONFIRMED,41.8681996,0.0007404,-0.0007404,150.7,13.9,-13.9,5.783,0.312,-0.312,1.25,0.33,-0.11,0.837,0.223,-0.074,5852.0,140.0,-158.0,4.559,0.035,-0.184,13.664,292.51468,38.02206,KEPLER_CONFIRMED,2857607,1
2975770,K01788.01,Kepler-951 b,CONFIRMED,71.52543938,9.47e-05,-9.47e-05,5904.3,59.5,-59.5,5.9189,0.0564,-0.0564,5.76,0.22,-0.35,0.778,0.029,-0.047,4855.0,77.0,-87.0,4.542,0.056,-0.02,14.521,287.73755,38.114559,KEPLER_CONFIRMED,2975770,1
2985767,K02032.01,Kepler-1063 b,CONFIRMED,14.07969236,3.103e-05,-3.103e-05,169.5,7.8,-7.8,1.375,0.0636,-0.0636,2.08,0.36,-0.55,1.547,0.27,-0.406,5821.0,78.0,-78.0,4.097,0.221,-0.102,12.261,290.52676,38.142979,KEPLER_CONFIRMED,2985767,1
2987027,K00197.01,Kepler-489 b,CONFIRMED,17.276296682,2.394e-06,-2.394e-06,10458.0,13.9,-13.9,3.94738,0.0042,-0.0042,7.31,0.47,-0.3,0.738,0.048,-0.03,4941.0,98.0,-98.0,4.599,0.018,-0.049,14.018,290.83313,38.184349,KEPLER_CONFIRMED,2987027,1
2989404,K01824.01,Kepler-323 c,CONFIRMED,3.553831111,4.5e-06,-4.5e-06,191.8,2.7,-2.7,3.1029,0.0314,-0.0314,1.62,0.27,-0.18,1.081,0.18,-0.12,6015.0,108.0,-132.0,4.37,0.095,-0.116,12.722,291.38223,38.127468,KEPLER_CONFIRMED,2989404,1
2990873,K02335.01,Kepler-1194 b,CONFIRMED,16.22378479,7.758e-05,-7.758e-05,262.3,14.5,-14.5,2.5462,0.0984,-0.0984,1.51,0.19,-0.12,0.925,0.12,-0.07,5547.0,110.0,,4.46,0.068,-0.102,14.129,291.69955,38.145271,KEPLER_CONFIRMED,2990873,1
2995392,K03379.01,Kepler-1484 b,CONFIRMED,30.4544418,0.000445,-0.000445,472.1,29.9,-29.9,6.896,0.192,-0.192,2.6,0.82,-0.29,0.984,0.312,-0.111,6283.0,176.0,-220.0,4.472,0.054,-0.216,15.268,292.68427,38.126282,KEPLER_CONFIRMED,2995392,1
3098810,K01878.01,Kepler-1773 b,CONFIRMED,40.80957343,9.427e-05,-9.427e-05,436.1,12.5,-12.5,3.158,0.127,-0.127,3.44,0.58,-0.34,1.3,0.219,-0.128,6183.0,110.0,-134.0,4.301,0.066,-0.114,12.988,286.22324,38.258171,KEPLER_CONFIRMED,3098810,1
3102384,K00273.01,Kepler-454 b,CONFIRMED,10.573751447,8.488e-06,-8.488e-06,298.9,4.3,-4.3,1.7259,0.0182,-0.0182,2.07,0.05,-0.07,1.08,0.027,-0.033,5720.0,77.0,-77.0,4.4,0.012,-0.012,11.457,287.47852,38.22884,KEPLER_CONFIRMED,3102384,1
3103227,K04091.01,Kepler-1550 b,CONFIRMED,225.585245,0.00358,-0.00358,754.9,46.5,-46.5,11.166,0.382,-0.382,3.71,0.64,-0.58,1.363,0.236,-0.212,5929.0,77.0,-77.0,4.243,0.138,-0.112,14.9,287.76456,38.294701,KEPLER_CONFIRMED,3103227,1
3109930,K01112.01,Kepler-1736 b,CONFIRMED,37.8102649,0.0002147,-0.0002147,570.3,18.2,-18.2,8.733,0.132,-0.132,2.33,0.72,-0.29,0.973,0.302,-0.121,6085.0,182.0,-200.0,4.451,0.081,-0.202,14.633,289.7767,38.26228,KEPLER_CONFIRMED,3109930,1
3114167,K00795.01,Kepler-684 b,CONFIRMED,6.770300385,9.537e-06,-9.537e-06,1304.0,29.7,-29.7,2.0844,0.0454,-0.0454,2.77,0.46,-0.15,0.679,0.112,-0.037,5653.0,166.0,-166.0,4.656,0.028,-0.112,15.591,290.87051,38.273628,KEPLER_CONFIRMED,3114167,1
3114811,K01117.01,Kepler-774 b,CONFIRMED,11.08956602,4.397e-05,-4.397e-05,148.1,4.4,-4.4,6.2877,0.0965,-0.0965,3.51,0.36,-1.01,2.867,0.295,-0.826,6353.0,128.0,-115.0,3.698,0.248,-0.078,12.808,291.03192,38.21196,KEPLER_CONFIRMED,3114811,1
3116412,K01115.01,Kepler-772 b,CONFIRMED,12.99204853,5.157e-05,-5.157e-05,270.6,8.0,-8.0,6.0175,0.0963,-0.0963,2.03,0.3,-0.34,1.242,0.188,-0.209,5765.0,105.0,-116.0,4.236,0.168,-0.112,13.974,291.42358,38.216591,KEPLER_CONFIRMED,3116412,1
3118797,K01950.01,Kepler-1024 b,CONFIRMED,66.4159789,0.0003626,-0.0003626,2053.2,67.3,-67.3,7.061,0.133,-0.133,3.44,0.65,-0.28,0.759,0.143,-0.061,5383.0,204.0,-185.0,4.603,0.03,-0.12,15.983,291.95099,38.251701,KEPLER_CONFIRMED,3118797,1
3120355,K02099.01,Kepler-1094 b,CONFIRMED,78.0998908,0.0006627,-0.0006627,656.9,30.5,-30.5,8.422,0.197,-0.197,3.37,0.57,-0.56,1.284,0.215,-0.215,5779.0,78.0,-78.0,4.238,0.143,-0.117,14.999,292.30124,38.26704,KEPLER_CONFIRMED,3120355,1
3120904,K03277.01,Kepler-1452 b,CONFIRMED,42.9136635,0.0003306,-0.0003306,160.6,10.1,-10.1,5.227,0.166,-0.166,3.19,0.38,-0.83,2.483,0.299,-0.648,6049.0,121.0,-121.0,3.8,0.21,-0.07,13.062,292.42282,38.266331,KEPLER_CONFIRMED,3120904,1
3122913,K02490.01,Kepler-1845 b,CONFIRMED,11.60653061,6.084e-05,-6.084e-05,771.7,50.4,-50.4,2.194,0.119,-0.119,1.88,0.07,-0.11,0.701,0.027,-0.041,4703.0,74.0,-84.0,4.582,0.049,-0.017,15.701,292.90161,38.297081,KEPLER_CONFIRMED,3122913,1
3128552,K02055.03,Kepler-1073 d,CONFIRMED,2.50475282,1.144e-05,-1.144e-05,181.1,10.6,-10.6,2.376,0.111,-0.111,1.48,0.22,-0.25,1.116,0.169,-0.186,5509.0,82.0,-74.0,4.308,0.156,-0.104,14.523,294.15271,38.23304,KEPLER_CONFIRMED,3128552,1
3217264,K00401.03,Kepler-149 c,CONFIRMED,55.3291399,0.0005174,-0.0005174,325.7,16.0,-16.0,6.918,0.215,-0.215,1.67,0.19,-0.13,0.94,0.11,-0.073,5376.0,107.0,-107.0,4.462,0.06,-0.09,14.001,285.85367,38.384121,KEPLER_CONFIRMED,3217264,1
3218908,K01108.01,Kepler-770 b,CONFIRMED,18.92537246,5.231e-05,-5.231e-05,640.9,16.5,-16.5,3.9835,0.0683,-0.0683,13.92,2.0,-4.66,4.885,0.701,-1.636,4941.0,49.0,-118.0,3.317,0.21,-0.105,14.604,286.49042,38.374908,KEPLER_CONFIRMED,3218908,1
3219995,K02314.01,Kepler-1187 b,CONFIRMED,18.87058705,6.734e-05,-6.734e-05,588.0,23.6,-23.6,3.4701,0.0799,-0.0799,2.67,0.85,-0.28,0.949,0.303,-0.101,6103.0,181.0,-200.0,4.496,0.04,-0.229,14.562,286.892,38.31855,KEPLER_CONFIRMED,3219995,1
3229150,K02150.01,Kepler-1979 b,CONFIRMED,18.5084526,0.0001311,-0.0001311,758.9,28.7,-28.7,6.596,0.249,-0.249,29.33,8.82,-2.94,0.938,0.282,-0.094,5942.0,176.0,-193.0,4.506,0.039,-0.208,15.253,289.84286,38.309601,KEPLER_CONFIRMED,3229150,1
3231341,K01102.02,Kepler-24 b,CONFIRMED,8.14515981,4.38e-05,-4.38e-05,446.8,17.4,-17.4,5.073,0.513,-0.513,3.43,0.5,-0.7,1.24,0.183,-0.251,5896.0,117.0,-105.0,4.197,0.195,-0.105,14.925,290.41327,38.34375,KEPLER_CONFIRMED,3231341,1
3234598,K02413.02,Kepler-383 c,CONFIRMED,31.2012202,0.0003489,-0.0003489,360.1,28.6,-28.6,4.077,0.216,-0.216,1.47,0.04,-0.08,0.722,0.021,-0.038,4513.0,71.0,-80.0,4.574,0.048,-0.012,15.07,291.34259,38.363129,KEPLER_CONFIRMED,3234598,1
3234843,K03057.01,Kepler-405 c,CONFIRMED,29.72722,0.0002016,-0.0002016,1010.2,55.5,-55.5,3.45,0.146,-0.146,3.02,0.91,-0.29,0.877,0.264,-0.083,5815.0,163.0,-204.0,4.54,0.048,-0.192,15.855,291.40945,38.340019,KEPLER_CONFIRMED,3234843,1
3239671,K02066.01,Kepler-1678 b,CONFIRMED,147.97391,0.00116,-0.00116,1267.1,53.5,-53.5,6.854,0.168,-0.168,3.33,0.43,-0.29,0.95,0.123,-0.082,5578.0,100.0,-111.0,4.44,0.09,-0.099,14.904,292.59164,38.399658,KEPLER_CONFIRMED,3239671,1
3239945,K00490.04,Kepler-167 d,CONFIRMED,21.803708,0.0001361,-0.0001361,246.4,14.4,-14.4,3.369,0.157,-0.157,1.11,0.09,-0.03,0.692,0.054,-0.021,4799.0,95.0,-95.0,4.631,0.012,-0.048,14.023,292.65842,38.34539,KEPLER_CONFIRMED,3239945,1
3240158,K01106.02,Kepler-769 c,CONFIRMED,15.9868932,0.0002828,-0.0002828,178.5,18.3,-18.3,4.158,0.538,-0.538,1.62,0.25,-0.15,1.176,0.184,-0.107,6049.0,72.0,-91.0,4.353,0.076,-0.114,14.818,292.7131,38.358212,KEPLER_CONFIRMED,3240158,1
3244792,K04347.01,Kepler-1592 b,CONFIRMED,3.0570982,2.163e-05,-2.163e-05,144.0,10.6,-10.6,3.571,0.165,-0.165,0.99,0.25,-0.09,0.819,0.209,-0.07,6021.0,161.0,-179.0,4.57,0.032,-0.189,14.803,293.85065,38.397751,KEPLER_CONFIRMED,3244792,1
3245969,K01101.01,Kepler-768 b,CONFIRMED,11.39102358,8.858e-05,-8.858e-05,448.6,50.8,-50.8,2.303,0.198,-0.198,1.67,0.21,-0.12,0.728,0.092,-0.05,4983.0,150.0,-150.0,4.617,0.025,-0.075,15.681,294.11566,38.393478,KEPLER_CONFIRMED,3245969,1
3247268,K01089.02,Kepler-418 c,CONFIRMED,12.21828097,1.128e-05,-1.128e-05,1843.4,23.2,-23.2,2.6969,0.0669,-0.0669,5.1,0.76,-0.62,1.081,0.162,-0.132,5822.0,105.0,-116.0,4.351,0.115,-0.115,14.696,294.4335,38.35545,KEPLER_CONFIRMED,3247268,1
3323887,K00377.01,Kepler-9 b,CONFIRMED,19.270825843,4.182e-06,-4.182e-06,6660.5,13.0,-13.0,4.1281,0.0135,-0.0135,7.74,1.2,-0.42,0.956,0.147,-0.053,5779.0,104.0,-127.0,4.491,0.03,-0.128,13.803,285.57397,38.400902,KEPLER_CONFIRMED,3323887,1
3326377,K01830.01,Kepler-967 b,CONFIRMED,13.22714056,2.728e-05,-2.728e-05,812.0,17.8,-17.8,3.2861,0.051,-0.051,2.22,0.15,-0.12,0.8,0.054,-0.043,5180.0,103.0,-103.0,4.548,0.036,-0.054,14.443,286.55807,38.405369,KEPLER_CONFIRMED,3326377,1
3328080,K03075.01,Kepler-1898 b,CONFIRMED,4.76559056,2.772e-05,-2.772e-05,67.5,5.2,-5.2,2.2,0.147,-0.147,0.92,0.28,-0.23,1.125,0.347,-0.284,5702.0,189.0,-172.0,4.258,0.253,-0.207,12.994,287.20587,38.498055,KEPLER_CONFIRMED,3328080,1
3338885,K01845.02,Kepler-975 c,CONFIRMED,5.05821338,4.738e-06,-4.738e-06,748.3,23.7,-23.7,1.132,0.112,-0.112,10.69,6.94,-6.3,1.667,1.082,-0.983,4883.0,146.0,-132.0,3.972,0.57,-0.38,14.438,290.54855,38.495281,KEPLER_CONFIRMED,3338885,1
3342794,K02278.01,Kepler-376 c,CONFIRMED,14.17222858,5.555e-05,-5.555e-05,246.8,11.0,-11.0,2.6297,0.083,-0.083,2.39,0.38,-0.46,1.314,0.209,-0.256,5845.0,105.0,-117.0,4.2,0.176,-0.108,13.776,291.60718,38.410389,KEPLER_CONFIRMED,3342794,1
3342970,K00800.02,Kepler-234 c,CONFIRMED,7.21203748,1.553e-05,-1.553e-05,950.4,19.5,-19.5,4.0491,0.058,-0.058,3.32,1.09,-0.36,1.076,0.353,-0.118,6214.0,174.0,-239.0,4.442,0.054,-0.216,15.541,291.65353,38.494659,KEPLER_CONFIRMED,3342970,1
3346154,K02723.01,Kepler-1871 b,CONFIRMED,1.952711161,2.256e-06,-2.256e-06,403.0,18.9,-18.9,0.872,0.0356,-0.0356,2.58,0.76,-0.26,0.946,0.279,-0.093,5741.0,154.0,-188.0,4.495,0.052,-0.208,14.575,292.42749,38.472912,KEPLER_CONFIRMED,3346154,1
3348082,K01196.03,Kepler-274 c,CONFIRMED,33.1981761,0.0003758,-0.0003758,336.7,29.7,-29.7,4.709,0.295,-0.295,3.21,0.5,-0.81,1.548,0.241,-0.391,5570.0,83.0,-72.0,4.066,0.21,-0.09,15.035,292.92276,38.47728,KEPLER_CONFIRMED,3348082,1
3351888,K00801.01,Kepler-685 b,CONFIRMED,1.625522174,1.58e-07,-1.58e-07,7969.0,11.8,-11.8,2.38963,0.00338,-0.00338,9.73,1.41,-1.42,1.106,0.161,-0.161,5539.0,83.0,-74.0,4.322,0.137,-0.1,15.001,293.87192,38.422939,KEPLER_CONFIRMED,3351888,1
3353050,K00384.01,Kepler-541 b,CONFIRMED,5.0800579,1.209e-05,-1.209e-05,222.8,4.5,-4.5,5.207,0.0624,-0.0624,3.95,0.59,-1.1,2.52,0.377,-0.7,6049.0,132.0,-120.0,3.769,0.224,-0.096,13.281,294.14966,38.458271,KEPLER_CONFIRMED,3353050,1
3354846,K02444.01,Kepler-1241 b,CONFIRMED,18.5525162,0.0001372,-0.0001372,771.5,50.5,-50.5,4.385,0.21,-0.21,2.53,0.65,-0.21,0.829,0.213,-0.071,5569.0,166.0,-182.0,4.566,0.032,-0.179,15.714,294.57623,38.45697,KEPLER_CONFIRMED,3354846,1
3426367,K02662.01,Kepler-1308 b,CONFIRMED,2.10433534,4.467e-06,-4.467e-06,242.1,15.0,-15.0,1.1168,0.0649,-0.0649,0.79,0.11,-0.08,0.433,0.058,-0.048,3605.0,71.0,-85.0,4.837,0.038,-0.071,14.488,285.92889,38.520981,KEPLER_CONFIRMED,3426367,1
3433668,K03415.01,Kepler-1493 b,CONFIRMED,15.0219784,0.0004154,-0.0004154,96.9,16.2,-16.2,5.068,0.891,-0.891,1.77,0.29,-0.38,1.382,0.221,-0.295,5831.0,105.0,-117.0,4.162,0.182,-0.098,13.109,288.54913,38.565231,KEPLER_CONFIRMED,3433668,1
3438507,K01204.01,Kepler-788 b,CONFIRMED,8.39842977,5.66e-05,-5.66e-05,340.1,13.6,-13.6,6.344,0.143,-0.143,2.0,0.64,-0.21,1.044,0.335,-0.112,6309.0,175.0,-219.0,4.441,0.067,-0.216,15.291,290.0004,38.53989,KEPLER_CONFIRMED,3438507,1
3440118,K03876.01,Kepler-1928 b,CONFIRMED,19.57783279,3.696e-05,-3.696e-05,432.6,13.5,-13.5,1.9857,0.048,-0.048,1.96,0.27,-0.09,0.884,0.123,-0.039,5620.0,100.0,-111.0,4.533,0.023,-0.113,12.624,290.44067,38.52356,KEPLER_CONFIRMED,3440118,1
3442055,K01218.01,Kepler-795 b,CONFIRMED,29.6193891,0.0001103,-0.0001103,314.7,8.6,-8.6,4.9595,0.0926,-0.0926,1.74,0.24,-0.19,0.996,0.133,-0.109,5618.0,112.0,-101.0,4.401,0.1,-0.1,13.331,291.01904,38.54557,KEPLER_CONFIRMED,3442055,1
3444588,K01202.01,Kepler-787 b,CONFIRMED,0.928310036,2.161e-06,-2.161e-06,376.2,20.5,-20.5,1.1899,0.0617,-0.0617,1.16,0.05,-0.06,0.602,0.027,-0.03,4109.0,82.0,-82.0,4.672,0.022,-0.025,15.854,291.69247,38.572899,KEPLER_CONFIRMED,3444588,1
3446746,K00385.01,Kepler-542 b,CONFIRMED,13.14496741,3.118e-05,-3.118e-05,300.8,7.7,-7.7,3.6399,0.0591,-0.0591,1.59,0.16,-0.13,0.888,0.088,-0.073,5411.0,107.0,-107.0,4.477,0.07,-0.077,13.435,292.21509,38.548592,KEPLER_CONFIRMED,3446746,1
3447722,K01198.02,Kepler-275 b,CONFIRMED,10.30067919,9.16e-05,-9.16e-05,271.8,17.2,-17.2,4.885,0.207,-0.207,2.2,0.37,-0.38,1.33,0.225,-0.225,6157.0,123.0,-123.0,4.224,0.149,-0.108,15.319,292.47971,38.514919,KEPLER_CONFIRMED,3447722,1
3448130,K02043.01,Kepler-1786 b,CONFIRMED,78.5461106,0.000425,-0.000425,658.7,21.3,-21.3,8.689,0.131,-0.131,3.55,0.58,-0.64,1.397,0.228,-0.254,5808.0,78.0,-78.0,4.172,0.162,-0.108,14.087,292.5878,38.52203,KEPLER_CONFIRMED,3448130,1
3458028,K02276.01,Kepler-1171 b,CONFIRMED,1.442592305,4.874e-06,-4.874e-06,166.0,7.1,-7.1,2.9698,0.0858,-0.0858,2.67,0.67,-0.91,2.043,0.507,-0.697,7216.0,203.0,-279.0,3.983,0.28,-0.151,11.558,294.95892,38.591572,KEPLER_CONFIRMED,3458028,1
3531558,K00118.01,Kepler-467 b,CONFIRMED,24.99324319,6.127e-05,-6.127e-05,269.6,4.9,-4.9,5.9409,0.0669,-0.0669,2.29,0.12,-0.08,1.317,0.064,-0.048,5718.0,85.0,-77.0,4.181,0.018,-0.016,12.377,287.36279,38.649601,KEPLER_CONFIRMED,3531558,1
3541946,K00624.02,Kepler-198 c,CONFIRMED,49.5674085,0.0001867,-0.0001867,730.0,24.9,-24.9,4.002,0.0847,-0.0847,2.91,0.38,-0.21,0.927,0.122,-0.066,5569.0,111.0,-111.0,4.474,0.059,-0.11,13.597,290.67313,38.69101,KEPLER_CONFIRMED,3541946,1
3544595,K00069.01,Kepler-93 b,CONFIRMED,4.72674037,1.57e-06,-1.57e-06,273.1,1.1,-1.1,2.9267,0.0164,-0.0164,1.56,0.07,-0.07,0.894,0.04,-0.036,5648.0,76.0,-76.0,4.472,0.03,-0.03,9.931,291.4183,38.672359,KEPLER_CONFIRMED,3544595,1
3544640,K03279.01,Kepler-1914 b,CONFIRMED,30.8278245,0.0003158,-0.0003158,641.3,52.1,-52.1,4.214,0.215,-0.215,2.42,0.68,-0.27,0.96,0.27,-0.108,5982.0,189.0,-232.0,4.493,0.048,-0.192,15.765,291.43143,38.654388,KEPLER_CONFIRMED,3544640,1
3545135,K02755.01,Kepler-1689 b,CONFIRMED,8.48299282,3.908e-05,-3.908e-05,69.1,3.9,-3.9,2.505,0.11,-0.11,0.8,0.11,-0.06,0.933,0.126,-0.073,5827.0,104.0,-116.0,4.471,0.059,-0.11,12.147,291.57422,38.655949,KEPLER_CONFIRMED,3545135,1
3546060,K02126.01,Kepler-1110 b,CONFIRMED,9.69310837,3.035e-05,-3.035e-05,1130.7,40.6,-40.6,2.734,0.0772,-0.0772,2.12,0.18,-0.19,0.618,0.054,-0.054,4818.0,173.0,-173.0,4.639,0.059,-0.036,15.914,291.80801,38.6227,KEPLER_CONFIRMED,3546060,1
3548044,K02194.02,Kepler-371 c,CONFIRMED,67.968656,0.0005854,-0.0005854,321.8,12.7,-12.7,7.948,0.158,-0.158,1.71,0.22,-0.22,0.95,0.124,-0.124,5670.0,113.0,-102.0,4.387,0.138,-0.092,13.865,292.32645,38.657581,KEPLER_CONFIRMED,3548044,1
3554031,K01194.01,Kepler-415 c,CONFIRMED,8.70798309,2.927e-05,-2.927e-05,1419.6,53.6,-53.6,2.4904,0.0805,-0.0805,2.01,0.15,-0.06,0.554,0.042,-0.017,4362.0,87.0,-78.0,4.722,0.012,-0.051,15.842,293.80441,38.63913,KEPLER_CONFIRMED,3554031,1
3559860,K03440.01,Kepler-1980 b,CONFIRMED,33.0257179,0.0006181,-0.0006181,507.1,47.2,-47.2,6.032,0.45,-0.45,2.21,0.36,-0.12,0.99,0.163,-0.054,5819.0,69.0,-87.0,4.468,0.032,-0.128,15.606,295.16721,38.637081,KEPLER_CONFIRMED,3559860,1
3559935,K00492.01,Kepler-576 b,CONFIRMED,29.9111886,9.444e-05,-9.444e-05,942.0,21.1,-21.1,6.6436,0.0927,-0.0927,2.9,0.29,-0.35,0.969,0.096,-0.117,5275.0,78.0,-78.0,4.397,0.12,-0.08,14.424,295.18292,38.654228,KEPLER_CONFIRMED,3559935,1
3561464,K03398.02,Kepler-1487 c,CONFIRMED,35.8007112,0.0003713,-0.0003713,417.4,17.5,-17.5,8.219,0.208,-0.208,7.97,1.39,-2.77,3.955,0.688,-1.376,5745.0,86.0,-77.0,3.499,0.259,-0.129,13.489,295.49811,38.644501,KEPLER_CONFIRMED,3561464,1
3629330,K03418.01,Kepler-1495 b,CONFIRMED,85.272459,0.002575,-0.002575,767.8,48.7,-48.7,13.31,1.2,-1.2,3.85,1.07,-0.71,1.057,0.293,-0.195,5922.0,178.0,-178.0,4.349,0.158,-0.193,15.417,286.13077,38.779629,KEPLER_CONFIRMED,3629330,1
3629967,K01901.01,Kepler-1775 b,CONFIRMED,85.6542476,0.0004328,-0.0004328,476.0,14.9,-14.9,6.866,0.122,-0.122,3.56,0.54,-0.82,1.647,0.252,-0.378,5818.0,69.0,-86.0,4.065,0.202,-0.081,13.34,286.40231,38.738541,KEPLER_CONFIRMED,3629967,1
3632089,K03308.02,Kepler-1464 c,CONFIRMED,5.32784157,4.29e-05,-4.29e-05,87.2,6.2,-6.2,4.696,0.187,-0.187,0.86,0.24,-0.15,0.928,0.252,-0.168,5638.0,152.0,-152.0,4.391,0.171,-0.209,14.159,287.23569,38.754162,KEPLER_CONFIRMED,3632089,1
3632418,K00975.01,Kepler-21 b,CONFIRMED,2.785821236,5.258e-06,-5.258e-06,68.9,1.5,-1.5,3.5599,0.0416,-0.0416,1.69,0.11,-0.09,1.733,0.118,-0.095,6202.0,74.0,-83.0,4.026,0.033,-0.027,8.224,287.36182,38.714016,KEPLER_CONFIRMED,3632418,1
3634051,K06103.01,Kepler-1981 b,CONFIRMED,453.54212,0.003501,-0.003501,861.0,18.6,-18.6,17.026,0.24,-0.24,9.23,1.76,-4.1,3.006,0.572,-1.335,5874.0,87.0,-79.0,3.664,0.375,-0.125,13.436,287.97546,38.74028,KEPLER_CONFIRMED,3634051,1
3640905,K01221.01,Kepler-278 b,CONFIRMED,30.1599411,0.0001761,-0.0001761,175.9,5.8,-5.8,7.874,0.13,-0.13,4.54,0.3,-0.61,3.051,0.202,-0.404,5010.0,51.0,-103.0,3.62,0.06,-0.055,11.584,290.10718,38.702229,KEPLER_CONFIRMED,3640905,1
3641726,K00804.01,Kepler-1727 b,CONFIRMED,9.02930689,1.648e-05,-1.648e-05,1019.8,21.9,-21.9,3.1449,0.0528,-0.0528,2.57,0.44,-0.26,0.82,0.141,-0.082,5349.0,167.0,-167.0,4.526,0.063,-0.108,15.387,290.33362,38.72823,KEPLER_CONFIRMED,3641726,1
3642289,K00301.01,Kepler-135 b,CONFIRMED,6.002548291,9.701e-06,-9.701e-06,202.0,3.1,-3.1,4.1628,0.0713,-0.0713,2.33,0.38,-0.29,1.36,0.228,-0.166,6204.0,111.0,-136.0,4.269,0.084,-0.116,12.73,290.49512,38.795479,KEPLER_CONFIRMED,3642289,1
3642335,K03010.01,Kepler-1410 b,CONFIRMED,60.8660974,0.0006497,-0.0006497,714.3,53.7,-53.7,4.397,0.238,-0.238,1.39,0.07,-0.1,0.522,0.028,-0.035,3808.0,69.0,-76.0,4.734,0.033,-0.027,15.757,290.51019,38.743542,KEPLER_CONFIRMED,3642335,1
3645438,K04385.01,Kepler-1600 c,CONFIRMED,7.298142,5.423e-05,-5.423e-05,370.5,29.4,-29.4,3.024,0.146,-0.146,1.6,0.09,-0.1,0.834,0.047,-0.052,5119.0,82.0,-82.0,4.508,0.06,-0.04,15.825,291.39938,38.78775,KEPLER_CONFIRMED,3645438,1
3656121,K00386.01,Kepler-146 b,CONFIRMED,31.1588249,5.73e-05,-5.73e-05,959.0,14.5,-14.5,5.1803,0.0504,-0.0504,3.56,0.57,-0.46,1.155,0.184,-0.151,5951.0,107.0,-119.0,4.319,0.12,-0.12,13.838,294.11075,38.710232,KEPLER_CONFIRMED,3656121,1
3657758,K02034.01,Kepler-1065 b,CONFIRMED,3.609313059,7.605e-06,-7.605e-06,1375.1,45.1,-45.1,1.7752,0.054,-0.054,3.26,0.92,-0.31,0.868,0.246,-0.082,5668.0,169.0,-186.0,4.545,0.036,-0.192,15.54,294.51126,38.790501,KEPLER_CONFIRMED,3657758,1
3660924,K01214.01,Kepler-793 b,CONFIRMED,4.24153629,2.203e-05,-2.203e-05,188.1,12.4,-12.4,2.971,0.147,-0.147,1.44,0.39,-0.28,1.047,0.283,-0.206,5776.0,172.0,-155.0,4.34,0.185,-0.185,14.621,295.21664,38.77433,KEPLER_CONFIRMED,3660924,1
3661886,K02279.01,Kepler-377 c,CONFIRMED,27.0142622,0.0001497,-0.0001497,287.6,12.1,-12.1,5.385,0.126,-0.126,2.0,0.31,-0.28,1.184,0.183,-0.165,5949.0,107.0,-119.0,4.303,0.12,-0.108,13.86,295.422,38.735691,KEPLER_CONFIRMED,3661886,1
3662838,K00302.01,Kepler-516 b,CONFIRMED,24.85466504,5.637e-05,-5.637e-05,776.2,9.7,-9.7,9.182,0.11,-0.11,7.61,1.38,-2.56,2.527,0.458,-0.851,6967.0,167.0,-229.0,3.864,0.259,-0.111,12.059,295.6088,38.735741,KEPLER_CONFIRMED,3662838,1
3728432,K03893.01,Kepler-1526 b,CONFIRMED,3.90863457,7.248e-06,-7.248e-06,867.2,27.7,-27.7,1.7704,0.0508,-0.0508,1.86,0.13,-0.18,0.653,0.046,-0.063,4518.0,121.0,-134.0,4.613,0.052,-0.024,15.646,285.11969,38.866421,KEPLER_CONFIRMED,3728432,1
3728701,K02536.01,Kepler-1272 b,CONFIRMED,51.1319346,0.0004368,-0.0004368,382.3,21.6,-21.6,6.019,0.194,-0.194,2.43,0.74,-0.4,1.107,0.338,-0.182,6071.0,189.0,-210.0,4.353,0.132,-0.198,14.423,285.21985,38.805882,KEPLER_CONFIRMED,3728701,1
3732035,K03966.01,Kepler-1535 b,CONFIRMED,138.944022,0.001311,-0.001311,530.2,21.7,-21.7,10.611,0.192,-0.192,2.57,0.41,-0.28,1.115,0.18,-0.12,6014.0,108.0,-133.0,4.362,0.084,-0.116,14.208,286.61371,38.891972,KEPLER_CONFIRMED,3732035,1
3732821,K01207.01,Kepler-790 b,CONFIRMED,13.73474071,4.209e-05,-4.209e-05,746.4,27.9,-27.9,2.769,0.137,-0.137,2.71,0.31,-0.31,0.772,0.088,-0.088,5196.0,153.0,-138.0,4.524,0.088,-0.072,15.187,286.91711,38.872219,KEPLER_CONFIRMED,3732821,1
3733628,K00387.01,Kepler-543 b,CONFIRMED,13.89963233,1.541e-05,-1.541e-05,1121.7,13.1,-13.1,3.5791,0.0543,-0.0543,2.46,0.1,-0.13,0.663,0.027,-0.036,4538.0,90.0,-90.0,4.607,0.039,-0.015,13.577,287.21872,38.862522,KEPLER_CONFIRMED,3733628,1
3734418,K02261.01,Kepler-1164 b,CONFIRMED,3.97599629,1.137e-05,-1.137e-05,206.0,8.7,-8.7,2.2029,0.0732,-0.0732,1.11,0.07,-0.06,0.778,0.049,-0.04,5143.0,102.0,-102.0,4.561,0.036,-0.05,14.11,287.52963,38.894508,KEPLER_CONFIRMED,3734418,1
3745559,K03423.01,Kepler-1920 b,CONFIRMED,30.2541186,0.000208,-0.000208,576.3,56.4,-56.4,2.134,0.177,-0.177,2.8,0.96,-0.32,1.161,0.4,-0.133,6277.0,170.0,-208.0,4.402,0.056,-0.224,14.296,291.06204,38.863312,KEPLER_CONFIRMED,3745559,1
3745690,K00442.03,Kepler-157 d,CONFIRMED,7.0257409,2.348e-05,-2.348e-05,190.7,9.7,-9.7,2.245,0.0807,-0.0807,1.56,0.23,-0.18,1.014,0.145,-0.119,5767.0,115.0,-104.0,4.389,0.099,-0.11,14.002,291.09723,38.87561,KEPLER_CONFIRMED,3745690,1
3747817,K04103.01,Kepler-1552 b,CONFIRMED,184.77271,0.002335,-0.002335,951.4,47.0,-47.0,9.568,0.287,-0.287,2.41,0.22,-0.1,0.801,0.072,-0.033,5273.0,105.0,-105.0,4.566,0.025,-0.07,14.838,291.67682,38.874908,KEPLER_CONFIRMED,3747817,1
3749134,K01212.01,Kepler-792 b,CONFIRMED,11.30123036,7.531e-05,-7.531e-05,277.1,16.6,-16.6,4.022,0.142,-0.142,1.85,0.28,-0.23,1.122,0.169,-0.138,5730.0,77.0,-77.0,4.34,0.11,-0.11,14.981,292.00681,38.820728,KEPLER_CONFIRMED,3749134,1
3749365,K01176.01,Kepler-785 b,CONFIRMED,1.97376085,9.9e-08,-9.9e-08,30222.4,31.3,-31.3,1.82542,0.00776,-0.00776,8.78,1.43,-2.13,0.503,0.082,-0.122,3807.0,291.0,-291.0,4.762,0.12,-0.08,15.715,292.0683,38.84227,KEPLER_CONFIRMED,3749365,1
3749978,K02308.01,Kepler-1183 b,CONFIRMED,28.5057217,0.0002837,-0.0002837,755.8,40.5,-40.5,6.324,0.227,-0.227,2.55,0.75,-0.26,0.87,0.259,-0.086,5712.0,169.0,-169.0,4.534,0.048,-0.192,15.778,292.23242,38.89222,KEPLER_CONFIRMED,3749978,1
3756264,K03108.01,Kepler-1906 b,CONFIRMED,7.36272124,1.93e-05,-1.93e-05,429.3,29.7,-29.7,1.3287,0.082,-0.082,1.86,0.49,-0.16,0.894,0.231,-0.077,5868.0,140.0,-175.0,4.53,0.042,-0.179,14.941,293.82663,38.856621,KEPLER_CONFIRMED,3756264,1
3762468,K00208.01,Kepler-493 b,CONFIRMED,3.003879547,3.581e-06,-3.581e-06,8538.0,122.0,-122.0,3.2848,0.0587,-0.0587,10.96,3.52,-1.17,1.172,0.376,-0.125,6311.0,177.0,-243.0,4.398,0.054,-0.216,14.996,295.30753,38.881641,KEPLER_CONFIRMED,3762468,1
3831053,K00388.01,Kepler-1719 b,CONFIRMED,6.14955931,1.211e-05,-1.211e-05,333.7,4.4,-4.4,5.5694,0.0479,-0.0479,3.26,0.51,-0.85,1.775,0.283,-0.46,5687.0,114.0,-103.0,3.973,0.21,-0.09,13.644,284.70691,38.936821,KEPLER_CONFIRMED,3831053,1
3832474,K00806.01,Kepler-30 d,CONFIRMED,143.2063047,0.0002348,-0.0002348,10565.7,82.4,-82.4,8.9302,0.0961,-0.0961,8.9,0.82,-0.38,0.867,0.079,-0.037,5485.0,98.0,-120.0,4.556,0.014,-0.081,15.403,285.28363,38.947281,KEPLER_CONFIRMED,3832474,1
3833007,K00443.01,Kepler-555 b,CONFIRMED,16.21774917,2.713e-05,-2.713e-05,758.3,10.9,-10.9,4.9274,0.0462,-0.0462,2.22,0.59,-0.16,0.798,0.211,-0.056,5837.0,158.0,-158.0,4.577,0.033,-0.187,14.2,285.51685,38.9324,KEPLER_CONFIRMED,3833007,1
3835670,K00149.01,Kepler-473 b,CONFIRMED,14.55730897,1.395e-05,-1.395e-05,956.9,5.5,-5.5,7.7643,0.0289,-0.0289,4.32,0.71,-0.86,1.412,0.232,-0.283,5774.0,115.0,-104.0,4.159,0.168,-0.098,13.397,286.6301,38.945599,KEPLER_CONFIRMED,3835670,1
3839488,K01216.01,Kepler-794 b,CONFIRMED,11.13127159,3.506e-05,-3.506e-05,211.2,6.7,-6.7,4.2372,0.0749,-0.0749,2.06,0.35,-0.39,1.435,0.247,-0.271,5800.0,105.0,-117.0,4.202,0.156,-0.117,13.459,288.1337,38.99688,KEPLER_CONFIRMED,3839488,1
3847138,K00444.01,Kepler-556 b,CONFIRMED,11.72291212,2.566e-05,-2.566e-05,492.2,9.6,-9.6,4.2064,0.0526,-0.0526,2.08,0.26,-0.21,0.953,0.12,-0.098,5550.0,110.0,-110.0,4.431,0.095,-0.095,14.112,290.52942,38.942661,KEPLER_CONFIRMED,3847138,1
3847907,K00229.01,Kepler-497 b,CONFIRMED,3.573202801,9e-07,-9e-07,2975.0,9.7,-9.7,2.88,0.0114,-0.0114,5.81,1.6,-0.94,1.08,0.298,-0.174,5646.0,200.0,-220.0,4.37,0.128,-0.192,14.72,290.76587,38.927959,KEPLER_CONFIRMED,3847907,1
3848275,K02995.01,Kepler-1403 b,CONFIRMED,5.19492747,2.784e-05,-2.784e-05,272.9,19.3,-19.3,3.167,0.132,-0.132,2.03,0.66,-0.26,1.224,0.4,-0.16,6415.0,177.0,-243.0,4.374,0.065,-0.208,15.598,290.86771,38.960121,KEPLER_CONFIRMED,3848275,1
3852655,K03002.01,Kepler-1406 b,CONFIRMED,11.62904159,7.444e-05,-7.444e-05,88.0,7.4,-7.4,2.97,0.149,-0.149,1.31,0.2,-0.2,1.131,0.173,-0.173,5721.0,103.0,-114.0,4.307,0.143,-0.104,13.256,292.08185,38.915031,KEPLER_CONFIRMED,3852655,1
3859079,K01199.01,Kepler-786 b,CONFIRMED,53.5292702,0.0002683,-0.0002683,1086.1,35.7,-35.7,5.668,0.122,-0.122,2.28,0.15,-0.08,0.708,0.046,-0.025,4736.0,94.0,-94.0,4.624,0.012,-0.048,14.887,293.74393,38.939281,KEPLER_CONFIRMED,3859079,1
3859628,K01191.01,Kepler-1740 b,CONFIRMED,8.17242644,2.683e-05,-2.683e-05,864.3,26.0,-26.0,3.902,0.141,-0.141,3.29,0.44,-0.19,0.905,0.121,-0.052,5705.0,76.0,-76.0,4.499,0.045,-0.113,15.24,293.87363,38.922482,KEPLER_CONFIRMED,3859628,1
3861595,K00004.01,Kepler-1658 b,CONFIRMED,3.849371737,2.344e-06,-2.344e-06,1298.6,13.0,-13.0,2.632,0.106,-0.106,12.94,1.8,-4.2,2.992,0.416,-0.971,6244.0,126.0,-114.0,3.657,0.27,-0.09,11.432,294.35654,38.94738,KEPLER_CONFIRMED,3861595,1
3867615,K02289.02,Kepler-379 b,CONFIRMED,20.0983676,0.0001238,-0.0001238,157.8,8.8,-8.8,5.207,0.144,-0.144,1.58,0.27,-0.22,1.26,0.217,-0.177,6053.0,121.0,-133.0,4.279,0.12,-0.12,13.358,295.70111,38.945831,KEPLER_CONFIRMED,3867615,1
3869014,K01205.01,Kepler-789 b,CONFIRMED,8.63847391,3.522e-05,-3.522e-05,395.9,11.8,-11.8,5.4566,0.0903,-0.0903,5.99,1.17,-2.19,3.046,0.598,-1.111,5684.0,85.0,-76.0,3.657,0.3,-0.1,14.507,295.97516,38.94664,KEPLER_CONFIRMED,3869014,1
3935914,K00809.01,Kepler-686 b,CONFIRMED,1.594745374,1.13e-07,-1.13e-07,15044.5,20.3,-20.3,1.9604,0.0106,-0.0106,11.3,3.09,-1.33,0.893,0.244,-0.105,5934.0,160.0,-178.0,4.491,0.065,-0.195,15.53,285.21381,39.027481,KEPLER_CONFIRMED,3935914,1
3937519,K00221.02,Kepler-495 c,CONFIRMED,5.89661966,4.591e-05,-4.591e-05,144.0,10.4,-10.4,3.154,0.189,-0.189,1.28,0.26,-0.22,1.087,0.224,-0.184,5392.0,80.0,-72.0,4.314,0.165,-0.15,14.622,285.93069,39.098141,KEPLER_CONFIRMED,3937519,1
3937814,K04084.01,Kepler-1549 b,CONFIRMED,214.881456,0.003917,-0.003917,759.2,48.7,-48.7,9.581,0.404,-0.404,2.68,0.29,-0.37,0.995,0.111,-0.135,5323.0,79.0,-79.0,4.378,0.126,-0.084,15.188,286.05243,39.09605,KEPLER_CONFIRMED,3937814,1
3939150,K01215.02,Kepler-277 c,CONFIRMED,33.0063185,0.000149,-0.000149,278.1,7.6,-7.6,7.118,0.12,-0.12,3.13,0.45,-0.76,1.857,0.264,-0.452,5968.0,120.0,-108.0,3.972,0.21,-0.084,13.42,286.58316,39.077202,KEPLER_CONFIRMED,3939150,1
3940418,K00810.01,Kepler-1728 b,CONFIRMED,4.783002698,5.432e-06,-5.432e-06,1008.7,16.6,-16.6,2.335,0.0332,-0.0332,2.5,0.34,-0.19,0.807,0.111,-0.06,5170.0,155.0,-155.0,4.574,0.026,-0.097,15.119,287.09399,39.060719,KEPLER_CONFIRMED,3940418,1
3942670,K00392.02,Kepler-147 b,CONFIRMED,12.6119685,0.0002983,-0.0002983,76.5,7.3,-7.3,6.372,0.398,-0.398,1.33,0.24,-0.25,1.42,0.263,-0.263,6007.0,122.0,-122.0,4.178,0.162,-0.108,13.954,287.97577,39.087181,KEPLER_CONFIRMED,3942670,1
3955817,K04117.01,Kepler-1553 b,CONFIRMED,4.24263096,2.661e-05,-2.661e-05,187.6,13.6,-13.6,2.582,0.143,-0.143,1.1,0.06,-0.06,0.825,0.042,-0.047,5072.0,81.0,-81.0,4.521,0.054,-0.036,14.955,291.91916,39.02227,KEPLER_CONFIRMED,3955817,1
3962243,K01203.01,Kepler-276 c,CONFIRMED,31.8841473,0.0002099,-0.0002099,910.0,37.4,-37.4,6.122,0.217,-0.217,3.7,0.6,-0.2,0.974,0.158,-0.053,5779.0,78.0,-86.0,4.477,0.032,-0.128,15.368,293.56815,39.03632,KEPLER_CONFIRMED,3962243,1
3962357,K01210.01,Kepler-791 b,CONFIRMED,14.55387488,9.874e-05,-9.874e-05,319.7,13.3,-13.3,6.973,0.28,-0.28,3.45,0.62,-0.63,1.507,0.273,-0.273,6143.0,73.0,-85.0,4.177,0.149,-0.122,14.377,293.59583,39.02948,KEPLER_CONFIRMED,3962357,1
3964109,K00393.01,Kepler-544 b,CONFIRMED,21.41624083,7.019e-05,-7.019e-05,314.5,8.4,-8.4,7.081,0.0938,-0.0938,2.09,0.38,-0.23,1.18,0.212,-0.13,6156.0,123.0,-135.0,4.331,0.084,-0.126,13.542,294.02911,39.051849,KEPLER_CONFIRMED,3964109,1
3966801,K00494.01,Kepler-577 b,CONFIRMED,25.69581456,5.824e-05,-5.824e-05,1130.8,29.0,-29.0,4.0251,0.0791,-0.0791,1.7,0.21,-0.33,0.477,0.061,-0.092,3787.0,163.0,-204.0,4.775,0.096,-0.056,14.885,294.71194,39.073761,KEPLER_CONFIRMED,3966801,1
3967326,K02084.01,Kepler-1792 b,CONFIRMED,4.19577385,1.568e-05,-1.568e-05,874.2,45.0,-45.0,2.1557,0.0918,-0.0918,3.02,0.98,-0.53,1.005,0.328,-0.177,5229.0,183.0,-183.0,4.378,0.16,-0.24,15.168,294.84003,39.085991,KEPLER_CONFIRMED,3967326,1
3967760,K01760.01,Kepler-317 b,CONFIRMED,5.52418625,2.365e-05,-2.365e-05,491.0,26.1,-26.1,2.826,0.111,-0.111,2.25,0.27,-0.29,1.004,0.118,-0.131,5334.0,79.0,-79.0,4.372,0.132,-0.099,15.377,294.94388,39.032059,KEPLER_CONFIRMED,3967760,1
3969687,K02904.01,Kepler-1382 b,CONFIRMED,16.3583482,0.0001031,-0.0001031,116.4,4.4,-4.4,9.858,0.148,-0.148,2.23,0.42,-0.52,1.765,0.334,-0.409,6133.0,111.0,-135.0,4.084,0.174,-0.13,12.683,295.37738,39.048031,KEPLER_CONFIRMED,3969687,1
4035640,K01881.01,Kepler-995 b,CONFIRMED,28.26727385,9.64e-05,-9.64e-05,1160.2,31.5,-31.5,4.5839,0.0874,-0.0874,2.93,0.16,-0.26,0.886,0.049,-0.077,5132.0,84.0,-76.0,4.457,0.084,-0.039,14.907,284.61572,39.131039,KEPLER_CONFIRMED,4035640,1
4043190,K01220.01,Kepler-796 b,CONFIRMED,6.40087137,2.281e-05,-2.281e-05,133.6,6.3,-6.3,2.5561,0.0834,-0.0834,1.91,0.33,-0.5,1.421,0.247,-0.371,5426.0,119.0,-76.0,4.107,0.227,-0.105,12.988,287.30786,39.14473,KEPLER_CONFIRMED,4043190,1
4049131,K00811.01,Kepler-687 b,CONFIRMED,20.50588921,3.206e-05,-3.206e-05,2105.5,31.0,-31.0,4.0595,0.0481,-0.0481,3.41,0.28,-0.31,0.761,0.063,-0.07,4905.0,148.0,-148.0,4.544,0.072,-0.044,15.398,289.31543,39.153278,KEPLER_CONFIRMED,4049131,1
4055304,K02119.01,Kepler-1107 b,CONFIRMED,0.571038347,6.84e-07,-6.84e-07,242.1,7.5,-7.5,1.1267,0.0331,-0.0331,1.65,0.08,-0.15,0.886,0.045,-0.083,5132.0,84.0,-77.0,4.457,0.096,-0.036,14.098,291.04993,39.14167,KEPLER_CONFIRMED,4055304,1
4056616,K02013.01,Kepler-1053 b,CONFIRMED,2.41434868,4.231e-06,-4.231e-06,191.0,7.8,-7.8,1.2701,0.0488,-0.0488,0.97,0.03,-0.04,0.724,0.02,-0.035,4507.0,80.0,-80.0,4.573,0.043,-0.013,13.156,291.41864,39.127419,KEPLER_CONFIRMED,4056616,1
4061149,K01201.01,Kepler-1741 b,CONFIRMED,2.757584622,6.935e-06,-6.935e-06,563.1,37.0,-37.0,0.9267,0.0793,-0.0793,1.01,0.11,-0.13,0.424,0.045,-0.055,3683.0,73.0,-88.0,4.84,0.05,-0.055,15.597,292.57703,39.12088,KEPLER_CONFIRMED,4061149,1
4067925,K03066.01,Kepler-1897 b,CONFIRMED,24.2204192,0.000194,-0.000194,806.3,67.4,-67.4,3.271,0.226,-0.226,2.1,0.33,-0.15,0.761,0.119,-0.055,5165.0,170.0,-154.0,4.599,0.026,-0.097,15.911,294.29004,39.126869,KEPLER_CONFIRMED,4067925,1
4072526,K01329.01,Kepler-819 b,CONFIRMED,33.1996355,0.0001397,-0.0001397,1112.5,39.9,-39.9,5.022,0.116,-0.116,2.85,0.15,-0.25,0.88,0.049,-0.077,5102.0,76.0,-84.0,4.463,0.091,-0.039,15.03,295.37079,39.177212,KEPLER_CONFIRMED,4072526,1
4076098,K01323.01,Kepler-817 b,CONFIRMED,3.990105908,1.431e-06,-1.431e-06,6154.9,32.5,-32.5,2.4108,0.0414,-0.0414,7.45,2.18,-0.73,0.913,0.267,-0.089,5926.0,166.0,-228.0,4.519,0.048,-0.192,15.572,296.08185,39.161621,KEPLER_CONFIRMED,4076098,1
4077526,K01336.01,Kepler-58 b,CONFIRMED,10.21864532,4.518e-05,-4.518e-05,445.3,18.0,-18.0,3.802,0.113,-0.113,2.33,0.75,-0.33,1.083,0.35,-0.15,6100.0,193.0,-214.0,4.376,0.105,-0.195,14.82,296.35867,39.115189,KEPLER_CONFIRMED,4077526,1
4078311,K04166.01,Kepler-1944 b,CONFIRMED,9.84262076,3.528e-05,-3.528e-05,626.4,43.4,-43.4,1.6018,0.0873,-0.0873,2.41,0.58,-0.21,0.972,0.235,-0.084,5585.0,175.0,-194.0,4.49,0.044,-0.176,15.308,296.5105,39.173321,KEPLER_CONFIRMED,4078311,1
4135665,K01339.01,Kepler-823 b,CONFIRMED,4.16811839,1.602e-05,-1.602e-05,263.0,11.7,-11.7,2.8084,0.0982,-0.0982,2.28,0.35,-0.44,1.313,0.204,-0.25,5689.0,77.0,-77.0,4.202,0.162,-0.108,14.801,284.58255,39.220211,KEPLER_CONFIRMED,4135665,1
4136466,K01344.01,Kepler-826 b,CONFIRMED,4.48758768,1.661e-05,-1.661e-05,112.0,5.0,-5.0,2.874,0.0927,-0.0927,1.37,0.22,-0.26,1.257,0.197,-0.241,6060.0,120.0,-132.0,4.227,0.168,-0.112,13.446,284.86014,39.240551,KEPLER_CONFIRMED,4136466,1
4138008,K04742.01,Kepler-442 b,CONFIRMED,112.303136,0.001722,-0.001722,502.1,44.1,-44.1,5.869,0.362,-0.362,1.3,0.07,-0.05,0.595,0.03,-0.024,4401.0,78.0,-78.0,4.677,0.017,-0.027,14.976,285.36658,39.280079,KEPLER_CONFIRMED,4138008,1
4138951,K02866.01,Kepler-1373 b,CONFIRMED,1.291233083,5.712e-06,-5.712e-06,66.0,5.1,-5.1,1.855,0.123,-0.123,0.89,0.26,-0.11,1.086,0.314,-0.134,6384.0,153.0,-192.0,4.419,0.062,-0.2,14.135,285.75204,39.24921,KEPLER_CONFIRMED,4138951,1
4139816,K00812.01,Kepler-235 b,CONFIRMED,3.340218842,3.177e-06,-3.177e-06,1632.6,26.6,-26.6,1.9104,0.0318,-0.0318,2.03,0.13,-0.17,0.493,0.033,-0.04,3950.0,70.0,-86.0,4.754,0.042,-0.031,15.954,286.07913,39.27832,KEPLER_CONFIRMED,4139816,1
4140813,K02117.01,Kepler-1795 b,CONFIRMED,13.36019864,5.956e-05,-5.956e-05,699.9,37.5,-37.5,2.788,0.113,-0.113,1.84,0.13,-0.11,0.688,0.048,-0.04,4500.0,123.0,-137.0,4.638,0.018,-0.049,15.637,286.47934,39.269958,KEPLER_CONFIRMED,4140813,1
4141376,K00280.01,Kepler-1655 b,CONFIRMED,11.87290814,1.145e-05,-1.145e-05,332.7,4.5,-4.5,2.5342,0.045,-0.045,2.25,0.1,-0.1,1.04,0.047,-0.047,6147.0,73.0,-92.0,4.412,0.03,-0.027,11.072,286.68945,39.21191,KEPLER_CONFIRMED,4141376,1
4142847,K02210.01,Kepler-1143 b,CONFIRMED,2.888904439,7.104e-06,-7.104e-06,402.2,19.8,-19.8,1.6043,0.0622,-0.0622,1.68,0.1,-0.06,0.759,0.041,-0.03,4895.0,78.0,-78.0,4.589,0.018,-0.046,15.195,287.30283,39.289688,KEPLER_CONFIRMED,4142847,1
4143755,K00281.01,Kepler-510 b,CONFIRMED,19.55662003,3.697e-05,-3.697e-05,298.9,3.1,-3.1,8.087,0.052,-0.052,2.45,0.12,-0.09,1.36,0.065,-0.049,5671.0,111.0,-51.0,4.094,0.033,-0.027,11.947,287.655,39.244289,KEPLER_CONFIRMED,4143755,1
4144576,K02202.01,Kepler-1139 b,CONFIRMED,0.813166357,1.399e-06,-1.399e-06,173.5,6.2,-6.2,1.4122,0.0501,-0.0501,1.14,0.1,-0.06,0.887,0.073,-0.049,5237.0,73.0,-84.0,4.5,0.048,-0.072,14.113,287.94562,39.230572,KEPLER_CONFIRMED,4144576,1
4149450,K01864.01,Kepler-1772 b,CONFIRMED,3.215109385,7.879e-06,-7.879e-06,158.0,3.4,-3.4,4.365,0.112,-0.112,1.54,0.19,-0.12,0.934,0.117,-0.068,5541.0,100.0,-111.0,4.472,0.056,-0.104,13.405,289.43811,39.270359,KEPLER_CONFIRMED,4149450,1
4150804,K03678.01,Kepler-1513 b,CONFIRMED,160.88451966,8.794e-05,-8.794e-05,7590.4,17.6,-17.6,10.8771,0.0369,-0.0369,9.09,3.04,-2.02,1.044,0.349,-0.232,5650.0,186.0,-186.0,4.313,0.225,-0.225,12.888,289.7916,39.285328,KEPLER_CONFIRMED,4150804,1
4155328,K01335.01,Kepler-820 b,CONFIRMED,127.8334997,0.000404,-0.000404,1829.9,27.4,-27.4,10.914,0.113,-0.113,9.46,1.56,-2.14,2.17,0.357,-0.492,6505.0,71.0,-84.0,3.973,0.18,-0.105,13.968,291.02014,39.22068,KEPLER_CONFIRMED,4155328,1
4157325,K01860.03,Kepler-416 d,CONFIRMED,3.07644709,1.038e-05,-1.038e-05,216.7,8.1,-8.1,2.6326,0.0693,-0.0693,1.61,0.23,-0.17,1.022,0.148,-0.108,5670.0,114.0,-114.0,4.397,0.095,-0.105,14.028,291.55695,39.227291,KEPLER_CONFIRMED,4157325,1
4164922,K03864.01,Kepler-1698 b,CONFIRMED,1.210693626,1.592e-06,-1.592e-06,159.1,4.7,-4.7,1.434,0.0388,-0.0388,0.99,0.05,-0.06,0.756,0.039,-0.043,5014.0,100.0,-100.0,4.559,0.044,-0.032,12.914,293.34497,39.257809,KEPLER_CONFIRMED,4164922,1
4164994,K01320.01,Kepler-816 b,CONFIRMED,10.50682978,3.682e-06,-3.682e-06,13355.5,45.2,-45.2,3.7769,0.0353,-0.0353,9.01,1.2,-0.7,0.782,0.104,-0.061,5127.0,185.0,-185.0,4.589,0.03,-0.09,15.95,293.36285,39.212448,KEPLER_CONFIRMED,4164994,1
4165473,K00550.01,Kepler-597 b,CONFIRMED,13.02363236,3.206e-05,-3.206e-05,607.0,14.1,-14.1,3.9734,0.067,-0.067,2.3,0.3,-0.19,0.945,0.123,-0.076,5627.0,101.0,-112.0,4.453,0.072,-0.108,14.07,293.47012,39.252811,KEPLER_CONFIRMED,4165473,1
4173026,K02172.01,Kepler-1801 b,CONFIRMED,10.44087398,5.113e-05,-5.113e-05,821.5,40.5,-40.5,3.743,0.122,-0.122,3.41,0.98,-0.49,0.981,0.281,-0.141,5738.0,156.0,-173.0,4.426,0.101,-0.188,15.104,295.164,39.201408,KEPLER_CONFIRMED,4173026,1
4175630,K02998.01,Kepler-1405 b,CONFIRMED,28.227413,0.0001498,-0.0001498,1113.4,50.5,-50.5,5.782,0.147,-0.147,2.82,0.74,-0.26,0.849,0.222,-0.079,5858.0,157.0,-192.0,4.553,0.035,-0.184,15.873,295.68484,39.256142,KEPLER_CONFIRMED,4175630,1
4178606,K02728.01,Kepler-1326 b,CONFIRMED,42.3520039,0.0003318,-0.0003318,512.6,19.3,-19.3,7.773,0.169,-0.169,6.3,1.13,-2.09,2.632,0.471,-0.875,6864.0,184.0,-225.0,3.783,0.285,-0.095,12.852,296.22214,39.268959,KEPLER_CONFIRMED,4178606,1
4180280,K00144.01,Kepler-472 b,CONFIRMED,4.176254191,1.799e-06,-1.799e-06,1360.1,6.2,-6.2,3.6716,0.0386,-0.0386,3.07,0.2,-0.11,0.776,0.051,-0.028,4957.0,100.0,-100.0,4.594,0.014,-0.06,13.698,296.52429,39.24976,KEPLER_CONFIRMED,4180280,1
4242692,K03928.01,Kepler-1531 b,CONFIRMED,1.138548215,2.701e-06,-2.701e-06,66.2,2.5,-2.5,2.1482,0.0616,-0.0616,1.45,0.29,-0.45,1.713,0.351,-0.527,6520.0,175.0,-175.0,4.01,0.273,-0.117,13.194,285.14658,39.370789,KEPLER_CONFIRMED,4242692,1
4243911,K01337.01,Kepler-821 b,CONFIRMED,1.922799706,4.693e-06,-4.693e-06,259.7,10.2,-10.2,1.8604,0.0654,-0.0654,1.28,0.11,-0.05,0.815,0.067,-0.033,5194.0,72.0,-83.0,4.559,0.022,-0.072,14.829,285.61746,39.379532,KEPLER_CONFIRMED,4243911,1
4247991,K02311.03,Kepler-1185 b,CONFIRMED,104.3519624,0.0006973,-0.0006973,243.8,16.3,-16.3,3.695,0.141,-0.141,1.39,0.2,-0.06,0.87,0.124,-0.039,5650.0,112.0,-112.0,4.546,0.021,-0.119,12.57,287.24118,39.33276,KEPLER_CONFIRMED,4247991,1
4248120,K02216.01,Kepler-1808 b,CONFIRMED,23.34036251,9.674e-05,-9.674e-05,615.1,40.1,-40.1,2.054,0.111,-0.111,2.21,0.53,-0.36,0.892,0.217,-0.145,5530.0,165.0,-165.0,4.425,0.153,-0.187,15.23,287.29251,39.383221,KEPLER_CONFIRMED,4248120,1
4249725,K00222.02,Kepler-120 c,CONFIRMED,12.7945474,2.615e-05,-2.615e-05,816.7,16.4,-16.4,3.4197,0.0531,-0.0531,1.6,0.21,-0.26,0.571,0.076,-0.093,4090.0,447.0,-335.0,4.696,0.084,-0.056,14.735,287.89163,39.33913,KEPLER_CONFIRMED,4249725,1
4254466,K02134.01,Kepler-1113 b,CONFIRMED,42.3006282,0.0002167,-0.0002167,507.9,24.9,-24.9,4.372,0.135,-0.135,2.54,0.44,-0.27,1.129,0.193,-0.119,5852.0,70.0,-88.0,4.353,0.095,-0.116,14.766,289.40671,39.33884,KEPLER_CONFIRMED,4254466,1
4262581,K02122.01,Kepler-1109 b,CONFIRMED,37.6468519,0.000227,-0.000227,427.4,15.8,-15.8,6.344,0.133,-0.133,5.37,0.81,-1.9,2.652,0.402,-0.939,5443.0,76.0,-87.0,3.74,0.255,-0.085,14.288,291.64624,39.396629,KEPLER_CONFIRMED,4262581,1
4263293,K01895.02,Kepler-331 c,CONFIRMED,17.28116957,8.997e-05,-8.997e-05,1562.8,83.3,-83.3,2.829,0.137,-0.137,2.04,0.17,-0.18,0.524,0.045,-0.045,4347.0,117.0,-143.0,4.73,0.05,-0.041,15.862,291.83432,39.307362,KEPLER_CONFIRMED,4263293,1
4270253,K00551.01,Kepler-183 c,CONFIRMED,11.6370303,3.091e-05,-3.091e-05,604.3,18.4,-18.4,3.3372,0.0683,-0.0683,2.9,0.45,-0.49,1.198,0.186,-0.204,5576.0,83.0,-75.0,4.257,0.168,-0.112,14.943,293.53085,39.315891,KEPLER_CONFIRMED,4270253,1
4271474,K03324.01,Kepler-1469 b,CONFIRMED,21.8634638,0.0003024,-0.0003024,871.0,105.0,-105.0,3.542,0.313,-0.313,2.37,0.44,-0.19,0.789,0.147,-0.063,5383.0,160.0,-144.0,4.587,0.03,-0.12,15.965,293.82135,39.39135,KEPLER_CONFIRMED,4271474,1
4275191,K00813.01,Kepler-688 b,CONFIRMED,3.895936525,7.71e-07,-7.71e-07,8544.8,29.5,-29.5,2.3111,0.0302,-0.0302,7.34,1.53,-0.65,0.774,0.161,-0.069,5557.0,167.0,-167.0,4.592,0.034,-0.136,15.725,294.65524,39.308361,KEPLER_CONFIRMED,4275191,1
4275721,K01342.02,Kepler-825 c,CONFIRMED,8.18182189,2.304e-05,-2.304e-05,299.6,11.7,-11.7,2.4566,0.0738,-0.0738,1.77,0.45,-0.26,0.969,0.243,-0.142,6224.0,169.0,-207.0,4.404,0.135,-0.18,14.207,294.7699,39.39851,KEPLER_CONFIRMED,4275721,1
4278221,K01615.01,Kepler-908 b,CONFIRMED,1.340596782,2.113e-06,-2.113e-06,107.5,3.4,-3.4,1.6484,0.0415,-0.0415,1.16,0.2,-0.09,1.125,0.186,-0.093,5992.0,119.0,-119.0,4.385,0.054,-0.117,11.524,295.32251,39.376492,KEPLER_CONFIRMED,4278221,1
4282191,K03439.01,Kepler-1502 b,CONFIRMED,41.7084063,0.0003158,-0.0003158,330.0,15.3,-15.3,8.567,0.189,-0.189,2.19,0.63,-0.27,1.138,0.33,-0.141,6434.0,144.0,-208.0,4.394,0.06,-0.18,14.155,296.10791,39.319908,KEPLER_CONFIRMED,4282191,1
4282872,K01325.01,Kepler-818 b,CONFIRMED,10.035381809,6.475e-06,-6.475e-06,2829.7,21.7,-21.7,3.4062,0.0265,-0.0265,4.42,1.13,-0.38,0.833,0.213,-0.071,5813.0,157.0,-174.0,4.561,0.042,-0.168,15.062,296.23511,39.370338,KEPLER_CONFIRMED,4282872,1
4346178,K02652.01,Kepler-1304 b,CONFIRMED,16.1289679,0.0001552,-0.0001552,389.0,21.1,-21.1,6.271,0.366,-0.366,2.94,0.61,-0.5,1.087,0.227,-0.185,5392.0,80.0,-80.0,4.314,0.165,-0.15,15.022,285.27643,39.446911,KEPLER_CONFIRMED,4346178,1
4349452,K00244.01,Kepler-25 c,CONFIRMED,12.720370263,2.282e-06,-2.282e-06,1180.1,3.9,-3.9,2.7306,0.0513,-0.0513,4.75,0.28,-0.22,1.258,0.072,-0.059,6267.0,81.0,-75.0,4.28,0.033,-0.03,10.734,286.6384,39.487881,KEPLER_CONFIRMED,4349452,1
4365645,K01738.01,Kepler-1671 b,CONFIRMED,4.16787814,1.073e-05,-1.073e-05,168.1,5.9,-5.9,2.2136,0.0649,-0.0649,1.07,0.1,-0.04,0.847,0.075,-0.034,5251.0,73.0,-84.0,4.541,0.028,-0.083,13.293,291.74838,39.44688,KEPLER_CONFIRMED,4365645,1
4370527,K02166.01,Kepler-1128 b,CONFIRMED,61.6174528,0.0003573,-0.0003573,1350.7,80.5,-80.5,3.816,0.148,-0.148,3.36,0.41,-0.2,0.931,0.115,-0.053,5480.0,73.0,-82.0,4.485,0.045,-0.105,15.722,293.06335,39.40345,KEPLER_CONFIRMED,4370527,1
4381429,K04474.01,Kepler-1608 b,CONFIRMED,16.473474,0.0001579,-0.0001579,470.5,43.1,-43.1,4.201,0.304,-0.304,1.63,0.22,-0.2,0.754,0.102,-0.092,5364.0,194.0,-162.0,4.529,0.108,-0.081,15.889,295.56357,39.417599,KEPLER_CONFIRMED,4381429,1
4385148,K02942.02,Kepler-1886 b,CONFIRMED,24.2758992,0.0002426,-0.0002426,702.2,45.0,-45.0,4.59,0.209,-0.209,2.25,0.56,-0.2,0.837,0.209,-0.075,5745.0,181.0,-201.0,4.559,0.042,-0.168,15.48,296.26456,39.40596,KEPLER_CONFIRMED,4385148,1
4454752,K00496.01,Kepler-578 b,CONFIRMED,1.616883373,2.284e-06,-2.284e-06,437.3,12.2,-12.2,1.6325,0.0413,-0.0413,4.47,1.01,-2.18,1.816,0.409,-0.885,4868.0,73.0,-65.0,3.902,0.069,-0.138,14.411,288.75494,39.563648,KEPLER_CONFIRMED,4454752,1
4454934,K02245.01,Kepler-1155 b,CONFIRMED,33.4698571,0.0002208,-0.0002208,370.7,17.9,-17.9,4.749,0.12,-0.12,2.45,0.7,-0.41,1.094,0.314,-0.183,5912.0,160.0,-178.0,4.342,0.136,-0.187,14.74,288.82059,39.52282,KEPLER_CONFIRMED,4454934,1
4455231,K01332.03,Kepler-288 d,CONFIRMED,56.637918,0.0007039,-0.0007039,589.7,30.8,-30.8,6.172,0.26,-0.26,3.68,0.57,-0.85,1.522,0.236,-0.353,5661.0,85.0,-77.0,4.09,0.203,-0.087,15.151,288.91644,39.594711,KEPLER_CONFIRMED,4455231,1
4458082,K02303.01,Kepler-1181 b,CONFIRMED,4.89336495,3.609e-05,-3.609e-05,138.3,9.8,-9.8,3.485,0.169,-0.169,1.6,0.57,-0.2,1.347,0.473,-0.169,6688.0,187.0,-281.0,4.304,0.075,-0.225,13.827,289.74731,39.523453,KEPLER_CONFIRMED,4458082,1
4466677,K01338.01,Kepler-822 b,CONFIRMED,3.222975318,9.285e-06,-9.285e-06,232.7,8.4,-8.4,2.9247,0.079,-0.079,1.47,0.4,-0.21,0.96,0.261,-0.14,5823.0,157.0,-174.0,4.427,0.101,-0.188,14.609,292.27612,39.550179,KEPLER_CONFIRMED,4466677,1
4472818,K03878.01,Kepler-1524 b,CONFIRMED,70.9672087,0.0001847,-0.0001847,784.7,12.3,-12.3,6.9623,0.0704,-0.0704,2.84,0.42,-0.15,0.986,0.148,-0.053,5818.0,78.0,-78.0,4.464,0.04,-0.12,12.72,293.88541,39.51981,KEPLER_CONFIRMED,4472818,1
4473226,K02229.01,Kepler-1682 b,CONFIRMED,14.83340944,8.043e-05,-8.043e-05,783.0,47.6,-47.6,3.927,0.179,-0.179,2.54,0.31,-0.18,0.904,0.11,-0.064,5570.0,74.0,-83.0,4.471,0.064,-0.096,15.707,293.98358,39.57288,KEPLER_CONFIRMED,4473226,1
4473613,K04803.01,Kepler-1623 b,CONFIRMED,4.36125889,3.54e-05,-3.54e-05,189.2,21.2,-21.2,2.174,0.222,-0.222,1.2,0.17,-0.05,0.873,0.118,-0.039,5520.0,74.0,-82.0,4.544,0.021,-0.119,14.951,294.0827,39.556099,KEPLER_CONFIRMED,4473613,1
4476123,K00814.01,Kepler-689 b,CONFIRMED,22.36646466,9.761e-05,-9.761e-05,986.8,35.1,-35.1,5.228,0.122,-0.122,2.32,0.38,-0.16,0.734,0.122,-0.052,5395.0,160.0,-160.0,4.615,0.032,-0.104,15.583,294.71063,39.52174,KEPLER_CONFIRMED,4476123,1
4478168,K00626.01,Kepler-624 b,CONFIRMED,14.58649856,2.849e-05,-2.849e-05,378.7,7.7,-7.7,4.0249,0.0559,-0.0559,2.45,0.39,-0.39,1.191,0.189,-0.189,6063.0,121.0,-133.0,4.29,0.137,-0.112,13.49,295.19339,39.539669,KEPLER_CONFIRMED,4478168,1
4483138,K02910.01,Kepler-1384 b,CONFIRMED,15.3626052,0.0001032,-0.0001032,468.3,27.3,-27.3,3.736,0.148,-0.148,1.8,0.2,-0.21,0.851,0.099,-0.099,5011.0,192.0,-174.0,4.484,0.105,-0.105,15.384,296.21518,39.52705,KEPLER_CONFIRMED,4483138,1
4484336,K02547.01,Kepler-1857 b,CONFIRMED,8.94337724,4.416e-05,-4.416e-05,215.1,13.4,-13.4,2.469,0.128,-0.128,1.48,0.4,-0.26,1.005,0.27,-0.18,6074.0,181.0,-181.0,4.375,0.149,-0.182,14.169,296.45575,39.598591,KEPLER_CONFIRMED,4484336,1
4544907,K02024.01,Kepler-1060 b,CONFIRMED,46.8776724,0.0003107,-0.0003107,539.8,16.3,-16.3,10.041,0.166,-0.166,2.62,0.35,-0.23,0.993,0.13,-0.087,5504.0,74.0,-82.0,4.418,0.09,-0.099,14.632,286.02518,39.630932,KEPLER_CONFIRMED,4544907,1
4545187,K00223.02,Kepler-121 c,CONFIRMED,41.0081117,0.000118,-0.000118,1004.5,24.3,-24.3,4.376,0.113,-0.113,2.64,0.41,-0.19,0.708,0.111,-0.051,5303.0,159.0,-143.0,4.63,0.032,-0.097,14.708,286.16205,39.678001,KEPLER_CONFIRMED,4545187,1
4545570,K04506.01,Kepler-1961 b,CONFIRMED,5.60473115,5.104e-05,-5.104e-05,210.0,20.9,-20.9,2.885,0.246,-0.246,1.11,0.19,-0.09,0.777,0.132,-0.066,5401.0,159.0,-159.0,4.593,0.035,-0.112,15.683,286.33011,39.683182,KEPLER_CONFIRMED,4545570,1
4548011,K04288.01,Kepler-1581 b,CONFIRMED,6.28384079,4.881e-05,-4.881e-05,35.7,2.6,-2.6,4.291,0.167,-0.167,0.73,0.12,-0.11,1.227,0.207,-0.186,5888.0,105.0,-129.0,4.275,0.144,-0.108,12.4,287.37125,39.603569,KEPLER_CONFIRMED,4548011,1
4548098,K04157.01,Kepler-1982 b,CONFIRMED,3.82315697,4.481e-05,-4.481e-05,47.2,6.6,-6.6,2.388,0.31,-0.31,0.77,0.14,-0.04,1.122,0.205,-0.058,6202.0,99.0,-149.0,4.422,0.026,-0.136,12.692,287.41006,39.65868,KEPLER_CONFIRMED,4548098,1
4556468,K04491.01,Kepler-1609 b,CONFIRMED,114.336052,0.003815,-0.003815,239.8,21.5,-21.5,14.077,0.814,-0.814,2.09,0.35,-0.35,1.316,0.222,-0.222,5802.0,78.0,-78.0,4.218,0.162,-0.108,15.015,290.14655,39.665821,KEPLER_CONFIRMED,4556468,1
4563268,K00627.02,Kepler-625 c,CONFIRMED,4.16536757,1.435e-05,-1.435e-05,120.0,4.4,-4.4,3.2935,0.0758,-0.0758,1.0,0.14,-0.05,0.912,0.127,-0.042,5604.0,101.0,-124.0,4.52,0.028,-0.112,13.307,292.15045,39.637581,KEPLER_CONFIRMED,4563268,1
4570949,K01658.01,Kepler-76 b,CONFIRMED,1.544928892,6.3e-08,-6.3e-08,5817.3,9.1,-9.1,1.43586,0.00557,-0.00557,13.43,2.41,-2.42,1.412,0.254,-0.254,6309.0,114.0,-126.0,4.199,0.149,-0.122,13.308,294.19211,39.618999,KEPLER_CONFIRMED,4570949,1
4633570,K00446.01,Kepler-158 b,CONFIRMED,16.70920628,3.617e-05,-3.617e-05,839.8,23.1,-23.1,2.7052,0.0725,-0.0725,2.27,0.18,-0.2,0.668,0.054,-0.059,4621.0,124.0,-137.0,4.605,0.052,-0.028,14.427,284.03223,39.78133,KEPLER_CONFIRMED,4633570,1
4636578,K02025.02,Kepler-350 d,CONFIRMED,26.1363443,0.0001142,-0.0001142,362.2,9.9,-9.9,6.613,0.108,-0.108,2.8,0.51,-0.51,1.465,0.265,-0.265,6188.0,124.0,-124.0,4.152,0.168,-0.112,13.781,285.41962,39.706108,KEPLER_CONFIRMED,4636578,1
4644604,K00628.01,Kepler-626 b,CONFIRMED,14.48584765,2.48e-05,-2.48e-05,457.1,10.0,-10.0,3.1365,0.0929,-0.0929,2.88,0.45,-0.37,1.085,0.17,-0.139,5784.0,104.0,-116.0,4.352,0.115,-0.115,13.946,288.69864,39.70829,KEPLER_CONFIRMED,4644604,1
4644952,K01805.02,Kepler-319 d,CONFIRMED,31.7821117,0.0001769,-0.0001769,570.2,28.4,-28.4,3.856,0.13,-0.13,2.08,0.23,-0.16,0.88,0.1,-0.067,5527.0,110.0,-110.0,4.491,0.06,-0.09,13.828,288.81195,39.77066,KEPLER_CONFIRMED,4644952,1
4645174,K03437.01,Kepler-1500 b,CONFIRMED,15.0330623,0.0001883,-0.0001883,132.2,10.2,-10.2,6.326,0.295,-0.295,2.18,0.33,-0.48,1.601,0.237,-0.356,5849.0,70.0,-79.0,4.076,0.182,-0.098,14.606,288.88333,39.74456,KEPLER_CONFIRMED,4645174,1
4650674,K01341.01,Kepler-824 b,CONFIRMED,4.51436096,1.371e-05,-1.371e-05,230.7,9.5,-9.5,3.0083,0.0742,-0.0742,1.84,0.31,-0.24,1.215,0.207,-0.155,5940.0,71.0,-79.0,4.306,0.115,-0.115,14.946,290.47742,39.73201,KEPLER_CONFIRMED,4650674,1
4650733,K01659.01,Kepler-1762 b,CONFIRMED,29.5390897,0.000198,-0.000198,403.3,25.1,-25.1,4.139,0.151,-0.151,2.51,0.79,-0.28,1.238,0.39,-0.139,6572.0,160.0,-251.0,4.365,0.065,-0.208,15.111,290.49316,39.785519,KEPLER_CONFIRMED,4650733,1
4656049,K00629.01,Kepler-627 b,CONFIRMED,40.6992062,0.0001694,-0.0001694,429.9,12.4,-12.4,7.074,0.111,-0.111,3.2,0.86,-0.85,1.362,0.362,-0.362,6419.0,175.0,-213.0,4.175,0.24,-0.16,13.949,292.10428,39.76791,KEPLER_CONFIRMED,4656049,1
4664847,K00816.01,Kepler-690 b,CONFIRMED,7.748094239,7.553e-06,-7.553e-06,2472.1,25.7,-25.7,3.5957,0.043,-0.043,5.52,1.7,-0.56,1.085,0.334,-0.111,5973.0,169.0,-232.0,4.439,0.052,-0.221,15.67,294.4899,39.771439,KEPLER_CONFIRMED,4664847,1
4665571,K02393.02,Kepler-1834 c,CONFIRMED,0.766691517,1.273e-06,-1.273e-06,244.0,10.1,-10.1,1.2638,0.0507,-0.0507,1.22,0.05,-0.08,0.788,0.028,-0.051,4821.0,76.0,-76.0,4.529,0.06,-0.02,14.903,294.6647,39.783829,KEPLER_CONFIRMED,4665571,1
4673628,K04056.01,Kepler-1935 b,CONFIRMED,3.951383138,6.251e-06,-6.251e-06,405.7,20.6,-20.6,1.0582,0.0787,-0.0787,23.51,5.67,-3.06,0.899,0.217,-0.117,5570.0,166.0,-149.0,4.458,0.104,-0.169,14.368,296.40375,39.722649,KEPLER_CONFIRMED,4673628,1
4725681,K00817.02,Kepler-236 b,CONFIRMED,8.29561738,2.368e-05,-2.368e-05,824.3,57.5,-57.5,1.3421,0.0773,-0.0773,1.82,0.1,-0.15,0.524,0.03,-0.044,3747.0,75.0,-83.0,4.728,0.042,-0.025,15.414,283.86639,39.898079,KEPLER_CONFIRMED,4725681,1
4735826,K03184.02,Kepler-1972 c,CONFIRMED,11.3220104,0.0005669,-0.0005669,17.1,2.1,-2.1,5.86,0.84,-0.84,0.91,0.3,-0.42,2.193,0.721,-1.02,6003.0,202.0,-199.0,3.825,0.436,-0.198,11.158,288.39529,39.872627,KEPLER_CONFIRMED,4735826,1
4736569,K01996.01,Kepler-1042 b,CONFIRMED,10.13200555,3.175e-05,-3.175e-05,911.6,26.8,-26.8,3.1683,0.0689,-0.0689,1.67,0.11,-0.11,0.561,0.038,-0.038,4777.0,167.0,-167.0,4.689,0.048,-0.032,15.629,288.66891,39.824009,KEPLER_CONFIRMED,4736569,1
4736644,K03330.01,Kepler-1470 b,CONFIRMED,16.2951259,0.0001917,-0.0001917,197.9,18.2,-18.2,3.678,0.309,-0.309,1.15,0.04,-0.08,0.812,0.031,-0.055,4915.0,78.0,-78.0,4.512,0.067,-0.022,15.061,288.69501,39.883202,KEPLER_CONFIRMED,4736644,1
4741126,K01534.02,Kepler-887 c,CONFIRMED,7.63846084,5.425e-05,-5.425e-05,71.7,4.7,-4.7,3.957,0.162,-0.162,1.12,0.19,-0.16,1.299,0.225,-0.184,6119.0,110.0,-135.0,4.274,0.115,-0.115,13.47,290.09082,39.81699,KEPLER_CONFIRMED,4741126,1
4742414,K00631.01,Kepler-628 b,CONFIRMED,15.458056682,3.094e-06,-3.094e-06,4253.2,4.6,-4.6,8.79536,0.00595,-0.00595,9.11,1.51,-1.84,1.407,0.233,-0.284,5868.0,105.0,-117.0,4.169,0.176,-0.108,13.398,290.44928,39.854801,KEPLER_CONFIRMED,4742414,1
4757437,K00497.02,Kepler-168 b,CONFIRMED,4.42535097,1.714e-05,-1.714e-05,179.0,9.0,-9.0,3.504,0.106,-0.106,1.63,0.28,-0.21,1.223,0.207,-0.155,5946.0,71.0,-79.0,4.309,0.11,-0.121,14.606,294.71017,39.8251,KEPLER_CONFIRMED,4757437,1
4760478,K05084.01,Kepler-1625 b,CONFIRMED,287.377314,0.002487,-0.002487,4376.9,84.0,-84.0,18.821,0.188,-0.188,11.67,1.71,-3.18,1.793,0.263,-0.488,5548.0,83.0,-72.0,3.964,0.217,-0.093,15.756,295.42935,39.886539,KEPLER_CONFIRMED,4760478,1
4770365,K01475.02,Kepler-1669 b,CONFIRMED,9.51220046,3.21e-05,-3.21e-05,1169.4,40.2,-40.2,2.9497,0.0837,-0.0837,1.99,0.08,-0.1,0.603,0.027,-0.03,4224.0,84.0,-84.0,4.662,0.025,-0.02,15.937,297.43039,39.847839,KEPLER_CONFIRMED,4770365,1
4770617,K02243.02,Kepler-1154 c,CONFIRMED,8.45805119,4.522e-05,-4.522e-05,258.7,15.5,-15.5,2.998,0.126,-0.126,2.52,0.52,-0.42,1.471,0.301,-0.247,6172.0,74.0,-86.0,4.198,0.13,-0.13,14.806,297.47711,39.877239,KEPLER_CONFIRMED,4770617,1
4813563,K01959.01,Kepler-1026 b,CONFIRMED,36.5157639,0.0001073,-0.0001073,861.3,27.6,-27.6,3.6577,0.089,-0.089,2.55,0.1,-0.14,0.781,0.03,-0.045,4847.0,77.0,-77.0,4.54,0.052,-0.021,14.254,283.60526,39.997978,KEPLER_CONFIRMED,4813563,1
4814502,K04004.01,Kepler-1933 b,CONFIRMED,4.94330596,1.53e-05,-1.53e-05,126.2,5.3,-5.3,2.9334,0.0676,-0.0676,1.41,0.19,-0.13,1.008,0.141,-0.094,5661.0,76.0,-84.0,4.415,0.076,-0.114,12.697,283.99509,39.917,KEPLER_CONFIRMED,4814502,1
4815520,K00367.01,Kepler-1656 b,CONFIRMED,31.578651216,7.277e-06,-7.277e-06,2125.4,8.0,-8.0,2.12791,0.00922,-0.00922,4.52,0.68,-0.36,0.99,0.149,-0.08,5733.0,104.0,-115.0,4.442,0.063,-0.117,11.105,284.47217,39.911812,KEPLER_CONFIRMED,4815520,1
4827723,K00632.01,Kepler-629 b,CONFIRMED,7.23858162,1.687e-05,-1.687e-05,268.2,7.5,-7.5,3.1199,0.059,-0.059,1.34,0.15,-0.06,0.831,0.097,-0.039,5411.0,96.0,-118.0,4.561,0.018,-0.096,13.359,289.41782,39.945011,KEPLER_CONFIRMED,4827723,1
4831728,K02739.01,Kepler-1330 b,CONFIRMED,10.10773789,4.792e-05,-4.792e-05,294.9,12.8,-12.8,3.828,0.109,-0.109,1.98,0.33,-0.39,1.174,0.191,-0.234,5480.0,82.0,-74.0,4.26,0.18,-0.12,15.017,290.57672,39.95689,KEPLER_CONFIRMED,4831728,1
4832837,K00605.01,Kepler-621 b,CONFIRMED,2.628117322,1.77e-06,-1.77e-06,936.8,11.4,-11.4,1.8289,0.0292,-0.0292,1.77,0.23,-0.27,0.557,0.071,-0.087,3939.0,297.0,-267.0,4.705,0.078,-0.052,14.915,290.92731,39.91415,KEPLER_CONFIRMED,4832837,1
4833421,K00232.01,Kepler-122 c,CONFIRMED,12.466004437,5.544e-06,-5.544e-06,2232.1,8.1,-8.1,5.0066,0.0198,-0.0198,5.65,0.89,-0.9,1.191,0.189,-0.189,6038.0,121.0,-121.0,4.284,0.137,-0.112,14.247,291.11188,39.949108,KEPLER_CONFIRMED,4833421,1
4841374,K00633.01,Kepler-630 b,CONFIRMED,161.4746786,0.0008462,-0.0008462,828.2,19.6,-19.6,10.572,0.171,-0.171,3.25,0.51,-0.38,1.044,0.162,-0.122,5761.0,104.0,-115.0,4.383,0.095,-0.116,13.871,293.42703,39.942429,KEPLER_CONFIRMED,4841374,1
4847534,K00499.01,Kepler-579 b,CONFIRMED,9.66857386,1.899e-05,-1.899e-05,411.7,13.0,-13.0,2.4656,0.0554,-0.0554,1.9,0.33,-0.19,0.836,0.148,-0.08,5288.0,184.0,-184.0,4.541,0.051,-0.119,14.272,295.00204,39.95293,KEPLER_CONFIRMED,4847534,1
4850961,K04092.01,Kepler-1551 b,CONFIRMED,24.4972683,0.0002028,-0.0002028,449.1,26.2,-26.2,5.43,0.202,-0.202,2.74,0.74,-0.37,1.162,0.312,-0.156,6392.0,156.0,-245.0,4.399,0.06,-0.18,15.152,295.78552,39.907921,KEPLER_CONFIRMED,4850961,1
4852528,K00500.02,Kepler-80 c,CONFIRMED,9.521644639,8.947e-06,-8.947e-06,1491.3,20.2,-20.2,2.3569,0.0279,-0.0279,2.16,0.12,-0.12,0.567,0.031,-0.031,4041.0,72.0,-88.0,4.697,0.024,-0.027,14.804,296.11258,39.978779,KEPLER_CONFIRMED,4852528,1
4857058,K03061.01,Kepler-1983 b,CONFIRMED,7.32851947,2.311e-05,-2.311e-05,277.8,27.6,-27.6,1.211,0.114,-0.114,2.33,0.13,-0.18,0.874,0.048,-0.069,5135.0,84.0,-76.0,4.464,0.084,-0.039,14.316,297.04208,39.912231,KEPLER_CONFIRMED,4857058,1
4857213,K02120.01,Kepler-1680 b,CONFIRMED,8.77425786,2.931e-05,-2.931e-05,239.6,12.6,-12.6,2.2245,0.076,-0.076,1.75,0.53,-0.22,0.905,0.277,-0.111,5146.0,154.0,-138.0,4.445,0.1,-0.3,13.714,297.07465,39.933849,KEPLER_CONFIRMED,4857213,1
4860678,K01602.01,Kepler-1758 b,CONFIRMED,9.97716876,8.015e-05,-8.015e-05,252.9,12.7,-12.7,5.908,0.22,-0.22,2.53,0.4,-0.65,1.616,0.254,-0.413,5557.0,83.0,-72.0,4.037,0.21,-0.09,14.943,297.79691,39.921371,KEPLER_CONFIRMED,4860678,1
4913852,K00818.01,Kepler-691 b,CONFIRMED,8.11437482,1.092e-05,-1.092e-05,1558.0,32.0,-32.0,2.2736,0.0447,-0.0447,2.1,0.14,-0.16,0.517,0.035,-0.039,3692.0,73.0,-83.0,4.753,0.032,-0.039,15.877,288.81201,40.033401,KEPLER_CONFIRMED,4913852,1
4914423,K00108.02,Kepler-103 c,CONFIRMED,179.609803,0.0001823,-0.0001823,1273.0,7.7,-7.7,13.755,0.119,-0.119,5.47,0.34,-0.28,1.433,0.09,-0.072,5880.0,78.0,-78.0,4.154,0.033,-0.027,12.287,288.98456,40.064529,KEPLER_CONFIRMED,4914423,1
4914566,K02635.01,Kepler-1300 b,CONFIRMED,22.2420032,0.000246,-0.000246,63.5,4.5,-4.5,7.532,0.235,-0.235,2.04,0.3,-0.57,2.164,0.323,-0.601,5979.0,118.0,-130.0,3.854,0.224,-0.08,12.816,289.03302,40.086891,KEPLER_CONFIRMED,4914566,1
4915638,K02617.01,Kepler-1291 b,CONFIRMED,8.63050092,6.58e-05,-6.58e-05,325.8,25.4,-25.4,3.144,0.165,-0.165,1.43,0.24,-0.13,0.764,0.132,-0.066,5352.0,159.0,-159.0,4.599,0.035,-0.112,15.868,289.37704,40.00116,KEPLER_CONFIRMED,4915638,1
4917596,K01973.01,Kepler-1032 b,CONFIRMED,3.290114076,6.233e-06,-6.233e-06,645.3,25.7,-25.7,1.5151,0.0536,-0.0536,1.49,0.12,-0.13,0.594,0.046,-0.051,4484.0,134.0,-134.0,4.654,0.054,-0.027,15.753,289.93085,40.097752,KEPLER_CONFIRMED,4917596,1
4932442,K01665.01,Kepler-923 b,CONFIRMED,6.93365167,4.111e-05,-4.111e-05,119.6,6.4,-6.4,4.608,0.146,-0.146,1.7,0.26,-0.31,1.304,0.195,-0.238,5861.0,105.0,-117.0,4.212,0.176,-0.108,14.042,294.17108,40.055168,KEPLER_CONFIRMED,4932442,1
4939346,K01873.02,Kepler-328 b,CONFIRMED,34.9168399,0.0007457,-0.0007457,500.0,35.2,-35.2,7.343,0.451,-0.451,2.39,0.72,-0.29,1.069,0.323,-0.129,6194.0,196.0,-295.0,4.445,0.052,-0.195,15.674,295.8093,40.008511,KEPLER_CONFIRMED,4939346,1
4947556,K03936.02,Kepler-1930 b,CONFIRMED,13.0267964,4.361e-05,-4.361e-05,356.6,45.1,-45.1,0.785,0.106,-0.106,2.08,0.2,-0.18,0.844,0.083,-0.074,5083.0,152.0,-152.0,4.512,0.063,-0.07,13.336,297.57712,40.02771,KEPLER_CONFIRMED,4947556,1
4989057,K01923.01,Kepler-1017 b,CONFIRMED,7.23400381,1.603e-05,-1.603e-05,453.3,15.7,-15.7,2.165,0.0587,-0.0587,1.78,0.19,-0.1,0.85,0.091,-0.045,5411.0,107.0,-107.0,4.523,0.042,-0.084,14.139,283.46936,40.13261,KEPLER_CONFIRMED,4989057,1
4991208,K02951.01,Kepler-1393 b,CONFIRMED,2.44358543,1.446e-05,-1.446e-05,59.1,6.1,-6.1,1.852,0.142,-0.142,0.67,0.07,-0.05,0.873,0.099,-0.066,5561.0,111.0,-111.0,4.486,0.072,-0.08,13.348,284.45947,40.142559,KEPLER_CONFIRMED,4991208,1
5003670,K04524.01,Kepler-1962 b,CONFIRMED,7.99144696,6.551e-05,-6.551e-05,145.0,12.4,-12.4,3.639,0.202,-0.202,1.53,0.23,-0.12,1.006,0.148,-0.079,5700.0,77.0,-77.0,4.434,0.063,-0.117,14.955,289.5484,40.1642,KEPLER_CONFIRMED,5003670,1
5005121,K02237.01,Kepler-1811 b,CONFIRMED,76.421501,0.001323,-0.001323,578.4,28.9,-28.9,7.218,0.396,-0.396,2.81,0.42,-0.51,1.19,0.177,-0.216,5561.0,83.0,-75.0,4.263,0.168,-0.112,15.165,289.97934,40.14283,KEPLER_CONFIRMED,5005121,1
5007345,K02406.01,Kepler-1225 b,CONFIRMED,7.01074295,2.517e-05,-2.517e-05,222.8,12.3,-12.3,2.1787,0.0955,-0.0955,3.76,0.61,-1.14,2.476,0.402,-0.747,5814.0,78.0,-78.0,3.745,0.225,-0.09,14.689,290.6333,40.13699,KEPLER_CONFIRMED,5007345,1
5009743,K01609.01,Kepler-906 b,CONFIRMED,41.6980186,0.0001434,-0.0001434,440.8,11.6,-11.6,5.7047,0.0839,-0.0839,2.03,0.31,-0.14,0.971,0.145,-0.067,5997.0,107.0,-131.0,4.466,0.048,-0.112,13.956,291.40555,40.125488,KEPLER_CONFIRMED,5009743,1
5020319,K00635.01,Kepler-1725 b,CONFIRMED,16.71987303,9.328e-05,-9.328e-05,523.1,32.5,-32.5,3.317,0.145,-0.145,2.52,0.42,-0.23,1.085,0.18,-0.103,6020.0,108.0,-133.0,4.389,0.066,-0.123,13.034,294.37354,40.19463,KEPLER_CONFIRMED,5020319,1
5021899,K00821.01,Kepler-692 b,CONFIRMED,21.81295996,7.229e-05,-7.229e-05,1175.4,35.8,-35.8,4.3791,0.091,-0.091,3.38,0.91,-0.49,0.999,0.269,-0.145,5601.0,166.0,-166.0,4.41,0.116,-0.188,15.54,294.77686,40.15374,KEPLER_CONFIRMED,5021899,1
5022828,K02138.01,Kepler-1115 b,CONFIRMED,23.5541012,0.0001812,-0.0001812,95.2,3.7,-3.7,7.3,0.159,-0.159,2.33,0.86,-0.7,2.286,0.841,-0.688,9565.0,302.0,-416.0,4.088,0.171,-0.209,11.98,294.99176,40.144409,KEPLER_CONFIRMED,5022828,1
5031857,K01573.01,Kepler-1755 b,CONFIRMED,24.81097206,1.931e-05,-1.931e-05,2090.8,18.5,-18.5,3.2245,0.0297,-0.0297,4.22,1.32,-0.44,0.921,0.288,-0.096,6086.0,182.0,-200.0,4.511,0.052,-0.221,14.373,296.84616,40.138611,KEPLER_CONFIRMED,5031857,1
5036705,K02437.01,Kepler-1238 b,CONFIRMED,4.14789051,3.408e-05,-3.408e-05,137.6,9.9,-9.9,3.829,0.204,-0.204,1.93,0.37,-0.3,1.417,0.272,-0.223,6150.0,79.0,-79.0,4.223,0.125,-0.125,14.725,297.90579,40.162861,KEPLER_CONFIRMED,5036705,1
5042210,K02462.01,Kepler-1838 b,CONFIRMED,12.14684625,8.2e-05,-8.2e-05,70.7,3.0,-3.0,6.197,0.158,-0.158,1.75,0.25,-0.45,1.963,0.273,-0.507,5877.0,116.0,-116.0,3.927,0.203,-0.087,11.821,298.9917,40.142422,KEPLER_CONFIRMED,5042210,1
5080636,K01843.01,Kepler-974 b,CONFIRMED,4.194496867,5.587e-06,-5.587e-06,660.7,17.1,-17.1,1.7807,0.0343,-0.0343,1.57,0.09,-0.12,0.522,0.032,-0.039,3706.0,73.0,-92.0,4.747,0.033,-0.033,14.404,285.01309,40.220749,KEPLER_CONFIRMED,5080636,1
5084171,K04202.01,Kepler-1567 b,CONFIRMED,153.979362,0.001726,-0.001726,792.5,55.5,-55.5,9.028,0.277,-0.277,2.53,0.77,-0.25,0.903,0.274,-0.091,5858.0,159.0,-176.0,4.502,0.052,-0.195,15.672,286.69522,40.291809,KEPLER_CONFIRMED,5084171,1
5084942,K00161.01,Kepler-475 b,CONFIRMED,3.105507835,1.149e-06,-1.149e-06,904.6,6.0,-6.0,1.7458,0.0224,-0.0224,2.68,0.17,-0.1,0.791,0.052,-0.028,4989.0,90.0,-110.0,4.585,0.012,-0.064,13.341,287.05173,40.211552,KEPLER_CONFIRMED,5084942,1
5088400,K04127.01,Kepler-1556 b,CONFIRMED,8.82715783,7.379e-05,-7.379e-05,368.6,40.8,-40.8,2.019,0.187,-0.187,1.67,0.23,-0.06,0.878,0.12,-0.032,5550.0,75.0,-83.0,4.539,0.021,-0.112,15.247,288.397,40.213188,KEPLER_CONFIRMED,5088400,1
5088536,K00282.03,Kepler-130 d,CONFIRMED,87.5177787,0.0006657,-0.0006657,136.5,13.2,-13.2,2.55,0.171,-0.171,1.85,0.08,-0.07,1.137,0.05,-0.046,5903.0,70.0,-79.0,4.304,0.02,-0.018,11.529,288.45065,40.245327,KEPLER_CONFIRMED,5088536,1
5088591,K01801.01,Kepler-955 b,CONFIRMED,14.5324483,9.627e-05,-9.627e-05,1355.9,95.2,-95.2,3.13,0.171,-0.171,3.11,0.5,-0.37,0.86,0.138,-0.101,5345.0,159.0,-143.0,4.473,0.104,-0.127,14.625,288.47144,40.269791,KEPLER_CONFIRMED,5088591,1
5092266,K03045.01,Kepler-1896 b,CONFIRMED,44.8702042,0.00045,-0.00045,636.1,44.9,-44.9,4.199,0.197,-0.197,2.56,0.8,-0.27,0.996,0.312,-0.104,6122.0,192.0,-235.0,4.471,0.052,-0.208,15.755,289.67856,40.249641,KEPLER_CONFIRMED,5092266,1
5094751,K00123.02,Kepler-109 c,CONFIRMED,21.22261195,2.908e-05,-2.908e-05,366.0,3.5,-3.5,6.5093,0.042,-0.042,2.48,0.11,-0.11,1.302,0.058,-0.058,5945.0,71.0,-71.0,4.213,0.033,-0.027,12.365,290.39273,40.28487,KEPLER_CONFIRMED,5094751,1
5095082,K04320.01,Kepler-1951 b,CONFIRMED,20.6579443,0.0003509,-0.0003509,98.2,8.0,-8.0,8.798,0.405,-0.405,1.27,0.23,-0.29,1.306,0.23,-0.306,5468.0,81.0,-65.0,4.171,0.231,-0.116,14.216,290.49988,40.287689,KEPLER_CONFIRMED,5095082,1
5096590,K03093.01,Kepler-1424 b,CONFIRMED,29.6099055,0.0005169,-0.0005169,120.1,9.0,-9.0,7.433,0.252,-0.252,1.74,0.26,-0.24,1.122,0.168,-0.151,5812.0,104.0,-116.0,4.329,0.126,-0.115,13.619,290.99167,40.229321,KEPLER_CONFIRMED,5096590,1
5106313,K02878.01,Kepler-1694 b,CONFIRMED,3.89524296,1.753e-05,-1.753e-05,189.0,13.7,-13.7,1.689,0.109,-0.109,1.13,0.04,-0.09,0.838,0.033,-0.062,5018.0,83.0,-75.0,4.492,0.077,-0.028,14.756,293.79358,40.240929,KEPLER_CONFIRMED,5106313,1
5113822,K00638.02,Kepler-199 c,CONFIRMED,67.0930642,0.0001785,-0.0001785,1254.2,18.1,-18.1,7.334,0.134,-0.134,3.51,0.48,-0.17,0.882,0.121,-0.043,5750.0,102.0,-125.0,4.538,0.026,-0.11,13.595,295.55942,40.236271,KEPLER_CONFIRMED,5113822,1
5120087,K00639.01,Kepler-631 b,CONFIRMED,17.97979816,6.128e-05,-6.128e-05,459.1,11.9,-11.9,5.5828,0.0814,-0.0814,2.89,0.5,-0.34,1.352,0.236,-0.158,6141.0,110.0,-135.0,4.272,0.08,-0.12,13.5,296.88577,40.22823,KEPLER_CONFIRMED,5120087,1
5121511,K00640.01,Kepler-632 b,CONFIRMED,30.99664113,4.695e-05,-4.695e-05,655.3,12.7,-12.7,2.9182,0.0469,-0.0469,2.43,0.26,-0.11,0.853,0.092,-0.039,5324.0,106.0,-106.0,4.544,0.024,-0.09,13.332,297.25262,40.288601,KEPLER_CONFIRMED,5121511,1
5124667,K01822.01,Kepler-1672 b,CONFIRMED,150.8783198,0.0005029,-0.0005029,659.9,10.8,-10.8,8.6797,0.0826,-0.0826,4.37,0.65,-1.53,1.737,0.261,-0.608,5504.0,87.0,-76.0,3.999,0.304,-0.095,12.443,297.94016,40.278629,KEPLER_CONFIRMED,5124667,1
5125347,K02241.01,Kepler-1812 b,CONFIRMED,7.16520428,2.673e-05,-2.673e-05,433.8,29.0,-29.0,1.705,0.108,-0.108,2.31,0.74,-0.27,1.103,0.358,-0.128,6174.0,173.0,-260.0,4.417,0.054,-0.216,15.302,298.08453,40.283249,KEPLER_CONFIRMED,5125347,1
5128673,K02698.01,Kepler-1316 b,CONFIRMED,87.9724227,0.0005198,-0.0005198,866.7,15.4,-15.4,14.638,0.143,-0.143,3.39,0.52,-0.52,1.159,0.178,-0.178,5837.0,105.0,-117.0,4.305,0.125,-0.112,14.0,298.83588,40.29314,KEPLER_CONFIRMED,5128673,1
5164255,K00824.01,Kepler-693 b,CONFIRMED,15.37562369,1.017e-05,-1.017e-05,15337.0,114.0,-114.0,3.3169,0.0645,-0.0645,11.01,0.44,-0.82,0.833,0.033,-0.062,4986.0,79.0,-79.0,4.496,0.075,-0.025,16.422,283.25354,40.358189,KEPLER_CONFIRMED,5164255,1
5174858,K02532.01,Kepler-1852 b,CONFIRMED,7.9709719,2.183e-05,-2.183e-05,488.4,34.8,-34.8,1.2893,0.0874,-0.0874,2.27,0.34,-0.16,0.826,0.124,-0.057,5237.0,157.0,-157.0,4.572,0.028,-0.112,15.43,288.02969,40.344151,KEPLER_CONFIRMED,5174858,1
5175024,K02563.01,Kepler-1279 b,CONFIRMED,23.4772553,0.0002525,-0.0002525,141.4,8.7,-8.7,6.735,0.31,-0.31,1.34,0.42,-0.18,1.121,0.352,-0.151,6384.0,151.0,-207.0,4.361,0.087,-0.203,13.973,288.09564,40.365971,KEPLER_CONFIRMED,5175024,1
5175986,K02708.01,Kepler-1320 b,CONFIRMED,0.868386354,1.544e-06,-1.544e-06,488.5,22.8,-22.8,1.066,0.0553,-0.0553,1.52,0.16,-0.09,0.704,0.074,-0.043,4792.0,143.0,-143.0,4.627,0.024,-0.06,15.898,288.43359,40.380878,KEPLER_CONFIRMED,5175986,1
5177104,K01603.01,Kepler-904 b,CONFIRMED,3.02168007,8.511e-06,-8.511e-06,171.9,6.0,-6.0,2.8264,0.0746,-0.0746,1.31,0.39,-0.12,0.989,0.291,-0.097,6201.0,169.0,-206.0,4.472,0.05,-0.2,14.429,288.82291,40.38905,KEPLER_CONFIRMED,5177104,1
5177859,K04246.01,Kepler-1576 b,CONFIRMED,6.98472143,6.164e-05,-6.164e-05,90.7,8.7,-8.7,2.724,0.202,-0.202,1.19,0.34,-0.26,1.227,0.36,-0.27,5839.0,156.0,-174.0,4.279,0.175,-0.175,13.382,289.07397,40.366009,KEPLER_CONFIRMED,5177859,1
5183357,K01669.01,Kepler-924 b,CONFIRMED,61.0373591,0.0003231,-0.0003231,437.5,12.6,-12.6,8.378,0.132,-0.132,3.38,0.59,-0.53,1.614,0.282,-0.254,6309.0,75.0,-82.0,4.154,0.132,-0.12,14.171,290.66852,40.39772,KEPLER_CONFIRMED,5183357,1
5184584,K01564.01,Kepler-891 b,CONFIRMED,53.44944498,6.701e-05,-6.701e-05,3437.0,33.2,-33.2,5.3091,0.0439,-0.0439,5.82,1.49,-0.5,1.0,0.257,-0.086,5919.0,162.0,-203.0,4.485,0.044,-0.187,15.287,291.0838,40.355251,KEPLER_CONFIRMED,5184584,1
5184911,K02719.01,Kepler-1324 b,CONFIRMED,4.11585514,1.16e-05,-1.16e-05,425.8,24.9,-24.9,1.4858,0.0825,-0.0825,1.93,0.13,-0.2,0.823,0.056,-0.086,4827.0,129.0,-144.0,4.508,0.084,-0.07,15.141,291.18497,40.311211,KEPLER_CONFIRMED,5184911,1
5185897,K02693.03,Kepler-398 d,CONFIRMED,6.83440674,1.924e-05,-1.924e-05,177.1,6.8,-6.8,2.2726,0.0609,-0.0609,1.01,0.07,-0.03,0.635,0.045,-0.019,4498.0,90.0,-90.0,4.661,0.012,-0.042,13.256,291.46866,40.343849,KEPLER_CONFIRMED,5185897,1
5195172,K01671.01,Kepler-1763 b,CONFIRMED,1.480283464,6.172e-06,-6.172e-06,60.5,3.3,-3.3,2.486,0.108,-0.108,0.97,0.16,-0.17,1.259,0.204,-0.224,5897.0,105.0,-117.0,4.25,0.156,-0.104,13.522,294.11307,40.362968,KEPLER_CONFIRMED,5195172,1
5202905,K01932.01,Kepler-340 c,CONFIRMED,22.8245144,0.000235,-0.000235,322.7,22.4,-22.4,6.617,0.3,-0.3,3.36,0.6,-0.72,1.846,0.326,-0.399,6642.0,105.0,-157.0,4.057,0.174,-0.116,12.345,295.93347,40.300571,KEPLER_CONFIRMED,5202905,1
5209845,K02883.01,Kepler-1378 b,CONFIRMED,11.95401876,7.573e-05,-7.573e-05,855.9,51.0,-51.0,2.656,0.116,-0.116,2.1,0.13,-0.2,0.659,0.042,-0.062,4359.0,138.0,-172.0,4.611,0.056,-0.02,15.911,297.37332,40.366402,KEPLER_CONFIRMED,5209845,1
5211199,K02158.01,Kepler-1800 b,CONFIRMED,4.5620407,1.624e-05,-1.624e-05,81.6,4.0,-4.0,2.8521,0.079,-0.079,2.82,0.53,-0.98,2.506,0.468,-0.87,5343.0,85.0,-74.0,3.764,0.238,-0.102,13.052,297.65143,40.352551,KEPLER_CONFIRMED,5211199,1
5213230,K03474.01,Kepler-1923 b,CONFIRMED,52.6095103,0.0007321,-0.0007321,203.7,15.2,-15.2,8.202,0.358,-0.358,1.83,0.3,-0.32,1.294,0.207,-0.228,5881.0,79.0,-79.0,4.259,0.137,-0.112,14.192,298.0834,40.34621,KEPLER_CONFIRMED,5213230,1
5213404,K03468.01,Kepler-1508 b,CONFIRMED,20.7057153,0.0007598,-0.0007598,115.9,9.9,-9.9,9.678,0.577,-0.577,3.22,0.56,-1.04,2.437,0.423,-0.785,5668.0,85.0,-76.0,3.792,0.255,-0.102,14.276,298.11887,40.37505,KEPLER_CONFIRMED,5213404,1
5219234,K01563.03,Kepler-305 e,CONFIRMED,3.20539622,1.401e-05,-1.401e-05,453.6,24.7,-24.7,2.143,0.0947,-0.0947,1.7,0.11,-0.08,0.787,0.051,-0.039,5103.0,101.0,-101.0,4.562,0.032,-0.048,15.812,299.22433,40.343182,KEPLER_CONFIRMED,5219234,1
5252423,K00825.02,Kepler-237 b,CONFIRMED,4.71510843,1.941e-05,-1.941e-05,417.5,22.0,-22.0,2.506,0.103,-0.103,1.46,0.12,-0.14,0.732,0.062,-0.068,4861.0,131.0,-146.0,4.574,0.054,-0.041,15.289,283.22141,40.421829,KEPLER_CONFIRMED,5252423,1
5269467,K01672.01,Kepler-925 b,CONFIRMED,33.8677783,0.0001667,-0.0001667,894.8,43.2,-43.2,3.72,0.127,-0.127,2.31,0.14,-0.2,0.691,0.044,-0.06,4564.0,134.0,-134.0,4.593,0.052,-0.024,15.81,290.10654,40.490662,KEPLER_CONFIRMED,5269467,1
5272233,K02711.01,Kepler-400 b,CONFIRMED,9.02436414,4.004e-05,-4.004e-05,214.6,10.2,-10.2,3.011,0.105,-0.105,1.62,0.26,-0.2,1.111,0.178,-0.134,5885.0,105.0,-117.0,4.348,0.11,-0.11,13.642,290.94449,40.480042,KEPLER_CONFIRMED,5272233,1
5272878,K00826.01,Kepler-694 b,CONFIRMED,6.365839713,8.06e-06,-8.06e-06,780.7,13.1,-13.1,2.9721,0.0408,-0.0408,2.44,0.6,-0.21,0.849,0.212,-0.071,5776.0,155.0,-155.0,4.554,0.042,-0.168,15.09,291.14951,40.420521,KEPLER_CONFIRMED,5272878,1
5280587,K03274.01,Kepler-1451 b,CONFIRMED,35.6225528,0.0005427,-0.0005427,651.1,78.8,-78.8,4.845,0.403,-0.403,2.24,0.59,-0.2,0.878,0.231,-0.077,5799.0,157.0,-175.0,4.539,0.044,-0.187,15.332,293.44644,40.409889,KEPLER_CONFIRMED,5280587,1
5281113,K04411.01,Kepler-1602 b,CONFIRMED,11.17931581,9.722e-05,-9.722e-05,90.6,8.7,-8.7,3.103,0.219,-0.219,1.81,0.38,-0.56,1.873,0.386,-0.58,6292.0,169.0,-169.0,4.014,0.241,-0.111,13.352,293.58087,40.427471,KEPLER_CONFIRMED,5281113,1
5289854,K01593.01,Kepler-308 b,CONFIRMED,9.69501146,4.657e-05,-4.657e-05,515.2,30.9,-30.9,2.75,0.103,-0.103,2.08,0.63,-0.2,0.914,0.274,-0.091,5896.0,176.0,-194.0,4.516,0.052,-0.208,15.809,295.78516,40.439548,KEPLER_CONFIRMED,5289854,1
5299459,K01576.02,Kepler-307 c,CONFIRMED,13.08424286,2.609e-05,-2.609e-05,662.0,14.4,-14.4,3.0401,0.0549,-0.0549,2.71,0.35,-0.23,0.987,0.128,-0.085,5511.0,110.0,0.0,4.426,0.081,-0.099,14.072,297.79514,40.417709,KEPLER_CONFIRMED,5299459,1
5301750,K01589.01,Kepler-84 b,CONFIRMED,8.72585478,2.992e-05,-2.992e-05,446.7,12.8,-12.8,4.473,0.0658,-0.0658,2.86,0.45,-0.4,1.131,0.176,-0.158,6036.0,120.0,-132.0,4.326,0.12,-0.12,14.764,298.25204,40.496078,KEPLER_CONFIRMED,5301750,1
5308537,K04409.01,Kepler-1955 b,CONFIRMED,14.2651545,0.0001062,-0.0001062,66.3,5.5,-5.5,3.601,0.164,-0.164,1.06,0.18,-0.18,1.291,0.22,-0.22,5825.0,105.0,-117.0,4.237,0.156,-0.104,12.515,299.53479,40.477779,KEPLER_CONFIRMED,5308537,1
5339567,K02440.01,Kepler-1240 b,CONFIRMED,4.86638504,2.421e-05,-2.421e-05,143.8,9.9,-9.9,2.296,0.138,-0.138,1.32,0.2,-0.18,1.111,0.169,-0.154,5688.0,77.0,-77.0,4.333,0.132,-0.108,13.987,282.99973,40.557449,KEPLER_CONFIRMED,5339567,1
5340644,K00503.01,Kepler-580 b,CONFIRMED,8.22241355,1.052e-05,-1.052e-05,1468.6,25.2,-25.2,2.71,0.0413,-0.0413,2.28,0.09,-0.11,0.615,0.025,-0.031,4213.0,84.0,-84.0,4.658,0.025,-0.02,15.0,283.49982,40.552799,KEPLER_CONFIRMED,5340644,1
5340878,K04199.01,Kepler-1566 b,CONFIRMED,0.539915033,1.508e-06,-1.508e-06,97.0,6.3,-6.3,1.1466,0.073,-0.073,0.82,0.04,-0.06,0.837,0.044,-0.06,5102.0,84.0,-76.0,4.502,0.07,-0.035,14.311,283.58762,40.574928,KEPLER_CONFIRMED,5340878,1
5342473,K02297.01,Kepler-1818 b,CONFIRMED,4.64495172,2.568e-05,-2.568e-05,147.4,8.6,-8.6,3.366,0.123,-0.123,1.38,0.41,-0.22,1.129,0.338,-0.182,6047.0,180.0,-180.0,4.343,0.128,-0.192,14.338,284.32852,40.568909,KEPLER_CONFIRMED,5342473,1
5350244,K02555.01,Kepler-1276 b,CONFIRMED,12.5722897,0.000195,-0.000195,86.5,8.3,-8.3,4.765,0.304,-0.304,1.09,0.19,-0.13,1.169,0.195,-0.142,6084.0,122.0,-134.0,4.319,0.103,-0.115,12.885,287.85699,40.54718,KEPLER_CONFIRMED,5350244,1
5351250,K00408.04,Kepler-150 b,CONFIRMED,3.42806306,1.99e-05,-1.99e-05,178.4,12.6,-12.6,2.417,0.144,-0.144,1.21,0.14,-0.1,0.914,0.11,-0.07,5559.0,110.0,-110.0,4.47,0.068,-0.102,14.985,288.2341,40.520901,KEPLER_CONFIRMED,5351250,1
5357545,K02219.01,Kepler-1809 b,CONFIRMED,3.757294695,6.729e-06,-6.729e-06,273.3,16.7,-16.7,0.9269,0.0657,-0.0657,1.23,0.1,-0.03,0.716,0.054,-0.021,4901.0,78.0,-78.0,4.618,0.012,-0.054,14.099,290.26535,40.548649,KEPLER_CONFIRMED,5357545,1
5357901,K00188.01,Kepler-425 b,CONFIRMED,3.797018259,1.87e-07,-1.87e-07,14431.2,11.6,-11.6,2.2608,0.00854,-0.00854,10.07,0.75,-0.47,0.848,0.063,-0.04,5167.0,82.0,-82.0,4.527,0.04,-0.06,14.741,290.35803,40.567741,KEPLER_CONFIRMED,5357901,1
5358241,K00829.03,Kepler-53 c,CONFIRMED,38.5576546,0.0001765,-0.0001765,993.0,26.8,-26.8,5.794,0.199,-0.199,4.02,0.62,-0.36,1.053,0.161,-0.094,5775.0,78.0,-78.0,4.405,0.066,-0.123,15.386,290.46176,40.562462,KEPLER_CONFIRMED,5358241,1
5358624,K00830.01,Kepler-428 b,CONFIRMED,3.525632539,1.5e-07,-1.5e-07,22335.0,13.1,-13.1,2.59959,0.00079,-0.00079,11.58,0.9,-0.48,0.793,0.062,-0.033,5150.0,82.0,-82.0,4.572,0.02,-0.064,15.224,290.58173,40.5774,KEPLER_CONFIRMED,5358624,1
5364071,K00248.01,Kepler-49 b,CONFIRMED,7.203855862,5.921e-06,-5.921e-06,1765.9,19.2,-19.2,2.5418,0.0226,-0.0226,2.25,0.13,-0.17,0.539,0.03,-0.041,3834.0,77.0,-84.0,4.708,0.045,-0.021,15.264,292.29459,40.591789,KEPLER_CONFIRMED,5364071,1
5369827,K02690.01,Kepler-1870 b,CONFIRMED,3.606940379,7.245e-06,-7.245e-06,432.3,27.2,-27.2,1.0418,0.066,-0.066,2.04,0.26,-0.07,0.84,0.107,-0.027,5508.0,99.0,-110.0,4.569,0.012,-0.108,13.461,293.93347,40.59074,KEPLER_CONFIRMED,5369827,1
5371776,K01557.01,Kepler-304 b,CONFIRMED,3.295701024,1.921e-06,-1.921e-06,1745.7,17.3,-17.3,1.8268,0.0256,-0.0256,2.81,0.2,-0.1,0.691,0.049,-0.025,4723.0,94.0,-94.0,4.628,0.012,-0.045,14.84,294.44177,40.55759,KEPLER_CONFIRMED,5371776,1
5371777,K04327.01,Kepler-1589 b,CONFIRMED,0.991659646,7.946e-06,-7.946e-06,77.3,6.8,-6.8,2.215,0.183,-0.183,1.19,0.2,-0.13,1.244,0.205,-0.136,6117.0,73.0,-92.0,4.315,0.084,-0.126,14.978,294.4418,40.571678,KEPLER_CONFIRMED,5371777,1
5374403,K02556.01,Kepler-1277 b,CONFIRMED,40.8366307,0.0003848,-0.0003848,264.8,16.3,-16.3,4.956,0.182,-0.182,1.5,0.18,-0.13,0.925,0.11,-0.083,5529.0,110.0,-110.0,4.457,0.076,-0.093,14.05,295.10242,40.572392,KEPLER_CONFIRMED,5374403,1
5374854,K00645.02,Kepler-633 c,CONFIRMED,23.7832097,0.0001287,-0.0001287,256.5,7.2,-7.2,7.939,0.121,-0.121,2.01,0.32,-0.38,1.265,0.199,-0.243,5877.0,105.0,-129.0,4.233,0.162,-0.108,13.716,295.21744,40.592251,KEPLER_CONFIRMED,5374854,1
5375194,K01825.01,Kepler-964 b,CONFIRMED,13.52252364,7.447e-05,-7.447e-05,690.6,36.0,-36.0,3.987,0.141,-0.141,2.11,0.2,-0.1,0.816,0.078,-0.039,5338.0,106.0,-106.0,4.557,0.028,-0.077,13.895,295.30008,40.556591,KEPLER_CONFIRMED,5375194,1
5383248,K00261.01,Kepler-96 b,CONFIRMED,16.23847733,1.477e-05,-1.477e-05,646.7,5.8,-5.8,3.9699,0.0341,-0.0341,2.76,0.42,-0.24,0.993,0.15,-0.087,5683.0,114.0,-114.0,4.422,0.085,-0.114,10.297,297.06961,40.525131,KEPLER_CONFIRMED,5383248,1
5384079,K02011.02,Kepler-348 c,CONFIRMED,17.2653659,0.0001965,-0.0001965,67.9,5.5,-5.5,5.02,0.234,-0.234,1.16,0.22,-0.15,1.402,0.267,-0.178,6388.0,115.0,-140.0,4.244,0.088,-0.121,12.556,297.25504,40.54837,KEPLER_CONFIRMED,5384079,1
5436013,K02471.01,Kepler-1841 b,CONFIRMED,25.8859397,0.0002406,-0.0002406,217.1,15.8,-15.8,4.548,0.216,-0.216,1.66,0.09,-0.16,0.899,0.051,-0.083,5190.0,85.0,-77.0,4.446,0.105,-0.042,14.556,287.70688,40.685242,KEPLER_CONFIRMED,5436013,1
5436338,K02835.01,Kepler-1880 b,CONFIRMED,6.30922043,1.723e-05,-1.723e-05,691.2,38.2,-38.2,1.3251,0.0716,-0.0716,1.37,0.1,-0.12,0.53,0.041,-0.045,4380.0,130.0,-143.0,4.71,0.059,-0.032,15.906,287.82639,40.696602,KEPLER_CONFIRMED,5436338,1
5436502,K00834.01,Kepler-238 e,CONFIRMED,23.65369415,1.748e-05,-1.748e-05,3341.8,13.2,-13.2,8.2183,0.021,-0.021,7.89,1.38,-1.52,1.384,0.242,-0.266,5739.0,114.0,-103.0,4.191,0.162,-0.108,15.084,287.89713,40.637821,KEPLER_CONFIRMED,5436502,1
5437945,K03791.01,Kepler-460 b,CONFIRMED,440.7843755,0.0009208,-0.0009208,2579.0,16.1,-16.1,21.693,0.13,-0.13,7.23,2.0,-2.0,1.393,0.385,-0.385,6340.0,171.0,-209.0,4.163,0.246,-0.164,13.771,288.47485,40.65136,KEPLER_CONFIRMED,5437945,1
5438099,K01567.04,Kepler-306 e,CONFIRMED,44.8411168,0.0002781,-0.0002781,1051.6,38.5,-38.5,5.902,0.135,-0.135,2.75,0.18,-0.11,0.721,0.047,-0.029,4955.0,100.0,-100.0,4.61,0.018,-0.046,15.565,288.53867,40.61615,KEPLER_CONFIRMED,5438099,1
5438757,K01601.01,Kepler-903 b,CONFIRMED,10.35078415,4.721e-05,-4.721e-05,273.1,8.5,-8.5,6.253,0.119,-0.119,1.97,0.31,-0.27,1.08,0.165,-0.15,5534.0,82.0,-74.0,4.338,0.138,-0.103,14.659,288.77103,40.664181,KEPLER_CONFIRMED,5438757,1
5440317,K03141.01,Kepler-1438 b,CONFIRMED,2.31941571,1.601e-05,-1.601e-05,96.4,10.2,-10.2,1.591,0.155,-0.155,1.24,0.2,-0.2,1.248,0.203,-0.203,5624.0,76.0,-76.0,4.256,0.143,-0.117,14.869,289.28979,40.681671,KEPLER_CONFIRMED,5440317,1
5444548,K00409.01,Kepler-545 b,CONFIRMED,13.24931848,1.872e-05,-1.872e-05,647.6,8.4,-8.4,4.4859,0.0438,-0.0438,2.86,0.43,-0.34,1.078,0.159,-0.13,5799.0,104.0,-116.0,4.361,0.11,-0.11,14.15,290.56631,40.692039,KEPLER_CONFIRMED,5444548,1
5445681,K03039.01,Kepler-1417 b,CONFIRMED,20.3504704,0.0002623,-0.0002623,101.8,7.1,-7.1,7.225,0.25,-0.25,1.01,0.29,-0.15,1.002,0.282,-0.152,5952.0,161.0,-178.0,4.41,0.101,-0.188,13.914,290.94989,40.605221,KEPLER_CONFIRMED,5445681,1
5446285,K00142.01,Kepler-88 b,CONFIRMED,10.916108342,4.875e-06,-4.875e-06,1479.0,6.8,-6.8,3.6496,0.0646,-0.0646,3.93,0.66,-0.15,0.932,0.157,-0.036,5575.0,82.0,-116.0,4.521,0.019,-0.153,13.113,291.14807,40.669399,KEPLER_CONFIRMED,5446285,1
5450893,K02970.01,Kepler-1890 b,CONFIRMED,4.82051088,3.66e-05,-3.66e-05,40.9,3.3,-3.3,3.588,0.228,-0.228,1.08,0.19,-0.22,1.396,0.238,-0.29,6046.0,121.0,-133.0,4.158,0.174,-0.101,12.861,292.57779,40.667858,KEPLER_CONFIRMED,5450893,1
5456651,K00835.01,Kepler-239 b,CONFIRMED,11.76307164,2.035e-05,-2.035e-05,1037.3,23.9,-23.9,2.9076,0.05,-0.05,2.35,0.17,-0.08,0.756,0.054,-0.027,4959.0,99.0,,4.603,0.011,-0.06,15.208,294.20215,40.66341,KEPLER_CONFIRMED,5456651,1
5461440,K00504.01,Kepler-581 b,CONFIRMED,40.606895,0.0001893,-0.0001893,657.5,21.2,-21.2,5.756,0.114,-0.114,2.67,0.38,-0.3,1.027,0.144,-0.118,5538.0,74.0,-83.0,4.384,0.116,-0.105,14.56,295.4328,40.648239,KEPLER_CONFIRMED,5461440,1
5470739,K01585.01,Kepler-899 b,CONFIRMED,19.17893976,8.064e-05,-8.064e-05,752.8,25.3,-25.3,5.144,0.105,-0.105,2.4,0.71,-0.22,0.881,0.26,-0.081,5767.0,173.0,-173.0,4.538,0.035,-0.196,15.401,297.48257,40.680779,KEPLER_CONFIRMED,5470739,1
5474613,K01599.02,Kepler-1659 b,CONFIRMED,13.6164547,0.0001053,-0.0001053,376.1,20.9,-20.9,5.175,0.339,-0.339,22.29,6.68,-2.38,0.972,0.291,-0.104,5823.0,158.0,-193.0,4.472,0.052,-0.208,14.802,298.37384,40.61842,KEPLER_CONFIRMED,5474613,1
5480640,K02707.01,Kepler-399 d,CONFIRMED,58.0337426,0.0002476,-0.0002476,807.1,24.2,-24.2,5.584,0.107,-0.107,3.21,0.5,-0.56,1.152,0.18,-0.2,5467.0,82.0,-73.0,4.271,0.18,-0.12,14.467,299.50174,40.670799,KEPLER_CONFIRMED,5480640,1
5511081,K01930.01,Kepler-338 b,CONFIRMED,13.72710334,4.068e-05,-4.068e-05,199.2,3.4,-3.4,7.3419,0.0741,-0.0741,2.38,0.16,-0.13,1.693,0.115,-0.094,5951.0,80.0,-80.0,4.017,0.033,-0.03,12.119,282.97897,40.784351,KEPLER_CONFIRMED,5511081,1
5513012,K02668.01,Kepler-1310 b,CONFIRMED,0.679336747,8.23e-07,-8.23e-07,240.7,7.7,-7.7,1.2188,0.0366,-0.0366,1.4,0.16,-0.08,0.913,0.103,-0.055,5440.0,73.0,-81.0,4.491,0.045,-0.098,14.159,283.92004,40.740131,KEPLER_CONFIRMED,5513012,1
5514383,K00257.01,Kepler-506 b,CONFIRMED,6.88341278,1.336e-05,-1.336e-05,487.4,15.9,-15.9,2.0674,0.0521,-0.0521,2.63,0.07,-0.09,1.193,0.029,-0.043,6139.0,74.0,-86.0,4.359,0.012,-0.012,10.868,284.63519,40.71983,KEPLER_CONFIRMED,5514383,1
5520547,K02990.01,Kepler-1401 b,CONFIRMED,11.20058855,7.691e-05,-7.691e-05,219.9,13.0,-13.0,4.562,0.128,-0.128,1.7,0.47,-0.16,0.898,0.248,-0.083,6038.0,163.0,-181.0,4.524,0.046,-0.184,14.982,287.46606,40.75845,KEPLER_CONFIRMED,5520547,1
5526527,K01838.01,Kepler-970 b,CONFIRMED,16.7364755,0.0001396,-0.0001396,1147.0,143.0,-143.0,2.151,0.212,-0.212,2.73,0.09,-0.15,0.653,0.022,-0.035,4334.0,77.0,-77.0,4.618,0.04,-0.012,14.786,289.62524,40.708729,KEPLER_CONFIRMED,5526527,1
5526717,K01677.01,Kepler-926 b,CONFIRMED,52.069002,0.0001959,-0.0001959,558.3,23.3,-23.3,3.0089,0.0887,-0.0887,2.92,0.42,-0.52,1.246,0.179,-0.219,5565.0,75.0,-83.0,4.251,0.149,-0.108,14.279,289.67935,40.700459,KEPLER_CONFIRMED,5526717,1
5530112,K04067.01,Kepler-1937 b,CONFIRMED,9.6887216,0.000612,-0.000612,655.5,44.1,-44.1,2.0,0.102,-0.102,3.09,1.1,-0.37,1.196,0.428,-0.143,6457.0,179.0,-246.0,4.358,0.072,-0.217,14.158,290.65839,40.778542,KEPLER_CONFIRMED,5530112,1
5531576,K00837.01,Kepler-240 c,CONFIRMED,7.953547,1.91e-05,-1.91e-05,875.4,25.3,-25.3,2.6312,0.0595,-0.0595,2.25,0.07,-0.14,0.779,0.023,-0.049,4768.0,76.0,-85.0,4.536,0.056,-0.016,15.66,291.15878,40.750271,KEPLER_CONFIRMED,5531576,1
5531694,K00647.01,Kepler-634 b,CONFIRMED,5.16949729,1.017e-05,-1.017e-05,210.6,3.5,-3.5,4.5122,0.0464,-0.0464,2.06,0.31,-0.43,1.409,0.214,-0.294,6011.0,108.0,-132.0,4.123,0.195,-0.105,13.55,291.19507,40.702702,KEPLER_CONFIRMED,5531694,1
5531953,K01681.02,Kepler-1984 b,CONFIRMED,1.992812339,7.832e-06,-7.832e-06,314.8,22.8,-22.8,2.066,0.177,-0.177,6.81,0.75,-0.9,0.42,0.046,-0.056,3638.0,72.0,-87.0,4.844,0.049,-0.055,15.855,291.285,40.730049,KEPLER_CONFIRMED,5531953,1
5534941,K02332.01,Kepler-1827 b,CONFIRMED,3.70063251,1.772e-05,-1.772e-05,68.6,2.6,-2.6,5.408,0.102,-0.102,1.24,0.19,-0.43,1.404,0.21,-0.49,5423.0,108.0,-97.0,4.105,0.36,-0.112,13.024,292.25247,40.792721,KEPLER_CONFIRMED,5534941,1
5542466,K01590.02,Kepler-1756 b,CONFIRMED,2.35574505,1.021e-05,-1.021e-05,266.9,18.0,-18.0,1.796,0.115,-0.115,1.34,0.04,-0.1,0.812,0.027,-0.058,4915.0,78.0,-88.0,4.512,0.072,-0.022,15.674,294.36487,40.720879,KEPLER_CONFIRMED,5542466,1
5546691,K02587.01,Kepler-1283 b,CONFIRMED,12.9462567,0.000293,-0.000293,168.7,12.7,-12.7,9.568,0.606,-0.606,1.13,0.29,-0.1,0.867,0.22,-0.078,6058.0,161.0,-197.0,4.54,0.046,-0.184,15.079,295.46234,40.77697,KEPLER_CONFIRMED,5546691,1
5546761,K02160.01,Kepler-1125 b,CONFIRMED,17.6700291,0.0001226,-0.0001226,348.4,15.0,-15.0,6.693,0.188,-0.188,2.89,0.49,-0.48,1.247,0.209,-0.209,5795.0,78.0,-78.0,4.265,0.15,-0.112,14.874,295.48123,40.731979,KEPLER_CONFIRMED,5546761,1
5551240,K05178.01,Kepler-1626 b,CONFIRMED,4.13960513,4.082e-05,-4.082e-05,106.7,10.6,-10.6,3.31,0.184,-0.184,1.24,0.4,-0.13,1.181,0.382,-0.127,6535.0,154.0,-212.0,4.373,0.065,-0.195,14.275,296.50043,40.72123,KEPLER_CONFIRMED,5551240,1
5561278,K01621.01,Kepler-911 b,CONFIRMED,20.31047472,6.135e-05,-6.135e-05,164.6,4.1,-4.1,5.3357,0.0676,-0.0676,2.41,0.18,-0.1,1.877,0.141,-0.071,6065.0,91.0,-72.0,3.97,0.011,-0.014,11.855,298.5892,40.75069,KEPLER_CONFIRMED,5561278,1
5562090,K02664.01,Kepler-1309 b,CONFIRMED,28.8431751,0.0002705,-0.0002705,756.7,58.8,-58.8,3.171,0.196,-0.196,2.66,0.3,-0.3,0.785,0.088,-0.088,5151.0,168.0,-153.0,4.528,0.082,-0.067,15.652,298.73523,40.76416,KEPLER_CONFIRMED,5562090,1
5599774,K02337.01,Kepler-1195 b,CONFIRMED,8.49640437,2.908e-05,-2.908e-05,834.0,44.5,-44.5,2.2128,0.0959,-0.0959,2.14,0.24,-0.2,0.709,0.079,-0.065,5093.0,151.0,-151.0,4.586,0.061,-0.05,15.888,284.3511,40.852982,KEPLER_CONFIRMED,5599774,1
5601258,K02191.01,Kepler-1805 b,CONFIRMED,8.84784273,3.369e-05,-3.369e-05,460.2,25.8,-25.8,2.0572,0.0995,-0.0995,1.15,0.07,-0.07,0.552,0.033,-0.033,3867.0,77.0,-84.0,4.718,0.027,-0.033,14.911,285.08655,40.898998,KEPLER_CONFIRMED,5601258,1
5602588,K02369.01,Kepler-1211 b,CONFIRMED,11.01819178,7.244e-05,-7.244e-05,545.7,26.8,-26.8,4.635,0.148,-0.148,2.64,0.82,-0.27,0.969,0.3,-0.1,6075.0,168.0,-210.0,4.486,0.052,-0.208,15.832,285.72079,40.85696,KEPLER_CONFIRMED,5602588,1
5609593,K02834.01,Kepler-1362 b,CONFIRMED,136.205112,0.001384,-0.001384,1209.3,70.2,-70.2,5.568,0.2,-0.2,2.35,0.22,-0.17,0.675,0.062,-0.05,4648.0,167.0,-167.0,4.631,0.032,-0.042,15.839,288.53854,40.87711,KEPLER_CONFIRMED,5609593,1
5613330,K00649.01,Kepler-635 b,CONFIRMED,23.44970494,7.193e-05,-7.193e-05,315.6,5.0,-5.0,8.6567,0.0766,-0.0766,2.71,0.49,-0.41,1.524,0.278,-0.228,6188.0,110.0,-135.0,4.196,0.115,-0.126,13.31,289.77325,40.80072,KEPLER_CONFIRMED,5613330,1
5617854,K01588.01,Kepler-901 b,CONFIRMED,3.517494725,3.791e-06,-3.791e-06,532.8,12.0,-12.0,1.5639,0.0333,-0.0333,1.42,0.07,-0.08,0.564,0.03,-0.03,4132.0,82.0,-91.0,4.699,0.025,-0.028,14.699,291.15295,40.887489,KEPLER_CONFIRMED,5617854,1
5621125,K01814.01,Kepler-959 b,CONFIRMED,14.80075082,4.039e-05,-4.039e-05,501.4,10.6,-10.6,5.762,0.0741,-0.0741,17.38,3.36,-6.24,7.663,1.482,-2.752,6327.0,301.0,-452.0,3.092,0.287,-0.123,12.538,292.17117,40.811378,KEPLER_CONFIRMED,5621125,1
5621586,K02415.01,Kepler-1836 b,CONFIRMED,5.25419589,1.901e-05,-1.901e-05,461.8,20.8,-20.8,2.9878,0.0812,-0.0812,2.12,0.69,-0.22,0.987,0.317,-0.106,6123.0,190.0,-232.0,4.472,0.054,-0.216,15.659,292.31512,40.838821,KEPLER_CONFIRMED,5621586,1
5629353,K06132.02,Kepler-1640 b,CONFIRMED,7.5844241,0.0002854,-0.0002854,1005.0,47.0,-47.0,3.918,0.125,-0.125,5.83,1.78,-1.59,1.651,0.502,-0.451,6264.0,177.0,-265.0,4.133,0.2,-0.18,14.624,294.55789,40.850498,KEPLER_CONFIRMED,5629353,1
5629538,K02345.01,Kepler-1201 b,CONFIRMED,15.18727049,8.664e-05,-8.664e-05,292.5,15.6,-15.6,4.509,0.154,-0.154,1.94,0.58,-0.25,1.005,0.304,-0.13,6136.0,183.0,-220.0,4.414,0.105,-0.195,14.724,294.61481,40.833172,KEPLER_CONFIRMED,5629538,1
5631630,K02010.01,Kepler-1051 b,CONFIRMED,25.96190067,9.616e-05,-9.616e-05,350.3,10.5,-10.5,6.2732,0.0941,-0.0941,3.25,0.59,-0.73,1.729,0.315,-0.386,6369.0,77.0,-83.0,4.088,0.174,-0.116,13.2,295.15811,40.898849,KEPLER_CONFIRMED,5631630,1
5640085,K00448.01,Kepler-159 b,CONFIRMED,10.13958818,2.076e-05,-2.076e-05,1155.9,31.8,-31.8,2.6446,0.0517,-0.0517,1.68,0.13,-0.13,0.5,0.037,-0.041,3893.0,78.0,-85.0,4.758,0.04,-0.036,14.902,297.07016,40.86879,KEPLER_CONFIRMED,5640085,1
5644412,K04194.01,Kepler-1565 b,CONFIRMED,1.538185321,7.011e-06,-7.011e-06,277.2,21.0,-21.0,1.683,0.101,-0.101,1.29,0.17,-0.12,0.723,0.097,-0.065,5107.0,184.0,-184.0,4.615,0.033,-0.077,15.329,297.95297,40.806808,KEPLER_CONFIRMED,5644412,1
5651104,K00840.01,Kepler-695 b,CONFIRMED,3.04033046,3.37e-07,-3.37e-07,10858.8,25.8,-25.8,1.8411,0.0168,-0.0168,8.99,0.8,-0.99,0.791,0.071,-0.087,5035.0,151.0,-151.0,4.519,0.084,-0.063,15.028,299.3161,40.82238,KEPLER_CONFIRMED,5651104,1
5652893,K02790.01,Kepler-1347 b,CONFIRMED,14.00948631,6.676e-05,-6.676e-05,169.9,8.6,-8.6,3.399,0.122,-0.122,0.98,0.06,-0.05,0.767,0.041,-0.046,5153.0,102.0,-102.0,4.551,0.049,-0.036,13.38,299.65961,40.843849,KEPLER_CONFIRMED,5652893,1
5683743,K00412.01,Kepler-546 b,CONFIRMED,4.147021189,8.93e-07,-8.93e-07,3680.7,10.6,-10.6,2.8997,0.0133,-0.0133,7.31,1.99,-1.62,1.205,0.327,-0.268,5818.0,158.0,-176.0,4.266,0.19,-0.171,14.288,283.2576,40.990501,KEPLER_CONFIRMED,5683743,1
5686174,K00610.01,Kepler-622 b,CONFIRMED,14.28228147,2.82e-05,-2.82e-05,983.2,25.5,-25.5,2.6588,0.0529,-0.0529,1.82,0.08,-0.09,0.595,0.028,-0.028,4102.0,82.0,-90.0,4.675,0.022,-0.025,14.672,284.47849,40.933102,KEPLER_CONFIRMED,5686174,1
5688683,K04097.01,Kepler-1939 b,CONFIRMED,2.790643481,4.44e-06,-4.44e-06,202.0,16.5,-16.5,0.6871,0.0903,-0.0903,0.99,0.09,-0.07,0.603,0.06,-0.04,4353.0,118.0,-131.0,4.681,0.028,-0.048,13.435,285.69,40.99453,KEPLER_CONFIRMED,5688683,1
5688790,K03144.01,Kepler-1439 b,CONFIRMED,8.07394097,4.848e-05,-4.848e-05,1056.0,77.7,-77.7,2.455,0.111,-0.111,1.59,0.2,-0.19,0.398,0.049,-0.049,3675.0,73.0,-82.0,4.869,0.049,-0.055,16.109,285.73981,40.980049,KEPLER_CONFIRMED,5688790,1
5688910,K02856.01,Kepler-1369 b,CONFIRMED,25.8730914,0.0001464,-0.0001464,694.4,39.6,-39.6,5.085,0.216,-0.216,2.88,0.91,-0.39,1.093,0.345,-0.148,6036.0,190.0,-211.0,4.382,0.09,-0.21,15.323,285.79724,40.93618,KEPLER_CONFIRMED,5688910,1
5689351,K00505.04,Kepler-169 d,CONFIRMED,8.34819209,3.129e-05,-3.129e-05,288.9,14.4,-14.4,2.835,0.11,-0.11,1.45,0.08,-0.07,0.76,0.046,-0.034,5001.0,99.0,0.0,4.582,0.024,-0.048,14.194,285.99988,40.919319,KEPLER_CONFIRMED,5689351,1
5695396,K00283.01,Kepler-131 b,CONFIRMED,16.09196369,1.725e-05,-1.725e-05,415.8,5.3,-5.3,2.8943,0.0295,-0.0295,2.13,0.31,-0.21,1.016,0.148,-0.098,5680.0,102.0,-114.0,4.414,0.076,-0.114,11.525,288.53082,40.942299,KEPLER_CONFIRMED,5695396,1
5695524,K01897.01,Kepler-1774 b,CONFIRMED,59.7711433,0.0002146,-0.0002146,574.5,17.3,-17.3,4.843,0.107,-0.107,3.17,1.09,-0.43,1.122,0.384,-0.153,6214.0,173.0,-217.0,4.382,0.087,-0.217,13.952,288.57443,40.988659,KEPLER_CONFIRMED,5695524,1
5705819,K02091.01,Kepler-1793 b,CONFIRMED,8.77997349,3.19e-05,-3.19e-05,755.7,26.6,-26.6,3.2201,0.0981,-0.0981,2.12,0.3,-0.16,0.764,0.109,-0.058,5191.0,155.0,-155.0,4.597,0.03,-0.09,15.789,291.91287,40.953892,KEPLER_CONFIRMED,5705819,1
5706595,K02183.01,Kepler-370 c,CONFIRMED,19.0231361,0.0001151,-0.0001151,401.6,21.5,-21.5,3.431,0.13,-0.13,2.04,0.27,-0.15,0.954,0.128,-0.069,5569.0,75.0,-83.0,4.459,0.059,-0.11,15.198,292.17114,40.916309,KEPLER_CONFIRMED,5706595,1
5706966,K01908.01,Kepler-333 b,CONFIRMED,12.55111099,3.528e-05,-3.528e-05,494.1,16.4,-16.4,3.1293,0.0729,-0.0729,1.34,0.07,-0.06,0.598,0.029,-0.029,4213.0,84.0,-84.0,4.669,0.024,-0.022,14.731,292.28607,40.913589,KEPLER_CONFIRMED,5706966,1
5709725,K00555.01,Kepler-598 b,CONFIRMED,3.701765401,9.391e-06,-9.391e-06,288.3,9.3,-9.3,2.6061,0.0649,-0.0649,1.63,0.12,-0.17,0.898,0.063,-0.095,5252.0,105.0,-105.0,4.442,0.105,-0.052,14.759,293.12341,40.934769,KEPLER_CONFIRMED,5709725,1
5716932,K02358.01,Kepler-1830 b,CONFIRMED,56.4931698,0.0003626,-0.0003626,411.9,14.9,-14.9,8.704,0.176,-0.176,4.43,0.77,-1.14,2.046,0.352,-0.527,6160.0,123.0,-123.0,3.976,0.18,-0.105,13.524,295.1391,40.979061,KEPLER_CONFIRMED,5716932,1
5728139,K00206.01,Kepler-433 b,CONFIRMED,5.334082429,1.332e-06,-1.332e-06,4676.5,8.3,-8.3,6.2226,0.00687,-0.00687,13.08,2.45,-3.0,1.905,0.357,-0.437,6332.0,82.0,-75.0,4.016,0.18,-0.12,14.463,297.59366,40.977268,KEPLER_CONFIRMED,5728139,1
5735762,K00148.03,Kepler-48 d,CONFIRMED,42.89645024,9.431e-05,-9.431e-05,555.3,8.6,-8.6,5.6897,0.056,-0.056,2.0,0.15,-0.15,0.873,0.065,-0.065,5192.0,103.0,-103.0,4.489,0.066,-0.054,13.04,299.13922,40.94902,KEPLER_CONFIRMED,5735762,1
5768816,K03288.01,Kepler-1458 b,CONFIRMED,47.9869119,0.0002568,-0.0002568,859.3,37.6,-37.6,5.342,0.143,-0.143,3.35,0.88,-0.47,0.981,0.258,-0.139,5641.0,152.0,-152.0,4.408,0.12,-0.18,14.19,283.21161,41.038059,KEPLER_CONFIRMED,5768816,1
5770074,K01928.01,Kepler-1675 b,CONFIRMED,63.0380366,0.0002293,-0.0002293,658.7,14.2,-14.2,7.3702,0.0855,-0.0855,2.59,0.39,-0.22,1.019,0.151,-0.088,5798.0,104.0,-116.0,4.411,0.085,-0.114,13.605,283.80954,41.041241,KEPLER_CONFIRMED,5770074,1
5773121,K04002.01,Kepler-1932 b,CONFIRMED,0.524175803,8.2e-07,-8.2e-07,236.8,13.9,-13.9,0.7648,0.0565,-0.0565,1.27,0.12,-0.05,0.815,0.08,-0.029,5278.0,73.0,-84.0,4.576,0.015,-0.09,15.04,285.33154,41.063911,KEPLER_CONFIRMED,5773121,1
5774349,K00557.01,Kepler-599 b,CONFIRMED,15.65563866,3.206e-05,-3.206e-05,955.9,20.8,-20.8,3.9305,0.0627,-0.0627,2.55,0.32,-0.31,0.837,0.104,-0.104,5185.0,154.0,-154.0,4.484,0.1,-0.1,14.97,285.9115,41.069439,KEPLER_CONFIRMED,5774349,1
5775129,K02802.01,Kepler-1691 b,CONFIRMED,3.84822189,1.659e-05,-1.659e-05,203.9,13.8,-13.8,2.013,0.107,-0.107,1.72,0.28,-0.21,1.193,0.198,-0.148,5927.0,71.0,-83.0,4.323,0.105,-0.116,14.919,286.25443,41.02187,KEPLER_CONFIRMED,5775129,1
5780460,K01005.01,Kepler-747 b,CONFIRMED,35.61760233,5.29e-05,-5.29e-05,4634.9,34.2,-34.2,8.4559,0.0435,-0.0435,5.17,0.53,-0.59,0.779,0.08,-0.088,5123.0,168.0,-138.0,4.523,0.084,-0.063,15.703,288.4165,41.0298,KEPLER_CONFIRMED,5780460,1
5780885,K00097.01,Kepler-7 b,CONFIRMED,4.885488596,2.66e-07,-2.66e-07,7458.4,3.7,-3.7,5.16165,0.00597,-0.00597,16.66,1.04,-0.7,1.909,0.12,-0.08,6036.0,78.0,-72.0,3.968,0.02,-0.016,12.885,288.58151,41.089809,KEPLER_CONFIRMED,5780885,1
5780930,K03412.01,Kepler-1492 b,CONFIRMED,16.7525077,9.82e-05,-9.82e-05,338.3,21.8,-21.8,3.174,0.149,-0.149,3.65,2.08,-2.29,1.802,1.029,-1.131,4807.0,129.0,-129.0,3.906,0.7,-0.3,14.534,288.59711,41.03643,KEPLER_CONFIRMED,5780930,1
5784777,K03916.01,Kepler-1529 b,CONFIRMED,5.33905606,1.209e-05,-1.209e-05,755.5,31.7,-31.7,1.6415,0.0631,-0.0631,1.9,0.19,-0.2,0.704,0.072,-0.072,5057.0,151.0,-136.0,4.573,0.072,-0.048,15.362,289.8707,41.04073,KEPLER_CONFIRMED,5784777,1
5786676,K00650.01,Kepler-1665 b,CONFIRMED,11.95474513,9.054e-06,-9.054e-06,903.4,10.9,-10.9,2.1433,0.0248,-0.0248,5.15,1.37,-2.23,1.657,0.441,-0.716,5059.0,111.0,-91.0,3.976,0.378,-0.135,13.594,290.39618,41.040081,KEPLER_CONFIRMED,5786676,1
5791986,K00413.01,Kepler-151 b,CONFIRMED,15.22895514,2.092e-05,-2.092e-05,1124.8,19.9,-19.9,2.5967,0.0414,-0.0414,3.0,0.64,-0.28,0.812,0.175,-0.075,5456.0,164.0,-164.0,4.562,0.045,-0.135,14.769,292.16278,41.023239,KEPLER_CONFIRMED,5791986,1
5792202,K00841.01,Kepler-27 b,CONFIRMED,15.33528675,1.989e-05,-1.989e-05,3081.4,39.0,-39.0,3.897,0.0771,-0.0771,5.0,0.49,-0.18,0.817,0.08,-0.029,5251.0,105.0,-105.0,4.581,0.01,-0.085,15.855,292.23676,41.08588,KEPLER_CONFIRMED,5792202,1
5794240,K00254.01,Kepler-45 b,CONFIRMED,2.455240626,1.11e-07,-1.11e-07,36911.9,33.7,-33.7,1.72722,0.00373,-0.00373,10.6,0.43,-0.71,0.568,0.023,-0.038,3793.0,76.0,-84.0,4.697,0.032,-0.02,15.979,292.87289,41.06427,KEPLER_CONFIRMED,5794240,1
5794379,K00842.01,Kepler-241 b,CONFIRMED,12.71809866,2.324e-05,-2.324e-05,1149.4,24.5,-24.5,3.0957,0.0562,-0.0562,2.31,0.17,-0.22,0.686,0.049,-0.067,4702.0,128.0,-142.0,4.592,0.058,-0.027,15.389,292.91312,41.060921,KEPLER_CONFIRMED,5794379,1
5794570,K02675.01,Kepler-1312 b,CONFIRMED,5.448321078,7.617e-06,-7.617e-06,529.4,10.5,-10.5,2.2213,0.0405,-0.0405,2.17,0.31,-0.11,0.905,0.127,-0.045,5721.0,103.0,-126.0,4.517,0.028,-0.112,12.43,292.97125,41.03577,KEPLER_CONFIRMED,5794570,1
5796675,K00652.01,Kepler-636 b,CONFIRMED,16.080657264,8.077e-06,-8.077e-06,3076.0,18.3,-18.3,2.8701,0.0199,-0.0199,4.43,0.38,-0.23,0.817,0.069,-0.044,5303.0,106.0,-106.0,4.547,0.03,-0.07,13.653,293.59189,41.095161,KEPLER_CONFIRMED,5796675,1
5807769,K02614.01,Kepler-1289 b,CONFIRMED,7.99022379,5.341e-05,-5.341e-05,165.9,11.1,-11.1,3.273,0.144,-0.144,1.97,0.31,-0.46,1.542,0.241,-0.362,5689.0,85.0,-76.0,4.065,0.195,-0.105,14.59,296.38882,41.040569,KEPLER_CONFIRMED,5807769,1
5809890,K01050.01,Kepler-755 b,CONFIRMED,1.269091415,1.011e-06,-1.011e-06,340.9,5.6,-5.6,1.4647,0.0254,-0.0254,1.41,0.1,-0.06,0.766,0.051,-0.037,5041.0,100.0,-100.0,4.576,0.028,-0.048,13.999,296.86099,41.09734,KEPLER_CONFIRMED,5809890,1
5812701,K00012.01,Kepler-448 b,CONFIRMED,17.855221681,3.676e-06,-3.676e-06,9065.2,11.2,-11.2,7.41287,0.00581,-0.00581,13.16,2.57,-0.65,1.367,0.267,-0.067,6823.0,61.0,-92.0,4.308,0.024,-0.128,11.353,297.45374,41.01099,KEPLER_CONFIRMED,5812701,1
5812960,K00507.01,Kepler-582 b,CONFIRMED,18.49234792,3.313e-05,-3.313e-05,1655.5,30.7,-30.7,3.4744,0.0534,-0.0534,3.34,0.52,-0.42,0.838,0.13,-0.106,5289.0,159.0,-159.0,4.477,0.115,-0.127,14.915,297.50369,41.057018,KEPLER_CONFIRMED,5812960,1
5856571,K01839.01,Kepler-971 b,CONFIRMED,9.59068586,2.495e-05,-2.495e-05,544.6,15.7,-15.7,3.452,0.071,-0.071,3.93,2.28,-2.28,1.673,0.971,-0.971,5476.0,179.0,-146.0,3.904,0.693,-0.297,13.237,284.09457,41.182819,KEPLER_CONFIRMED,5856571,1
5857540,K02448.01,Kepler-1242 b,CONFIRMED,13.62801048,6.229e-05,-6.229e-05,912.8,38.7,-38.7,3.5374,0.0976,-0.0976,3.28,0.42,-0.42,0.855,0.109,-0.109,5052.0,192.0,-174.0,4.48,0.105,-0.105,15.462,284.6062,41.196381,KEPLER_CONFIRMED,5857540,1
5860968,K04384.01,Kepler-1599 b,CONFIRMED,122.358116,0.004202,-0.004202,352.8,34.9,-34.9,10.768,0.69,-0.69,2.15,0.61,-0.41,1.139,0.324,-0.216,5998.0,180.0,-180.0,4.324,0.153,-0.187,14.945,286.22089,41.151249,KEPLER_CONFIRMED,5860968,1
5864975,K01787.01,Kepler-950 b,CONFIRMED,98.7179332,0.0001461,-0.0001461,7320.0,70.5,-70.5,6.593,0.109,-0.109,6.99,1.48,-0.52,0.786,0.166,-0.059,5808.0,157.0,-157.0,4.583,0.036,-0.144,15.7,287.95657,41.130329,KEPLER_CONFIRMED,5864975,1
5865654,K03071.01,Kepler-1423 b,CONFIRMED,23.9553986,0.0001816,-0.0001816,228.7,18.9,-18.9,3.204,0.182,-0.182,2.84,1.6,-1.76,1.781,1.001,-1.101,5011.0,134.0,-149.0,3.903,0.644,-0.297,14.553,288.24377,41.110081,KEPLER_CONFIRMED,5865654,1
5866724,K00085.02,Kepler-65 b,CONFIRMED,2.154911236,2.507e-06,-2.507e-06,99.7,1.4,-1.4,3.1341,0.027,-0.027,1.42,0.06,-0.08,1.424,0.056,-0.085,6181.0,68.0,-86.0,4.22,0.033,-0.027,11.018,288.68869,41.15118,KEPLER_CONFIRMED,5866724,1
5868793,K04290.01,Kepler-1582 b,CONFIRMED,4.83809469,8.797e-05,-8.797e-05,1544.0,169.0,-169.0,1.096,0.135,-0.135,0.79,0.12,-0.12,0.2,0.03,-0.03,3187.0,62.0,-88.0,5.091,0.01,-0.01,17.058,289.37668,41.158672,KEPLER_CONFIRMED,5868793,1
5871985,K02703.01,Kepler-1318 b,CONFIRMED,213.258526,0.001214,-0.001214,1992.3,62.6,-62.6,7.768,0.172,-0.172,2.72,0.24,-0.22,0.637,0.056,-0.051,4477.0,159.0,-159.0,4.649,0.035,-0.039,15.165,290.37631,41.150742,KEPLER_CONFIRMED,5871985,1
5880320,K01060.03,Kepler-758 d,CONFIRMED,20.4972755,0.000334,-0.000334,242.9,12.0,-12.0,8.536,0.406,-0.406,2.96,0.46,-0.69,1.458,0.226,-0.339,6021.0,120.0,-120.0,4.093,0.195,-0.105,14.348,293.08463,41.135441,KEPLER_CONFIRMED,5880320,1
5881120,K04156.01,Kepler-1943 b,CONFIRMED,4.85018974,5.845e-05,-5.845e-05,64.5,4.5,-4.5,5.676,0.158,-0.158,1.1,0.35,-0.12,0.973,0.315,-0.105,6032.0,168.0,-210.0,4.485,0.054,-0.216,13.809,293.31827,41.116669,KEPLER_CONFIRMED,5881120,1
5881688,K00843.01,Kepler-696 b,CONFIRMED,4.190425659,1.611e-06,-1.611e-06,2877.4,14.1,-14.1,2.8589,0.0224,-0.0224,6.21,2.05,-0.82,1.135,0.375,-0.15,6073.0,190.0,-232.0,4.392,0.072,-0.217,15.27,293.49661,41.137589,KEPLER_CONFIRMED,5881688,1
5881813,K02744.01,Kepler-1333 b,CONFIRMED,109.6469948,0.0007071,-0.0007071,899.7,34.5,-34.5,6.568,0.175,-0.175,4.85,0.73,-1.7,1.453,0.218,-0.51,5332.0,88.0,-72.0,4.083,0.368,-0.092,15.162,293.52756,41.111439,KEPLER_CONFIRMED,5881813,1
5895158,K03935.01,Kepler-1532 b,CONFIRMED,1.093665854,1.869e-06,-1.869e-06,218.4,7.8,-7.8,1.4399,0.047,-0.047,1.29,0.38,-0.12,0.874,0.252,-0.084,5845.0,139.0,-174.0,4.541,0.036,-0.192,14.815,296.9028,41.198189,KEPLER_CONFIRMED,5895158,1
5905822,K02801.01,Kepler-1876 b,CONFIRMED,6.99205021,3.838e-05,-3.838e-05,33.4,1.6,-1.6,5.037,0.122,-0.122,1.06,0.18,-0.2,1.467,0.25,-0.277,6057.0,134.0,-121.0,4.139,0.168,-0.112,10.787,299.16049,41.14373,KEPLER_CONFIRMED,5905822,1
5906694,K04069.01,Kepler-1938 b,CONFIRMED,13.06243545,7.124e-05,-7.124e-05,464.3,25.4,-25.4,3.244,0.13,-0.13,1.36,0.11,-0.12,0.655,0.052,-0.058,4522.0,136.0,-136.0,4.615,0.049,-0.025,14.885,299.3519,41.19574,KEPLER_CONFIRMED,5906694,1
5938970,K04016.01,Kepler-1540 b,CONFIRMED,125.4132302,0.0003895,-0.0003895,1345.0,66.7,-66.7,2.3241,0.0833,-0.0833,3.14,0.08,-0.17,0.747,0.02,-0.04,4641.0,74.0,-83.0,4.557,0.049,-0.014,14.073,283.34448,41.20174,KEPLER_CONFIRMED,5938970,1
5940165,K02031.01,Kepler-1062 b,CONFIRMED,9.30413878,2.541e-05,-2.541e-05,637.3,31.1,-31.1,1.9254,0.0716,-0.0716,1.67,0.12,-0.16,0.658,0.046,-0.061,4458.0,133.0,-133.0,4.611,0.052,-0.024,14.796,283.89941,41.221611,KEPLER_CONFIRMED,5940165,1
5941160,K00654.02,Kepler-200 c,CONFIRMED,10.22215697,3.434e-05,-3.434e-05,238.2,21.0,-21.0,1.1939,0.0952,-0.0952,1.72,0.23,-0.13,0.915,0.122,-0.071,5675.0,113.0,-113.0,4.459,0.081,-0.099,13.984,284.40991,41.237461,KEPLER_CONFIRMED,5941160,1
5942808,K02250.01,Kepler-1814 b,CONFIRMED,2.935362067,5.061e-06,-5.061e-06,1052.6,32.2,-32.2,1.5043,0.0388,-0.0388,3.15,0.24,-0.32,0.823,0.062,-0.085,4922.0,169.0,-169.0,4.505,0.084,-0.056,15.622,285.21667,41.282429,KEPLER_CONFIRMED,5942808,1
5942949,K02525.01,Kepler-1849 b,CONFIRMED,57.2932309,0.0005315,-0.0005315,773.6,57.0,-57.0,4.878,0.243,-0.243,1.95,0.14,-0.18,0.729,0.051,-0.07,4806.0,144.0,-129.0,4.564,0.065,-0.03,15.699,285.29193,41.255692,KEPLER_CONFIRMED,5942949,1
5953297,K02733.01,Kepler-1688 b,CONFIRMED,5.62006198,2.995e-05,-2.995e-05,190.1,13.0,-13.0,2.751,0.12,-0.12,1.45,0.08,-0.06,0.746,0.045,-0.03,4868.0,78.0,-78.0,4.6,0.014,-0.049,14.009,289.55301,41.297852,KEPLER_CONFIRMED,5953297,1
5956342,K01052.03,Kepler-265 e,CONFIRMED,67.8321638,0.0009119,-0.0009119,507.8,33.3,-33.3,7.358,0.254,-0.254,2.39,0.35,-0.38,1.067,0.156,-0.172,5839.0,105.0,-105.0,4.327,0.156,-0.104,15.381,290.51047,41.24482,KEPLER_CONFIRMED,5956342,1
5956656,K01053.01,Kepler-756 b,CONFIRMED,1.224866441,4.135e-06,-4.135e-06,196.0,10.9,-10.9,1.7086,0.0841,-0.0841,1.54,0.23,-0.22,1.107,0.161,-0.161,5553.0,74.0,-74.0,4.32,0.137,-0.1,15.376,290.60794,41.201092,KEPLER_CONFIRMED,5956656,1
5959719,K02498.01,Kepler-390 b,CONFIRMED,6.73808701,4.473e-05,-4.473e-05,92.9,7.5,-7.5,2.591,0.158,-0.158,0.73,0.04,-0.04,0.769,0.049,-0.04,5168.0,102.0,-102.0,4.566,0.036,-0.048,13.942,291.62878,41.208599,KEPLER_CONFIRMED,5959719,1
5959753,K00226.01,Kepler-496 b,CONFIRMED,8.30865307,1.027e-05,-1.027e-05,836.1,12.7,-12.7,3.2747,0.0353,-0.0353,2.42,0.11,-0.19,0.849,0.04,-0.066,5022.0,80.0,-80.0,4.485,0.077,-0.033,14.817,291.6409,41.241039,KEPLER_CONFIRMED,5959753,1
5962262,K04661.01,Kepler-1966 b,CONFIRMED,8.61742738,6.717e-05,-6.717e-05,154.9,16.0,-16.0,2.713,0.198,-0.198,1.01,0.04,-0.08,0.84,0.032,-0.064,5009.0,74.0,-82.0,4.491,0.077,-0.028,14.79,292.46387,41.299068,KEPLER_CONFIRMED,5962262,1
5963582,K02479.01,Kepler-1843 b,CONFIRMED,25.5433704,0.0002261,-0.0002261,138.6,5.7,-5.7,8.567,0.216,-0.216,2.11,0.41,-0.41,1.782,0.344,-0.344,5422.0,119.0,-98.0,3.945,0.162,-0.108,12.939,292.88528,41.27924,KEPLER_CONFIRMED,5963582,1
5965819,K03319.01,Kepler-1468 d,CONFIRMED,19.5906103,0.0001318,-0.0001318,297.0,12.3,-12.3,6.745,0.151,-0.151,2.64,0.44,-0.53,1.496,0.245,-0.299,5794.0,78.0,-78.0,4.118,0.182,-0.098,15.024,293.51984,41.277409,KEPLER_CONFIRMED,5965819,1
5966154,K00655.01,Kepler-201 b,CONFIRMED,25.6721559,5.329e-05,-5.329e-05,387.1,5.5,-5.5,5.9629,0.0797,-0.0797,2.68,0.42,-0.25,1.179,0.187,-0.109,6034.0,109.0,-133.0,4.359,0.063,-0.117,13.004,293.62604,41.27282,KEPLER_CONFIRMED,5966154,1
5966322,K00303.01,Kepler-517 b,CONFIRMED,60.92818866,7.966e-05,-7.966e-05,755.6,7.3,-7.3,6.3336,0.0501,-0.0501,2.78,0.39,-0.38,1.023,0.142,-0.142,5638.0,113.0,-101.0,4.359,0.132,-0.096,12.193,293.67532,41.295361,KEPLER_CONFIRMED,5966322,1
5972334,K00191.01,Kepler-487 b,CONFIRMED,15.358767771,2.129e-06,-2.129e-06,14638.1,20.2,-20.2,4.1223,0.0157,-0.0157,10.89,1.11,-0.82,0.887,0.09,-0.067,5422.0,108.0,-108.0,4.484,0.063,-0.077,14.991,295.28723,41.221958,KEPLER_CONFIRMED,5972334,1
5977470,K04550.01,Kepler-1653 b,CONFIRMED,140.251943,0.001677,-0.001677,567.7,54.8,-54.8,6.576,0.327,-0.327,1.84,0.05,-0.12,0.788,0.023,-0.051,4821.0,76.0,-86.0,4.529,0.064,-0.016,15.429,296.45776,41.266022,KEPLER_CONFIRMED,5977470,1
5978170,K03140.01,Kepler-1910 b,CONFIRMED,5.68879083,3.89e-05,-3.89e-05,241.5,20.2,-20.2,2.55,0.16,-0.16,0.99,0.05,-0.09,0.639,0.036,-0.056,4234.0,128.0,-141.0,4.63,0.049,-0.021,15.561,296.61725,41.281189,KEPLER_CONFIRMED,5978170,1
5978361,K00558.01,Kepler-1722 b,CONFIRMED,9.17858526,1.432e-05,-1.432e-05,796.5,18.4,-18.4,2.1945,0.044,-0.044,2.3,0.52,-0.2,0.788,0.176,-0.07,5506.0,166.0,-166.0,4.584,0.036,-0.144,14.874,296.66275,41.261238,KEPLER_CONFIRMED,5978361,1
5978559,K02321.01,Kepler-1824 b,CONFIRMED,95.6114617,0.000863,-0.000863,487.4,24.0,-24.0,7.489,0.244,-0.244,2.37,0.38,-0.13,1.081,0.171,-0.061,6002.0,71.0,-89.0,4.424,0.032,-0.12,14.71,296.70724,41.203651,KEPLER_CONFIRMED,5978559,1
5980208,K02742.01,Kepler-1331 b,CONFIRMED,0.789160884,1.302e-06,-1.302e-06,215.1,11.4,-11.4,0.9268,0.0529,-0.0529,0.91,0.06,-0.09,0.622,0.039,-0.064,4258.0,114.0,-139.0,4.635,0.053,-0.021,15.031,297.07379,41.22448,KEPLER_CONFIRMED,5980208,1
5980783,K02967.01,Kepler-1889 b,CONFIRMED,37.3033197,0.0005879,-0.0005879,551.7,32.3,-32.3,7.793,0.233,-0.233,2.31,0.57,-0.25,0.817,0.203,-0.087,5646.0,186.0,-186.0,4.55,0.053,-0.158,15.527,297.19928,41.226429,KEPLER_CONFIRMED,5980783,1
6020753,K00657.01,Kepler-202 b,CONFIRMED,4.069425638,4.336e-06,-4.336e-06,549.1,9.3,-9.3,2.0396,0.0314,-0.0314,1.53,0.11,-0.04,0.68,0.046,-0.021,4671.0,93.0,-93.0,4.636,0.012,-0.042,13.872,282.97342,41.32201,KEPLER_CONFIRMED,6020753,1
6021193,K02148.03,Kepler-363 b,CONFIRMED,3.61460279,2.833e-05,-2.833e-05,64.8,4.9,-4.9,3.227,0.226,-0.226,1.14,0.19,-0.21,1.391,0.232,-0.258,5711.0,101.0,-113.0,4.221,0.149,-0.122,13.353,283.19208,41.305389,KEPLER_CONFIRMED,6021193,1
6021275,K00284.02,Kepler-132 c,CONFIRMED,6.41491277,1.259e-05,-1.259e-05,121.0,2.6,-2.6,3.3629,0.0481,-0.0481,1.4,0.2,-0.22,1.101,0.157,-0.173,5931.0,107.0,-118.0,4.322,0.137,-0.112,11.818,283.23581,41.34304,KEPLER_CONFIRMED,6021275,1
6022556,K00844.01,Kepler-697 b,CONFIRMED,3.709870784,3.043e-06,-3.043e-06,2020.3,20.1,-20.1,3.0694,0.0265,-0.0265,4.35,0.64,-0.28,0.978,0.146,-0.062,5727.0,77.0,-85.0,4.463,0.04,-0.12,15.581,283.86441,41.346458,KEPLER_CONFIRMED,6022556,1
6026438,K02045.03,Kepler-354 c,CONFIRMED,16.9348104,0.000199,-0.000199,346.3,34.5,-34.5,3.408,0.278,-0.278,1.31,0.09,-0.11,0.706,0.046,-0.061,4650.0,125.0,-139.0,4.589,0.048,-0.028,15.549,285.75146,41.33564,KEPLER_CONFIRMED,6026438,1
6026924,K04276.01,Kepler-1580 b,CONFIRMED,56.644452,0.00106,-0.00106,104.6,5.7,-5.7,16.551,0.56,-0.56,2.44,0.45,-0.55,2.295,0.425,-0.519,6237.0,124.0,-111.0,3.862,0.182,-0.098,12.561,285.96872,41.363564,KEPLER_CONFIRMED,6026924,1
6029239,K00304.01,Kepler-518 b,CONFIRMED,8.512037736,6.475e-06,-6.475e-06,597.8,6.5,-6.5,2.1861,0.0221,-0.0221,2.14,0.3,-0.11,0.881,0.123,-0.044,5767.0,92.0,-126.0,4.538,0.021,-0.119,12.549,287.08997,41.373878,KEPLER_CONFIRMED,6029239,1
6032497,K00845.01,Kepler-698 b,CONFIRMED,16.3297527,3.611e-05,-3.611e-05,1187.5,18.1,-18.1,6.271,0.112,-0.112,3.75,1.11,-0.47,0.987,0.291,-0.125,5878.0,158.0,-193.0,4.444,0.084,-0.196,15.447,288.51001,41.301769,KEPLER_CONFIRMED,6032497,1
6034945,K01683.01,Kepler-927 b,CONFIRMED,9.11500269,5.079e-05,-5.079e-05,268.3,14.1,-14.1,4.558,0.121,-0.121,1.78,0.56,-0.23,1.028,0.32,-0.137,5962.0,160.0,-195.0,4.431,0.07,-0.21,14.63,289.38351,41.392689,KEPLER_CONFIRMED,6034945,1
6035124,K02071.01,Kepler-1081 b,CONFIRMED,3.85690686,1.118e-05,-1.118e-05,127.8,6.2,-6.2,2.0808,0.0742,-0.0742,0.93,0.09,-0.04,0.813,0.08,-0.029,5272.0,73.0,-84.0,4.574,0.015,-0.085,13.746,289.44452,41.31776,KEPLER_CONFIRMED,6035124,1
6037187,K01061.01,Kepler-759 b,CONFIRMED,41.8059544,0.0002153,-0.0002153,434.4,17.8,-17.8,6.057,0.147,-0.147,2.02,0.61,-0.26,0.973,0.294,-0.126,5907.0,159.0,-195.0,4.445,0.084,-0.196,14.502,290.1315,41.3815,KEPLER_CONFIRMED,6037187,1
6037581,K01916.01,Kepler-336 d,CONFIRMED,20.67876365,6.41e-05,-6.41e-05,323.9,7.9,-7.9,4.6395,0.085,-0.085,2.42,0.4,-0.41,1.272,0.213,-0.213,5865.0,105.0,-117.0,4.266,0.137,-0.112,13.598,290.23764,41.331379,KEPLER_CONFIRMED,6037581,1
6041734,K02167.01,Kepler-1129 b,CONFIRMED,24.3398202,0.0001434,-0.0001434,777.3,30.0,-30.0,3.891,0.13,-0.13,5.09,0.85,-1.13,1.466,0.244,-0.326,5596.0,84.0,-75.0,4.105,0.203,-0.101,15.28,291.60449,41.309361,KEPLER_CONFIRMED,6041734,1
6046540,K00200.01,Kepler-74 b,CONFIRMED,7.340714946,8.05e-07,-8.05e-07,8510.5,12.7,-12.7,2.9987,0.0141,-0.0141,14.31,0.88,-1.34,1.498,0.093,-0.14,6056.0,120.0,-144.0,4.191,0.06,-0.045,14.412,293.09253,41.355518,KEPLER_CONFIRMED,6046540,1
6047072,K02100.01,Kepler-1095 b,CONFIRMED,4.27103727,1.505e-05,-1.505e-05,180.4,8.7,-8.7,2.2759,0.0846,-0.0846,1.22,0.37,-0.13,0.906,0.279,-0.093,5984.0,161.0,-197.0,4.521,0.052,-0.208,14.553,293.26245,41.36512,KEPLER_CONFIRMED,6047072,1
6049190,K01685.01,Kepler-1764 b,CONFIRMED,70.468171,0.000268,-0.000268,922.4,23.9,-23.9,6.653,0.12,-0.12,3.46,1.11,-0.37,1.131,0.363,-0.121,6461.0,158.0,-225.0,4.396,0.067,-0.202,14.811,293.87988,41.393822,KEPLER_CONFIRMED,6049190,1
6058816,K03500.01,Kepler-1927 b,CONFIRMED,73.7502765,0.0005225,-0.0005225,233.1,7.0,-7.0,13.309,0.167,-0.167,3.78,0.53,-1.31,2.481,0.343,-0.859,6056.0,81.0,-81.0,3.797,0.285,-0.095,13.214,296.35461,41.33556,KEPLER_CONFIRMED,6058816,1
6060203,K01059.01,Kepler-757 b,CONFIRMED,1.022678654,2.712e-06,-2.712e-06,129.2,7.2,-7.2,1.3712,0.0727,-0.0727,1.14,0.13,-0.16,1.02,0.118,-0.145,5366.0,80.0,-72.0,4.363,0.138,-0.08,14.803,296.68045,41.38652,KEPLER_CONFIRMED,6060203,1
6061119,K00846.01,Kepler-699 b,CONFIRMED,27.807566216,4.747e-06,-4.747e-06,25391.1,47.3,-47.3,4.21587,0.00935,-0.00935,13.84,3.63,-1.21,0.785,0.206,-0.069,5862.0,177.0,-177.0,4.584,0.044,-0.176,15.482,296.88821,41.396091,KEPLER_CONFIRMED,6061119,1
6061773,K02001.01,Kepler-1783 b,CONFIRMED,8.27745764,4.611e-05,-4.611e-05,197.2,13.4,-13.4,2.713,0.138,-0.138,2.46,1.26,-1.53,1.781,0.909,-1.111,5129.0,153.0,-138.0,3.884,0.707,-0.303,13.115,297.02109,41.377171,KEPLER_CONFIRMED,6061773,1
6062088,K00658.03,Kepler-203 d,CONFIRMED,11.32977062,6.773e-05,-6.773e-05,162.4,9.5,-9.5,3.845,0.157,-0.157,1.37,0.21,-0.18,1.085,0.16,-0.146,5821.0,105.0,-117.0,4.355,0.121,-0.11,13.989,297.09,41.388031,KEPLER_CONFIRMED,6062088,1
6062929,K02315.01,Kepler-1822 b,CONFIRMED,22.1334224,0.0001092,-0.0001092,654.6,48.0,-48.0,2.049,0.126,-0.126,1.76,0.24,-0.13,0.702,0.096,-0.052,5165.0,153.0,-138.0,4.633,0.033,-0.082,15.571,297.28549,41.305592,KEPLER_CONFIRMED,6062929,1
6063220,K00305.01,Kepler-99 b,CONFIRMED,4.603575293,4.668e-06,-4.668e-06,440.4,6.3,-6.3,2.3499,0.0261,-0.0261,1.51,0.08,-0.06,0.741,0.039,-0.03,4783.0,95.0,-95.0,4.602,0.014,-0.046,12.97,297.354,41.300049,KEPLER_CONFIRMED,6063220,1
6071903,K00306.01,Kepler-519 b,CONFIRMED,24.30784323,5.851e-05,-5.851e-05,677.1,22.3,-22.3,2.6054,0.0657,-0.0657,2.14,0.21,-0.09,0.82,0.08,-0.034,5313.0,106.0,-106.0,4.571,0.015,-0.085,12.63,299.31955,41.38464,KEPLER_CONFIRMED,6071903,1
6103377,K03004.01,Kepler-1407 b,CONFIRMED,20.0708757,0.0004868,-0.0004868,405.7,35.4,-35.4,6.354,0.506,-0.506,3.2,0.54,-0.66,1.513,0.256,-0.313,5902.0,70.0,-79.0,4.128,0.182,-0.098,14.935,283.94244,41.4716,KEPLER_CONFIRMED,6103377,1
6105462,K02098.02,Kepler-1093 c,CONFIRMED,89.7224125,0.0007862,-0.0007862,263.7,10.8,-10.8,10.963,0.212,-0.212,2.21,0.59,-0.48,1.262,0.335,-0.274,6429.0,181.0,-227.0,4.241,0.18,-0.18,13.838,284.978,41.420158,KEPLER_CONFIRMED,6105462,1
6106282,K04087.01,Kepler-440 b,CONFIRMED,101.1107014,0.0009529,-0.0009529,878.1,42.2,-42.2,8.029,0.21,-0.21,1.61,0.1,-0.08,0.561,0.033,-0.03,4133.0,74.0,-82.0,4.705,0.023,-0.033,15.134,285.34995,41.452209,KEPLER_CONFIRMED,6106282,1
6118370,K03458.01,Kepler-1506 b,CONFIRMED,14.0328775,0.0002907,-0.0002907,210.9,20.6,-20.6,6.684,0.418,-0.418,1.45,0.46,-0.15,1.001,0.318,-0.106,6063.0,190.0,-232.0,4.47,0.052,-0.208,15.652,290.1499,41.4646,KEPLER_CONFIRMED,6118370,1
6124512,K02627.01,Kepler-1296 b,CONFIRMED,8.38395796,8.452e-05,-8.452e-05,108.5,8.9,-8.9,5.2,0.232,-0.232,3.24,0.56,-1.03,2.605,0.447,-0.831,5405.0,75.0,-86.0,3.741,0.217,-0.093,14.667,292.12521,41.40781,KEPLER_CONFIRMED,6124512,1
6125481,K00659.01,Kepler-637 b,CONFIRMED,23.20579353,6.087e-05,-6.087e-05,342.5,8.4,-8.4,4.3243,0.0625,-0.0625,5.86,1.19,-2.22,3.231,0.659,-1.224,5460.0,119.0,-108.0,3.626,0.278,-0.111,13.413,292.41721,41.41687,KEPLER_CONFIRMED,6125481,1
6129524,K02886.01,Kepler-1379 b,CONFIRMED,0.88184263,3.021e-06,-3.021e-06,249.9,14.2,-14.2,1.3117,0.0714,-0.0714,1.24,0.21,-0.1,0.776,0.131,-0.066,5268.0,184.0,-184.0,4.594,0.035,-0.105,15.919,293.67047,41.410252,KEPLER_CONFIRMED,6129524,1
6131236,K01051.01,Kepler-1734 b,CONFIRMED,6.79685353,2.247e-05,-2.247e-05,393.1,14.9,-14.9,3.1702,0.0835,-0.0835,2.01,0.62,-0.2,0.97,0.3,-0.1,6061.0,180.0,-198.0,4.486,0.05,-0.2,15.391,294.16321,41.451801,KEPLER_CONFIRMED,6131236,1
6149910,K02469.01,Kepler-1840 b,CONFIRMED,131.187921,0.001563,-0.001563,915.9,45.3,-45.3,6.905,0.255,-0.255,2.34,0.09,-0.17,0.803,0.028,-0.06,4898.0,78.0,-88.0,4.518,0.068,-0.018,15.048,298.59482,41.43594,KEPLER_CONFIRMED,6149910,1
6152974,K00216.01,Kepler-118 c,CONFIRMED,20.172024672,9.335e-06,-9.335e-06,5368.1,26.2,-26.2,3.1488,0.0248,-0.0248,6.24,0.27,-0.55,0.864,0.038,-0.076,5064.0,83.0,-75.0,4.474,0.09,-0.03,14.711,299.21317,41.424831,KEPLER_CONFIRMED,6152974,1
6153407,K03179.01,Kepler-1911 b,CONFIRMED,5.99078221,4.958e-05,-4.958e-05,69.9,9.8,-9.8,1.699,0.209,-0.209,1.03,0.15,-0.08,0.972,0.135,-0.079,5721.0,102.0,-113.0,4.442,0.072,-0.117,10.884,299.3028,41.441017,KEPLER_CONFIRMED,6153407,1
6183511,K02542.01,Kepler-1855 b,CONFIRMED,0.727331746,1.291e-06,-1.291e-06,357.4,23.9,-23.9,0.8323,0.0627,-0.0627,0.67,0.11,-0.1,0.356,0.057,-0.057,3460.0,69.0,-83.0,4.92,0.058,-0.071,15.527,283.40195,41.516331,KEPLER_CONFIRMED,6183511,1
6184894,K05245.01,Kepler-1627 b,CONFIRMED,7.20281185,1.274e-05,-1.274e-05,1832.6,42.4,-42.4,2.8305,0.06,-0.06,3.06,0.35,-0.32,0.717,0.082,-0.074,5388.0,161.0,-145.0,4.56,0.088,-0.064,13.028,284.05667,41.576729,KEPLER_CONFIRMED,6184894,1
6185331,K01727.01,Kepler-943 b,CONFIRMED,49.7700907,0.0001068,-0.0001068,3529.2,37.8,-37.8,10.065,0.184,-0.184,5.12,1.24,-0.41,0.818,0.199,-0.066,5774.0,155.0,-172.0,4.567,0.04,-0.16,15.64,284.27396,41.535019,KEPLER_CONFIRMED,6185331,1
6186964,K02839.01,Kepler-1366 b,CONFIRMED,2.164570593,6.423e-06,-6.423e-06,525.1,32.2,-32.2,1.2862,0.0719,-0.0719,1.27,0.07,-0.06,0.554,0.03,-0.03,3941.0,71.0,-78.0,4.713,0.025,-0.028,15.877,285.06491,41.554871,KEPLER_CONFIRMED,6186964,1
6191521,K00847.01,Kepler-700 b,CONFIRMED,80.8723469,0.0001468,-0.0001468,3604.6,25.9,-25.9,11.195,0.13,-0.13,7.59,1.24,-1.52,1.238,0.202,-0.247,5510.0,82.0,-71.0,4.222,0.195,-0.105,15.201,287.1543,41.565788,KEPLER_CONFIRMED,6191521,1
6196457,K00285.03,Kepler-92 d,CONFIRMED,49.3567907,0.0003564,-0.0003564,130.2,3.9,-3.9,10.954,0.165,-0.165,1.91,0.13,-0.1,1.67,0.118,-0.082,5862.0,97.0,-80.0,4.05,0.033,-0.027,11.565,289.08606,41.562958,KEPLER_CONFIRMED,6196457,1
6197215,K02829.01,Kepler-1879 b,CONFIRMED,10.61345333,2.552e-05,-2.552e-05,150.2,10.1,-10.1,0.9829,0.0804,-0.0804,1.77,0.29,-0.37,1.388,0.233,-0.284,5865.0,117.0,-105.0,4.163,0.182,-0.098,12.824,289.36441,41.53323,KEPLER_CONFIRMED,6197215,1
6198182,K02636.01,Kepler-1864 b,CONFIRMED,3.88148385,3.403e-05,-3.403e-05,36.3,3.6,-3.6,2.679,0.203,-0.203,0.59,0.09,-0.04,0.979,0.148,-0.064,5854.0,105.0,-128.0,4.469,0.04,-0.12,12.32,289.68671,41.588928,KEPLER_CONFIRMED,6198182,1
6198999,K01687.01,Kepler-928 b,CONFIRMED,3.93246069,1.036e-05,-1.036e-05,455.5,17.6,-17.6,2.1763,0.0742,-0.0742,1.65,0.1,-0.16,0.779,0.049,-0.074,4841.0,144.0,-129.0,4.533,0.072,-0.044,15.32,289.92072,41.542831,KEPLER_CONFIRMED,6198999,1
6200235,K02350.01,Kepler-1205 b,CONFIRMED,1.078389713,2.588e-06,-2.588e-06,300.5,15.5,-15.5,1.3394,0.0646,-0.0646,1.98,0.55,-0.33,0.985,0.276,-0.161,5325.0,175.0,-143.0,4.384,0.162,-0.216,15.143,290.27969,41.515049,KEPLER_CONFIRMED,6200235,1
6205228,K01882.01,Kepler-996 b,CONFIRMED,3.770590654,7.986e-06,-7.986e-06,314.4,10.1,-10.1,2.029,0.0554,-0.0554,2.13,0.34,-0.34,1.208,0.193,-0.193,5714.0,77.0,-77.0,4.274,0.156,-0.104,14.668,291.91281,41.533611,KEPLER_CONFIRMED,6205228,1
6205897,K01967.01,Kepler-1029 b,CONFIRMED,4.417692516,9.04e-06,-9.04e-06,279.2,9.0,-9.0,2.323,0.122,-0.122,1.57,0.09,-0.06,0.664,0.037,-0.027,4766.0,77.0,-77.0,4.645,0.015,-0.039,14.31,292.13297,41.547539,KEPLER_CONFIRMED,6205897,1
6206214,K02252.01,Kepler-1158 b,CONFIRMED,13.53953595,8.81e-05,-8.81e-05,134.2,7.2,-7.2,4.389,0.176,-0.176,2.32,0.37,-0.57,1.997,0.323,-0.485,6109.0,122.0,-122.0,3.985,0.188,-0.101,13.628,292.23395,41.575211,KEPLER_CONFIRMED,6206214,1
6209677,K01750.01,Kepler-948 b,CONFIRMED,7.76845639,4.111e-05,-4.111e-05,217.8,10.2,-10.2,3.689,0.128,-0.128,1.35,0.15,-0.1,0.917,0.102,-0.063,5447.0,81.0,-81.0,4.481,0.053,-0.098,14.8,293.30023,41.523338,KEPLER_CONFIRMED,6209677,1
6211812,K02638.01,Kepler-1865 b,CONFIRMED,2.524017517,6.547e-06,-6.547e-06,303.0,19.2,-19.2,1.1968,0.0723,-0.0723,1.5,0.31,-0.17,0.871,0.18,-0.097,5420.0,177.0,-161.0,4.487,0.077,-0.143,15.55,293.94116,41.5905,KEPLER_CONFIRMED,6211812,1
6221385,K06145.01,Kepler-1641 b,CONFIRMED,19.672324,0.001116,-0.001116,649.9,33.9,-33.9,4.812,0.181,-0.181,4.07,1.1,-1.11,1.485,0.402,-0.402,6486.0,181.0,-227.0,4.136,0.246,-0.164,14.263,296.35944,41.574532,KEPLER_CONFIRMED,6221385,1
6226290,K02019.01,Kepler-1057 b,CONFIRMED,14.08826442,5.244e-05,-5.244e-05,889.4,29.8,-29.8,4.1847,0.096,-0.096,2.66,0.77,-0.26,0.895,0.26,-0.087,5853.0,157.0,-192.0,4.529,0.048,-0.204,15.624,297.45215,41.558128,KEPLER_CONFIRMED,6226290,1
6226908,K04068.01,Kepler-1546 b,CONFIRMED,19.597317,0.0001528,-0.0001528,1014.1,49.2,-49.2,4.508,0.143,-0.143,3.78,1.09,-0.67,1.019,0.294,-0.181,5569.0,182.0,-182.0,4.368,0.158,-0.193,15.412,297.58392,41.541229,KEPLER_CONFIRMED,6226908,1
6263593,K03049.01,Kepler-1418 b,CONFIRMED,22.4765952,0.000204,-0.000204,481.4,42.5,-42.5,3.437,0.241,-0.241,1.21,0.12,-0.09,0.567,0.052,-0.042,4563.0,123.0,-137.0,4.704,0.032,-0.048,15.037,282.9975,41.678551,KEPLER_CONFIRMED,6263593,1
6265665,K03436.01,Kepler-1499 b,CONFIRMED,44.2018402,0.0003481,-0.0003481,235.6,14.8,-14.8,4.949,0.192,-0.192,1.14,0.12,-0.12,0.753,0.079,-0.079,5002.0,151.0,-136.0,4.543,0.077,-0.063,13.509,283.98633,41.65041,KEPLER_CONFIRMED,6265665,1
6265792,K02753.01,Kepler-1338 b,CONFIRMED,0.935115863,2.631e-06,-2.631e-06,64.8,3.7,-3.7,1.6172,0.0785,-0.0785,1.05,0.16,-0.17,1.297,0.207,-0.207,5874.0,79.0,-79.0,4.252,0.137,-0.112,13.615,284.04233,41.699139,KEPLER_CONFIRMED,6265792,1
6266741,K00508.01,Kepler-170 b,CONFIRMED,7.930583519,9.41e-06,-9.41e-06,826.1,10.2,-10.2,3.6083,0.0454,-0.0454,3.05,0.47,-0.17,1.032,0.159,-0.057,5674.0,103.0,-114.0,4.446,0.034,-0.128,14.387,284.52118,41.629601,KEPLER_CONFIRMED,6266741,1
6267535,K00660.01,Kepler-638 b,CONFIRMED,6.07972016,1.398e-05,-1.398e-05,290.8,4.4,-4.4,7.1228,0.0618,-0.0618,2.32,0.41,-0.55,1.346,0.234,-0.322,5460.0,120.0,-76.0,4.139,0.252,-0.108,13.532,284.91943,41.617191,KEPLER_CONFIRMED,6267535,1
6268648,K01613.01,Kepler-907 b,CONFIRMED,15.86624787,6.813e-05,-6.813e-05,77.3,2.9,-2.9,4.25,0.0941,-0.0941,1.31,0.06,-0.05,1.308,0.054,-0.054,6099.0,79.0,-85.0,4.193,0.016,-0.018,11.049,285.47659,41.632717,KEPLER_CONFIRMED,6268648,1
6269070,K02608.01,Kepler-1288 b,CONFIRMED,2.7612237,2.052e-05,-2.052e-05,66.8,5.5,-5.5,3.681,0.181,-0.181,1.84,0.46,-0.84,2.232,0.55,-1.022,6381.0,181.0,-227.0,3.897,0.405,-0.135,13.321,285.7135,41.605885,KEPLER_CONFIRMED,6269070,1
6272413,K01129.01,Kepler-776 b,CONFIRMED,4.89721006,1.996e-05,-1.996e-05,274.4,19.5,-19.5,1.812,0.1,-0.1,1.48,0.18,-0.18,0.847,0.102,-0.102,5093.0,168.0,-152.0,4.483,0.099,-0.121,15.456,287.27264,41.635559,KEPLER_CONFIRMED,6272413,1
6276477,K00849.01,Kepler-701 b,CONFIRMED,10.35533116,2.087e-05,-2.087e-05,750.6,17.4,-17.4,3.1775,0.0602,-0.0602,2.47,0.59,-0.31,0.918,0.217,-0.117,5501.0,164.0,-147.0,4.462,0.084,-0.168,15.018,288.9942,41.633282,KEPLER_CONFIRMED,6276477,1
6276791,K04477.02,Kepler-1958 b,CONFIRMED,9.32867952,3.812e-05,-3.812e-05,354.4,30.1,-30.1,1.572,0.0939,-0.0939,1.62,0.44,-0.15,0.864,0.234,-0.078,5749.0,153.0,-170.0,4.547,0.033,-0.187,15.466,289.10422,41.69014,KEPLER_CONFIRMED,6276791,1
6278762,K03158.01,Kepler-444 b,CONFIRMED,3.60011712,1.624e-05,-1.624e-05,50.2,2.7,-2.7,2.396,0.112,-0.112,0.5,0.04,-0.02,0.721,0.057,-0.031,5051.0,177.0,-141.0,4.562,0.033,-0.023,8.717,289.75229,41.634605,KEPLER_CONFIRMED,6278762,1
6287313,K02221.01,Kepler-1147 b,CONFIRMED,10.62788695,8.221e-05,-8.221e-05,326.7,16.9,-16.9,4.576,0.172,-0.172,1.87,0.6,-0.21,1.014,0.322,-0.115,6082.0,189.0,-210.0,4.445,0.072,-0.217,15.401,292.54752,41.64296,KEPLER_CONFIRMED,6287313,1
6289257,K00307.02,Kepler-520 c,CONFIRMED,5.21104597,1.366e-05,-1.366e-05,102.7,3.1,-3.1,3.3447,0.0635,-0.0635,1.18,0.19,-0.1,1.031,0.168,-0.084,6023.0,120.0,-132.0,4.423,0.054,-0.126,12.797,293.18033,41.61776,KEPLER_CONFIRMED,6289257,1
6291033,K00452.01,Kepler-557 b,CONFIRMED,3.705991661,4.78e-06,-4.78e-06,501.4,5.8,-5.8,5.1658,0.047,-0.047,2.43,0.76,-0.33,1.034,0.326,-0.14,6187.0,197.0,-241.0,4.409,0.087,-0.203,14.641,293.70847,41.615131,KEPLER_CONFIRMED,6291033,1
6291653,K00850.01,Kepler-702 b,CONFIRMED,10.526294577,1.783e-06,-1.783e-06,9768.0,26.4,-26.4,2.5211,0.0257,-0.0257,8.24,1.48,-0.8,0.793,0.143,-0.077,5386.0,159.0,-159.0,4.553,0.056,-0.104,15.305,293.87811,41.66177,KEPLER_CONFIRMED,6291653,1
6291837,K00308.01,Kepler-1715 b,CONFIRMED,35.5969684,0.0001131,-0.0001131,684.5,14.8,-14.8,6.691,0.215,-0.215,3.72,0.64,-0.43,1.209,0.21,-0.14,6212.0,111.0,-136.0,4.309,0.095,-0.116,12.351,293.92972,41.602871,KEPLER_CONFIRMED,6291837,1
6294819,K02852.01,Kepler-1368 b,CONFIRMED,0.675650404,2.395e-06,-2.395e-06,200.7,10.7,-10.7,1.8261,0.0887,-0.0887,1.36,0.44,-0.15,0.961,0.314,-0.105,5966.0,207.0,-207.0,4.493,0.054,-0.216,15.892,294.76697,41.64468,KEPLER_CONFIRMED,6294819,1
6305192,K00219.01,Kepler-494 b,CONFIRMED,8.025118521,3.166e-06,-3.166e-06,3120.4,10.6,-10.6,5.3694,0.0396,-0.0396,7.79,1.37,-1.37,1.369,0.241,-0.241,6002.0,120.0,-120.0,4.196,0.162,-0.108,14.153,297.21408,41.66404,KEPLER_CONFIRMED,6305192,1
6310636,K01688.01,Kepler-929 b,CONFIRMED,0.921030497,2.992e-06,-2.992e-06,101.5,4.3,-4.3,2.6077,0.079,-0.079,1.62,0.25,-0.35,1.615,0.252,-0.346,5843.0,79.0,-79.0,4.069,0.182,-0.084,14.542,298.48111,41.615341,KEPLER_CONFIRMED,6310636,1
6342333,K02065.01,Kepler-1789 b,CONFIRMED,80.2321467,0.0003914,-0.0003914,888.7,40.6,-40.6,4.656,0.128,-0.128,3.24,0.38,-0.19,0.888,0.104,-0.052,5436.0,81.0,-81.0,4.505,0.039,-0.097,14.32,282.86319,41.79668,KEPLER_CONFIRMED,6342333,1
6343170,K02419.01,Kepler-1230 b,CONFIRMED,9.95667035,5.854e-05,-5.854e-05,586.8,39.6,-39.6,3.534,0.11,-0.11,3.41,1.12,-0.48,1.115,0.366,-0.157,6165.0,184.0,-202.0,4.365,0.105,-0.21,15.309,283.2645,41.711449,KEPLER_CONFIRMED,6343170,1
6345732,K02857.02,Kepler-1370 c,CONFIRMED,7.44136102,6.693e-05,-6.693e-05,79.7,6.4,-6.4,4.554,0.217,-0.217,1.33,0.21,-0.22,1.291,0.209,-0.209,5937.0,71.0,-79.0,4.251,0.137,-0.112,13.701,284.56567,41.778481,KEPLER_CONFIRMED,6345732,1
6347299,K00661.02,Kepler-204 c,CONFIRMED,25.6613816,0.0003178,-0.0003178,166.5,12.7,-12.7,4.459,0.247,-0.247,1.78,0.27,-0.29,1.198,0.178,-0.198,5815.0,105.0,-117.0,4.27,0.156,-0.104,13.909,285.3472,41.761921,KEPLER_CONFIRMED,6347299,1
6349881,K04121.01,Kepler-1554 b,CONFIRMED,198.088873,0.002491,-0.002491,1027.7,65.9,-65.9,7.955,0.307,-0.307,3.24,0.34,-0.38,0.969,0.102,-0.113,5275.0,86.0,-79.0,4.397,0.12,-0.08,15.717,286.57617,41.741459,KEPLER_CONFIRMED,6349881,1
6356207,K02021.01,Kepler-1059 b,CONFIRMED,3.76417012,1.149e-05,-1.149e-05,558.4,24.0,-24.0,2.0111,0.0705,-0.0705,1.7,0.21,-0.14,0.728,0.093,-0.058,5063.0,181.0,-181.0,4.617,0.033,-0.077,15.484,289.22021,41.706478,KEPLER_CONFIRMED,6356207,1
6356692,K02948.01,Kepler-1888 b,CONFIRMED,11.39169531,7.567e-05,-7.567e-05,51.0,3.1,-3.1,5.0,0.149,-0.149,1.02,0.18,-0.23,1.249,0.212,-0.283,5557.0,122.0,-78.0,4.198,0.208,-0.112,11.926,289.39474,41.782349,KEPLER_CONFIRMED,6356692,1
6359320,K01127.01,Kepler-269 b,CONFIRMED,5.32667299,1.962e-05,-1.962e-05,611.4,19.3,-19.3,3.4045,0.0739,-0.0739,2.26,0.74,-0.23,0.921,0.301,-0.094,5831.0,184.0,-205.0,4.517,0.038,-0.212,15.808,290.21518,41.77597,KEPLER_CONFIRMED,6359320,1
6362874,K01128.01,Kepler-775 b,CONFIRMED,0.974868896,7.66e-07,-7.66e-07,197.6,2.9,-2.9,1.6191,0.0233,-0.0233,1.16,0.12,-0.06,0.832,0.093,-0.04,5487.0,98.0,-120.0,4.563,0.018,-0.102,13.507,291.43329,41.703442,KEPLER_CONFIRMED,6362874,1
6364582,K03456.01,Kepler-1505 b,CONFIRMED,30.8609783,0.0002037,-0.0002037,128.9,8.1,-8.1,4.216,0.162,-0.162,1.08,0.14,-0.05,0.833,0.105,-0.045,5627.0,101.0,-112.0,4.552,0.026,-0.104,12.988,292.00204,41.786961,KEPLER_CONFIRMED,6364582,1
6365156,K00662.01,Kepler-639 b,CONFIRMED,10.21418792,2.014e-05,-2.014e-05,303.8,4.5,-4.5,5.8201,0.0495,-0.0495,2.29,0.38,-0.37,1.332,0.218,-0.218,5843.0,105.0,-117.0,4.25,0.137,-0.112,13.336,292.18689,41.727051,KEPLER_CONFIRMED,6365156,1
6368175,K03503.02,Kepler-1703 c,CONFIRMED,31.8245304,0.0007928,-0.0007928,79.0,23.0,-23.0,4.17,1.0,-1.0,0.8,0.34,-0.05,0.847,0.365,-0.057,6338.0,171.0,-179.0,4.545,0.031,-0.319,13.827,293.15085,41.729252,KEPLER_CONFIRMED,6368175,1
6368230,K03356.01,Kepler-1478 b,CONFIRMED,26.0841212,0.0005057,-0.0005057,259.7,21.8,-21.8,6.141,0.352,-0.352,1.35,0.41,-0.1,0.835,0.254,-0.063,6083.0,181.0,-199.0,4.563,0.036,-0.204,15.44,293.1651,41.746231,KEPLER_CONFIRMED,6368230,1
6381846,K00509.02,Kepler-171 c,CONFIRMED,11.46347165,1.706e-05,-1.706e-05,1048.6,20.1,-20.1,2.599,0.0396,-0.0396,3.0,0.37,-0.24,0.943,0.115,-0.077,5456.0,81.0,-81.0,4.45,0.072,-0.096,14.883,296.77191,41.755539,KEPLER_CONFIRMED,6381846,1
6382217,K02036.01,Kepler-353 c,CONFIRMED,8.41100305,2.326e-05,-2.326e-05,755.6,30.7,-30.7,2.4553,0.0621,-0.0621,1.8,0.09,-0.13,0.539,0.03,-0.038,3757.0,75.0,-83.0,4.718,0.039,-0.024,15.773,296.85663,41.758179,KEPLER_CONFIRMED,6382217,1
6383785,K00239.02,Kepler-501 c,CONFIRMED,3.62275506,1.499e-05,-1.499e-05,180.6,9.2,-9.2,2.7868,0.098,-0.098,1.62,0.27,-0.24,1.216,0.201,-0.183,5794.0,78.0,-78.0,4.282,0.137,-0.112,14.762,297.20154,41.730209,KEPLER_CONFIRMED,6383785,1
6383821,K01238.01,Kepler-797 b,CONFIRMED,27.07237655,8.99e-05,-8.99e-05,514.2,13.6,-13.6,6.9592,0.0871,-0.0871,2.18,0.27,-0.09,0.965,0.119,-0.04,5936.0,65.0,-94.0,4.501,0.016,-0.093,14.556,297.20895,41.781712,KEPLER_CONFIRMED,6383821,1
6387542,K01626.01,Kepler-912 b,CONFIRMED,2.53475568,7.432e-06,-7.432e-06,463.0,10.2,-10.2,4.5716,0.0706,-0.0706,2.02,0.48,-0.21,0.806,0.192,-0.082,5662.0,186.0,-186.0,4.532,0.077,-0.143,15.341,298.11121,41.758331,KEPLER_CONFIRMED,6387542,1
6392727,K00851.01,Kepler-703 b,CONFIRMED,4.583520948,4.18e-06,-4.18e-06,3812.1,44.5,-44.5,2.7055,0.0321,-0.0321,5.39,1.6,-0.53,0.877,0.26,-0.087,5815.0,157.0,-175.0,4.54,0.038,-0.212,15.287,299.18686,41.74268,KEPLER_CONFIRMED,6392727,1
6422070,K00852.01,Kepler-704 b,CONFIRMED,3.76181843,1.14e-05,-1.14e-05,510.6,16.4,-16.4,3.5176,0.0901,-0.0901,2.66,0.73,-0.26,0.949,0.26,-0.093,5653.0,154.0,-171.0,4.472,0.062,-0.188,15.257,283.31638,41.83712,KEPLER_CONFIRMED,6422070,1
6422155,K00510.02,Kepler-172 c,CONFIRMED,6.38899658,1.397e-05,-1.397e-05,543.3,12.7,-12.7,3.5032,0.0478,-0.0478,2.89,0.42,-0.3,1.054,0.152,-0.11,5527.0,111.0,-111.0,4.376,0.099,-0.11,14.532,283.36841,41.821861,KEPLER_CONFIRMED,6422155,1
6425957,K00663.02,Kepler-205 c,CONFIRMED,20.30652862,2.951e-05,-2.951e-05,715.4,12.8,-12.8,2.8014,0.0457,-0.0457,1.58,0.09,-0.08,0.553,0.03,-0.03,4121.0,74.0,-91.0,4.709,0.024,-0.03,13.506,285.28711,41.861172,KEPLER_CONFIRMED,6425957,1
6428700,K00853.02,Kepler-242 c,CONFIRMED,14.49645186,6.36e-05,-6.36e-05,647.5,26.7,-26.7,4.016,0.305,-0.305,3.01,0.24,-0.3,0.826,0.066,-0.083,5015.0,149.0,-149.0,4.499,0.09,-0.06,15.376,286.5657,41.808399,KEPLER_CONFIRMED,6428700,1
6428794,K04054.01,Kepler-1701 b,CONFIRMED,169.135056,0.001553,-0.001553,640.7,30.2,-30.2,8.931,0.213,-0.213,2.21,0.15,-0.12,0.801,0.054,-0.043,5171.0,103.0,-103.0,4.545,0.045,-0.05,14.566,286.60889,41.889339,KEPLER_CONFIRMED,6428794,1
6429812,K02408.01,Kepler-1227 b,CONFIRMED,94.289223,0.0006466,-0.0006466,505.4,26.3,-26.3,4.102,0.158,-0.158,2.11,0.29,-0.08,0.904,0.121,-0.038,5632.0,67.0,-92.0,4.537,0.014,-0.119,14.183,287.06638,41.874908,KEPLER_CONFIRMED,6429812,1
6432345,K02757.01,Kepler-1690 b,CONFIRMED,234.635652,0.001384,-0.001384,868.5,37.9,-37.9,6.965,0.155,-0.155,2.56,0.25,-0.19,0.885,0.088,-0.066,5422.0,107.0,-107.0,4.481,0.067,-0.075,14.607,288.15671,41.877972,KEPLER_CONFIRMED,6432345,1
6435936,K00854.01,Kepler-705 b,CONFIRMED,56.0560754,0.0002753,-0.0002753,1626.0,66.7,-66.7,4.685,0.132,-0.132,1.94,0.12,-0.22,0.491,0.03,-0.055,3593.0,71.0,-86.0,4.757,0.054,-0.027,15.849,289.50848,41.812119,KEPLER_CONFIRMED,6435936,1
6436029,K02828.01,Kepler-1359 b,CONFIRMED,59.4969009,0.0004885,-0.0004885,1262.1,59.6,-59.6,5.404,0.175,-0.175,2.92,0.24,-0.3,0.833,0.068,-0.084,4817.0,184.0,-167.0,4.499,0.095,-0.114,15.768,289.53882,41.892818,KEPLER_CONFIRMED,6436029,1
6442340,K00664.01,Kepler-206 c,CONFIRMED,13.13747785,4.125e-05,-4.125e-05,212.8,5.2,-5.2,4.8655,0.0706,-0.0706,1.85,0.29,-0.27,1.143,0.181,-0.164,5762.0,104.0,-115.0,4.314,0.132,-0.108,13.484,291.63467,41.833858,KEPLER_CONFIRMED,6442340,1
6442377,K00176.01,Kepler-483 b,CONFIRMED,30.22910274,7.356e-05,-7.356e-05,443.4,7.0,-7.0,6.6751,0.0737,-0.0737,3.49,0.62,-0.62,1.518,0.271,-0.271,6325.0,113.0,-138.0,4.188,0.125,-0.125,13.432,291.64676,41.884659,KEPLER_CONFIRMED,6442377,1
6444896,K03138.01,Kepler-1649 b,CONFIRMED,8.68910764,3.364e-05,-3.364e-05,1679.0,134.0,-134.0,1.1627,0.0951,-0.0951,0.49,0.0,0.0,0.118,0.0,0.0,2703.0,0.0,0.0,5.274,0.0,0.0,17.131,292.50378,41.830421,KEPLER_CONFIRMED,6444896,1
6448890,K01241.02,Kepler-56 b,CONFIRMED,10.5007712,0.0001312,-0.0001312,183.4,4.5,-4.5,14.522,0.281,-0.281,5.68,0.38,-0.84,4.361,0.296,-0.641,4838.0,65.0,-79.0,3.299,0.05,-0.041,12.44,293.75836,41.871868,KEPLER_CONFIRMED,6448890,1
6451936,K00511.02,Kepler-173 b,CONFIRMED,4.26374378,1.696e-05,-1.696e-05,182.0,8.7,-8.7,2.2725,0.0841,-0.0841,1.28,0.3,-0.22,0.935,0.22,-0.165,6032.0,163.0,-181.0,4.395,0.165,-0.182,14.209,294.6467,41.884109,KEPLER_CONFIRMED,6451936,1
6462863,K00094.01,Kepler-89 d,CONFIRMED,22.342964828,3.404e-06,-3.404e-06,5612.8,5.3,-5.3,6.66405,0.0039,-0.0039,9.99,1.82,-1.5,1.331,0.243,-0.199,6181.0,111.0,-135.0,4.234,0.143,-0.117,12.205,297.33307,41.891121,KEPLER_CONFIRMED,6462863,1
6468138,K01826.01,Kepler-965 b,CONFIRMED,134.2520474,0.0005467,-0.0005467,832.1,16.6,-16.6,9.0636,0.0904,-0.0904,3.43,0.54,-0.53,1.2,0.186,-0.186,5818.0,105.0,-117.0,4.276,0.143,-0.104,13.35,298.51532,41.891201,KEPLER_CONFIRMED,6468138,1
6471021,K00372.01,Kepler-539 b,CONFIRMED,125.6291479,0.0002405,-0.0002405,7841.6,61.1,-61.1,9.108,0.103,-0.103,10.02,1.47,-1.33,1.111,0.163,-0.148,5819.0,69.0,-87.0,4.334,0.132,-0.108,12.391,299.12244,41.86676,KEPLER_CONFIRMED,6471021,1
6497146,K03284.01,Kepler-438 b,CONFIRMED,35.2330694,0.0002705,-0.0002705,352.8,27.5,-27.5,3.674,0.215,-0.215,0.97,0.06,-0.07,0.524,0.033,-0.037,3749.0,75.0,-84.0,4.743,0.033,-0.033,14.467,281.64581,41.951092,KEPLER_CONFIRMED,6497146,1
6501635,K00560.01,Kepler-600 b,CONFIRMED,23.67513153,9.032e-05,-9.032e-05,980.4,34.3,-34.3,4.647,0.13,-0.13,2.76,0.43,-0.23,0.781,0.122,-0.066,5309.0,143.0,-143.0,4.588,0.032,-0.097,14.721,283.83307,41.978649,KEPLER_CONFIRMED,6501635,1
6504954,K01790.01,Kepler-952 b,CONFIRMED,130.3543929,0.0002139,-0.0002139,5128.7,59.7,-59.7,6.474,0.143,-0.143,7.7,2.53,-0.84,1.015,0.334,-0.111,5970.0,163.0,-199.0,4.463,0.056,-0.224,15.254,285.37195,41.993912,KEPLER_CONFIRMED,6504954,1
6508221,K00416.02,Kepler-152 c,CONFIRMED,88.2553729,0.0002107,-0.0002107,1132.2,22.4,-22.4,4.539,0.134,-0.134,2.96,0.22,-0.12,0.738,0.054,-0.031,5176.0,102.0,-102.0,4.612,0.016,-0.06,14.29,286.86548,41.989079,KEPLER_CONFIRMED,6508221,1
6521045,K00041.01,Kepler-100 c,CONFIRMED,12.81590421,1.945e-05,-1.945e-05,220.5,2.2,-2.2,6.3856,0.0438,-0.0438,2.26,0.15,-0.12,1.474,0.094,-0.079,5788.0,78.0,-78.0,4.122,0.033,-0.027,11.197,291.38599,41.990269,KEPLER_CONFIRMED,6521045,1
6522242,K00855.01,Kepler-706 b,CONFIRMED,41.408316686,6.58e-06,-6.58e-06,22838.9,31.4,-31.4,5.0264,0.0136,-0.0136,11.38,2.07,-1.04,0.747,0.136,-0.068,5522.0,165.0,-148.0,4.586,0.048,-0.112,15.196,291.76041,41.944069,KEPLER_CONFIRMED,6522242,1
6528464,K00270.02,Kepler-449 c,CONFIRMED,33.67280658,9.037e-05,-9.037e-05,170.9,2.9,-2.9,8.2267,0.0666,-0.0666,1.86,0.06,-0.04,1.423,0.047,-0.026,5587.0,100.0,-58.0,4.091,0.011,-0.011,11.411,293.73282,41.900829,KEPLER_CONFIRMED,6528464,1
6541920,K00157.05,Kepler-11 g,CONFIRMED,118.3786735,0.0003167,-0.0003167,1083.3,13.0,-13.0,9.5574,0.0656,-0.0656,3.4,0.22,-0.22,1.046,0.068,-0.068,5657.0,113.0,-101.0,4.364,0.055,-0.045,13.709,297.11511,41.909142,KEPLER_CONFIRMED,6541920,1
6543893,K01627.02,Kepler-913 c,CONFIRMED,5.93919041,3.061e-05,-3.061e-05,424.5,29.1,-29.1,2.285,0.115,-0.115,3.7,0.61,-0.84,1.797,0.295,-0.406,6068.0,82.0,-82.0,4.04,0.182,-0.112,15.767,297.58313,41.952431,KEPLER_CONFIRMED,6543893,1
6584273,K03287.01,Kepler-1457 b,CONFIRMED,51.1104797,0.0004344,-0.0004344,330.0,17.5,-17.5,7.712,0.21,-0.21,1.6,0.45,-0.14,0.881,0.246,-0.077,5968.0,143.0,-178.0,4.534,0.046,-0.184,14.06,283.7706,42.027241,KEPLER_CONFIRMED,6584273,1
6586746,K02747.01,Kepler-1335 b,CONFIRMED,6.26404774,2.81e-05,-2.81e-05,378.7,21.7,-21.7,2.39,0.106,-0.106,1.55,0.14,-0.16,0.817,0.071,-0.085,5032.0,151.0,-151.0,4.511,0.077,-0.056,15.329,284.83841,42.070431,KEPLER_CONFIRMED,6586746,1
6587002,K00612.01,Kepler-196 b,CONFIRMED,20.73989406,4.28e-05,-4.28e-05,616.1,15.4,-15.4,3.1505,0.0552,-0.0552,2.11,0.15,-0.11,0.77,0.054,-0.04,5132.0,102.0,-102.0,4.571,0.032,-0.052,14.157,284.96851,42.079201,KEPLER_CONFIRMED,6587002,1
6587105,K02721.01,Kepler-1325 b,CONFIRMED,33.878639,0.0002187,-0.0002187,700.1,28.4,-28.4,6.194,0.134,-0.134,3.52,0.49,-0.5,1.072,0.15,-0.15,5533.0,74.0,-74.0,4.348,0.126,-0.103,15.16,285.01721,42.085381,KEPLER_CONFIRMED,6587105,1
6587280,K00857.01,Kepler-243 b,CONFIRMED,5.715425977,7.779e-06,-7.779e-06,908.1,17.4,-17.4,2.5242,0.0418,-0.0418,2.47,0.37,-0.17,0.826,0.124,-0.057,5237.0,157.0,-157.0,4.572,0.028,-0.112,15.086,285.11047,42.033958,KEPLER_CONFIRMED,6587280,1
6587796,K03237.01,Kepler-1444 b,CONFIRMED,33.4203001,0.0006669,-0.0006669,436.6,58.5,-58.5,5.307,0.551,-0.551,2.46,0.37,-0.28,1.066,0.161,-0.12,5731.0,104.0,-115.0,4.372,0.105,-0.105,12.325,285.33063,42.040428,KEPLER_CONFIRMED,6587796,1
6592335,K04777.01,Kepler-1971 b,CONFIRMED,0.824000125,2.811e-06,-2.811e-06,183.1,23.0,-23.0,0.855,0.197,-0.197,0.42,0.07,-0.08,0.28,0.05,-0.05,3396.0,50.0,-50.0,4.991,0.06,-0.06,15.896,287.26215,42.03231,KEPLER_CONFIRMED,6592335,1
6599975,K03438.01,Kepler-1501 b,CONFIRMED,14.5565618,0.0001222,-0.0001222,103.8,6.9,-6.9,4.554,0.175,-0.175,1.08,0.14,-0.06,1.061,0.138,-0.053,6065.0,66.0,-96.0,4.452,0.024,-0.102,13.71,289.91852,42.001431,KEPLER_CONFIRMED,6599975,1
6604328,K01736.01,Kepler-945 b,CONFIRMED,31.0033072,0.0001895,-0.0001895,645.2,33.5,-33.5,5.253,0.142,-0.142,2.72,0.72,-0.31,1.071,0.286,-0.122,6090.0,193.0,-236.0,4.447,0.058,-0.173,15.898,291.26974,42.096039,KEPLER_CONFIRMED,6604328,1
6605493,K02559.01,Kepler-1686 b,CONFIRMED,9.30991834,5.387e-05,-5.387e-05,114.5,6.8,-6.8,3.455,0.133,-0.133,1.21,0.2,-0.14,1.101,0.174,-0.126,5806.0,104.0,-116.0,4.353,0.105,-0.116,13.799,291.60675,42.035919,KEPLER_CONFIRMED,6605493,1
6606438,K02860.01,Kepler-1883 b,CONFIRMED,103.4269873,0.0008676,-0.0008676,950.1,62.6,-62.6,5.03,0.197,-0.197,3.16,0.97,-0.39,1.024,0.314,-0.126,6208.0,194.0,-259.0,4.454,0.052,-0.195,15.549,291.92255,42.00256,KEPLER_CONFIRMED,6606438,1
6607357,K02838.01,Kepler-1365 b,CONFIRMED,7.69994466,4.918e-05,-4.918e-05,70.9,4.5,-4.5,4.432,0.168,-0.168,0.92,0.14,-0.14,1.104,0.164,-0.164,5727.0,115.0,-104.0,4.328,0.132,-0.108,13.421,292.19971,42.046089,KEPLER_CONFIRMED,6607357,1
6607644,K04159.01,Kepler-1559 b,CONFIRMED,0.971915957,3.273e-06,-3.273e-06,73.7,5.3,-5.3,1.6023,0.0873,-0.0873,0.79,0.05,-0.07,0.889,0.051,-0.076,5196.0,83.0,-72.0,4.458,0.091,-0.039,14.5,292.28659,42.07246,KEPLER_CONFIRMED,6607644,1
6609270,K03090.01,Kepler-1902 b,CONFIRMED,3.82223397,2.231e-05,-2.231e-05,362.7,26.2,-26.2,1.924,0.118,-0.118,1.05,0.06,-0.07,0.514,0.029,-0.037,3729.0,75.0,-67.0,4.733,0.039,-0.021,15.665,292.73764,42.014832,KEPLER_CONFIRMED,6609270,1
6615511,K03306.01,Kepler-1463 b,CONFIRMED,25.1593389,0.0004236,-0.0004236,358.1,31.9,-31.9,5.198,0.282,-0.282,1.76,0.53,-0.17,0.935,0.28,-0.093,5973.0,187.0,-229.0,4.506,0.05,-0.2,15.759,294.4873,42.00692,KEPLER_CONFIRMED,6615511,1
6616218,K01692.01,Kepler-314 c,CONFIRMED,5.960400011,4.39e-06,-4.39e-06,828.3,7.3,-7.3,2.8617,0.0441,-0.0441,2.85,0.33,-0.12,0.886,0.104,-0.037,5418.0,98.0,-108.0,4.534,0.024,-0.102,12.557,294.6741,42.075581,KEPLER_CONFIRMED,6616218,1
6619815,K03361.01,Kepler-1696 b,CONFIRMED,65.9407869,0.0008703,-0.0008703,580.4,34.5,-34.5,7.776,0.276,-0.276,2.33,0.64,-0.28,0.96,0.266,-0.114,5982.0,168.0,-210.0,4.493,0.05,-0.2,15.502,295.57608,42.023361,KEPLER_CONFIRMED,6619815,1
6636320,K02989.01,Kepler-1892 b,CONFIRMED,6.33125228,3.802e-05,-3.802e-05,306.6,21.8,-21.8,2.688,0.15,-0.15,1.31,0.23,-0.1,0.759,0.132,-0.057,5383.0,159.0,-159.0,4.603,0.035,-0.112,15.411,299.08099,42.018139,KEPLER_CONFIRMED,6636320,1
6665512,K02005.01,Kepler-1048 b,CONFIRMED,6.92101452,2.22e-05,-2.22e-05,529.7,15.0,-15.0,4.3591,0.0801,-0.0801,1.48,0.12,-0.14,0.585,0.049,-0.054,4461.0,132.0,-132.0,4.661,0.052,-0.028,14.832,281.89835,42.165791,KEPLER_CONFIRMED,6665512,1
6665695,K00561.01,Kepler-601 b,CONFIRMED,5.378868001,7.69e-06,-7.69e-06,483.4,9.1,-9.1,2.7222,0.0396,-0.0396,1.86,0.13,-0.09,0.774,0.051,-0.039,5077.0,101.0,-101.0,4.567,0.032,-0.048,14.005,282.00461,42.176529,KEPLER_CONFIRMED,6665695,1
6677841,K01236.04,Kepler-279 e,CONFIRMED,98.353149,0.001793,-0.001793,423.0,14.4,-14.4,24.708,0.658,-0.658,4.13,0.69,-0.92,1.697,0.285,-0.38,6366.0,116.0,-116.0,4.045,0.196,-0.098,13.659,287.3912,42.194832,KEPLER_CONFIRMED,6677841,1
6678383,K00111.03,Kepler-104 d,CONFIRMED,51.75530504,8.535e-05,-8.535e-05,609.2,5.6,-5.6,7.4355,0.0579,-0.0579,2.61,0.35,-0.3,1.005,0.138,-0.113,5979.0,108.0,-120.0,4.394,0.11,-0.11,12.596,287.60461,42.166779,KEPLER_CONFIRMED,6678383,1
6685526,K00861.01,Kepler-707 b,CONFIRMED,2.237489571,5.022e-06,-5.022e-06,315.8,11.8,-11.8,1.8119,0.0554,-0.0554,1.41,0.13,-0.05,0.81,0.073,-0.029,5265.0,73.0,-84.0,4.58,0.014,-0.081,15.001,290.00757,42.116459,KEPLER_CONFIRMED,6685526,1
6685609,K00665.02,Kepler-207 b,CONFIRMED,1.61189046,4.301e-06,-4.301e-06,101.1,2.9,-2.9,3.0792,0.0664,-0.0664,1.72,0.29,-0.36,1.555,0.265,-0.324,5918.0,107.0,-119.0,4.127,0.168,-0.098,13.182,290.03052,42.16605,KEPLER_CONFIRMED,6685609,1
6690082,K01240.01,Kepler-280 b,CONFIRMED,2.1395563,3.111e-06,-3.111e-06,266.1,6.3,-6.3,2.0678,0.0381,-0.0381,1.76,0.27,-0.24,1.08,0.165,-0.15,5534.0,82.0,-74.0,4.338,0.138,-0.103,14.466,291.3905,42.180592,KEPLER_CONFIRMED,6690082,1
6690836,K02699.01,Kepler-1317 b,CONFIRMED,0.568874717,5.7e-07,-5.7e-07,378.4,9.4,-9.4,1.2177,0.0304,-0.0304,1.49,0.24,-0.11,0.78,0.124,-0.057,5223.0,171.0,-155.0,4.593,0.028,-0.105,15.23,291.61188,42.115971,KEPLER_CONFIRMED,6690836,1
6693640,K01245.01,Kepler-798 b,CONFIRMED,13.71938426,4.912e-05,-4.912e-05,316.4,7.6,-7.6,5.5677,0.0723,-0.0723,1.98,0.61,-0.22,1.105,0.345,-0.123,6387.0,153.0,-211.0,4.41,0.067,-0.202,14.2,292.47821,42.142288,KEPLER_CONFIRMED,6693640,1
6696580,K02092.03,Kepler-359 d,CONFIRMED,77.086191,0.001352,-0.001352,942.8,86.9,-86.9,4.77,0.473,-0.473,29.77,8.88,-3.8,1.049,0.313,-0.134,6228.0,196.0,-261.0,4.441,0.065,-0.195,15.886,293.29364,42.19635,KEPLER_CONFIRMED,6696580,1
6697605,K02851.01,Kepler-1985 b,CONFIRMED,3.42064689,1.928e-05,-1.928e-05,356.8,30.4,-30.4,1.767,0.118,-0.118,2.27,0.25,-0.22,0.966,0.105,-0.095,5370.0,85.0,-75.0,4.411,0.104,-0.076,15.472,293.56635,42.13258,KEPLER_CONFIRMED,6697605,1
6697756,K02798.01,Kepler-1351 b,CONFIRMED,0.916142298,1.809e-06,-1.809e-06,98.5,5.1,-5.1,1.1555,0.0545,-0.0545,0.6,0.05,-0.05,0.614,0.045,-0.056,4374.0,118.0,-131.0,4.639,0.052,-0.024,14.107,293.60873,42.197681,KEPLER_CONFIRMED,6697756,1
6705026,K03374.01,Kepler-1483 b,CONFIRMED,9.5084871,0.0001156,-0.0001156,97.9,8.4,-8.4,4.372,0.246,-0.246,1.65,0.33,-0.33,1.668,0.334,-0.334,6144.0,80.0,-80.0,4.106,0.159,-0.13,14.44,295.40979,42.150829,KEPLER_CONFIRMED,6705026,1
6707833,K00563.01,Kepler-602 b,CONFIRMED,15.28467725,6.404e-05,-6.404e-05,321.3,9.6,-9.6,6.0768,0.0967,-0.0967,2.7,0.43,-0.53,1.374,0.219,-0.268,5763.0,86.0,-78.0,4.181,0.162,-0.108,14.519,296.03198,42.14196,KEPLER_CONFIRMED,6707833,1
6707835,K00666.01,Kepler-640 b,CONFIRMED,22.24814617,3.661e-05,-3.661e-05,613.7,9.5,-9.5,4.1483,0.0709,-0.0709,2.72,0.41,-0.13,0.943,0.141,-0.047,5629.0,101.0,-123.0,4.503,0.03,-0.12,13.721,296.0322,42.131672,KEPLER_CONFIRMED,6707835,1
6716545,K02906.01,Kepler-1383 b,CONFIRMED,13.9093544,0.0001661,-0.0001661,86.8,6.2,-6.2,6.765,0.284,-0.284,1.33,0.24,-0.23,1.424,0.263,-0.237,6052.0,82.0,-82.0,4.183,0.154,-0.112,13.716,297.94476,42.191879,KEPLER_CONFIRMED,6716545,1
6751874,K02282.01,Kepler-1174 b,CONFIRMED,6.89226333,2.626e-05,-2.626e-05,214.4,11.1,-11.1,2.4921,0.0997,-0.0997,2.13,0.34,-0.42,1.463,0.233,-0.284,5862.0,79.0,-79.0,4.148,0.176,-0.095,14.207,281.83145,42.298908,KEPLER_CONFIRMED,6751874,1
6752002,K04184.01,Kepler-1945 b,CONFIRMED,6.08003714,1.668e-05,-1.668e-05,184.0,12.4,-12.4,1.308,0.0835,-0.0835,1.07,0.09,-0.12,0.804,0.069,-0.089,4991.0,149.0,-134.0,4.513,0.082,-0.06,13.473,281.89813,42.28587,KEPLER_CONFIRMED,6752002,1
6755944,K04072.01,Kepler-1547 b,CONFIRMED,0.692978457,1.489e-06,-1.489e-06,61.0,3.5,-3.5,1.1366,0.0548,-0.0548,2.24,0.41,-0.82,2.304,0.424,-0.847,6105.0,181.0,-163.0,3.805,0.32,-0.1,13.447,283.76407,42.222172,KEPLER_CONFIRMED,6755944,1
6761777,K04571.01,Kepler-1615 b,CONFIRMED,47.3128645,0.0007537,-0.0007537,217.4,14.4,-14.4,11.444,0.574,-0.574,3.71,0.4,-0.92,1.876,0.201,-0.468,5749.0,77.0,-77.0,4.002,0.188,-0.062,14.553,286.35922,42.227482,KEPLER_CONFIRMED,6761777,1
6766634,K01375.01,Kepler-1746 b,CONFIRMED,321.2124365,0.0004036,-0.0004036,2358.6,33.2,-33.2,4.012,0.165,-0.165,7.25,1.16,-1.17,1.286,0.207,-0.207,6018.0,120.0,-120.0,4.257,0.137,-0.112,13.709,288.32043,42.261414,KEPLER_CONFIRMED,6766634,1
6767840,K02506.01,Kepler-1262 b,CONFIRMED,8.679037,3.976e-05,-3.976e-05,301.6,17.3,-17.3,2.864,0.106,-0.106,1.79,0.59,-0.25,1.027,0.334,-0.143,6117.0,190.0,-212.0,4.42,0.087,-0.203,15.18,288.77182,42.213219,KEPLER_CONFIRMED,6767840,1
6768394,K02086.03,Kepler-60 d,CONFIRMED,11.8984948,0.0001417,-0.0001417,130.9,12.2,-12.2,3.015,0.295,-0.295,1.69,0.27,-0.33,1.307,0.209,-0.256,5862.0,105.0,-117.0,4.194,0.182,-0.098,13.959,288.96124,42.265011,KEPLER_CONFIRMED,6768394,1
6773862,K01868.01,Kepler-988 b,CONFIRMED,17.76076524,2.697e-05,-2.697e-05,1287.2,36.0,-36.0,1.6679,0.0446,-0.0446,1.93,0.14,-0.15,0.516,0.037,-0.04,3826.0,76.0,-84.0,4.744,0.035,-0.035,15.22,290.7084,42.237251,KEPLER_CONFIRMED,6773862,1
6774537,K02146.01,Kepler-1120 b,CONFIRMED,2.949029106,7.72e-06,-7.72e-06,358.3,14.1,-14.1,2.0311,0.0652,-0.0652,1.48,0.12,-0.15,0.807,0.064,-0.085,4983.0,150.0,-135.0,4.512,0.084,-0.052,15.333,290.91449,42.286579,KEPLER_CONFIRMED,6774537,1
6774880,K02062.01,Kepler-1077 b,CONFIRMED,34.3511339,0.0001512,-0.0001512,599.4,23.8,-23.8,4.4408,0.0987,-0.0987,2.75,0.93,-0.29,0.967,0.325,-0.101,6091.0,169.0,-211.0,4.487,0.054,-0.216,14.998,291.03363,42.26786,KEPLER_CONFIRMED,6774880,1
6776401,K01847.01,Kepler-977 b,CONFIRMED,26.85323647,6.691e-05,-6.691e-05,965.8,20.9,-20.9,4.4557,0.0624,-0.0624,2.65,0.47,-0.39,0.869,0.155,-0.127,5329.0,159.0,-159.0,4.455,0.117,-0.143,14.812,291.5162,42.248192,KEPLER_CONFIRMED,6776401,1
6779260,K02678.01,Kepler-1313 b,CONFIRMED,3.833087643,5.489e-06,-5.489e-06,461.4,13.4,-13.4,1.51,0.0366,-0.0366,2.25,0.23,-0.12,0.831,0.084,-0.045,5397.0,107.0,-107.0,4.543,0.033,-0.083,11.799,292.38855,42.233261,KEPLER_CONFIRMED,6779260,1
6779726,K03375.01,Kepler-1918 b,CONFIRMED,47.0563327,0.0007067,-0.0007067,762.0,75.6,-75.6,4.807,0.351,-0.351,2.57,0.75,-0.32,0.924,0.268,-0.115,5889.0,186.0,-206.0,4.492,0.065,-0.208,15.695,292.53055,42.214649,KEPLER_CONFIRMED,6779726,1
6784235,K00863.01,Kepler-708 b,CONFIRMED,3.167893418,3.869e-06,-3.869e-06,781.2,14.3,-14.3,2.1814,0.0324,-0.0324,2.62,0.78,-0.26,0.94,0.282,-0.094,5895.0,164.0,-184.0,4.503,0.05,-0.2,15.533,293.81647,42.212502,KEPLER_CONFIRMED,6784235,1
6786037,K00564.01,Kepler-603 b,CONFIRMED,21.05349939,8.981e-05,-8.981e-05,496.6,13.3,-13.3,7.1605,0.0896,-0.0896,2.75,0.44,-0.44,1.247,0.2,-0.2,5751.0,78.0,-78.0,4.254,0.143,-0.104,14.854,294.28098,42.29097,KEPLER_CONFIRMED,6786037,1
6786348,K01749.01,Kepler-947 b,CONFIRMED,26.964501,0.000154,-0.000154,601.7,34.7,-34.7,3.792,0.131,-0.131,2.2,0.52,-0.22,0.905,0.214,-0.092,5754.0,161.0,-182.0,4.534,0.042,-0.168,15.789,294.36673,42.252682,KEPLER_CONFIRMED,6786348,1
6803202,K00177.01,Kepler-1711 b,CONFIRMED,21.06075303,5.702e-05,-5.702e-05,301.2,6.3,-6.3,5.2472,0.0663,-0.0663,1.78,0.26,-0.21,1.034,0.148,-0.121,5706.0,114.0,-103.0,4.382,0.099,-0.11,13.182,298.17722,42.237041,KEPLER_CONFIRMED,6803202,1
6803855,K01695.01,Kepler-930 b,CONFIRMED,71.4523167,0.0006386,-0.0006386,216.9,15.3,-15.3,6.276,0.219,-0.219,2.19,0.64,-0.63,1.488,0.432,-0.432,6148.0,184.0,-220.0,4.132,0.28,-0.172,13.781,298.31445,42.24744,KEPLER_CONFIRMED,6803855,1
6838050,K00512.01,Kepler-583 b,CONFIRMED,6.51003001,1.319e-05,-1.319e-05,602.8,14.0,-14.0,3.3095,0.0516,-0.0516,2.78,0.75,-0.5,1.153,0.31,-0.207,5638.0,154.0,-171.0,4.327,0.149,-0.182,14.825,282.11133,42.3545,KEPLER_CONFIRMED,6838050,1
6842682,K02649.01,Kepler-1303 b,CONFIRMED,7.56126152,4.257e-05,-4.257e-05,180.6,13.5,-13.5,2.851,0.159,-0.159,1.2,0.34,-0.11,0.895,0.246,-0.082,5853.0,146.0,-175.0,4.529,0.048,-0.192,14.64,284.28714,42.35561,KEPLER_CONFIRMED,6842682,1
6846911,K02477.01,Kepler-1842 b,CONFIRMED,14.02634692,3.997e-05,-3.997e-05,403.6,26.3,-26.3,1.2808,0.0766,-0.0766,2.66,0.79,-0.42,1.131,0.335,-0.18,5970.0,184.0,-205.0,4.355,0.112,-0.192,14.729,286.25165,42.378479,KEPLER_CONFIRMED,6846911,1
6849046,K00201.01,Kepler-491 b,CONFIRMED,4.225384543,2.69e-07,-2.69e-07,7563.0,6.0,-6.0,2.82038,0.00192,-0.00192,9.0,1.42,-0.77,1.054,0.167,-0.09,5574.0,100.0,-111.0,4.403,0.08,-0.12,14.014,287.13058,42.350151,KEPLER_CONFIRMED,6849046,1
6849310,K00864.03,Kepler-244 c,CONFIRMED,9.76734503,3.052e-05,-3.052e-05,569.1,31.7,-31.7,1.6585,0.0777,-0.0777,2.67,0.33,-0.18,0.927,0.115,-0.062,5527.0,74.0,-83.0,4.484,0.04,-0.112,15.604,287.24268,42.301369,KEPLER_CONFIRMED,6849310,1
6850504,K00070.03,Kepler-20 d,CONFIRMED,77.6114427,0.0001536,-0.0001536,814.5,8.4,-8.4,7.1786,0.0563,-0.0563,2.59,0.29,-0.23,0.925,0.101,-0.083,5465.0,109.0,-109.0,4.449,0.085,-0.085,12.498,287.698,42.338718,KEPLER_CONFIRMED,6850504,1
6851425,K00163.01,Kepler-477 b,CONFIRMED,11.1199028,1.166e-05,-1.166e-05,636.3,7.3,-7.3,3.3759,0.0372,-0.0372,2.08,0.14,-0.09,0.766,0.052,-0.033,5078.0,101.0,-101.0,4.581,0.025,-0.053,13.536,288.0676,42.35537,KEPLER_CONFIRMED,6851425,1
6862721,K01982.01,Kepler-1781 b,CONFIRMED,4.88753111,2.174e-05,-2.174e-05,679.6,46.8,-46.8,2.034,0.117,-0.117,2.45,0.61,-0.2,0.957,0.237,-0.079,5568.0,166.0,-183.0,4.499,0.044,-0.187,15.768,291.71146,42.341499,KEPLER_CONFIRMED,6862721,1
6863998,K00867.01,Kepler-709 b,CONFIRMED,16.08518937,3.022e-05,-3.022e-05,1442.4,26.7,-26.7,3.984,0.0875,-0.0875,3.68,0.54,-0.36,0.826,0.122,-0.081,5239.0,174.0,-158.0,4.523,0.06,-0.09,15.219,292.10519,42.380322,KEPLER_CONFIRMED,6863998,1
6867555,K02439.01,Kepler-1239 b,CONFIRMED,5.19103699,2.846e-05,-2.846e-05,290.1,12.7,-12.7,4.222,0.105,-0.105,1.92,0.64,-0.21,1.125,0.37,-0.123,6321.0,174.0,-261.0,4.417,0.056,-0.224,15.438,293.12738,42.320099,KEPLER_CONFIRMED,6867555,1
6869184,K01732.01,Kepler-944 b,CONFIRMED,43.3167427,0.0002356,-0.0002356,987.5,41.8,-41.8,4.995,0.137,-0.137,2.42,0.53,-0.19,0.774,0.169,-0.061,5654.0,169.0,-169.0,4.59,0.036,-0.144,15.737,293.60126,42.379761,KEPLER_CONFIRMED,6869184,1
6871071,K02220.03,Kepler-374 b,CONFIRMED,1.897828815,6.301e-06,-6.301e-06,132.4,5.4,-5.4,2.7114,0.0743,-0.0743,1.73,0.27,-0.4,1.515,0.236,-0.353,5640.0,85.0,-77.0,4.087,0.203,-0.087,14.686,294.13791,42.370499,KEPLER_CONFIRMED,6871071,1
6878240,K02681.01,Kepler-397 c,CONFIRMED,135.4978256,0.0003364,-0.0003364,5038.1,77.2,-77.2,6.769,0.181,-0.181,6.01,0.41,-0.34,0.757,0.052,-0.042,5307.0,105.0,-105.0,4.572,0.041,-0.054,15.996,295.8941,42.380451,KEPLER_CONFIRMED,6878240,1
6879171,K04188.01,Kepler-1947 b,CONFIRMED,6.96352699,3.846e-05,-3.846e-05,68.1,4.5,-4.5,3.192,0.131,-0.131,1.4,0.34,-0.59,1.686,0.413,-0.709,6040.0,201.0,-201.0,3.978,0.458,-0.153,13.128,296.10406,42.34259,KEPLER_CONFIRMED,6879171,1
6880517,K03305.01,Kepler-1462 b,CONFIRMED,65.6491001,0.000713,-0.000713,983.9,54.6,-54.6,7.298,0.208,-0.208,2.52,0.52,-0.22,0.819,0.169,-0.073,5436.0,187.0,-187.0,4.573,0.034,-0.136,15.858,296.39752,42.396919,KEPLER_CONFIRMED,6880517,1
6921944,K02114.01,Kepler-1105 b,CONFIRMED,4.421566535,9.726e-06,-9.726e-06,684.0,25.3,-25.3,2.1229,0.0576,-0.0576,2.19,0.06,-0.1,0.697,0.019,-0.032,4299.0,86.0,-86.0,4.604,0.033,-0.015,15.18,281.11176,42.45491,KEPLER_CONFIRMED,6921944,1
6922244,K00010.01,Kepler-8 b,CONFIRMED,3.522498429,1.98e-07,-1.98e-07,9145.7,6.6,-6.6,3.19843,0.00653,-0.00653,14.59,1.11,-1.11,1.451,0.11,-0.11,6225.0,112.0,-137.0,4.169,0.055,-0.045,13.563,281.28812,42.45108,KEPLER_CONFIRMED,6922244,1
6922710,K02087.01,Kepler-1088 b,CONFIRMED,23.1274171,0.0001567,-0.0001567,157.3,8.6,-8.6,4.901,0.149,-0.149,1.44,0.23,-0.13,1.066,0.166,-0.097,5865.0,105.0,-117.0,4.393,0.08,-0.12,11.863,281.56146,42.4505,KEPLER_CONFIRMED,6922710,1
6924203,K01370.01,Kepler-829 b,CONFIRMED,6.8833761,1.817e-05,-1.817e-05,458.4,18.8,-18.8,2.2702,0.0718,-0.0718,1.69,0.45,-0.13,0.794,0.207,-0.065,5679.0,152.0,-152.0,4.581,0.04,-0.16,14.931,282.33279,42.463821,KEPLER_CONFIRMED,6924203,1
6929841,K03026.01,Kepler-1414 b,CONFIRMED,3.51575492,1.389e-05,-1.389e-05,237.4,19.6,-19.6,1.381,0.11,-0.11,1.35,0.41,-0.16,0.901,0.274,-0.109,5094.0,174.0,-157.0,4.45,0.104,-0.338,14.897,284.92859,42.42231,KEPLER_CONFIRMED,6929841,1
6932987,K01366.01,Kepler-293 b,CONFIRMED,19.25404023,5.131e-05,-5.131e-05,987.7,21.5,-21.5,4.6509,0.0749,-0.0749,3.04,0.88,-0.29,0.941,0.273,-0.091,5798.0,156.0,-191.0,4.507,0.048,-0.204,15.368,286.35806,42.406509,KEPLER_CONFIRMED,6932987,1
6933567,K02643.01,Kepler-1301 b,CONFIRMED,9.08233411,4.318e-05,-4.318e-05,296.9,21.8,-21.8,2.008,0.114,-0.114,1.35,0.24,-0.13,0.788,0.143,-0.071,5354.0,175.0,-159.0,4.587,0.032,-0.12,15.4,286.60416,42.440319,KEPLER_CONFIRMED,6933567,1
6934291,K01367.01,Kepler-828 b,CONFIRMED,0.567856484,4.46e-07,-4.46e-07,334.8,7.5,-7.5,1.0258,0.0248,-0.0248,1.55,0.07,-0.13,0.853,0.039,-0.072,5073.0,83.0,-76.0,4.483,0.082,-0.027,15.055,286.88727,42.47126,KEPLER_CONFIRMED,6934291,1
6936909,K01363.01,Kepler-291 b,CONFIRMED,3.546531809,9.977e-06,-9.977e-06,442.7,18.9,-18.9,2.2746,0.0765,-0.0765,2.18,0.66,-0.23,0.986,0.302,-0.101,5993.0,190.0,-232.0,4.489,0.052,-0.208,15.934,287.91635,42.437302,KEPLER_CONFIRMED,6936909,1
6937402,K02894.01,Kepler-1380 b,CONFIRMED,10.3108232,0.0001066,-0.0001066,204.0,17.1,-17.1,5.617,0.222,-0.222,1.27,0.36,-0.13,0.893,0.259,-0.086,5708.0,152.0,-169.0,4.521,0.05,-0.2,15.619,288.11606,42.440418,KEPLER_CONFIRMED,6937402,1
6937529,K04382.01,Kepler-1597 b,CONFIRMED,2.94648935,2.514e-05,-2.514e-05,57.0,5.1,-5.1,3.155,0.238,-0.238,0.89,0.25,-0.1,1.171,0.322,-0.138,6481.0,145.0,-193.0,4.378,0.069,-0.172,14.144,288.16397,42.481079,KEPLER_CONFIRMED,6937529,1
6937692,K00513.01,Kepler-584 b,CONFIRMED,35.18105723,9.807e-05,-9.807e-05,987.7,18.1,-18.1,7.545,0.135,-0.135,4.17,1.24,-0.54,1.215,0.363,-0.156,6520.0,157.0,-246.0,4.375,0.065,-0.195,14.856,288.23059,42.41362,KEPLER_CONFIRMED,6937692,1
6941084,K02348.01,Kepler-1204 b,CONFIRMED,85.7357202,0.0008312,-0.0008312,747.7,40.3,-40.3,7.625,0.26,-0.26,2.94,0.98,-0.39,1.077,0.358,-0.143,6096.0,193.0,-214.0,4.397,0.09,-0.21,15.301,289.4415,42.498131,KEPLER_CONFIRMED,6941084,1
6945786,K03136.01,Kepler-1909 b,CONFIRMED,2.39161966,1.199e-05,-1.199e-05,189.2,16.5,-16.5,1.906,0.127,-0.127,0.93,0.08,-0.09,0.685,0.061,-0.068,4935.0,147.0,-133.0,4.589,0.066,-0.039,15.738,290.88931,42.45966,KEPLER_CONFIRMED,6945786,1
6946199,K01359.01,Kepler-1744 b,CONFIRMED,37.1011418,0.0001187,-0.0001187,1357.5,27.4,-27.4,5.5556,0.0788,-0.0788,3.19,0.88,-0.35,0.85,0.234,-0.094,5986.0,179.0,-215.0,4.527,0.06,-0.192,15.229,291.02069,42.46244,KEPLER_CONFIRMED,6946199,1
6948054,K00869.02,Kepler-245 d,CONFIRMED,36.2761238,0.0001055,-0.0001055,1572.6,35.5,-35.5,4.7865,0.0756,-0.0756,3.03,0.2,-0.15,0.787,0.051,-0.039,5103.0,101.0,-101.0,4.562,0.032,-0.052,15.599,291.63898,42.436321,KEPLER_CONFIRMED,6948054,1
6949061,K01960.02,Kepler-343 c,CONFIRMED,23.2218115,0.0001072,-0.0001072,210.4,13.7,-13.7,2.744,0.127,-0.127,2.42,0.39,-0.44,1.374,0.221,-0.246,5808.0,105.0,-117.0,4.185,0.176,-0.108,14.128,291.96069,42.43301,KEPLER_CONFIRMED,6949061,1
6949607,K00870.02,Kepler-28 c,CONFIRMED,8.98581901,1.437e-05,-1.437e-05,881.3,18.5,-18.5,2.8606,0.0413,-0.0413,1.65,0.09,-0.09,0.57,0.029,-0.032,4072.0,73.0,-81.0,4.696,0.023,-0.028,15.036,292.13702,42.42942,KEPLER_CONFIRMED,6949607,1
6960913,K01361.01,Kepler-61 b,CONFIRMED,59.8780258,0.0001502,-0.0001502,1419.1,32.3,-32.3,4.8027,0.0705,-0.0705,2.19,0.08,-0.14,0.599,0.023,-0.037,4016.0,79.0,-79.0,4.658,0.039,-0.015,14.995,295.3045,42.475288,KEPLER_CONFIRMED,6960913,1
6962109,K02182.01,Kepler-1134 b,CONFIRMED,17.13263125,7.892e-05,-7.892e-05,850.2,37.4,-37.4,3.0555,0.0958,-0.0958,2.31,0.51,-0.22,0.794,0.176,-0.075,5477.0,182.0,-182.0,4.578,0.036,-0.144,15.842,295.56799,42.478298,KEPLER_CONFIRMED,6962109,1
6962977,K01364.02,Kepler-292 d,CONFIRMED,7.0556584,2.132e-05,-2.132e-05,705.6,23.4,-23.4,3.0479,0.068,-0.068,2.13,0.15,-0.13,0.808,0.06,-0.049,5296.0,106.0,-106.0,4.538,0.044,-0.061,15.956,295.76614,42.424278,KEPLER_CONFIRMED,6962977,1
6964929,K02756.01,Kepler-1340 b,CONFIRMED,0.665025941,1.534e-06,-1.534e-06,104.7,4.7,-4.7,1.7542,0.0663,-0.0663,1.11,0.18,-0.08,1.07,0.166,-0.083,5884.0,70.0,-79.0,4.408,0.063,-0.117,14.758,296.23282,42.47279,KEPLER_CONFIRMED,6964929,1
6975129,K01628.01,Kepler-312 c,CONFIRMED,19.74733983,4.316e-05,-4.316e-05,480.7,11.1,-11.1,3.4444,0.0646,-0.0646,2.62,0.46,-0.15,1.149,0.201,-0.067,6243.0,99.0,-136.0,4.406,0.026,-0.136,12.949,298.39575,42.459751,KEPLER_CONFIRMED,6975129,1
7008211,K02102.01,Kepler-1097 b,CONFIRMED,187.746606,0.00146,-0.00146,1583.0,90.1,-90.1,5.885,0.179,-0.179,2.95,0.41,-0.3,0.753,0.104,-0.076,5303.0,193.0,-171.0,4.55,0.075,-0.075,15.206,281.59415,42.596409,KEPLER_CONFIRMED,7008211,1
7019524,K02877.01,Kepler-1376 b,CONFIRMED,5.30873978,4.55e-05,-4.55e-05,127.5,9.1,-9.1,3.018,0.175,-0.175,1.08,0.33,-0.12,0.955,0.297,-0.099,5914.0,158.0,-193.0,4.483,0.054,-0.216,14.699,286.95844,42.541382,KEPLER_CONFIRMED,7019524,1
7021681,K00255.01,Kepler-505 b,CONFIRMED,27.52194772,3.058e-05,-3.058e-05,2312.8,24.1,-24.1,4.047,0.0415,-0.0415,2.47,0.17,-0.21,0.511,0.036,-0.043,3780.0,76.0,-83.0,4.746,0.042,-0.031,15.108,287.85812,42.542629,KEPLER_CONFIRMED,7021681,1
7033233,K02339.01,Kepler-1197 b,CONFIRMED,2.032318856,4.589e-06,-4.589e-06,287.5,18.4,-18.4,1.1596,0.0625,-0.0625,1.12,0.08,-0.03,0.682,0.048,-0.021,4670.0,93.0,-93.0,4.635,0.012,-0.048,15.13,291.66928,42.59071,KEPLER_CONFIRMED,7033233,1
7033671,K00670.01,Kepler-641 b,CONFIRMED,9.48965527,2.509e-05,-2.509e-05,262.2,7.2,-7.2,3.587,0.0611,-0.0611,2.16,0.35,-0.34,1.204,0.193,-0.193,5672.0,114.0,-114.0,4.279,0.156,-0.104,13.774,291.82349,42.516209,KEPLER_CONFIRMED,7033671,1
7040629,K00671.03,Kepler-208 e,CONFIRMED,16.25951967,9.871e-05,-9.871e-05,129.5,7.1,-7.1,3.854,0.146,-0.146,1.72,0.3,-0.37,1.499,0.262,-0.321,5966.0,107.0,-119.0,4.169,0.162,-0.108,13.749,293.8902,42.527966,KEPLER_CONFIRMED,7040629,1
7045496,K01939.01,Kepler-1021 b,CONFIRMED,13.47472742,4.462e-05,-4.462e-05,729.6,33.8,-33.8,2.5995,0.0845,-0.0845,1.96,0.33,-0.15,0.734,0.123,-0.057,5395.0,160.0,-144.0,4.615,0.035,-0.105,15.164,295.2049,42.559681,KEPLER_CONFIRMED,7045496,1
7046035,K04424.01,Kepler-1603 b,CONFIRMED,2.27164952,2.105e-05,-2.105e-05,82.4,7.6,-7.6,4.054,0.196,-0.196,0.97,0.33,-0.11,1.062,0.361,-0.12,6274.0,174.0,-240.0,4.434,0.056,-0.224,15.332,295.32983,42.534962,KEPLER_CONFIRMED,7046035,1
7046804,K00205.01,Kepler-492 b,CONFIRMED,11.720123999,1.574e-06,-1.574e-06,9763.3,17.0,-17.0,3.0039,0.0165,-0.0165,7.94,1.06,-0.71,0.77,0.103,-0.069,5215.0,158.0,-142.0,4.564,0.052,-0.078,14.518,295.49667,42.537891,KEPLER_CONFIRMED,7046804,1
7047207,K02494.01,Kepler-1260 b,CONFIRMED,19.1187425,0.0001721,-0.0001721,217.5,12.1,-12.1,6.805,0.217,-0.217,2.33,0.37,-0.45,1.463,0.233,-0.284,5862.0,79.0,-79.0,4.148,0.176,-0.095,14.838,295.59125,42.555241,KEPLER_CONFIRMED,7047207,1
7047363,K02432.01,Kepler-1236 b,CONFIRMED,31.0572947,0.0002303,-0.0002303,636.6,46.6,-46.6,3.401,0.197,-0.197,1.85,0.34,-0.14,0.734,0.132,-0.057,5395.0,177.0,-144.0,4.615,0.035,-0.112,15.956,295.62469,42.545898,KEPLER_CONFIRMED,7047363,1
7047824,K02806.01,Kepler-1353 b,CONFIRMED,24.7543849,0.0001365,-0.0001365,593.3,38.0,-38.0,3.39,0.153,-0.153,2.1,0.14,-0.2,0.804,0.056,-0.076,4852.0,144.0,-144.0,4.519,0.078,-0.052,15.514,295.73535,42.576248,KEPLER_CONFIRMED,7047824,1
7047922,K01899.01,Kepler-1006 b,CONFIRMED,19.76169247,6.983e-05,-6.983e-05,392.5,11.8,-11.8,3.9097,0.0871,-0.0871,2.81,0.94,-0.62,1.175,0.389,-0.259,6327.0,291.0,-542.0,4.327,0.158,-0.193,14.563,295.75412,42.537479,KEPLER_CONFIRMED,7047922,1
7050989,K00312.02,Kepler-136 c,CONFIRMED,16.39926461,3.373e-05,-3.373e-05,220.8,5.2,-5.2,3.4108,0.053,-0.053,1.94,0.34,-0.26,1.303,0.229,-0.171,6156.0,111.0,-136.0,4.284,0.099,-0.121,12.459,296.46732,42.598785,KEPLER_CONFIRMED,7050989,1
7090524,K02920.01,Kepler-1386 b,CONFIRMED,6.73968289,6.397e-05,-6.397e-05,142.0,10.7,-10.7,4.183,0.192,-0.192,1.48,0.23,-0.26,1.176,0.183,-0.203,5511.0,82.0,-71.0,4.261,0.168,-0.112,14.455,280.82339,42.636051,KEPLER_CONFIRMED,7090524,1
7091432,K03353.01,Kepler-1477 b,CONFIRMED,11.55532445,7.61e-05,-7.61e-05,250.0,17.8,-17.8,3.499,0.121,-0.121,1.7,0.21,-0.18,0.803,0.097,-0.088,5149.0,153.0,-153.0,4.506,0.093,-0.085,14.598,281.29855,42.685749,KEPLER_CONFIRMED,7091432,1
7094486,K01907.01,Kepler-1009 b,CONFIRMED,11.35010642,2.163e-05,-2.163e-05,1221.0,36.6,-36.6,2.2792,0.0544,-0.0544,1.75,0.09,-0.17,0.514,0.026,-0.051,3597.0,72.0,-86.0,4.734,0.052,-0.017,15.278,282.85992,42.66576,KEPLER_CONFIRMED,7094486,1
7097965,K02083.01,Kepler-1791 b,CONFIRMED,7.72085047,2.08e-05,-2.08e-05,267.0,12.7,-12.7,1.8264,0.0696,-0.0696,2.53,0.4,-0.4,1.177,0.186,-0.186,5887.0,105.0,-129.0,4.29,0.138,-0.113,13.516,284.49033,42.648289,KEPLER_CONFIRMED,7097965,1
7098355,K00454.01,Kepler-558 b,CONFIRMED,29.00789166,8.475e-05,-8.475e-05,906.3,23.1,-23.1,5.0274,0.0848,-0.0848,2.64,0.43,-0.22,0.801,0.132,-0.066,5295.0,159.0,-143.0,4.566,0.037,-0.105,14.805,284.65787,42.652679,KEPLER_CONFIRMED,7098355,1
7100673,K04032.01,Kepler-1542 b,CONFIRMED,3.95116635,1.692e-05,-1.692e-05,60.9,3.3,-3.3,2.566,0.108,-0.108,0.83,0.13,-0.11,1.065,0.166,-0.15,5574.0,111.0,-100.0,4.354,0.132,-0.108,12.639,285.72849,42.65453,KEPLER_CONFIRMED,7100673,1
7102227,K01360.01,Kepler-290 c,CONFIRMED,36.7704935,0.0001285,-0.0001285,1346.6,34.0,-34.0,4.42,0.105,-0.105,2.83,0.36,-0.25,0.755,0.097,-0.065,5142.0,153.0,-153.0,4.602,0.033,-0.083,15.596,286.41,42.681549,KEPLER_CONFIRMED,7102227,1
7102316,K02028.02,Kepler-351 b,CONFIRMED,37.0551726,0.0002608,-0.0002608,1028.8,47.5,-47.5,5.439,0.16,-0.16,3.19,0.88,-0.29,0.846,0.233,-0.078,5642.0,169.0,-169.0,4.542,0.044,-0.176,15.99,286.4527,42.657879,KEPLER_CONFIRMED,7102316,1
7103919,K04310.01,Kepler-1950 b,CONFIRMED,10.7769944,0.0001209,-0.0001209,185.6,19.5,-19.5,2.616,0.235,-0.235,1.15,0.25,-0.17,0.852,0.19,-0.127,5455.0,162.0,-162.0,4.457,0.124,-0.17,14.587,287.08749,42.668671,KEPLER_CONFIRMED,7103919,1
7107802,K02420.01,Kepler-1231 b,CONFIRMED,10.41728722,6.695e-05,-6.695e-05,210.4,11.4,-11.4,4.125,0.153,-0.153,1.64,0.24,-0.26,1.151,0.166,-0.184,5557.0,83.0,-75.0,4.288,0.162,-0.108,14.746,288.58835,42.605659,KEPLER_CONFIRMED,7107802,1
7109675,K00872.01,Kepler-46 b,CONFIRMED,33.60123371,1.767e-05,-1.767e-05,7425.9,33.2,-33.2,4.4056,0.0578,-0.0578,8.46,0.4,-0.5,0.93,0.044,-0.055,5149.0,113.0,-82.0,4.447,0.054,-0.036,15.262,289.26874,42.604172,KEPLER_CONFIRMED,7109675,1
7115785,K00672.02,Kepler-209 c,CONFIRMED,41.74938613,6.622e-05,-6.622e-05,1055.4,11.6,-11.6,5.6098,0.0573,-0.0573,2.94,0.35,-0.24,0.914,0.111,-0.074,5506.0,110.0,0.0,4.473,0.064,-0.096,13.998,291.16953,42.640808,KEPLER_CONFIRMED,7115785,1
7118364,K00873.01,Kepler-710 b,CONFIRMED,4.347288783,8.512e-06,-8.512e-06,451.6,13.2,-13.2,2.1024,0.0502,-0.0502,2.36,0.39,-0.29,1.122,0.184,-0.138,5754.0,78.0,-78.0,4.345,0.11,-0.11,15.024,291.96417,42.69614,KEPLER_CONFIRMED,7118364,1
7119481,K00566.01,Kepler-604 b,CONFIRMED,25.85499978,8.545e-05,-8.545e-05,610.5,20.8,-20.8,3.8737,0.0857,-0.0857,2.4,0.75,-0.25,0.964,0.302,-0.101,6122.0,182.0,-200.0,4.487,0.054,-0.216,14.718,292.31601,42.626251,KEPLER_CONFIRMED,7119481,1
7120108,K02325.01,Kepler-1825 b,CONFIRMED,1.025857984,1.051e-06,-1.051e-06,270.7,10.2,-10.2,0.8069,0.0351,-0.0351,1.57,0.08,-0.1,0.847,0.044,-0.055,5123.0,82.0,-82.0,4.501,0.066,-0.038,14.413,292.51398,42.65176,KEPLER_CONFIRMED,7120108,1
7124613,K00673.01,Kepler-642 b,CONFIRMED,4.41746257,1.92e-05,-1.92e-05,291.0,15.0,-15.0,2.965,0.104,-0.104,3.95,0.84,-1.25,2.297,0.485,-0.727,6570.0,156.0,-195.0,3.86,0.285,-0.114,13.343,293.83456,42.624962,KEPLER_CONFIRMED,7124613,1
7131760,K03407.01,Kepler-1490 b,CONFIRMED,92.436978,0.001035,-0.001035,955.2,60.4,-60.4,6.432,0.302,-0.302,2.89,0.59,-0.25,0.741,0.149,-0.064,5595.0,167.0,-167.0,4.606,0.034,-0.127,15.449,295.69357,42.609509,KEPLER_CONFIRMED,7131760,1
7132798,K00220.01,Kepler-119 b,CONFIRMED,2.422084188,4.83e-07,-4.83e-07,1871.8,5.2,-5.2,2.5613,0.00828,-0.00828,3.55,0.75,-0.32,0.83,0.176,-0.075,5598.0,149.0,-166.0,4.565,0.036,-0.144,14.236,295.94641,42.65892,KEPLER_CONFIRMED,7132798,1
7133294,K04473.01,Kepler-1607 b,CONFIRMED,13.6471211,0.0001843,-0.0001843,75.0,5.9,-5.9,8.331,0.345,-0.345,1.25,0.36,-0.44,1.382,0.396,-0.484,5771.0,155.0,-155.0,4.106,0.378,-0.162,13.897,296.05984,42.65604,KEPLER_CONFIRMED,7133294,1
7134976,K00874.01,Kepler-246 b,CONFIRMED,4.601811819,6.168e-06,-6.168e-06,755.9,14.1,-14.1,2.2607,0.0367,-0.0367,2.35,0.09,-0.18,0.833,0.032,-0.064,4986.0,82.0,-82.0,4.496,0.08,-0.025,15.024,296.48343,42.663429,KEPLER_CONFIRMED,7134976,1
7135852,K00875.01,Kepler-1729 b,CONFIRMED,4.220965778,2.584e-06,-2.584e-06,2260.0,17.9,-17.9,3.0854,0.0645,-0.0645,2.62,0.58,-0.58,0.517,0.114,-0.114,3837.0,481.0,-259.0,4.747,0.105,-0.094,15.692,296.69394,42.62611,KEPLER_CONFIRMED,7135852,1
7175184,K00369.02,Kepler-144 c,CONFIRMED,10.10463142,3.572e-05,-3.572e-05,114.6,5.3,-5.3,2.369,0.088,-0.088,1.59,0.29,-0.32,1.431,0.26,-0.285,6070.0,134.0,-122.0,4.157,0.168,-0.112,11.992,281.91568,42.775509,KEPLER_CONFIRMED,7175184,1
7183745,K02521.02,Kepler-1266 c,CONFIRMED,4.86634094,2.5e-05,-2.5e-05,366.7,28.9,-28.9,1.885,0.139,-0.139,1.94,0.07,-0.14,0.831,0.032,-0.06,4996.0,82.0,-74.0,4.497,0.08,-0.025,15.86,285.86929,42.728088,KEPLER_CONFIRMED,7183745,1
7202957,K02687.01,Kepler-1869 c,CONFIRMED,1.716828304,9.408e-06,-9.408e-06,59.5,5.0,-5.0,2.068,0.132,-0.132,0.74,0.12,-0.03,0.902,0.138,-0.046,5808.0,105.0,-128.0,4.522,0.03,-0.12,10.158,292.61511,42.764252,KEPLER_CONFIRMED,7202957,1
7204981,K02164.01,Kepler-1127 b,CONFIRMED,5.1233204,2.06e-05,-2.06e-05,286.2,13.3,-13.3,2.7466,0.092,-0.092,1.65,0.17,-0.2,0.982,0.105,-0.116,5364.0,85.0,-75.0,4.394,0.114,-0.076,15.162,293.21738,42.720711,KEPLER_CONFIRMED,7204981,1
7207061,K02113.01,Kepler-417 c,CONFIRMED,15.94248453,5.985e-05,-5.985e-05,1093.7,34.7,-34.7,3.4894,0.0806,-0.0806,2.62,0.54,-0.22,0.806,0.168,-0.067,5376.0,186.0,-186.0,4.576,0.034,-0.136,15.886,293.82431,42.779701,KEPLER_CONFIRMED,7207061,1
7211141,K01355.01,Kepler-827 b,CONFIRMED,51.92920654,9.598e-05,-9.598e-05,3425.8,48.7,-48.7,5.2637,0.0622,-0.0622,8.49,1.4,-1.86,1.442,0.237,-0.316,5671.0,85.0,-77.0,4.128,0.196,-0.098,15.897,294.96606,42.708569,KEPLER_CONFIRMED,7211141,1
7211221,K01379.01,Kepler-831 b,CONFIRMED,5.62154315,1.27e-05,-1.27e-05,172.3,5.7,-5.7,2.4143,0.0514,-0.0514,1.37,0.17,-0.12,0.96,0.124,-0.083,5637.0,101.0,-112.0,4.439,0.076,-0.104,13.687,294.98547,42.727669,KEPLER_CONFIRMED,7211221,1
7211469,K01377.01,Kepler-830 b,CONFIRMED,11.29689442,6.912e-05,-6.912e-05,198.5,10.9,-10.9,4.623,0.149,-0.149,1.74,0.28,-0.15,1.176,0.19,-0.102,6096.0,79.0,-85.0,4.358,0.063,-0.117,14.788,295.05429,42.75684,KEPLER_CONFIRMED,7211469,1
7212184,K02487.01,Kepler-1255 b,CONFIRMED,36.292017,0.0003443,-0.0003443,374.7,19.8,-19.8,8.198,0.225,-0.225,3.1,0.48,-0.66,1.615,0.252,-0.346,5843.0,79.0,-79.0,4.069,0.182,-0.084,15.251,295.23926,42.726479,KEPLER_CONFIRMED,7212184,1
7215603,K01618.01,Kepler-910 b,CONFIRMED,2.36436762,1.897e-05,-1.897e-05,28.4,2.7,-2.7,3.372,0.202,-0.202,0.82,0.02,-0.02,1.543,0.031,-0.044,6250.0,75.0,-82.0,4.184,0.013,-0.011,11.6,296.04736,42.743011,KEPLER_CONFIRMED,7215603,1
7216284,K03056.01,Kepler-1420 b,CONFIRMED,6.69958851,4.296e-05,-4.296e-05,253.7,22.0,-22.0,2.831,0.155,-0.155,1.24,0.22,-0.09,0.799,0.138,-0.059,5296.0,159.0,-159.0,4.586,0.03,-0.12,15.883,296.20383,42.777828,KEPLER_CONFIRMED,7216284,1
7219825,K00238.01,Kepler-123 b,CONFIRMED,17.23232894,3.566e-05,-3.566e-05,509.8,8.6,-8.6,4.5568,0.0508,-0.0508,2.79,0.45,-0.41,1.216,0.199,-0.179,6086.0,133.0,-133.0,4.274,0.137,-0.112,14.061,296.99863,42.78196,KEPLER_CONFIRMED,7219825,1
7220429,K01700.01,Kepler-931 b,CONFIRMED,8.03753796,2.269e-05,-2.269e-05,286.5,10.5,-10.5,2.9118,0.068,-0.068,1.54,0.2,-0.17,0.804,0.103,-0.093,5044.0,151.0,-151.0,4.511,0.085,-0.57,14.471,297.13263,42.76825,KEPLER_CONFIRMED,7220429,1
7257966,K04185.01,Kepler-1946 b,CONFIRMED,3.035206175,5.17e-06,-5.17e-06,696.9,43.9,-43.9,0.6182,0.0834,-0.0834,3.59,0.8,-0.37,0.873,0.195,-0.09,5505.0,164.0,-164.0,4.503,0.063,-0.158,15.556,282.33563,42.84544,KEPLER_CONFIRMED,7257966,1
7259298,K02561.01,Kepler-1278 b,CONFIRMED,3.23941775,1.603e-05,-1.603e-05,77.4,5.2,-5.2,2.569,0.12,-0.12,0.77,0.21,-0.07,0.858,0.238,-0.079,6075.0,163.0,-181.0,4.541,0.036,-0.204,13.658,282.95694,42.825619,KEPLER_CONFIRMED,7259298,1
7265298,K02051.01,Kepler-355 c,CONFIRMED,25.7626846,0.0001376,-0.0001376,619.5,17.1,-17.1,6.908,0.118,-0.118,2.66,0.43,-0.27,1.069,0.174,-0.107,5739.0,78.0,-86.0,4.381,0.095,-0.116,15.087,285.79947,42.811779,KEPLER_CONFIRMED,7265298,1
7269493,K01961.01,Kepler-1027 b,CONFIRMED,1.907810683,3.168e-06,-3.168e-06,120.5,3.5,-3.5,1.8707,0.0447,-0.0447,0.91,0.09,-0.04,0.824,0.086,-0.033,5435.0,97.0,-119.0,4.578,0.01,-0.095,12.852,287.57117,42.813919,KEPLER_CONFIRMED,7269493,1
7269974,K00456.01,Kepler-160 c,CONFIRMED,13.69942266,1.439e-05,-1.439e-05,1292.9,11.4,-11.4,4.3409,0.0264,-0.0264,3.85,0.57,-0.51,1.089,0.161,-0.145,5541.0,74.0,-74.0,4.332,0.137,-0.1,14.619,287.77356,42.869282,KEPLER_CONFIRMED,7269974,1
7273277,K01979.01,Kepler-1035 b,CONFIRMED,2.714078374,3.865e-06,-3.865e-06,143.5,4.7,-4.7,1.3115,0.0408,-0.0408,1.38,0.22,-0.09,0.992,0.152,-0.065,5815.0,69.0,-87.0,4.461,0.04,-0.12,12.987,289.04221,42.882488,KEPLER_CONFIRMED,7273277,1
7277317,K00674.01,Kepler-643 b,CONFIRMED,16.33888067,1.882e-05,-1.882e-05,1718.4,9.7,-9.7,9.3599,0.0485,-0.0485,10.47,1.1,-0.8,2.595,0.273,-0.198,4877.0,63.0,-53.0,3.645,0.06,-0.066,13.781,290.32733,42.898281,KEPLER_CONFIRMED,7277317,1
7285757,K03271.01,Kepler-1986 b,CONFIRMED,19.5489666,0.0001396,-0.0001396,523.8,49.7,-49.7,1.78,0.181,-0.181,1.89,0.35,-0.15,0.732,0.137,-0.059,5549.0,163.0,-163.0,4.6,0.045,-0.113,15.717,292.95819,42.854889,KEPLER_CONFIRMED,7285757,1
7286173,K01862.01,Kepler-986 b,CONFIRMED,56.4349933,0.0001488,-0.0001488,580.0,14.0,-14.0,4.7381,0.0712,-0.0712,2.37,0.32,-0.28,1.001,0.134,-0.12,5534.0,110.0,,4.381,0.121,-0.099,13.668,293.09399,42.896431,KEPLER_CONFIRMED,7286173,1
7286911,K02180.01,Kepler-1133 b,CONFIRMED,11.55562042,3.102e-05,-3.102e-05,441.5,22.7,-22.7,1.6758,0.0649,-0.0649,2.11,0.25,-0.09,0.85,0.101,-0.034,5420.0,73.0,-81.0,4.555,0.019,-0.097,14.816,293.32242,42.86747,KEPLER_CONFIRMED,7286911,1
7287415,K01369.01,Kepler-1745 b,CONFIRMED,3.016182013,9.751e-06,-9.751e-06,222.5,8.1,-8.1,2.8349,0.0793,-0.0793,2.25,0.37,-0.45,1.4,0.231,-0.283,5611.0,84.0,-75.0,4.144,0.195,-0.105,14.878,293.46902,42.822411,KEPLER_CONFIRMED,7287415,1
7287995,K00877.02,Kepler-81 c,CONFIRMED,12.03987488,1.825e-05,-1.825e-05,1250.6,23.5,-23.5,2.7363,0.0411,-0.0411,2.18,0.09,-0.1,0.633,0.026,-0.029,4261.0,85.0,-85.0,4.641,0.027,-0.02,15.019,293.63696,42.82497,KEPLER_CONFIRMED,7287995,1
7288306,K03443.01,Kepler-1503 b,CONFIRMED,96.169569,0.001086,-0.001086,894.5,52.0,-52.0,7.496,0.275,-0.275,2.07,0.33,-0.14,0.702,0.112,-0.048,5340.0,160.0,-160.0,4.633,0.036,-0.09,15.796,293.72717,42.806759,KEPLER_CONFIRMED,7288306,1
7288444,K03482.01,Kepler-1924 b,CONFIRMED,15.3317719,0.0002039,-0.0002039,179.2,15.6,-15.6,5.467,0.307,-0.307,1.91,0.32,-0.35,1.285,0.215,-0.236,5726.0,86.0,-78.0,4.228,0.162,-0.108,15.098,293.7674,42.829208,KEPLER_CONFIRMED,7288444,1
7289317,K02450.01,Kepler-1243 b,CONFIRMED,16.83203175,8.532e-05,-8.532e-05,326.0,16.1,-16.1,4.031,0.129,-0.129,1.86,0.25,-0.18,1.008,0.137,-0.099,5518.0,74.0,-83.0,4.4,0.1,-0.1,14.834,294.00946,42.880772,KEPLER_CONFIRMED,7289317,1
7289577,K01974.01,Kepler-1780 b,CONFIRMED,109.4450597,0.000434,-0.000434,1269.6,48.5,-48.5,3.792,0.108,-0.108,3.04,0.28,-0.2,0.868,0.08,-0.058,5403.0,107.0,-107.0,4.5,0.058,-0.071,14.937,294.08392,42.809589,KEPLER_CONFIRMED,7289577,1
7295235,K00987.01,Kepler-743 b,CONFIRMED,3.179267286,3.255e-06,-3.255e-06,200.9,6.0,-6.0,1.0246,0.0287,-0.0287,1.21,0.14,-0.06,0.857,0.101,-0.04,5511.0,98.0,-120.0,4.554,0.018,-0.102,12.55,295.57416,42.806438,KEPLER_CONFIRMED,7295235,1
7303253,K00878.01,Kepler-711 b,CONFIRMED,23.58917143,5.786e-05,-5.786e-05,1200.7,27.4,-27.4,5.073,0.325,-0.325,3.16,0.3,-0.33,0.721,0.069,-0.075,4919.0,146.0,-146.0,4.566,0.072,-0.048,15.316,297.46002,42.83992,KEPLER_CONFIRMED,7303253,1
7303287,K01353.02,Kepler-289 b,CONFIRMED,34.5439452,0.0001552,-0.0001552,429.8,20.3,-20.3,3.482,0.111,-0.111,2.67,0.42,-0.34,1.115,0.174,-0.142,5933.0,107.0,-119.0,4.342,0.115,-0.115,13.956,297.46533,42.882839,KEPLER_CONFIRMED,7303287,1
7304449,K01702.01,Kepler-1650 b,CONFIRMED,1.538180949,1.615e-06,-1.615e-06,841.0,22.4,-22.4,1.2635,0.0538,-0.0538,1.0,0.23,-0.18,0.274,0.062,-0.05,3364.0,74.0,-67.0,4.978,0.07,-0.07,15.722,297.72925,42.86692,KEPLER_CONFIRMED,7304449,1
7347246,K03014.01,Kepler-1411 b,CONFIRMED,86.1160885,0.0009081,-0.0009081,875.2,55.4,-55.4,6.058,0.2,-0.2,3.11,1.06,-0.35,1.053,0.357,-0.119,6161.0,193.0,-236.0,4.454,0.054,-0.216,15.831,286.36157,42.963921,KEPLER_CONFIRMED,7347246,1
7350067,K06863.01,Kepler-1646 b,CONFIRMED,4.48559215,1.142e-05,-1.142e-05,2265.0,203.0,-203.0,0.8161,0.0857,-0.0857,0.95,0.16,-0.12,0.193,0.034,-0.025,3236.0,41.0,-25.0,5.097,0.055,-0.05,15.737,287.5264,42.912899,KEPLER_CONFIRMED,7350067,1
7364176,K00373.01,Kepler-1718 b,CONFIRMED,135.1879934,0.000317,-0.000317,663.4,8.9,-8.9,8.8191,0.0656,-0.0656,2.32,0.31,-0.2,0.906,0.119,-0.08,5731.0,103.0,-115.0,4.451,0.095,-0.095,12.765,292.23492,42.909458,KEPLER_CONFIRMED,7364176,1
7366258,K00880.02,Kepler-82 c,CONFIRMED,51.53997972,5.613e-05,-5.613e-05,3644.3,23.9,-23.9,6.3994,0.0438,-0.0438,5.51,0.62,-0.41,0.929,0.104,-0.069,5427.0,108.0,-108.0,4.463,0.064,-0.088,15.158,292.87338,42.966141,KEPLER_CONFIRMED,7366258,1
7368664,K00614.01,Kepler-434 b,CONFIRMED,12.874712426,4.38e-06,-4.38e-06,3860.7,29.9,-29.9,2.2491,0.0234,-0.0234,11.26,1.97,-1.97,1.424,0.249,-0.249,5963.0,80.0,-80.0,4.218,0.143,-0.117,14.517,293.58636,42.928909,KEPLER_CONFIRMED,7368664,1
7373451,K00881.02,Kepler-712 c,CONFIRMED,226.8904775,0.0009057,-0.0009057,3136.4,69.4,-69.4,7.558,0.193,-0.193,4.53,0.32,-0.2,0.75,0.052,-0.033,5067.0,102.0,-102.0,4.585,0.024,-0.048,15.859,294.90973,42.935261,KEPLER_CONFIRMED,7373451,1
7375348,K00266.01,Kepler-508 b,CONFIRMED,25.30893566,6.707e-05,-6.707e-05,153.7,3.2,-3.2,5.7704,0.0711,-0.0711,1.77,0.29,-0.28,1.292,0.209,-0.209,5949.0,106.0,-118.0,4.272,0.12,-0.12,11.472,295.40433,42.981422,KEPLER_CONFIRMED,7375348,1
7376983,K01358.03,Kepler-1987 c,CONFIRMED,3.64830183,1.621e-05,-1.621e-05,371.7,21.0,-21.0,1.9985,0.0929,-0.0929,1.33,0.12,-0.09,0.714,0.068,-0.049,4769.0,172.0,-172.0,4.622,0.024,-0.06,15.505,295.8255,42.94339,KEPLER_CONFIRMED,7376983,1
7382313,K02392.01,Kepler-1220 b,CONFIRMED,7.42697378,5.316e-05,-5.316e-05,205.2,15.7,-15.7,3.206,0.209,-0.209,1.4,0.19,-0.11,0.982,0.129,-0.08,5573.0,75.0,-83.0,4.434,0.066,-0.114,14.985,297.07037,42.977741,KEPLER_CONFIRMED,7382313,1
7386827,K01704.01,Kepler-1765 b,CONFIRMED,10.4188915,2.388e-05,-2.388e-05,670.0,18.5,-18.5,3.0069,0.0485,-0.0485,3.17,0.93,-0.57,1.064,0.311,-0.191,5692.0,173.0,-173.0,4.36,0.132,-0.198,14.86,298.01443,42.957458,KEPLER_CONFIRMED,7386827,1
7419318,K00313.02,Kepler-137 b,CONFIRMED,8.43639829,1.086e-05,-1.086e-05,345.5,5.1,-5.1,3.2451,0.0345,-0.0345,1.5,0.1,-0.08,0.795,0.053,-0.043,5188.0,103.0,-103.0,4.547,0.04,-0.05,12.99,282.13553,43.039101,KEPLER_CONFIRMED,7419318,1
7427764,K04364.01,Kepler-1595 b,CONFIRMED,4.56383697,4.582e-05,-4.582e-05,201.8,23.7,-23.7,2.271,0.227,-0.227,1.22,0.24,-0.13,0.861,0.168,-0.09,5408.0,160.0,-160.0,4.496,0.07,-0.13,15.448,285.72272,43.00948,KEPLER_CONFIRMED,7427764,1
7428736,K02827.01,Kepler-1358 b,CONFIRMED,7.06321927,4.761e-05,-4.761e-05,207.2,19.3,-19.3,2.411,0.166,-0.166,1.21,0.19,-0.16,0.818,0.13,-0.106,5305.0,159.0,-159.0,4.489,0.108,-0.132,14.572,286.17053,43.008911,KEPLER_CONFIRMED,7428736,1
7429240,K04450.01,Kepler-1606 b,CONFIRMED,196.436796,0.002543,-0.002543,631.9,50.9,-50.9,8.556,0.371,-0.371,2.33,0.28,-0.19,0.946,0.115,-0.077,5462.0,82.0,-82.0,4.452,0.072,-0.096,15.139,286.37827,43.07325,KEPLER_CONFIRMED,7429240,1
7430034,K01848.01,Kepler-978 b,CONFIRMED,49.6220669,0.0002049,-0.0002049,505.5,11.6,-11.6,7.222,0.264,-0.264,3.33,0.55,-0.34,1.184,0.193,-0.123,5938.0,71.0,-83.0,4.331,0.095,-0.116,13.429,286.71072,43.043449,KEPLER_CONFIRMED,7430034,1
7434875,K00884.01,Kepler-247 c,CONFIRMED,9.439459486,4.991e-06,-4.991e-06,3036.1,18.8,-18.8,2.8979,0.0188,-0.0188,4.16,0.5,-0.28,0.779,0.093,-0.053,5097.0,152.0,-152.0,4.597,0.025,-0.085,15.067,288.64252,43.039291,KEPLER_CONFIRMED,7434875,1
7439316,K01501.01,Kepler-866 b,CONFIRMED,2.617028373,6.592e-06,-6.592e-06,499.4,19.0,-19.0,2.046,0.0658,-0.0658,1.57,0.12,-0.15,0.724,0.056,-0.068,4831.0,146.0,-146.0,4.568,0.065,-0.035,15.835,290.12231,43.08556,KEPLER_CONFIRMED,7439316,1
7440748,K00457.02,Kepler-161 c,CONFIRMED,7.064252021,7.066e-06,-7.066e-06,728.9,16.2,-16.2,1.3867,0.0291,-0.0291,2.37,0.15,-0.13,0.799,0.051,-0.043,5076.0,101.0,-101.0,4.55,0.036,-0.05,14.196,290.51648,43.08382,KEPLER_CONFIRMED,7440748,1
7445445,K00567.01,Kepler-184 b,CONFIRMED,10.68758211,1.413e-05,-1.413e-05,777.7,10.8,-10.8,3.3812,0.0415,-0.0415,2.64,0.69,-0.29,0.848,0.221,-0.095,5788.0,155.0,-155.0,4.524,0.06,-0.18,14.338,291.9519,43.074711,KEPLER_CONFIRMED,7445445,1
7447200,K00676.02,Kepler-210 b,CONFIRMED,2.453236139,9.91e-07,-9.91e-07,1723.2,12.9,-12.9,1.6691,0.0186,-0.0186,2.26,0.14,-0.14,0.533,0.032,-0.035,3912.0,78.0,-86.0,4.728,0.03,-0.033,13.822,292.50339,43.083149,KEPLER_CONFIRMED,7447200,1
7449136,K01890.01,Kepler-1002 b,CONFIRMED,4.33643506,1.148e-05,-1.148e-05,108.5,2.6,-2.6,4.1445,0.0568,-0.0568,1.75,0.07,-0.09,1.603,0.057,-0.082,6180.0,74.0,-80.0,4.133,0.015,-0.015,11.704,293.0795,43.073711,KEPLER_CONFIRMED,7449136,1
7449541,K02063.01,Kepler-1078 b,CONFIRMED,3.00725068,1.144e-05,-1.144e-05,285.8,10.9,-10.9,4.4302,0.0837,-0.0837,1.56,0.34,-0.12,0.781,0.169,-0.061,5667.0,169.0,-152.0,4.587,0.038,-0.142,15.62,293.20059,43.050041,KEPLER_CONFIRMED,7449541,1
7450747,K04267.01,Kepler-1949 b,CONFIRMED,2.20829637,1.798e-05,-1.798e-05,87.9,8.3,-8.3,2.841,0.222,-0.222,1.36,0.24,-0.25,1.454,0.251,-0.276,6028.0,81.0,-81.0,4.189,0.149,-0.122,15.201,293.5423,43.0261,KEPLER_CONFIRMED,7450747,1
7455287,K00886.03,Kepler-54 d,CONFIRMED,20.99587872,7.662e-05,-7.662e-05,767.3,42.9,-42.9,2.6333,0.0866,-0.0866,1.3,0.1,-0.15,0.47,0.036,-0.054,3713.0,74.0,-92.0,4.779,0.063,-0.031,15.847,294.77393,43.056301,KEPLER_CONFIRMED,7455287,1
7455981,K03096.01,Kepler-1425 b,CONFIRMED,14.4540329,0.0001784,-0.0001784,79.7,5.6,-5.6,7.183,0.434,-0.434,0.72,0.13,-0.09,0.79,0.136,-0.099,5559.0,165.0,-148.0,4.496,0.12,-0.12,13.572,294.95102,43.012428,KEPLER_CONFIRMED,7455981,1
7456001,K01517.01,Kepler-874 b,CONFIRMED,40.0686713,0.0001018,-0.0001018,970.9,18.0,-18.0,5.8875,0.0665,-0.0665,3.1,0.85,-0.46,0.992,0.274,-0.147,6026.0,182.0,-182.0,4.411,0.105,-0.195,14.683,294.95685,43.014332,KEPLER_CONFIRMED,7456001,1
7457296,K02213.01,Kepler-1145 b,CONFIRMED,3.97076603,1.113e-05,-1.113e-05,349.2,17.3,-17.3,1.814,0.07,-0.07,1.6,0.19,-0.18,0.778,0.088,-0.088,5178.0,153.0,-153.0,4.521,0.085,-0.076,15.443,295.30817,43.044411,KEPLER_CONFIRMED,7457296,1
7458762,K00887.01,Kepler-713 b,CONFIRMED,7.41113177,1.357e-05,-1.357e-05,620.5,14.3,-14.3,2.5242,0.0492,-0.0492,2.45,0.77,-0.25,0.919,0.289,-0.096,5849.0,157.0,-192.0,4.517,0.039,-0.208,15.031,295.65149,43.029831,KEPLER_CONFIRMED,7458762,1
7463685,K02890.01,Kepler-1884 b,CONFIRMED,8.98826122,9.232e-05,-9.232e-05,160.8,12.6,-12.6,4.96,0.209,-0.209,1.39,0.43,-0.14,0.906,0.279,-0.093,5984.0,188.0,-188.0,4.521,0.039,-0.221,15.257,296.74643,43.045441,KEPLER_CONFIRMED,7463685,1
7503885,K03417.01,Kepler-1494 b,CONFIRMED,91.078624,0.001406,-0.001406,738.6,38.7,-38.7,10.304,0.288,-0.288,3.26,1.03,-0.44,1.008,0.319,-0.137,5915.0,184.0,-205.0,4.437,0.072,-0.203,15.214,282.65741,43.162521,KEPLER_CONFIRMED,7503885,1
7504778,K02316.01,Kepler-1188 b,CONFIRMED,17.1369408,0.0001314,-0.0001314,362.1,16.2,-16.2,6.416,0.157,-0.157,2.05,0.69,-0.24,1.077,0.358,-0.128,6218.0,172.0,-216.0,4.421,0.058,-0.217,15.004,283.10385,43.148041,KEPLER_CONFIRMED,7504778,1
7509886,K00678.02,Kepler-211 b,CONFIRMED,4.13852825,1.756e-05,-1.756e-05,256.5,14.6,-14.6,2.281,0.105,-0.105,1.3,0.1,-0.06,0.825,0.068,-0.034,5297.0,95.0,-116.0,4.578,0.014,-0.081,13.283,285.43915,43.16848,KEPLER_CONFIRMED,7509886,1
7510820,K03303.01,Kepler-1461 b,CONFIRMED,29.3493852,0.0001755,-0.0001755,659.2,36.6,-36.6,4.313,0.156,-0.156,2.02,0.22,-0.16,0.722,0.079,-0.058,4987.0,151.0,-136.0,4.613,0.032,-0.063,15.689,285.83047,43.198391,KEPLER_CONFIRMED,7510820,1
7512982,K01480.01,Kepler-859 b,CONFIRMED,20.38174802,5.239e-05,-5.239e-05,1597.1,36.7,-36.7,3.7922,0.0692,-0.0692,3.16,0.11,-0.22,0.808,0.028,-0.055,4883.0,77.0,-87.0,4.515,0.064,-0.02,15.887,286.74188,43.190102,KEPLER_CONFIRMED,7512982,1
7515212,K00679.01,Kepler-212 c,CONFIRMED,31.80475991,9.045e-05,-9.045e-05,360.6,5.2,-5.2,8.699,0.122,-0.122,2.99,0.47,-0.57,1.356,0.212,-0.259,5867.0,104.0,-128.0,4.235,0.143,-0.117,13.178,287.62082,43.141647,KEPLER_CONFIRMED,7515212,1
7515679,K03728.01,Kepler-1517 b,CONFIRMED,5.546083089,8.258e-06,-8.258e-06,2211.0,45.5,-45.5,2.717,0.11,-0.11,22.27,2.2,-12.5,4.037,0.4,-2.266,7358.0,203.0,-330.0,3.538,0.58,-0.061,12.252,287.80722,43.188782,KEPLER_CONFIRMED,7515679,1
7515762,K02524.01,Kepler-1268 b,CONFIRMED,40.9905002,0.0004401,-0.0004401,297.3,22.1,-22.1,7.336,0.249,-0.249,2.41,0.42,-0.46,1.41,0.246,-0.27,5842.0,79.0,-70.0,4.17,0.176,-0.095,15.272,287.83847,43.153229,KEPLER_CONFIRMED,7515762,1
7517261,K03496.01,Kepler-1511 b,CONFIRMED,23.2385587,0.0004483,-0.0004483,161.2,11.2,-11.2,8.432,0.374,-0.374,2.18,0.64,-0.57,1.685,0.494,-0.444,6602.0,181.0,-250.0,4.108,0.22,-0.18,13.932,288.4212,43.179794,KEPLER_CONFIRMED,7517261,1
7522911,K01705.01,Kepler-1670 b,CONFIRMED,20.4998763,0.0001716,-0.0001716,437.8,22.8,-22.8,6.501,0.142,-0.142,2.8,0.92,-0.31,1.076,0.353,-0.118,6249.0,174.0,-217.0,4.428,0.067,-0.202,15.442,290.32651,43.12183,KEPLER_CONFIRMED,7522911,1
7529266,K00680.01,Kepler-435 b,CONFIRMED,8.600153929,1.532e-06,-1.532e-06,4510.2,4.8,-4.8,9.0015,0.0166,-0.0166,26.52,3.6,-9.36,3.913,0.531,-1.381,6093.0,82.0,-82.0,3.475,0.285,-0.095,13.643,292.28732,43.197281,KEPLER_CONFIRMED,7529266,1
7532973,K01450.01,Kepler-854 b,CONFIRMED,2.144632238,1.266e-06,-1.266e-06,19836.9,76.9,-76.9,6.2701,0.0362,-0.0362,59.19,17.96,-11.97,1.305,0.396,-0.264,6296.0,175.0,-219.0,4.24,0.18,-0.18,13.48,293.35129,43.13464,KEPLER_CONFIRMED,7532973,1
7534267,K03147.01,Kepler-1441 b,CONFIRMED,39.4420781,0.0007063,-0.0007063,172.4,13.4,-13.4,7.029,0.422,-0.422,2.51,0.4,-0.62,1.902,0.309,-0.464,5430.0,81.0,-73.0,3.923,0.188,-0.101,14.268,293.71912,43.124592,KEPLER_CONFIRMED,7534267,1
7542813,K02302.01,Kepler-1180 b,CONFIRMED,16.8600805,0.00013,-0.00013,273.4,14.0,-14.0,5.557,0.174,-0.174,1.71,0.47,-0.24,0.973,0.268,-0.134,6205.0,197.0,-219.0,4.419,0.101,-0.188,14.989,295.88751,43.156059,KEPLER_CONFIRMED,7542813,1
7549209,K01518.01,Kepler-875 b,CONFIRMED,27.5071114,0.0001724,-0.0001724,580.7,21.4,-21.4,5.907,0.157,-0.157,2.58,0.81,-0.26,0.88,0.278,-0.087,5783.0,157.0,-175.0,4.539,0.037,-0.212,15.219,297.3013,43.141891,KEPLER_CONFIRMED,7549209,1
7582689,K03097.02,Kepler-431 b,CONFIRMED,6.80257947,6.099e-05,-6.099e-05,32.7,2.4,-2.4,4.608,0.219,-0.219,0.73,0.12,-0.05,1.082,0.178,-0.076,6006.0,72.0,-84.0,4.403,0.054,-0.117,11.973,281.11234,43.227791,KEPLER_CONFIRMED,7582689,1
7584650,K02631.01,Kepler-1863 b,CONFIRMED,44.9977604,0.0005173,-0.0005173,170.2,8.3,-8.3,9.686,0.193,-0.193,1.59,0.23,-0.08,0.983,0.143,-0.045,5871.0,70.0,-88.0,4.493,0.019,-0.11,13.468,282.23969,43.244049,KEPLER_CONFIRMED,7584650,1
7585481,K00890.01,Kepler-714 b,CONFIRMED,8.09888906,2.181e-06,-2.181e-06,6911.1,18.0,-18.0,4.20241,0.00982,-0.00982,8.95,2.94,-0.98,1.076,0.353,-0.118,6214.0,174.0,-217.0,4.442,0.054,-0.216,15.261,282.69952,43.272739,KEPLER_CONFIRMED,7585481,1
7595157,K00568.01,Kepler-605 b,CONFIRMED,3.383540239,5.352e-06,-5.352e-06,255.7,8.5,-8.5,1.403,0.046,-0.046,1.65,0.21,-0.21,0.986,0.124,-0.124,5300.0,87.0,-71.0,4.385,0.132,-0.088,14.14,287.29544,43.279869,KEPLER_CONFIRMED,7595157,1
7596240,K04295.01,Kepler-1584 b,CONFIRMED,13.3997555,0.0001208,-0.0001208,167.3,14.1,-14.1,3.534,0.188,-0.188,1.51,0.46,-0.18,1.15,0.35,-0.14,6401.0,153.0,-211.0,4.389,0.062,-0.188,14.924,287.7627,43.274429,KEPLER_CONFIRMED,7596240,1
7603200,K00314.01,Kepler-138 c,CONFIRMED,13.78109471,1.027e-05,-1.027e-05,756.0,7.8,-7.8,2.3188,0.0267,-0.0267,1.42,0.09,-0.13,0.503,0.032,-0.048,3846.0,77.0,-84.0,4.738,0.052,-0.024,12.925,290.3815,43.292988,KEPLER_CONFIRMED,7603200,1
7604328,K02458.02,Kepler-1245 c,CONFIRMED,2.936587946,9.202e-06,-9.202e-06,279.6,15.6,-15.6,1.8952,0.0773,-0.0773,1.77,0.41,-0.28,0.909,0.213,-0.142,5455.0,162.0,-162.0,4.421,0.149,-0.198,15.404,290.74432,43.26078,KEPLER_CONFIRMED,7604328,1
7605093,K02817.01,Kepler-1356 b,CONFIRMED,0.634003002,1.22e-06,-1.22e-06,316.9,19.8,-19.8,0.9207,0.06,-0.06,1.35,0.2,-0.11,0.75,0.112,-0.06,5226.0,190.0,-190.0,4.606,0.036,-0.09,15.76,290.99536,43.243938,KEPLER_CONFIRMED,7605093,1
7609553,K02924.01,Kepler-1387 b,CONFIRMED,2.279523364,8.536e-06,-8.536e-06,126.8,9.0,-9.0,1.6202,0.0978,-0.0978,0.87,0.09,-0.09,0.797,0.079,-0.087,5017.0,151.0,-136.0,4.516,0.075,-0.067,14.589,292.4404,43.209431,KEPLER_CONFIRMED,7609553,1
7610663,K04160.01,Kepler-1560 b,CONFIRMED,3.03196812,1.415e-05,-1.415e-05,81.5,6.6,-6.6,1.723,0.14,-0.14,0.9,0.25,-0.14,0.993,0.278,-0.149,5755.0,154.0,-154.0,4.402,0.124,-0.186,13.421,292.78461,43.215981,KEPLER_CONFIRMED,7610663,1
7620413,K02103.01,Kepler-1098 b,CONFIRMED,2.543063763,9.212e-06,-9.212e-06,152.0,6.4,-6.4,2.8473,0.092,-0.092,1.26,0.18,-0.14,1.029,0.152,-0.114,5579.0,75.0,-75.0,4.389,0.105,-0.105,14.736,295.50269,43.232792,KEPLER_CONFIRMED,7620413,1
7626370,K01706.01,Kepler-932 b,CONFIRMED,1.921437488,2.196e-06,-2.196e-06,278.7,5.8,-5.8,1.9046,0.0285,-0.0285,1.77,0.41,-0.24,0.851,0.197,-0.112,5238.0,158.0,-142.0,4.472,0.117,-0.273,14.131,296.95206,43.271969,KEPLER_CONFIRMED,7626370,1
7626506,K00150.01,Kepler-112 b,CONFIRMED,8.408878137,6.128e-06,-6.128e-06,798.9,6.1,-6.1,3.4967,0.0196,-0.0196,2.28,0.19,-0.2,0.812,0.07,-0.07,5551.0,111.0,-111.0,4.508,0.077,-0.063,13.771,296.98102,43.209751,KEPLER_CONFIRMED,7626506,1
7629518,K01495.01,Kepler-863 b,CONFIRMED,15.59466045,4.228e-05,-4.228e-05,867.7,20.2,-20.2,5.0478,0.0699,-0.0699,2.74,0.88,-0.29,0.929,0.297,-0.099,5900.0,176.0,-193.0,4.5,0.052,-0.208,15.43,297.66452,43.248959,KEPLER_CONFIRMED,7629518,1
7659389,K02734.01,Kepler-1872 b,CONFIRMED,3.8259005,1.323e-05,-1.323e-05,857.2,50.8,-50.8,1.8057,0.0748,-0.0748,3.45,0.58,-0.31,0.885,0.147,-0.079,5223.0,183.0,-183.0,4.505,0.054,-0.117,15.768,281.04916,43.322601,KEPLER_CONFIRMED,7659389,1
7663405,K01519.01,Kepler-876 b,CONFIRMED,5.1443645,2.237e-05,-2.237e-05,310.7,17.6,-17.6,2.703,0.107,-0.107,1.55,0.11,-0.15,0.904,0.064,-0.088,5157.0,77.0,-84.0,4.445,0.091,-0.049,15.369,283.47818,43.383781,KEPLER_CONFIRMED,7663405,1
7663691,K00891.01,Kepler-715 b,CONFIRMED,10.00653012,2.001e-05,-2.001e-05,936.1,14.7,-14.7,5.344,0.114,-0.114,3.52,1.11,-0.38,1.001,0.318,-0.106,6063.0,181.0,-217.0,4.47,0.052,-0.208,15.063,283.63077,43.379398,KEPLER_CONFIRMED,7663691,1
7668663,K01898.01,Kepler-1005 b,CONFIRMED,6.4980147,1.408e-05,-1.408e-05,190.9,5.4,-5.4,2.4384,0.0353,-0.0353,1.87,0.27,-0.28,1.104,0.164,-0.164,5727.0,104.0,-115.0,4.328,0.137,-0.112,13.25,286.28601,43.320461,KEPLER_CONFIRMED,7668663,1
7670943,K00269.01,Kepler-1713 b,CONFIRMED,18.01164974,5.122e-05,-5.122e-05,107.8,2.1,-2.1,6.7367,0.0596,-0.0596,1.83,0.07,-0.11,1.459,0.058,-0.086,6477.0,103.0,-116.0,4.224,0.033,-0.027,10.927,287.34573,43.378391,KEPLER_CONFIRMED,7670943,1
7672097,K02255.01,Kepler-1160 b,CONFIRMED,7.97033985,3.502e-05,-3.502e-05,490.8,23.8,-23.8,2.6675,0.0988,-0.0988,1.81,0.44,-0.15,0.818,0.199,-0.066,5774.0,155.0,-172.0,4.567,0.042,-0.158,15.833,287.87939,43.364071,KEPLER_CONFIRMED,7672097,1
7673192,K02722.02,Kepler-402 e,CONFIRMED,11.24284815,7.649e-05,-7.649e-05,136.0,8.3,-8.3,4.241,0.156,-0.156,1.44,0.25,-0.22,1.202,0.208,-0.189,6052.0,121.0,-133.0,4.285,0.137,-0.112,13.268,288.37024,43.35461,KEPLER_CONFIRMED,7673192,1
7673841,K02585.01,Kepler-392 b,CONFIRMED,5.34182466,4.112e-05,-4.112e-05,70.5,4.1,-4.1,3.577,0.163,-0.163,0.95,0.14,-0.17,1.135,0.165,-0.202,5767.0,115.0,-104.0,4.287,0.162,-0.108,13.455,288.66077,43.36808,KEPLER_CONFIRMED,7673841,1
7676423,K03113.01,Kepler-1430 b,CONFIRMED,2.46050095,1.172e-05,-1.172e-05,276.8,20.1,-20.1,1.861,0.126,-0.126,1.03,0.09,-0.09,0.634,0.056,-0.056,4811.0,174.0,-174.0,4.626,0.058,-0.036,15.245,289.69748,43.372089,KEPLER_CONFIRMED,7676423,1
7678434,K00892.01,Kepler-716 b,CONFIRMED,10.37168928,1.477e-05,-1.477e-05,1254.9,21.2,-21.2,3.035,0.0456,-0.0456,3.2,0.18,-0.28,0.888,0.049,-0.077,5121.0,76.0,-84.0,4.457,0.091,-0.039,15.193,290.39322,43.363899,KEPLER_CONFIRMED,7678434,1
7679812,K03943.01,Kepler-1931 b,CONFIRMED,38.5763483,0.0002012,-0.0002012,282.1,4.2,-4.2,19.861,0.114,-0.114,2.05,0.36,-0.22,1.221,0.217,-0.133,6167.0,111.0,-136.0,4.333,0.076,-0.123,12.626,290.87228,43.333,KEPLER_CONFIRMED,7679812,1
7685981,K00893.01,Kepler-717 b,CONFIRMED,4.40841331,1.408e-05,-1.408e-05,549.4,13.4,-13.4,5.012,0.106,-0.106,2.66,0.79,-0.33,0.961,0.285,-0.122,6007.0,189.0,-189.0,4.457,0.081,-0.202,15.662,292.96555,43.34639,KEPLER_CONFIRMED,7685981,1
7690844,K01508.01,Kepler-871 b,CONFIRMED,22.0459163,0.0001114,-0.0001114,804.8,29.8,-29.8,5.22,0.118,-0.118,3.05,0.76,-0.27,0.951,0.236,-0.084,5900.0,176.0,-193.0,4.509,0.042,-0.178,15.689,294.52713,43.36816,KEPLER_CONFIRMED,7690844,1
7691260,K01528.01,Kepler-882 b,CONFIRMED,3.989544192,9.764e-06,-9.764e-06,190.0,8.7,-8.7,1.591,0.068,-0.068,0.93,0.14,-0.06,0.688,0.099,-0.046,5229.0,140.0,-155.0,4.643,0.03,-0.084,14.083,294.6499,43.33559,KEPLER_CONFIRMED,7691260,1
7700622,K00315.01,Kepler-1716 b,CONFIRMED,35.58349688,4.626e-05,-4.626e-05,937.6,11.8,-11.8,3.9885,0.0372,-0.0372,2.03,0.12,-0.09,0.684,0.041,-0.031,4894.0,97.0,-97.0,4.637,0.015,-0.042,12.968,297.27188,43.333309,KEPLER_CONFIRMED,7700622,1
7703882,K04403.01,Kepler-1954 b,CONFIRMED,5.88350251,6.528e-05,-6.528e-05,217.7,22.2,-22.2,2.556,0.222,-0.222,1.27,0.37,-0.12,0.849,0.254,-0.079,5840.0,174.0,-174.0,4.553,0.036,-0.204,15.741,298.00293,43.35461,KEPLER_CONFIRMED,7703882,1
7703955,K01707.02,Kepler-315 c,CONFIRMED,265.47847,0.005202,-0.005202,1040.7,66.6,-66.6,10.28,1.2,-1.2,4.2,0.57,-0.57,1.005,0.136,-0.136,5792.0,104.0,-104.0,4.375,0.126,-0.103,15.321,298.0231,43.363522,KEPLER_CONFIRMED,7703955,1
7731281,K05416.01,Kepler-1628 b,CONFIRMED,76.377855,0.001825,-0.001825,11004.0,320.0,-320.0,4.809,0.163,-0.163,6.28,0.4,-0.8,0.584,0.037,-0.074,3869.0,133.0,-147.0,4.674,0.068,-0.023,16.595,281.6337,43.411579,KEPLER_CONFIRMED,7731281,1
7742408,K03478.01,Kepler-1697 b,CONFIRMED,33.4969115,0.0004098,-0.0004098,163.5,14.6,-14.6,4.833,0.227,-0.227,2.97,1.64,-1.47,1.688,0.931,-0.838,4928.0,148.0,-133.0,3.966,0.598,-0.322,13.354,287.66339,43.471451,KEPLER_CONFIRMED,7742408,1
7747425,K01952.02,Kepler-341 d,CONFIRMED,27.6666375,0.0002049,-0.0002049,324.0,13.7,-13.7,6.315,0.167,-0.167,2.04,0.3,-0.29,1.111,0.16,-0.16,5616.0,76.0,-76.0,4.327,0.132,-0.108,14.601,289.86157,43.472771,KEPLER_CONFIRMED,7747425,1
7747457,K04561.01,Kepler-1613 b,CONFIRMED,1.5184181,0.0002121,-0.0002121,196.8,14.7,-14.7,2.842,0.218,-0.218,1.85,0.56,-0.37,1.269,0.384,-0.256,6302.0,197.0,-241.0,4.259,0.158,-0.193,14.118,289.87506,43.420959,KEPLER_CONFIRMED,7747457,1
7749773,K02848.01,Kepler-1882 b,CONFIRMED,13.7872627,0.000102,-0.000102,75.1,3.6,-3.6,5.747,0.134,-0.134,1.55,0.29,-0.41,1.458,0.265,-0.383,5691.0,77.0,-77.0,4.139,0.231,-0.116,12.458,290.66412,43.49984,KEPLER_CONFIRMED,7749773,1
7755636,K01921.01,Kepler-1015 b,CONFIRMED,16.00496657,5.331e-05,-5.331e-05,377.5,9.0,-9.0,6.5047,0.0847,-0.0847,3.71,0.76,-1.04,1.904,0.388,-0.534,6384.0,70.0,-89.0,4.029,0.24,-0.129,12.818,292.75732,43.42691,KEPLER_CONFIRMED,7755636,1
7761545,K01472.01,Kepler-857 b,CONFIRMED,85.3514875,0.0001029,-0.0001029,4674.7,36.6,-36.6,6.7504,0.0404,-0.0404,6.31,0.86,-0.36,0.938,0.127,-0.054,5584.0,75.0,-83.0,4.478,0.045,-0.113,15.061,294.63239,43.400471,KEPLER_CONFIRMED,7761545,1
7761918,K01808.01,Kepler-1769 b,CONFIRMED,89.1935737,0.0002301,-0.0002301,868.3,23.2,-23.2,4.0104,0.072,-0.072,3.81,0.69,-0.62,1.295,0.232,-0.211,6071.0,134.0,-134.0,4.239,0.143,-0.117,12.487,294.74332,43.461208,KEPLER_CONFIRMED,7761918,1
7762723,K02663.01,Kepler-1867 b,CONFIRMED,9.88736642,8.5e-05,-8.5e-05,68.0,5.4,-5.4,4.23,0.204,-0.204,0.68,0.17,-0.06,0.816,0.21,-0.07,5693.0,136.0,-153.0,4.57,0.032,-0.179,13.461,294.99725,43.435921,KEPLER_CONFIRMED,7762723,1
7764367,K00685.01,Kepler-644 b,CONFIRMED,3.173914037,4.401e-06,-4.401e-06,303.0,4.6,-4.6,3.6069,0.0351,-0.0351,3.07,1.03,-0.76,1.584,0.527,-0.395,6432.0,177.0,-243.0,4.164,0.18,-0.198,13.949,295.47574,43.493141,KEPLER_CONFIRMED,7764367,1
7765528,K01840.01,Kepler-972 b,CONFIRMED,7.03932913,1.747e-05,-1.747e-05,836.7,27.0,-27.0,3.514,0.226,-0.226,4.67,0.8,-0.73,1.24,0.213,-0.194,5846.0,79.0,-79.0,4.278,0.132,-0.108,14.915,295.8287,43.425491,KEPLER_CONFIRMED,7765528,1
7767162,K02869.01,Kepler-1375 b,CONFIRMED,3.30040818,2.21e-05,-2.21e-05,98.8,5.9,-5.9,4.462,0.164,-0.164,1.43,0.26,-0.19,1.438,0.261,-0.19,6333.0,75.0,-82.0,4.229,0.099,-0.121,13.749,296.29355,43.403271,KEPLER_CONFIRMED,7767162,1
7769819,K02778.01,Kepler-1342 b,CONFIRMED,2.21571296,7.627e-06,-7.627e-06,285.1,15.5,-15.5,1.8211,0.0895,-0.0895,1.7,0.36,-0.25,0.901,0.195,-0.13,5417.0,188.0,-169.0,4.447,0.108,-0.162,15.392,297.02008,43.432549,KEPLER_CONFIRMED,7769819,1
7778437,K00131.01,Kepler-471 b,CONFIRMED,5.014234733,8.59e-07,-8.59e-07,6536.0,9.5,-9.5,4.589,0.00525,-0.00525,10.63,3.57,-1.53,1.307,0.439,-0.188,6490.0,155.0,-232.0,4.32,0.067,-0.202,13.797,299.09753,43.497589,KEPLER_CONFIRMED,7778437,1
7778621,K04725.01,Kepler-1967 b,CONFIRMED,7.28171395,2.914e-05,-2.914e-05,111.6,9.3,-9.3,1.723,0.11,-0.11,2.59,1.47,-1.46,1.806,1.02,-1.02,4970.0,164.0,-134.0,3.924,0.624,-0.336,13.367,299.13779,43.498638,KEPLER_CONFIRMED,7778621,1
7778767,K02523.01,Kepler-1267 b,CONFIRMED,13.0313583,0.0001042,-0.0001042,573.3,31.8,-31.8,4.521,0.16,-0.16,2.88,0.43,-0.4,1.071,0.163,-0.148,5514.0,74.0,-74.0,4.345,0.132,-0.108,15.829,299.16953,43.44109,KEPLER_CONFIRMED,7778767,1
7779077,K01842.01,Kepler-1770 b,CONFIRMED,16.84183355,6.239e-05,-6.239e-05,822.1,40.2,-40.2,2.6194,0.0991,-0.0991,3.08,0.82,-0.45,1.009,0.269,-0.145,5602.0,166.0,-150.0,4.404,0.116,-0.188,14.306,299.25031,43.410439,KEPLER_CONFIRMED,7779077,1
7802719,K02247.01,Kepler-1157 b,CONFIRMED,4.45743267,1.71e-05,-1.71e-05,175.7,9.7,-9.7,2.3226,0.0928,-0.0928,0.79,0.06,-0.07,0.612,0.052,-0.052,4487.0,134.0,-134.0,4.644,0.052,-0.028,14.374,283.12103,43.525639,KEPLER_CONFIRMED,7802719,1
7808587,K01533.01,Kepler-886 b,CONFIRMED,6.24145791,2.193e-05,-2.193e-05,163.7,6.2,-6.2,3.0998,0.0738,-0.0738,1.6,0.26,-0.27,1.259,0.207,-0.207,5810.0,79.0,-79.0,4.25,0.156,-0.104,13.939,286.27176,43.59523,KEPLER_CONFIRMED,7808587,1
7810483,K01943.01,Kepler-1676 b,CONFIRMED,29.92208104,6.9e-05,-6.9e-05,345.3,10.7,-10.7,2.7716,0.0571,-0.0571,3.09,0.67,-0.89,1.637,0.354,-0.473,6127.0,186.0,-186.0,4.055,0.252,-0.108,13.377,287.23676,43.567211,KEPLER_CONFIRMED,7810483,1
7815744,K01710.01,Kepler-933 b,CONFIRMED,14.20442616,6.285e-05,-6.285e-05,800.6,33.3,-33.3,3.898,0.104,-0.104,1.9,0.3,-0.12,0.678,0.105,-0.045,5350.0,193.0,-171.0,4.647,0.03,-0.096,15.469,289.56866,43.538609,KEPLER_CONFIRMED,7815744,1
7825899,K00896.01,Kepler-248 c,CONFIRMED,16.23947096,1.575e-05,-1.575e-05,2590.7,22.5,-22.5,4.0374,0.0345,-0.0345,4.14,0.38,-0.15,0.837,0.078,-0.03,5191.0,103.0,-103.0,4.564,0.016,-0.088,15.258,293.0614,43.58136,KEPLER_CONFIRMED,7825899,1
7826620,K04268.01,Kepler-1579 b,CONFIRMED,0.849906734,3.906e-06,-3.906e-06,124.3,13.1,-13.1,1.141,0.115,-0.115,0.59,0.05,-0.06,0.505,0.039,-0.054,4296.0,115.0,-140.0,4.733,0.066,-0.033,15.22,293.28802,43.514992,KEPLER_CONFIRMED,7826620,1
7826659,K02686.01,Kepler-1868 b,CONFIRMED,211.032819,0.0006321,-0.0006321,1953.4,31.5,-31.5,7.119,0.14,-0.14,3.43,0.21,-0.13,0.686,0.042,-0.025,4658.0,93.0,-93.0,4.632,0.015,-0.042,13.855,293.29837,43.55587,KEPLER_CONFIRMED,7826659,1
7831264,K00171.02,Kepler-116 c,CONFIRMED,13.07141889,4.048e-05,-4.048e-05,251.1,8.4,-8.4,3.0946,0.0725,-0.0725,2.47,0.45,-0.44,1.439,0.257,-0.257,6122.0,136.0,-124.0,4.173,0.168,-0.112,13.717,294.74207,43.536831,KEPLER_CONFIRMED,7831264,1
7832356,K01456.01,Kepler-855 b,CONFIRMED,7.886632468,3.478e-06,-3.478e-06,6331.2,18.3,-18.3,5.2147,0.0118,-0.0118,8.99,2.64,-1.76,1.135,0.333,-0.222,5847.0,176.0,-193.0,4.304,0.18,-0.18,15.014,295.095,43.537579,KEPLER_CONFIRMED,7832356,1
7838675,K04169.01,Kepler-1561 b,CONFIRMED,1.005205893,4.985e-06,-4.985e-06,97.5,7.7,-7.7,1.63,0.123,-0.123,0.85,0.23,-0.08,0.863,0.234,-0.078,5718.0,153.0,-170.0,4.549,0.035,-0.184,14.658,296.92361,43.566471,KEPLER_CONFIRMED,7838675,1
7841925,K01499.01,Kepler-865 b,CONFIRMED,14.16400071,2.467e-05,-2.467e-05,728.1,10.8,-10.8,4.3031,0.0479,-0.0479,2.35,0.51,-0.34,0.885,0.193,-0.129,5440.0,162.0,-162.0,4.438,0.144,-0.192,14.48,297.72427,43.527431,KEPLER_CONFIRMED,7841925,1
7849854,K00897.01,Kepler-718 b,CONFIRMED,2.052349884,1.37e-07,-1.37e-07,14280.6,17.9,-17.9,2.0778,0.0109,-0.0109,13.12,2.01,-1.18,1.08,0.166,-0.097,5855.0,70.0,-88.0,4.393,0.076,-0.123,15.257,299.56189,43.503559,KEPLER_CONFIRMED,7849854,1
7869917,K01525.02,Kepler-880 c,CONFIRMED,11.8061737,0.0001518,-0.0001518,88.1,9.4,-9.4,4.472,0.261,-0.261,2.87,0.58,-0.94,2.599,0.523,-0.85,6900.0,184.0,-204.0,3.843,0.259,-0.111,12.082,281.97125,43.672771,KEPLER_CONFIRMED,7869917,1
7870032,K01818.01,Kepler-961 b,CONFIRMED,16.87725775,4.134e-05,-4.134e-05,818.4,21.6,-21.6,3.7917,0.0667,-0.0667,2.54,0.29,-0.15,0.872,0.098,-0.053,5497.0,109.0,-109.0,4.512,0.042,-0.091,14.101,282.03549,43.631271,KEPLER_CONFIRMED,7870032,1
7870390,K00898.02,Kepler-83 d,CONFIRMED,5.169804269,9.036e-06,-9.036e-06,1037.4,27.7,-27.7,2.153,0.0493,-0.0493,1.66,0.11,-0.15,0.509,0.032,-0.046,3906.0,78.0,-86.0,4.73,0.052,-0.024,15.777,282.23251,43.66563,KEPLER_CONFIRMED,7870390,1
7871954,K01515.01,Kepler-303 b,CONFIRMED,1.937029968,2.605e-06,-2.605e-06,312.3,8.6,-8.6,1.4727,0.0362,-0.0362,0.87,0.06,-0.06,0.49,0.03,-0.037,4042.0,72.0,-88.0,4.761,0.038,-0.035,14.39,283.13547,43.657051,KEPLER_CONFIRMED,7871954,1
7877496,K00202.01,Kepler-412 b,CONFIRMED,1.72086129,7.1e-08,-7.1e-08,10184.5,8.1,-8.1,2.0243,0.00533,-0.00533,13.25,0.85,-1.05,1.215,0.078,-0.096,5742.0,115.0,-115.0,4.297,0.055,-0.045,14.309,286.11032,43.680962,KEPLER_CONFIRMED,7877496,1
7877978,K02760.01,Kepler-1874 b,CONFIRMED,56.5732318,0.0003096,-0.0003096,688.5,37.2,-37.2,4.188,0.152,-0.152,2.69,0.08,-0.15,0.775,0.022,-0.044,4701.0,74.0,-84.0,4.54,0.052,-0.016,14.889,286.3718,43.691921,KEPLER_CONFIRMED,7877978,1
7879433,K02527.01,Kepler-1850 b,CONFIRMED,1.385787741,4.397e-06,-4.397e-06,85.4,5.5,-5.5,1.6449,0.0888,-0.0888,0.55,0.03,-0.03,0.6,0.028,-0.031,4239.0,84.0,-84.0,4.667,0.025,-0.022,14.131,287.1427,43.616051,KEPLER_CONFIRMED,7879433,1
7898352,K01486.02,Kepler-302 b,CONFIRMED,30.1837021,0.0001154,-0.0001154,974.9,28.9,-28.9,5.879,0.103,-0.103,3.65,0.57,-0.62,1.183,0.184,-0.202,5733.0,115.0,-104.0,4.281,0.143,-0.104,15.505,294.31699,43.629341,KEPLER_CONFIRMED,7898352,1
7901948,K01511.01,Kepler-872 b,CONFIRMED,2.578852119,5.696e-06,-5.696e-06,334.3,10.6,-10.6,2.3581,0.0555,-0.0555,1.63,0.47,-0.14,0.853,0.246,-0.077,5743.0,154.0,-171.0,4.553,0.035,-0.196,15.106,295.41745,43.60564,KEPLER_CONFIRMED,7901948,1
7907423,K00899.02,Kepler-249 b,CONFIRMED,3.306551643,6.4e-06,-6.4e-06,509.2,15.6,-15.6,1.8177,0.0485,-0.0485,0.91,0.1,-0.13,0.411,0.045,-0.06,3561.0,71.0,-89.0,4.855,0.055,-0.055,15.234,296.98505,43.65852,KEPLER_CONFIRMED,7907423,1
7908367,K06166.01,Kepler-1642 b,CONFIRMED,12.2064304,0.0009936,-0.0009936,1337.2,92.3,-92.3,2.407,0.126,-0.126,5.41,2.22,-2.45,1.514,0.623,-0.685,5254.0,203.0,-166.0,4.05,0.49,-0.245,14.13,297.21216,43.643719,KEPLER_CONFIRMED,7908367,1
7918992,K02095.01,Kepler-1091 b,CONFIRMED,1.434745129,3.371e-06,-3.371e-06,200.7,8.3,-8.3,1.862,0.0593,-0.0593,1.5,0.23,-0.13,1.064,0.167,-0.09,5806.0,69.0,-87.0,4.4,0.066,-0.123,14.691,299.78546,43.67075,KEPLER_CONFIRMED,7918992,1
7935997,K05447.02,Kepler-1629 b,CONFIRMED,3.87594316,2.665e-05,-2.665e-05,58.6,5.1,-5.1,2.314,0.254,-0.254,0.68,0.09,-0.03,0.893,0.125,-0.033,5713.0,68.0,-85.0,4.541,0.013,-0.117,12.75,280.2066,43.774288,KEPLER_CONFIRMED,7935997,1
7938496,K00900.01,Kepler-1730 b,CONFIRMED,13.81020318,2.968e-05,-2.968e-05,1309.7,31.5,-31.5,3.048,0.0635,-0.0635,4.56,1.33,-0.88,1.142,0.333,-0.222,5942.0,176.0,-193.0,4.327,0.136,-0.187,15.425,281.96063,43.70311,KEPLER_CONFIRMED,7938496,1
7939330,K01581.02,Kepler-896 b,CONFIRMED,144.551628,0.002496,-0.002496,1035.2,38.4,-38.4,16.599,0.389,-0.389,3.06,0.71,-0.24,0.803,0.188,-0.063,5510.0,166.0,-149.0,4.572,0.038,-0.152,15.481,282.43918,43.734482,KEPLER_CONFIRMED,7939330,1
7941200,K00092.01,Kepler-1709 b,CONFIRMED,65.7045275,0.0001061,-0.0001061,636.1,10.3,-10.3,3.3104,0.0469,-0.0469,2.78,0.42,-0.25,1.043,0.158,-0.092,5918.0,106.0,-130.0,4.403,0.08,-0.12,11.667,283.37482,43.788219,KEPLER_CONFIRMED,7941200,1
7948784,K01968.01,Kepler-1778 b,CONFIRMED,10.08744556,2.418e-05,-2.418e-05,568.1,16.1,-16.1,2.9884,0.0713,-0.0713,3.15,0.9,-0.38,1.095,0.313,-0.134,6310.0,168.0,-205.0,4.417,0.065,-0.195,15.079,287.36127,43.738781,KEPLER_CONFIRMED,7948784,1
7950644,K00192.01,Kepler-427 b,CONFIRMED,10.290994129,1.004e-06,-1.004e-06,9655.7,8.9,-8.9,4.28889,0.00281,-0.00281,13.43,2.01,-3.02,1.373,0.206,-0.308,5803.0,78.0,-78.0,4.134,0.201,-0.093,14.221,288.25458,43.704868,KEPLER_CONFIRMED,7950644,1
7951018,K01553.01,Kepler-890 b,CONFIRMED,52.75878505,3.347e-05,-3.347e-05,5805.8,26.6,-26.6,6.6517,0.0404,-0.0404,8.76,2.91,-0.97,1.137,0.378,-0.126,6228.0,174.0,-239.0,4.413,0.054,-0.216,15.182,288.43576,43.763489,KEPLER_CONFIRMED,7951018,1
7955580,K01711.01,Kepler-934 b,CONFIRMED,55.673582,0.0002722,-0.0002722,765.1,37.9,-37.9,3.778,0.118,-0.118,2.19,0.1,-0.13,0.808,0.037,-0.046,4998.0,79.0,-79.0,4.53,0.056,-0.032,15.061,290.28845,43.755322,KEPLER_CONFIRMED,7955580,1
7960980,K02274.01,Kepler-1170 b,CONFIRMED,9.98970266,4.169e-05,-4.169e-05,988.4,46.4,-46.4,3.7,0.109,-0.109,2.48,0.42,-0.18,0.81,0.137,-0.059,5265.0,184.0,-184.0,4.58,0.03,-0.112,15.909,292.16858,43.779671,KEPLER_CONFIRMED,7960980,1
7977197,K00459.01,Kepler-162 c,CONFIRMED,19.44639139,2.559e-05,-2.559e-05,926.0,12.0,-12.0,3.6227,0.0558,-0.0558,3.24,0.89,-0.48,0.954,0.261,-0.14,5815.0,157.0,-174.0,4.421,0.12,-0.18,14.248,297.2789,43.724018,KEPLER_CONFIRMED,7977197,1
7978202,K05454.01,Kepler-1630 b,CONFIRMED,509.997402,0.003256,-0.003256,1267.0,45.2,-45.2,8.481,0.165,-0.165,2.62,0.45,-0.27,0.756,0.13,-0.077,5037.0,196.0,-157.0,4.54,0.066,-0.157,14.15,297.5083,43.710949,KEPLER_CONFIRMED,7978202,1
7983117,K03214.01,Kepler-1988 b,CONFIRMED,11.49500229,8.821e-05,-8.821e-05,51.4,2.4,-2.4,7.602,0.165,-0.165,1.53,0.3,-0.49,1.788,0.351,-0.571,6033.0,183.0,-183.0,3.985,0.266,-0.114,12.014,298.67377,43.795479,KEPLER_CONFIRMED,7983117,1
7987866,K02363.01,Kepler-1832 b,CONFIRMED,3.13877646,1.164e-05,-1.164e-05,174.1,10.3,-10.3,1.6663,0.0922,-0.0922,0.97,0.13,-0.11,0.722,0.096,-0.078,5242.0,157.0,-157.0,4.556,0.09,-0.099,14.364,299.85184,43.732182,KEPLER_CONFIRMED,7987866,1
8004903,K02594.01,Kepler-1286 b,CONFIRMED,11.25401871,6.513e-05,-6.513e-05,433.4,29.2,-29.2,4.759,0.191,-0.191,2.42,0.75,-0.4,1.118,0.344,-0.185,5995.0,163.0,-199.0,4.351,0.112,-0.192,15.166,280.25839,43.835758,KEPLER_CONFIRMED,8004903,1
8007644,K02328.01,Kepler-1192 b,CONFIRMED,25.2034128,0.0001369,-0.0001369,697.1,35.7,-35.7,4.515,0.137,-0.137,2.42,0.67,-0.24,0.921,0.256,-0.092,5831.0,157.0,-175.0,4.517,0.048,-0.204,15.684,282.14056,43.89658,KEPLER_CONFIRMED,8007644,1
8008067,K00316.02,Kepler-139 c,CONFIRMED,157.0659976,0.0006468,-0.0006468,551.4,10.8,-10.8,8.1289,0.0986,-0.0986,2.63,0.41,-0.32,1.143,0.174,-0.139,5620.0,100.0,-112.0,4.333,0.115,-0.115,12.701,282.39194,43.889351,KEPLER_CONFIRMED,8008067,1
8008206,K00569.01,Kepler-185 c,CONFIRMED,20.72904234,6.301e-05,-6.301e-05,561.7,19.0,-19.0,2.8066,0.0756,-0.0756,1.94,0.09,-0.09,0.803,0.037,-0.041,4979.0,82.0,-74.0,4.538,0.049,-0.036,14.458,282.46811,43.889912,KEPLER_CONFIRMED,8008206,1
8009350,K01569.01,Kepler-892 b,CONFIRMED,13.75207851,3.401e-05,-3.401e-05,1215.6,37.2,-37.2,2.8831,0.0688,-0.0688,2.81,0.27,-0.21,0.699,0.068,-0.051,4802.0,129.0,-144.0,4.616,0.032,-0.048,15.587,283.12964,43.888241,KEPLER_CONFIRMED,8009350,1
8013439,K02352.01,Kepler-381 c,CONFIRMED,13.39155154,5.939e-05,-5.939e-05,48.9,2.2,-2.2,3.391,0.107,-0.107,1.58,0.25,-0.41,2.188,0.336,-0.576,6197.0,135.0,-111.0,3.837,0.233,-0.093,10.421,285.1828,43.831078,KEPLER_CONFIRMED,8013439,1
8015907,K00517.01,Kepler-585 b,CONFIRMED,2.752359689,1.738e-06,-1.738e-06,791.9,8.0,-8.0,2.0722,0.0211,-0.0211,2.54,0.29,-0.13,0.897,0.102,-0.047,5461.0,73.0,-82.0,4.499,0.042,-0.098,14.034,286.5285,43.873402,KEPLER_CONFIRMED,8015907,1
8016691,K03286.01,Kepler-1456 b,CONFIRMED,18.1373788,0.0002307,-0.0002307,310.8,32.6,-32.6,3.844,0.24,-0.24,1.41,0.11,-0.15,0.602,0.048,-0.064,4257.0,148.0,-163.0,4.648,0.059,-0.023,15.464,286.94531,43.822769,KEPLER_CONFIRMED,8016691,1
8017703,K00518.01,Kepler-174 b,CONFIRMED,13.98177862,1.478e-05,-1.478e-05,1018.4,11.9,-11.9,2.958,0.0303,-0.0303,2.09,0.09,-0.12,0.651,0.029,-0.036,4859.0,97.0,-97.0,4.615,0.049,-0.021,14.287,287.43918,43.832088,KEPLER_CONFIRMED,8017703,1
8022244,K00519.02,Kepler-175 c,CONFIRMED,34.0350605,0.000141,-0.000141,727.8,18.9,-18.9,6.695,0.124,-0.124,2.76,0.88,-0.29,1.001,0.318,-0.106,6063.0,181.0,-217.0,4.47,0.054,-0.216,14.939,289.55328,43.876179,KEPLER_CONFIRMED,8022244,1
8022489,K02674.02,Kepler-1311 b,CONFIRMED,11.1726723,0.0001114,-0.0001114,76.8,4.7,-4.7,6.106,0.242,-0.242,1.5,0.24,-0.34,1.674,0.275,-0.378,5616.0,124.0,-90.0,4.004,0.202,-0.093,13.349,289.65125,43.824421,KEPLER_CONFIRMED,8022489,1
8025596,K02615.01,Kepler-1290 b,CONFIRMED,4.69505576,3.937e-05,-3.937e-05,240.0,18.1,-18.1,3.058,0.174,-0.174,1.49,0.44,-0.15,0.959,0.285,-0.095,5999.0,168.0,-210.0,4.494,0.05,-0.2,15.711,290.68524,43.859638,KEPLER_CONFIRMED,8025596,1
8026752,K00240.01,Kepler-502 b,CONFIRMED,4.286866229,3.232e-06,-3.232e-06,1321.9,9.9,-9.9,4.4726,0.0748,-0.0748,4.14,1.31,-0.43,1.049,0.332,-0.111,6228.0,172.0,-216.0,4.441,0.052,-0.208,14.982,291.08014,43.860199,KEPLER_CONFIRMED,8026752,1
8030148,K00155.01,Kepler-474 b,CONFIRMED,5.660669429,3.706e-06,-3.706e-06,737.8,4.3,-4.3,4.6483,0.0281,-0.0281,3.24,0.5,-0.54,1.173,0.178,-0.198,5746.0,115.0,-103.0,4.266,0.162,-0.108,13.494,292.3215,43.881168,KEPLER_CONFIRMED,8030148,1
8030339,K03954.02,Kepler-1534 b,CONFIRMED,5.71668787,3.322e-05,-3.322e-05,431.7,39.0,-39.0,1.97,0.138,-0.138,1.92,0.49,-0.22,0.883,0.229,-0.098,5638.0,186.0,-186.0,4.488,0.075,-0.175,15.665,292.39539,43.869068,KEPLER_CONFIRMED,8030339,1
8036287,K03984.01,Kepler-1537 b,CONFIRMED,1.44445234,3.115e-06,-3.115e-06,200.7,12.2,-12.2,0.9753,0.0631,-0.0631,2.03,0.67,-0.82,1.449,0.478,-0.585,5305.0,159.0,-159.0,4.088,0.409,-0.189,14.536,294.38538,43.82547,KEPLER_CONFIRMED,8036287,1
8037038,K05466.01,Kepler-1631 b,CONFIRMED,4.09513876,3.035e-05,-3.035e-05,181.7,18.3,-18.3,2.462,0.148,-0.148,1.75,0.56,-0.18,0.963,0.309,-0.096,5858.0,156.0,-191.0,4.495,0.052,-0.208,15.524,294.63257,43.807671,KEPLER_CONFIRMED,8037038,1
8037145,K00520.04,Kepler-176 e,CONFIRMED,51.1658019,0.0004308,-0.0004308,259.2,22.0,-22.0,4.637,0.194,-0.194,1.51,0.05,-0.11,0.826,0.032,-0.06,4963.0,81.0,-74.0,4.501,0.072,-0.022,14.55,294.66797,43.85326,KEPLER_CONFIRMED,8037145,1
8039892,K00903.01,Kepler-719 b,CONFIRMED,5.007316661,1.389e-06,-1.389e-06,6932.3,19.7,-19.7,4.2362,0.0248,-0.0248,6.96,1.75,-0.62,0.827,0.208,-0.074,5865.0,146.0,-190.0,4.563,0.042,-0.168,15.813,295.53613,43.884449,KEPLER_CONFIRMED,8039892,1
8041216,K00237.01,Kepler-500 b,CONFIRMED,8.508333104,9.705e-06,-9.705e-06,646.5,8.2,-8.2,3.4559,0.0353,-0.0353,2.6,0.37,-0.28,1.03,0.149,-0.108,5767.0,104.0,-115.0,4.396,0.09,-0.11,14.176,295.95135,43.852051,KEPLER_CONFIRMED,8041216,1
8042453,K02304.01,Kepler-1182 b,CONFIRMED,11.17392077,6.126e-05,-6.126e-05,324.8,18.3,-18.3,3.307,0.16,-0.16,1.64,0.48,-0.16,0.914,0.267,-0.089,5911.0,160.0,-195.0,4.519,0.037,-0.2,15.356,296.30795,43.82135,KEPLER_CONFIRMED,8042453,1
8043638,K00460.01,Kepler-559 b,CONFIRMED,17.58751692,2.11e-05,-2.11e-05,1377.8,14.0,-14.0,4.3773,0.0358,-0.0358,4.03,0.68,-0.68,1.107,0.186,-0.186,5433.0,81.0,-73.0,4.302,0.159,-0.116,14.743,296.63684,43.802792,KEPLER_CONFIRMED,8043638,1
8047428,K04747.01,Kepler-1621 b,CONFIRMED,92.263742,0.002649,-0.002649,296.9,28.1,-28.1,8.605,0.725,-0.725,2.22,0.4,-0.3,1.283,0.23,-0.173,6084.0,81.0,-90.0,4.287,0.099,-0.121,15.015,297.5885,43.841221,KEPLER_CONFIRMED,8047428,1
8051946,K03038.01,Kepler-1416 b,CONFIRMED,1.4951513,1.197e-05,-1.197e-05,52.0,4.3,-4.3,3.43,0.154,-0.154,1.44,0.23,-0.32,1.452,0.237,-0.316,5635.0,85.0,-77.0,4.117,0.203,-0.087,14.22,298.66348,43.89407,KEPLER_CONFIRMED,8051946,1
8056665,K00089.02,Kepler-462 c,CONFIRMED,207.5829306,0.0005737,-0.0005737,505.1,7.6,-7.6,7.0686,0.0866,-0.0866,4.52,0.79,-1.04,1.79,0.311,-0.415,6688.0,120.0,-147.0,4.062,0.174,-0.116,11.642,299.82117,43.81427,KEPLER_CONFIRMED,8056665,1
8073705,K03245.01,Kepler-1445 b,CONFIRMED,10.60052083,8.867e-05,-8.867e-05,60.9,4.1,-4.1,4.509,0.187,-0.187,1.09,0.18,-0.21,1.303,0.21,-0.257,6035.0,120.0,-132.0,4.212,0.168,-0.112,12.405,280.24945,43.915058,KEPLER_CONFIRMED,8073705,1
8073806,K02411.01,Kepler-1835 b,CONFIRMED,11.96407399,5.738e-05,-5.738e-05,784.2,38.8,-38.8,4.526,0.148,-0.148,3.21,0.92,-0.47,0.961,0.278,-0.139,5903.0,158.0,-175.0,4.437,0.101,-0.188,15.361,280.31488,43.98571,KEPLER_CONFIRMED,8073806,1
8077137,K00274.01,Kepler-128 b,CONFIRMED,15.0896415,4.664e-05,-4.664e-05,77.8,2.9,-2.9,4.3349,0.0675,-0.0675,1.42,0.09,-0.06,1.613,0.098,-0.074,6063.0,85.0,-73.0,4.061,0.03,-0.03,11.39,282.49222,43.980209,KEPLER_CONFIRMED,8077137,1
8078502,K03383.01,Kepler-1919 b,CONFIRMED,37.8862977,0.000465,-0.000465,672.2,51.8,-51.8,5.218,0.273,-0.273,2.09,0.48,-0.2,0.818,0.187,-0.08,5513.0,166.0,-166.0,4.551,0.048,-0.143,15.848,283.1319,43.955971,KEPLER_CONFIRMED,8078502,1
8081187,K01951.01,Kepler-1025 b,CONFIRMED,37.3228722,0.0001418,-0.0001418,307.5,8.1,-8.1,7.2146,0.0955,-0.0955,35.34,2.24,-8.94,19.53,1.236,-4.943,4907.0,28.0,-108.0,2.41,0.184,-0.057,13.573,284.51019,43.961658,KEPLER_CONFIRMED,8081187,1
8081239,K03352.01,Kepler-1476 b,CONFIRMED,10.35857039,6.258e-05,-6.258e-05,273.7,21.2,-21.2,2.577,0.123,-0.123,1.68,0.5,-0.22,1.02,0.305,-0.131,5893.0,158.0,-176.0,4.423,0.084,-0.196,15.408,284.5321,43.98996,KEPLER_CONFIRMED,8081239,1
8081899,K02426.01,Kepler-1235 b,CONFIRMED,4.16056658,2.577e-05,-2.577e-05,75.8,5.5,-5.5,2.61,0.167,-0.167,0.7,0.14,-0.06,0.815,0.163,-0.065,5481.0,147.0,-147.0,4.574,0.032,-0.136,13.889,284.90302,43.95396,KEPLER_CONFIRMED,8081899,1
8081905,K02619.01,Kepler-1292 b,CONFIRMED,3.27645723,1.633e-05,-1.633e-05,323.0,20.9,-20.9,2.219,0.103,-0.103,1.71,0.52,-0.17,0.963,0.289,-0.096,5812.0,162.0,-203.0,4.504,0.039,-0.208,15.934,284.90573,43.949162,KEPLER_CONFIRMED,8081905,1
8082001,K01570.01,Kepler-893 b,CONFIRMED,6.33855946,1.273e-05,-1.273e-05,721.7,14.1,-14.1,3.4617,0.0884,-0.0884,3.31,1.09,-0.37,1.03,0.341,-0.114,6108.0,193.0,-236.0,4.466,0.056,-0.224,15.182,284.96304,43.91301,KEPLER_CONFIRMED,8082001,1
8087812,K04343.01,Kepler-1952 b,CONFIRMED,27.2106807,0.0005262,-0.0005262,99.4,6.7,-6.7,10.515,0.337,-0.337,1.73,0.25,-0.36,1.305,0.193,-0.266,5973.0,120.0,-108.0,4.171,0.188,-0.101,13.694,288.07648,43.958488,KEPLER_CONFIRMED,8087812,1
8095441,K02743.01,Kepler-1332 b,CONFIRMED,11.87457664,3.944e-05,-3.944e-05,220.7,12.1,-12.1,1.9797,0.0763,-0.0763,1.32,0.16,-0.09,0.88,0.109,-0.059,5523.0,110.0,,4.506,0.049,-0.098,13.756,291.02859,43.91367,KEPLER_CONFIRMED,8095441,1
8099138,K02338.01,Kepler-1196 b,CONFIRMED,66.1843646,0.0004536,-0.0004536,560.5,30.0,-30.0,5.155,0.149,-0.149,2.72,0.37,-0.21,0.978,0.135,-0.073,5640.0,76.0,-84.0,4.447,0.063,-0.117,14.862,292.36957,43.910809,KEPLER_CONFIRMED,8099138,1
8105398,K05475.01,Kepler-1632 b,CONFIRMED,224.150923,0.001794,-0.001794,348.6,10.3,-10.3,12.455,0.174,-0.174,2.41,0.48,-0.71,1.286,0.255,-0.383,6072.0,167.0,-137.0,4.133,0.301,-0.129,13.093,294.49487,43.91362,KEPLER_CONFIRMED,8105398,1
8107225,K00235.01,Kepler-499 b,CONFIRMED,5.63252508,6.005e-06,-6.005e-06,634.4,10.3,-10.3,2.1448,0.0303,-0.0303,2.04,0.28,-0.16,0.804,0.113,-0.061,5216.0,157.0,-157.0,4.58,0.028,-0.105,14.353,295.10995,43.915211,KEPLER_CONFIRMED,8107225,1
8107380,K00162.01,Kepler-476 b,CONFIRMED,14.00640392,1.731e-05,-1.731e-05,716.4,7.6,-7.6,4.6919,0.0396,-0.0396,3.11,0.45,-0.41,1.124,0.164,-0.148,5788.0,116.0,-116.0,4.323,0.132,-0.108,13.837,295.16382,43.963039,KEPLER_CONFIRMED,8107380,1
8110767,K02504.01,Kepler-1685 b,CONFIRMED,20.49041,0.0001751,-0.0001751,661.8,33.3,-33.3,4.369,0.17,-0.17,2.34,0.67,-0.22,0.923,0.264,-0.088,5681.0,180.0,-200.0,4.524,0.036,-0.204,15.93,296.18829,43.936852,KEPLER_CONFIRMED,8110767,1
8120608,K00571.01,Kepler-186 c,CONFIRMED,7.26731094,1.133e-05,-1.133e-05,659.1,15.4,-15.4,2.2691,0.0434,-0.0434,1.14,0.11,-0.13,0.443,0.04,-0.053,3751.0,75.0,-84.0,4.8,0.065,-0.035,14.625,298.65271,43.955021,KEPLER_CONFIRMED,8120608,1
8121310,K00317.01,Kepler-521 b,CONFIRMED,22.20809549,4.141e-05,-4.141e-05,463.2,5.4,-5.4,7.3327,0.0449,-0.0449,3.02,0.53,-0.28,1.403,0.245,-0.132,6336.0,113.0,-139.0,4.266,0.063,-0.117,12.885,298.81638,43.998039,KEPLER_CONFIRMED,8121310,1
8125580,K01014.01,Kepler-749 b,CONFIRMED,17.31711739,4.694e-05,-4.694e-05,1473.0,47.3,-47.3,3.1518,0.0842,-0.0842,2.04,0.1,-0.11,0.502,0.023,-0.029,4719.0,131.0,-164.0,4.753,0.042,-0.024,15.759,299.89722,43.903912,KEPLER_CONFIRMED,8125580,1
8126558,K02259.01,Kepler-1815 b,CONFIRMED,12.19140405,4.507e-05,-4.507e-05,665.8,40.7,-40.7,1.8832,0.0983,-0.0983,2.46,0.67,-0.41,0.967,0.261,-0.161,5516.0,166.0,-166.0,4.399,0.144,-0.176,15.364,300.1705,43.98497,KEPLER_CONFIRMED,8126558,1
8142787,K04005.01,Kepler-439 b,CONFIRMED,178.139072,0.001897,-0.001897,678.8,37.9,-37.9,9.654,0.283,-0.283,2.25,0.22,-0.16,0.879,0.086,-0.06,5431.0,81.0,-81.0,4.496,0.052,-0.078,14.56,280.80157,44.033989,KEPLER_CONFIRMED,8142787,1
8142942,K01985.01,Kepler-1782 b,CONFIRMED,5.756245244,5.387e-06,-5.387e-06,623.6,17.5,-17.5,1.071,0.0321,-0.0321,2.24,0.14,-0.09,0.734,0.048,-0.03,4931.0,98.0,-98.0,4.605,0.018,-0.049,13.708,280.92612,44.087929,KEPLER_CONFIRMED,8142942,1
8150320,K00904.01,Kepler-55 d,CONFIRMED,2.211116989,2.691e-06,-2.691e-06,724.2,18.9,-18.9,1.6485,0.0297,-0.0297,1.85,0.13,-0.05,0.646,0.043,-0.02,4500.0,90.0,-90.0,4.656,0.013,-0.043,15.791,285.16833,44.026459,KEPLER_CONFIRMED,8150320,1
8151055,K03298.01,Kepler-1460 b,CONFIRMED,29.9632816,0.0001998,-0.0001998,893.2,58.3,-58.3,2.6,0.128,-0.128,2.24,0.18,-0.2,0.638,0.051,-0.057,4463.0,159.0,-159.0,4.623,0.056,-0.024,15.947,285.5578,44.010792,KEPLER_CONFIRMED,8151055,1
8156120,K00318.01,Kepler-522 b,CONFIRMED,38.5833679,0.0003134,-0.0003134,1388.2,36.3,-36.3,12.391,0.639,-0.639,8.56,1.57,-1.92,1.927,0.353,-0.431,6273.0,113.0,-126.0,4.04,0.174,-0.116,12.211,288.15399,44.068821,KEPLER_CONFIRMED,8156120,1
8158127,K01015.01,Kepler-750 b,CONFIRMED,9.42889884,2.354e-05,-2.354e-05,565.4,12.0,-12.0,4.4481,0.0582,-0.0582,4.39,0.61,-1.13,1.86,0.259,-0.481,5897.0,79.0,-79.0,3.98,0.203,-0.072,14.5,289.09689,44.004379,KEPLER_CONFIRMED,8158127,1
8160953,K01858.01,Kepler-985 b,CONFIRMED,116.3311739,0.000611,-0.000611,1586.3,54.1,-54.1,7.025,0.143,-0.143,3.26,0.3,-0.18,0.835,0.077,-0.045,5354.0,106.0,-106.0,4.533,0.039,-0.072,14.767,290.14432,44.04995,KEPLER_CONFIRMED,8160953,1
8161561,K00688.01,Kepler-645 b,CONFIRMED,3.275821982,4.743e-06,-4.743e-06,274.9,4.9,-4.9,3.0427,0.0375,-0.0375,3.54,0.69,-0.85,1.972,0.386,-0.472,6185.0,80.0,-80.0,4.013,0.18,-0.12,13.992,290.32278,44.035809,KEPLER_CONFIRMED,8161561,1
8162789,K00521.01,Kepler-1989 b,CONFIRMED,10.161023528,9.176e-06,-9.176e-06,1653.9,16.7,-16.7,3.1627,0.0546,-0.0546,4.62,1.37,-0.73,1.06,0.312,-0.168,6032.0,189.0,-232.0,4.387,0.108,-0.201,14.633,290.73517,44.09132,KEPLER_CONFIRMED,8162789,1
8164012,K02116.01,Kepler-1106 b,CONFIRMED,1.252753881,2.228e-06,-2.228e-06,200.0,5.7,-5.7,2.1472,0.0471,-0.0471,2.44,0.37,-0.56,1.705,0.261,-0.392,5907.0,80.0,-80.0,4.041,0.196,-0.084,14.69,291.1452,44.062538,KEPLER_CONFIRMED,8164012,1
8164257,K02073.01,Kepler-357 d,CONFIRMED,49.5004725,0.0003399,-0.0003399,965.2,35.6,-35.6,5.772,0.162,-0.162,2.49,0.1,-0.19,0.828,0.032,-0.065,4954.0,79.0,-79.0,4.5,0.072,-0.023,15.565,291.2431,44.00872,KEPLER_CONFIRMED,8164257,1
8165946,K02105.01,Kepler-1100 b,CONFIRMED,6.42199919,2.499e-05,-2.499e-05,161.6,7.4,-7.4,2.6192,0.0841,-0.0841,1.25,0.2,-0.07,0.981,0.154,-0.055,5985.0,72.0,-84.0,4.468,0.032,-0.128,13.862,291.87134,44.087379,KEPLER_CONFIRMED,8165946,1
8167996,K01867.02,Kepler-327 d,CONFIRMED,13.96950181,2.153e-05,-2.153e-05,1110.0,34.6,-34.6,1.5871,0.0469,-0.0469,2.04,0.13,-0.2,0.506,0.031,-0.051,3716.0,73.0,-83.0,4.74,0.056,-0.024,15.018,292.64236,44.087669,KEPLER_CONFIRMED,8167996,1
8168187,K02209.01,Kepler-1142 b,CONFIRMED,18.3027235,0.0001492,-0.0001492,186.7,8.3,-8.3,8.262,0.217,-0.217,2.72,0.65,-0.44,1.839,0.44,-0.293,5528.0,88.0,-77.0,3.892,0.12,-0.12,14.31,292.71445,44.082329,KEPLER_CONFIRMED,8168187,1
8174625,K01017.01,Kepler-751 b,CONFIRMED,17.44486016,4.901e-05,-4.901e-05,826.9,20.3,-20.3,4.445,0.081,-0.081,3.24,0.88,-0.47,0.966,0.261,-0.141,5568.0,166.0,-166.0,4.413,0.12,-0.18,15.007,294.84384,44.077679,KEPLER_CONFIRMED,8174625,1
8183288,K03255.01,Kepler-437 b,CONFIRMED,66.6504521,0.0003951,-0.0003951,536.9,22.7,-22.7,5.744,0.153,-0.153,1.56,0.07,-0.07,0.679,0.033,-0.027,4550.0,81.0,-81.0,4.627,0.02,-0.03,14.352,297.34738,44.026939,KEPLER_CONFIRMED,8183288,1
8191672,K00018.01,Kepler-5 b,CONFIRMED,3.548465446,1.83e-07,-1.83e-07,7251.5,3.3,-3.3,4.56904,0.00118,-0.00118,14.92,1.08,-1.31,1.746,0.126,-0.154,6290.0,125.0,-125.0,4.074,0.05,-0.05,13.369,299.40701,44.035053,KEPLER_CONFIRMED,8191672,1
8193178,K00572.02,Kepler-187 b,CONFIRMED,4.93883135,3.312e-05,-3.312e-05,123.5,6.5,-6.5,4.388,0.161,-0.161,1.44,0.25,-0.21,1.233,0.22,-0.18,6112.0,122.0,-134.0,4.281,0.125,-0.125,14.173,299.79645,44.08931,KEPLER_CONFIRMED,8193178,1
8197343,K01746.01,Kepler-946 b,CONFIRMED,11.79161234,5.355e-05,-5.355e-05,415.4,22.6,-22.6,3.036,0.11,-0.11,2.41,0.38,-0.42,1.199,0.188,-0.207,5619.0,75.0,-75.0,4.264,0.162,-0.108,14.941,300.9296,44.02879,KEPLER_CONFIRMED,8197343,1
8210018,K02762.01,Kepler-1341 b,CONFIRMED,132.9955503,0.0008734,-0.0008734,1275.4,49.5,-49.5,7.436,0.18,-0.18,2.51,0.21,-0.21,0.659,0.055,-0.055,4523.0,161.0,-161.0,4.636,0.032,-0.039,15.028,280.51175,44.159351,KEPLER_CONFIRMED,8210018,1
8212002,K02593.01,Kepler-1285 b,CONFIRMED,14.7966306,0.0001258,-0.0001258,56.1,2.7,-2.7,5.613,0.181,-0.181,0.98,0.16,-0.1,1.307,0.22,-0.135,6175.0,110.0,-134.0,4.299,0.072,-0.108,11.714,281.83533,44.155918,KEPLER_CONFIRMED,8212002,1
8218379,K01920.01,Kepler-1014 b,CONFIRMED,16.57099265,4.023e-05,-4.023e-05,644.9,16.9,-16.9,2.9052,0.0575,-0.0575,2.03,0.43,-0.15,0.779,0.164,-0.059,5483.0,166.0,-149.0,4.589,0.034,-0.136,14.64,285.12204,44.1106,KEPLER_CONFIRMED,8218379,1
8219268,K02133.01,Kepler-91 b,CONFIRMED,6.24667547,2.787e-05,-2.787e-05,396.8,7.1,-7.1,11.261,0.192,-0.192,14.93,1.34,-1.22,6.221,0.559,-0.509,4604.0,74.0,-54.0,2.936,0.013,-0.012,12.495,285.67288,44.11673,KEPLER_CONFIRMED,8219268,1
8222813,K01069.01,Kepler-760 b,CONFIRMED,8.70420525,1.32e-05,-1.32e-05,1074.9,16.0,-16.0,2.9385,0.0377,-0.0377,2.86,0.13,-0.24,0.863,0.039,-0.072,5074.0,83.0,-76.0,4.474,0.084,-0.03,15.07,287.5932,44.17942,KEPLER_CONFIRMED,8222813,1
8226050,K01910.01,Kepler-1010 b,CONFIRMED,34.2685741,0.0001132,-0.0001132,699.3,19.4,-19.4,4.8251,0.0848,-0.0848,2.44,0.11,-0.2,0.872,0.042,-0.072,5083.0,83.0,-76.0,4.468,0.088,-0.033,14.685,289.19263,44.149319,KEPLER_CONFIRMED,8226050,1
8226994,K00906.01,Kepler-250 c,CONFIRMED,7.15681552,1.201e-05,-1.201e-05,867.0,19.8,-19.8,2.5882,0.0463,-0.0463,2.47,0.1,-0.2,0.838,0.033,-0.066,5029.0,83.0,-75.0,4.494,0.077,-0.027,15.46,289.59476,44.141949,KEPLER_CONFIRMED,8226994,1
8229458,K02238.01,Kepler-1152 b,CONFIRMED,1.646801683,3.512e-06,-3.512e-06,284.2,14.0,-14.0,1.1966,0.0617,-0.0617,0.86,0.07,-0.06,0.513,0.038,-0.038,3810.0,76.0,-84.0,4.753,0.035,-0.038,14.634,290.43402,44.107651,KEPLER_CONFIRMED,8229458,1
8229696,K01072.01,Kepler-761 b,CONFIRMED,10.12805158,2.984e-05,-2.984e-05,477.4,14.3,-14.3,3.517,0.0735,-0.0735,1.95,0.24,-0.11,0.82,0.102,-0.044,5676.0,76.0,-84.0,4.548,0.033,-0.104,14.743,290.5036,44.143581,KEPLER_CONFIRMED,8229696,1
8230616,K01713.01,Kepler-316 c,CONFIRMED,6.82778157,1.744e-05,-1.744e-05,545.8,18.5,-18.5,2.3726,0.0632,-0.0632,1.34,0.08,-0.06,0.574,0.032,-0.028,4198.0,83.0,-83.0,4.689,0.023,-0.028,15.224,290.82602,44.184109,KEPLER_CONFIRMED,8230616,1
8231667,K03494.01,Kepler-1926 b,CONFIRMED,42.8774169,0.0002596,-0.0002596,1068.8,83.7,-83.7,1.991,0.12,-0.12,2.67,0.41,-0.34,0.832,0.129,-0.105,5256.0,184.0,-184.0,4.483,0.104,-0.127,15.654,291.19882,44.166241,KEPLER_CONFIRMED,8231667,1
8233702,K02140.01,Kepler-1116 b,CONFIRMED,41.6977582,0.0001891,-0.0001891,684.8,28.6,-28.6,5.513,0.112,-0.112,2.26,0.6,-0.21,0.87,0.234,-0.078,5730.0,153.0,-170.0,4.545,0.035,-0.184,15.265,291.93365,44.115501,KEPLER_CONFIRMED,8233702,1
8235924,K02347.01,Kepler-1203 b,CONFIRMED,0.588001053,5.82e-07,-5.82e-07,297.4,7.4,-7.4,1.1451,0.0288,-0.0288,0.99,0.04,-0.07,0.57,0.023,-0.037,3814.0,76.0,-84.0,4.687,0.039,-0.018,14.934,292.77338,44.178131,KEPLER_CONFIRMED,8235924,1
8240797,K01809.01,Kepler-321 c,CONFIRMED,13.09390911,1.61e-05,-1.61e-05,398.7,7.0,-7.0,2.2805,0.0267,-0.0267,2.2,0.34,-0.12,0.956,0.147,-0.053,5772.0,104.0,-127.0,4.487,0.03,-0.12,12.706,294.45386,44.145973,KEPLER_CONFIRMED,8240797,1
8240904,K01070.01,Kepler-266 b,CONFIRMED,6.61836309,2.529e-05,-2.529e-05,549.1,19.2,-19.2,3.6813,0.0788,-0.0788,2.98,0.49,-0.66,1.294,0.214,-0.285,5529.0,83.0,-66.0,4.19,0.186,-0.108,15.59,294.48438,44.166908,KEPLER_CONFIRMED,8240904,1
8242434,K01726.01,Kepler-942 b,CONFIRMED,44.96407458,7.489e-05,-7.489e-05,811.6,10.4,-10.4,4.981,0.0542,-0.0542,2.0,0.14,-0.07,0.729,0.051,-0.026,4827.0,96.0,-96.0,4.615,0.012,-0.054,13.054,294.95511,44.149818,KEPLER_CONFIRMED,8242434,1
8247638,K00907.04,Kepler-251 e,CONFIRMED,99.6415962,0.0006637,-0.0006637,952.5,44.1,-44.1,4.448,0.14,-0.14,2.64,0.27,-0.23,0.866,0.089,-0.074,5527.0,111.0,-111.0,4.488,0.075,-0.075,15.223,296.56622,44.105862,KEPLER_CONFIRMED,8247638,1
8247771,K02344.01,Kepler-1200 b,CONFIRMED,1.118547814,3.233e-06,-3.233e-06,234.8,13.0,-13.0,1.5534,0.0761,-0.0761,0.98,0.08,-0.07,0.658,0.058,-0.043,4496.0,134.0,-121.0,4.65,0.021,-0.049,15.793,296.60342,44.129261,KEPLER_CONFIRMED,8247771,1
8255887,K00908.01,Kepler-720 b,CONFIRMED,4.708326451,7.3e-07,-7.3e-07,7912.7,14.4,-14.4,3.16114,0.00526,-0.00526,10.6,2.85,-2.56,1.21,0.325,-0.293,5560.0,166.0,-166.0,4.246,0.252,-0.189,15.113,298.63565,44.17094,KEPLER_CONFIRMED,8255887,1
8257205,K01986.02,Kepler-1038 c,CONFIRMED,7.12766417,3.986e-05,-3.986e-05,229.2,16.6,-16.6,2.491,0.138,-0.138,1.21,0.08,-0.06,0.821,0.055,-0.039,5159.0,82.0,-82.0,4.548,0.032,-0.063,14.839,298.97217,44.132381,KEPLER_CONFIRMED,8257205,1
8260902,K02144.01,Kepler-1118 b,CONFIRMED,38.6715843,0.0002103,-0.0002103,599.3,26.8,-26.8,5.532,0.148,-0.148,2.45,0.83,-0.38,0.913,0.306,-0.141,5432.0,159.0,-159.0,4.42,0.147,-0.273,14.94,299.96567,44.160889,KEPLER_CONFIRMED,8260902,1
8261920,K02174.02,Kepler-1802 c,CONFIRMED,33.1362861,0.0002392,-0.0002392,825.2,54.0,-54.0,4.163,0.18,-0.18,2.05,0.08,-0.1,0.637,0.026,-0.032,4245.0,85.0,-85.0,4.641,0.027,-0.02,15.673,300.24222,44.141399,KEPLER_CONFIRMED,8261920,1
8263545,K02822.01,Kepler-1878 b,CONFIRMED,4.44589508,1.75e-05,-1.75e-05,441.4,24.3,-24.3,2.3816,0.092,-0.092,1.94,0.58,-0.19,0.865,0.258,-0.086,5918.0,187.0,-208.0,4.544,0.036,-0.204,15.391,300.73239,44.107059,KEPLER_CONFIRMED,8263545,1
8277797,K01820.01,Kepler-322 c,CONFIRMED,4.33722007,7.588e-06,-7.588e-06,358.5,8.0,-8.0,2.4973,0.0427,-0.0427,1.63,0.15,-0.11,0.876,0.084,-0.058,5390.0,107.0,-107.0,4.499,0.052,-0.078,13.53,281.34882,44.295238,KEPLER_CONFIRMED,8277797,1
8278371,K01150.01,Kepler-780 b,CONFIRMED,0.677374687,1.098e-06,-1.098e-06,76.7,2.3,-2.3,1.8361,0.0399,-0.0399,0.9,0.14,-0.08,1.037,0.162,-0.099,5718.0,104.0,-115.0,4.395,0.09,-0.11,13.326,281.76639,44.292549,KEPLER_CONFIRMED,8278371,1
8280511,K01151.01,Kepler-271 b,CONFIRMED,10.43547031,2.685e-05,-2.685e-05,210.2,6.0,-6.0,3.4167,0.0598,-0.0598,1.22,0.13,-0.09,0.853,0.089,-0.067,5528.0,110.0,-110.0,4.499,0.063,-0.077,13.404,283.00296,44.284229,KEPLER_CONFIRMED,8280511,1
8282651,K02193.01,Kepler-1136 b,CONFIRMED,2.361724472,3.492e-06,-3.492e-06,587.0,19.9,-19.9,1.2167,0.0423,-0.0423,1.53,0.11,-0.14,0.651,0.046,-0.061,4478.0,133.0,-133.0,4.615,0.052,-0.024,15.658,284.10779,44.245811,KEPLER_CONFIRMED,8282651,1
8282846,K04015.01,Kepler-1539 b,CONFIRMED,133.303247,0.001334,-0.001334,1017.5,57.9,-57.9,7.342,0.217,-0.217,2.67,0.12,-0.24,0.864,0.039,-0.077,5064.0,75.0,-83.0,4.474,0.084,-0.03,15.307,284.21942,44.268539,KEPLER_CONFIRMED,8282846,1
8288947,K01142.01,Kepler-778 b,CONFIRMED,3.75574267,1.068e-05,-1.068e-05,417.4,17.5,-17.5,2.2911,0.0739,-0.0739,1.58,0.27,-0.12,0.788,0.133,-0.061,5311.0,175.0,-159.0,4.588,0.035,-0.112,15.764,287.47742,44.237511,KEPLER_CONFIRMED,8288947,1
8292840,K00260.01,Kepler-126 b,CONFIRMED,10.49566303,2.661e-05,-2.661e-05,106.1,2.4,-2.4,4.7356,0.0567,-0.0567,1.34,0.08,-0.05,1.297,0.074,-0.054,6214.0,113.0,-87.0,4.238,0.033,-0.027,10.5,289.34732,44.208511,KEPLER_CONFIRMED,8292840,1
8311864,K07016.01,Kepler-452 b,CONFIRMED,384.847556,0.007105,-0.007105,189.9,17.6,-17.6,9.969,0.441,-0.441,1.09,0.2,-0.1,0.798,0.15,-0.075,5579.0,150.0,-150.0,4.58,0.034,-0.127,13.426,296.00369,44.277561,KEPLER_CONFIRMED,8311864,1
8321314,K02293.01,Kepler-1683 b,CONFIRMED,15.03366411,6.423e-05,-6.423e-05,374.9,19.9,-19.9,3.272,0.103,-0.103,1.7,0.21,-0.08,0.891,0.11,-0.039,5523.0,74.0,-82.0,4.526,0.026,-0.111,14.837,298.45013,44.284012,KEPLER_CONFIRMED,8321314,1
8331612,K03318.01,Kepler-1915 b,CONFIRMED,13.8353959,0.0002748,-0.0002748,818.0,90.4,-90.4,4.961,0.356,-0.356,3.78,1.22,-0.52,1.057,0.341,-0.146,6020.0,211.0,-211.0,4.403,0.087,-0.203,15.842,301.27869,44.25053,KEPLER_CONFIRMED,8331612,1
8344004,K00573.02,Kepler-188 b,CONFIRMED,2.06190864,5.013e-06,-5.013e-06,214.0,8.8,-8.8,1.9743,0.0617,-0.0617,1.63,0.24,-0.19,1.089,0.16,-0.128,5622.0,76.0,-84.0,4.346,0.126,-0.103,14.674,281.27972,44.315529,KEPLER_CONFIRMED,8344004,1
8346392,K01141.01,Kepler-777 b,CONFIRMED,5.72812616,2.077e-05,-2.077e-05,643.4,35.2,-35.2,2.0295,0.0874,-0.0874,1.38,0.09,-0.08,0.548,0.033,-0.033,3968.0,79.0,-79.0,4.714,0.03,-0.03,15.95,282.72406,44.34647,KEPLER_CONFIRMED,8346392,1
8349582,K00122.01,Kepler-95 b,CONFIRMED,11.523067458,9.452e-06,-9.452e-06,507.3,4.2,-4.2,3.8757,0.0209,-0.0209,3.13,0.2,-0.17,1.411,0.091,-0.073,5644.0,84.0,-75.0,4.162,0.033,-0.03,12.346,284.48245,44.398041,KEPLER_CONFIRMED,8349582,1
8351704,K01146.01,Kepler-779 b,CONFIRMED,7.09712124,2.596e-05,-2.596e-05,369.5,23.3,-23.3,2.1059,0.09,-0.09,0.74,0.09,-0.11,0.389,0.047,-0.057,3569.0,71.0,-78.0,4.861,0.066,-0.044,15.649,285.62854,44.31089,KEPLER_CONFIRMED,8351704,1
8352537,K00420.01,Kepler-547 b,CONFIRMED,6.010383339,1.664e-06,-1.664e-06,2652.1,11.1,-11.1,2.1939,0.0198,-0.0198,3.8,0.29,-0.38,0.738,0.056,-0.074,4882.0,131.0,-146.0,4.558,0.066,-0.039,14.247,286.11868,44.34528,KEPLER_CONFIRMED,8352537,1
8355239,K00574.02,Kepler-189 b,CONFIRMED,10.39986173,4.516e-05,-4.516e-05,275.3,13.6,-13.6,3.377,0.103,-0.103,1.5,0.06,-0.11,0.826,0.032,-0.06,4963.0,79.0,-79.0,4.501,0.075,-0.025,14.859,287.56473,44.305,KEPLER_CONFIRMED,8355239,1
8359498,K00127.01,Kepler-77 b,CONFIRMED,3.578780566,1.83e-07,-1.83e-07,11382.2,7.2,-7.2,2.91089,0.00147,-0.00147,10.43,0.62,-0.62,0.994,0.059,-0.059,5524.0,110.0,-110.0,4.421,0.05,-0.045,13.938,289.60797,44.345421,KEPLER_CONFIRMED,8359498,1
8360640,K02982.01,Kepler-1891 b,CONFIRMED,4.0223109,1.498e-05,-1.498e-05,227.8,27.9,-27.9,0.853,0.133,-0.133,1.37,0.31,-0.13,0.827,0.187,-0.08,5516.0,149.0,-149.0,4.544,0.048,-0.143,14.264,290.04388,44.370602,KEPLER_CONFIRMED,8360640,1
8361905,K00689.01,Kepler-646 b,CONFIRMED,15.87360981,4.485e-05,-4.485e-05,415.6,12.4,-12.4,3.5246,0.0724,-0.0724,1.53,0.33,-0.12,0.737,0.162,-0.058,5656.0,187.0,-187.0,4.607,0.036,-0.135,13.766,290.47134,44.387081,KEPLER_CONFIRMED,8361905,1
8367113,K00575.01,Kepler-606 b,CONFIRMED,24.31574009,7.335e-05,-7.335e-05,643.3,17.4,-17.4,4.1344,0.0778,-0.0778,2.8,0.92,-0.3,1.047,0.343,-0.114,6242.0,168.0,-224.0,4.442,0.056,-0.21,14.686,292.4274,44.381271,KEPLER_CONFIRMED,8367113,1
8367644,K01879.01,Kepler-993 b,CONFIRMED,22.08551599,4.197e-05,-4.197e-05,3157.4,75.4,-75.4,2.1727,0.0504,-0.0504,3.34,0.17,-0.18,0.565,0.029,-0.029,3828.0,76.0,-84.0,4.712,0.022,-0.032,15.967,292.61411,44.394661,KEPLER_CONFIRMED,8367644,1
8379705,K02507.01,Kepler-1847 b,CONFIRMED,11.1296971,9.103e-05,-9.103e-05,371.0,30.0,-30.0,2.942,0.218,-0.218,1.93,0.62,-0.2,0.964,0.309,-0.097,6122.0,190.0,-232.0,4.487,0.052,-0.208,15.859,296.60141,44.32526,KEPLER_CONFIRMED,8379705,1
8380709,K02468.01,Kepler-1249 b,CONFIRMED,24.3344939,0.0002829,-0.0002829,323.1,20.8,-20.8,6.557,0.261,-0.261,1.74,0.51,-0.18,0.967,0.284,-0.101,6091.0,169.0,-211.0,4.487,0.05,-0.2,15.373,296.89484,44.37178,KEPLER_CONFIRMED,8380709,1
8381204,K02145.01,Kepler-1119 b,CONFIRMED,8.32651854,4.605e-05,-4.605e-05,267.9,11.1,-11.1,5.483,0.113,-0.113,1.8,0.59,-0.2,1.0,0.33,-0.11,6057.0,189.0,-210.0,4.45,0.056,-0.224,15.06,297.01913,44.327518,KEPLER_CONFIRMED,8381204,1
8394721,K00152.03,Kepler-79 b,CONFIRMED,13.48457668,2.3e-05,-2.3e-05,653.5,8.8,-8.8,5.0197,0.0395,-0.0395,3.39,0.63,-0.52,1.324,0.247,-0.202,6198.0,111.0,-136.0,4.237,0.13,-0.117,13.914,300.51712,44.38158,KEPLER_CONFIRMED,8394721,1
8395660,K00116.03,Kepler-106 b,CONFIRMED,6.164876,4.635e-05,-4.635e-05,55.8,4.3,-4.3,3.262,0.186,-0.186,0.79,0.13,-0.08,1.012,0.154,-0.103,5854.0,105.0,-117.0,4.406,0.09,-0.11,12.882,300.86398,44.337551,KEPLER_CONFIRMED,8395660,1
8397947,K04772.02,Kepler-1705 b,CONFIRMED,9.0194714,0.0004334,-0.0004334,191.6,31.2,-31.2,5.92,0.866,-0.866,1.07,0.47,-0.08,0.768,0.332,-0.056,5775.0,194.0,-172.0,4.59,0.031,-0.278,15.514,301.57855,44.31218,KEPLER_CONFIRMED,8397947,1
8409295,K03404.01,Kepler-1489 b,CONFIRMED,82.292865,0.001225,-0.001225,371.1,32.3,-32.3,7.048,0.374,-0.374,1.82,0.25,-0.12,0.957,0.132,-0.066,5626.0,76.0,-84.0,4.467,0.051,-0.119,14.828,281.29581,44.465401,KEPLER_CONFIRMED,8409295,1
8410415,K02291.01,Kepler-1817 b,CONFIRMED,44.2993483,0.0002664,-0.0002664,797.9,38.7,-38.7,4.298,0.146,-0.146,2.68,0.22,-0.21,0.915,0.074,-0.074,5316.0,85.0,-74.0,4.459,0.077,-0.063,15.115,282.03329,44.478008,KEPLER_CONFIRMED,8410415,1
8410727,K01148.02,Kepler-270 c,CONFIRMED,25.2630467,0.0003312,-0.0003312,125.5,9.4,-9.4,6.22,0.293,-0.293,1.71,0.3,-0.31,1.41,0.252,-0.252,6071.0,121.0,-133.0,4.202,0.149,-0.122,13.908,282.2001,44.422298,KEPLER_CONFIRMED,8410727,1
8414716,K00910.01,Kepler-721 b,CONFIRMED,5.392026903,6.664e-06,-6.664e-06,1151.4,17.2,-17.2,2.9804,0.0352,-0.0352,2.68,0.36,-0.19,0.801,0.106,-0.057,5198.0,155.0,-155.0,4.589,0.024,-0.102,15.651,284.43051,44.48053,KEPLER_CONFIRMED,8414716,1
8415200,K02730.01,Kepler-1328 b,CONFIRMED,4.52158614,2.29e-05,-2.29e-05,106.2,4.7,-4.7,3.4702,0.0988,-0.0988,1.31,0.21,-0.24,1.289,0.198,-0.242,5576.0,83.0,-75.0,4.201,0.182,-0.112,13.836,284.67538,44.41777,KEPLER_CONFIRMED,8415200,1
8416523,K04441.01,Kepler-1604 b,CONFIRMED,0.341842017,2.28e-07,-2.28e-07,285.6,5.3,-5.3,1.1554,0.0417,-0.0417,1.72,0.2,-0.14,0.747,0.086,-0.058,5016.0,151.0,-136.0,4.601,0.03,-0.07,14.915,285.41061,44.412209,KEPLER_CONFIRMED,8416523,1
8417078,K04693.01,Kepler-1619 b,CONFIRMED,23.6223571,0.0005363,-0.0005363,57.0,5.8,-5.8,6.852,0.542,-0.542,1.07,0.22,-0.27,1.393,0.29,-0.355,6144.0,170.0,-170.0,4.149,0.216,-0.126,13.341,285.70346,44.422001,KEPLER_CONFIRMED,8417078,1
8424002,K03497.01,Kepler-1512 b,CONFIRMED,20.35971899,5.479e-05,-5.479e-05,345.7,15.2,-15.2,2.1521,0.0621,-0.0621,0.8,0.12,-0.16,0.344,0.051,-0.07,3419.0,67.0,-76.0,4.904,0.084,-0.052,13.393,289.27451,44.470322,KEPLER_CONFIRMED,8424002,1
8426567,K01914.01,Kepler-1013 b,CONFIRMED,18.93055119,7.549e-05,-7.549e-05,684.0,29.4,-29.4,3.372,0.102,-0.102,4.41,2.25,-2.25,1.643,0.837,-0.837,5015.0,164.0,-149.0,3.987,0.602,-0.258,14.417,290.24805,44.435242,KEPLER_CONFIRMED,8426567,1
8429314,K02624.01,Kepler-1294 b,CONFIRMED,115.6863392,0.0008968,-0.0008968,945.9,51.5,-51.5,4.65,0.148,-0.148,3.52,0.58,-0.44,1.149,0.19,-0.142,5800.0,78.0,-87.0,4.327,0.11,-0.11,15.174,291.2681,44.48819,KEPLER_CONFIRMED,8429314,1
8430964,K03078.01,Kepler-1900 b,CONFIRMED,2.98618134,2.655e-05,-2.655e-05,122.9,11.9,-11.9,2.969,0.234,-0.234,1.16,0.38,-0.13,1.041,0.341,-0.114,6173.0,193.0,-236.0,4.447,0.056,-0.224,15.33,291.88632,44.478981,KEPLER_CONFIRMED,8430964,1
8439323,K04153.01,Kepler-1942 b,CONFIRMED,4.62602867,1.063e-05,-1.063e-05,346.9,32.3,-32.3,0.643,0.11,-0.11,1.65,0.44,-0.15,0.797,0.213,-0.071,5834.0,157.0,-174.0,4.566,0.042,-0.168,14.667,294.98059,44.425301,KEPLER_CONFIRMED,8439323,1
8456679,K00102.01,Kepler-1990 b,CONFIRMED,1.73513619,2.82e-07,-2.82e-07,952.6,2.3,-2.3,2.2741,0.00554,-0.00554,3.27,0.54,-0.33,1.071,0.177,-0.109,5751.0,103.0,-114.0,4.391,0.08,-0.12,12.566,299.70474,44.435749,KEPLER_CONFIRMED,8456679,1
8459663,K04356.01,Kepler-1593 b,CONFIRMED,174.510276,0.002148,-0.002148,1530.0,115.0,-115.0,6.689,0.345,-0.345,1.74,0.14,-0.2,0.452,0.038,-0.052,4367.0,124.0,-155.0,4.822,0.06,-0.054,15.873,300.48816,44.46067,KEPLER_CONFIRMED,8459663,1
8463346,K02529.02,Kepler-436 b,CONFIRMED,64.0019669,0.0006215,-0.0006215,1112.5,83.9,-83.9,4.724,0.231,-0.231,2.48,0.12,-0.11,0.697,0.034,-0.03,4652.0,74.0,-83.0,4.617,0.02,-0.032,15.856,301.72076,44.41206,KEPLER_CONFIRMED,8463346,1
8478994,K00245.01,Kepler-37 d,CONFIRMED,39.79220077,3.007e-05,-3.007e-05,610.4,3.6,-3.6,4.466,0.0216,-0.0216,1.9,0.08,-0.07,0.781,0.034,-0.031,5437.0,73.0,-81.0,4.571,0.02,-0.03,9.705,284.05954,44.518215,KEPLER_CONFIRMED,8478994,1
8480285,K00691.01,Kepler-647 c,CONFIRMED,29.66631669,5.989e-05,-5.989e-05,668.0,7.6,-7.6,8.412,0.052,-0.052,2.83,0.41,-0.4,1.098,0.158,-0.158,5956.0,107.0,-119.0,4.322,0.137,-0.112,13.965,284.7883,44.591679,KEPLER_CONFIRMED,8480285,1
8480582,K04386.01,Kepler-1702 b,CONFIRMED,18.5010898,0.0001557,-0.0001557,421.1,33.8,-33.8,3.179,0.17,-0.17,1.62,0.24,-0.14,0.734,0.112,-0.06,5242.0,158.0,-142.0,4.613,0.03,-0.09,15.789,284.9725,44.567551,KEPLER_CONFIRMED,8480582,1
8481129,K02402.01,Kepler-1223 b,CONFIRMED,16.3012727,0.0001047,-0.0001047,259.5,15.4,-15.4,3.974,0.141,-0.141,1.54,0.09,-0.12,0.796,0.049,-0.06,4873.0,145.0,-130.0,4.558,0.041,-0.045,14.61,285.29575,44.55275,KEPLER_CONFIRMED,8481129,1
8490993,K00911.01,Kepler-722 b,CONFIRMED,4.093578461,8.955e-06,-8.955e-06,538.6,17.0,-17.0,2.5833,0.063,-0.063,2.85,0.8,-0.34,0.999,0.28,-0.12,6077.0,162.0,-217.0,4.471,0.06,-0.18,15.399,290.26328,44.55645,KEPLER_CONFIRMED,8490993,1
8491277,K00234.01,Kepler-498 b,CONFIRMED,9.61375316,1.143e-05,-1.143e-05,797.9,8.4,-8.4,4.654,0.051,-0.051,3.27,0.97,-0.53,1.11,0.33,-0.178,5997.0,181.0,-199.0,4.364,0.108,-0.201,14.283,290.35815,44.518749,KEPLER_CONFIRMED,8491277,1
8492026,K02016.01,Kepler-1054 b,CONFIRMED,4.30656389,1.364e-05,-1.364e-05,257.0,7.5,-7.5,4.1107,0.0509,-0.0509,1.95,0.67,-0.23,1.03,0.357,-0.119,6108.0,193.0,-236.0,4.466,0.056,-0.224,14.136,290.60114,44.556381,KEPLER_CONFIRMED,8492026,1
8494142,K00370.02,Kepler-145 b,CONFIRMED,22.95062278,9.927e-05,-9.927e-05,129.8,4.3,-4.3,4.4814,0.0993,-0.0993,2.17,0.15,-0.1,1.763,0.119,-0.082,6143.0,97.0,-110.0,4.039,0.03,-0.03,11.931,291.38776,44.52911,KEPLER_CONFIRMED,8494142,1
8494410,K03685.02,Kepler-1516 b,CONFIRMED,7.2593226,2.656e-05,-2.656e-05,247.5,9.5,-9.5,6.1394,0.0952,-0.0952,1.57,0.43,-0.23,0.987,0.272,-0.146,5914.0,160.0,-178.0,4.421,0.101,-0.188,14.461,291.4946,44.523499,KEPLER_CONFIRMED,8494410,1
8494542,K02204.01,Kepler-1807 b,CONFIRMED,10.86062378,3.956e-05,-3.956e-05,189.6,10.6,-10.6,2.2874,0.0856,-0.0856,2.09,0.59,-0.59,1.496,0.421,-0.421,6455.0,175.0,-214.0,4.125,0.252,-0.168,13.957,291.54941,44.52729,KEPLER_CONFIRMED,8494542,1
8494617,K02389.01,Kepler-1218 b,CONFIRMED,22.9221181,0.000258,-0.000258,140.3,6.6,-6.6,8.2,0.244,-0.244,1.33,0.21,-0.16,1.081,0.165,-0.135,5897.0,106.0,-118.0,4.357,0.11,-0.11,13.578,291.57898,44.531712,KEPLER_CONFIRMED,8494617,1
8495415,K02362.02,Kepler-1208 b,CONFIRMED,11.08507658,5.149e-05,-5.149e-05,771.8,51.1,-51.1,1.751,0.103,-0.103,2.5,0.29,-0.23,0.793,0.089,-0.073,5080.0,184.0,-163.0,4.538,0.065,-0.065,15.938,291.88126,44.555729,KEPLER_CONFIRMED,8495415,1
8505670,K00912.02,Kepler-252 b,CONFIRMED,6.66833241,3.449e-05,-3.449e-05,362.3,30.1,-30.1,1.915,0.132,-0.132,1.18,0.21,-0.22,0.591,0.109,-0.109,4201.0,676.0,-416.0,4.682,0.088,-0.072,15.058,295.57935,44.545959,KEPLER_CONFIRMED,8505670,1
8505920,K02094.01,Kepler-1090 c,CONFIRMED,42.4269647,0.0003313,-0.0003313,632.4,37.7,-37.7,5.907,0.634,-0.634,3.44,0.55,-0.45,1.013,0.162,-0.133,5330.0,79.0,-79.0,4.366,0.137,-0.125,15.001,295.66287,44.525841,KEPLER_CONFIRMED,8505920,1
8507475,K04300.01,Kepler-1585 b,CONFIRMED,3.58273837,2.315e-05,-2.315e-05,360.5,38.0,-38.0,1.523,0.154,-0.154,1.64,0.37,-0.16,0.872,0.197,-0.085,5448.0,179.0,-179.0,4.517,0.05,-0.15,15.965,296.159,44.56311,KEPLER_CONFIRMED,8507475,1
8540376,K07892.01,Kepler-457 d,CONFIRMED,10.692115,0.003313,-0.003313,408.4,51.2,-51.2,4.657,0.44,-0.44,2.71,0.82,-0.45,1.242,0.38,-0.205,6474.0,159.0,-250.0,4.311,0.108,-0.201,14.294,282.37753,44.694592,KEPLER_CONFIRMED,8540376,1
8543100,K01975.01,Kepler-1033 b,CONFIRMED,7.56052209,2.636e-05,-2.636e-05,659.8,22.2,-22.2,3.8573,0.0793,-0.0793,2.4,0.73,-0.24,0.94,0.282,-0.094,5895.0,158.0,-211.0,4.503,0.052,-0.208,15.986,283.84515,44.609089,KEPLER_CONFIRMED,8543100,1
8544992,K02466.01,Kepler-388 b,CONFIRMED,3.17323012,1.095e-05,-1.095e-05,204.5,11.2,-11.2,1.9094,0.0852,-0.0852,0.88,0.07,-0.08,0.633,0.05,-0.055,4500.0,133.0,-133.0,4.632,0.048,-0.028,14.993,284.82803,44.60873,KEPLER_CONFIRMED,8544992,1
8544996,K00913.01,Kepler-723 b,CONFIRMED,4.082274889,2.47e-07,-2.47e-07,17859.2,12.5,-12.5,3.23015,0.00288,-0.00288,10.55,2.4,-0.87,0.794,0.181,-0.065,5655.0,152.0,-152.0,4.581,0.038,-0.152,15.198,284.83047,44.658138,KEPLER_CONFIRMED,8544996,1
8547140,K01266.01,Kepler-801 b,CONFIRMED,11.41926141,2.322e-05,-2.322e-05,915.6,18.1,-18.1,3.9908,0.0545,-0.0545,1.48,0.16,-0.23,0.492,0.054,-0.074,3823.0,167.0,-184.0,4.765,0.077,-0.056,15.314,286.07523,44.664639,KEPLER_CONFIRMED,8547140,1
8547429,K02658.01,Kepler-1866 b,CONFIRMED,11.6601667,0.0001024,-0.0001024,181.0,8.8,-8.8,5.882,0.361,-0.361,2.08,0.33,-0.19,1.083,0.172,-0.1,5791.0,78.0,-86.0,4.381,0.08,-0.12,14.406,286.22464,44.654469,KEPLER_CONFIRMED,8547429,1
8552719,K01792.03,Kepler-953 c,CONFIRMED,9.10969334,2.7e-05,-2.7e-05,126.4,2.7,-2.7,5.3181,0.0677,-0.0677,1.32,0.21,-0.13,1.073,0.173,-0.106,5611.0,100.0,-112.0,4.388,0.08,-0.12,12.16,288.97165,44.624531,KEPLER_CONFIRMED,8552719,1
8554701,K03315.01,Kepler-1466 b,CONFIRMED,31.1748311,0.0002131,-0.0002131,200.2,13.6,-13.6,3.79,0.168,-0.168,1.31,0.4,-0.14,0.921,0.288,-0.096,6086.0,164.0,-182.0,4.511,0.054,-0.216,13.926,289.83121,44.609859,KEPLER_CONFIRMED,8554701,1
8557374,K00692.01,Kepler-213 b,CONFIRMED,2.462344253,4.096e-06,-4.096e-06,180.1,5.0,-5.0,1.8113,0.0424,-0.0424,1.33,0.22,-0.07,1.008,0.159,-0.057,5736.0,103.0,-125.0,4.467,0.03,-0.12,13.648,290.82419,44.647179,KEPLER_CONFIRMED,8557374,1
8558011,K00577.01,Kepler-607 c,CONFIRMED,39.6766071,0.0002446,-0.0002446,611.2,26.1,-26.1,5.04,0.178,-0.178,2.29,0.51,-0.33,0.888,0.197,-0.131,5244.0,203.0,-184.0,4.449,0.112,-0.192,14.405,291.05722,44.632381,KEPLER_CONFIRMED,8558011,1
8559152,K02488.01,Kepler-1256 b,CONFIRMED,12.4128518,9.937e-05,-9.937e-05,108.1,6.5,-6.5,4.298,0.174,-0.174,1.5,0.24,-0.27,1.346,0.214,-0.238,5945.0,118.0,-118.0,4.196,0.168,-0.112,13.539,291.4743,44.68351,KEPLER_CONFIRMED,8559152,1
8559644,K00139.01,Kepler-111 c,CONFIRMED,224.7789355,0.0002569,-0.0002569,3487.5,15.8,-15.8,11.1899,0.0916,-0.0916,7.67,1.33,-1.2,1.235,0.213,-0.194,5873.0,93.0,-129.0,4.293,0.12,-0.12,13.492,291.65317,44.688271,KEPLER_CONFIRMED,8559644,1
8561063,K00961.02,Kepler-42 c,CONFIRMED,0.453287416,1.02e-07,-1.02e-07,1461.5,11.3,-11.3,0.4445,0.015,-0.015,0.76,0.19,-0.09,0.148,0.039,-0.017,3292.0,44.0,-24.0,5.215,0.053,-0.098,15.92,292.21906,44.61916,KEPLER_CONFIRMED,8561063,1
8561231,K02346.01,Kepler-1202 b,CONFIRMED,28.6853212,0.0002024,-0.0002024,689.1,31.8,-31.8,6.307,0.174,-0.174,2.69,0.64,-0.23,0.838,0.197,-0.071,5726.0,143.0,-172.0,4.559,0.04,-0.16,15.658,292.29062,44.653252,KEPLER_CONFIRMED,8561231,1
8564587,K01270.01,Kepler-57 b,CONFIRMED,5.729317577,4.529e-06,-4.529e-06,865.4,17.7,-17.7,1.1816,0.0247,-0.0247,2.41,0.38,-0.2,0.786,0.122,-0.066,5320.0,159.0,-143.0,4.589,0.028,-0.105,14.809,293.6413,44.65704,KEPLER_CONFIRMED,8564587,1
8564674,K02022.02,Kepler-349 c,CONFIRMED,12.2476121,0.0002309,-0.0002309,402.7,69.0,-69.0,3.209,0.465,-0.465,1.9,0.28,-0.1,0.956,0.143,-0.048,5741.0,78.0,-78.0,4.492,0.03,-0.128,14.746,293.67648,44.615582,KEPLER_CONFIRMED,8564674,1
8565266,K00578.01,Kepler-608 b,CONFIRMED,6.412512953,5.036e-06,-5.036e-06,1156.4,7.6,-7.6,5.2677,0.0434,-0.0434,3.89,1.18,-0.63,1.108,0.334,-0.18,6026.0,190.0,-211.0,4.366,0.108,-0.201,14.684,293.88293,44.638088,KEPLER_CONFIRMED,8565266,1
8570333,K02436.01,Kepler-1237 b,CONFIRMED,84.5733346,0.0006541,-0.0006541,891.6,50.5,-50.5,5.762,0.193,-0.193,2.59,0.58,-0.22,0.888,0.198,-0.074,5418.0,164.0,-180.0,4.543,0.03,-0.17,15.758,295.62927,44.69062,KEPLER_CONFIRMED,8570333,1
8573193,K04337.01,Kepler-1591 b,CONFIRMED,8.18504859,8.346e-05,-8.346e-05,97.6,9.5,-9.5,4.673,0.349,-0.349,0.93,0.24,-0.08,0.906,0.234,-0.084,5984.0,149.0,-179.0,4.521,0.044,-0.187,14.686,296.51666,44.608608,KEPLER_CONFIRMED,8573193,1
8578780,K02023.01,Kepler-1784 b,CONFIRMED,13.59051547,5.634e-05,-5.634e-05,621.9,24.9,-24.9,3.784,0.104,-0.104,2.4,0.61,-0.33,0.974,0.248,-0.133,5442.0,164.0,-164.0,4.409,0.135,-0.18,15.15,297.95416,44.66748,KEPLER_CONFIRMED,8578780,1
8583696,K01275.01,Kepler-803 b,CONFIRMED,50.28635977,8.516e-05,-8.516e-05,1119.3,12.8,-12.8,6.3212,0.0464,-0.0464,3.88,0.62,-0.56,1.167,0.185,-0.168,5900.0,105.0,-117.0,4.309,0.132,-0.108,13.672,299.22162,44.693871,KEPLER_CONFIRMED,8583696,1
8591173,K02181.01,Kepler-1804 b,CONFIRMED,12.2885046,0.0001092,-0.0001092,342.1,33.7,-33.7,2.807,0.232,-0.232,3.22,1.5,-1.82,1.671,0.775,-0.947,5109.0,169.0,-138.0,3.96,0.616,-0.264,14.414,301.34286,44.672211,KEPLER_CONFIRMED,8591173,1
8591693,K02123.01,Kepler-1796 b,CONFIRMED,29.4557841,0.0001187,-0.0001187,533.8,23.0,-23.0,3.451,0.101,-0.101,2.19,0.68,-0.22,0.949,0.292,-0.097,6036.0,162.0,-198.0,4.491,0.052,-0.208,14.385,301.54297,44.60561,KEPLER_CONFIRMED,8591693,1
8609450,K01278.01,Kepler-282 d,CONFIRMED,24.8056775,0.0001033,-0.0001033,624.4,16.5,-16.5,6.148,0.102,-0.102,2.16,0.22,-0.22,0.872,0.088,-0.088,5600.0,112.0,-100.0,4.455,0.102,-0.077,15.204,284.67728,44.79768,KEPLER_CONFIRMED,8609450,1
8611257,K02931.01,Kepler-1389 b,CONFIRMED,99.2532336,0.000916,-0.000916,538.0,30.6,-30.6,7.208,0.226,-0.226,2.17,0.15,-0.08,0.715,0.047,-0.029,5010.0,100.0,-100.0,4.623,0.014,-0.052,14.699,285.71741,44.758419,KEPLER_CONFIRMED,8611257,1
8611781,K02185.01,Kepler-1135 b,CONFIRMED,76.957056,0.0006256,-0.0006256,367.1,15.8,-15.8,9.551,0.189,-0.189,2.09,0.57,-0.37,1.041,0.281,-0.187,5878.0,157.0,-157.0,4.363,0.153,-0.187,14.353,286.00296,44.756592,KEPLER_CONFIRMED,8611781,1
8611832,K02414.02,Kepler-384 c,CONFIRMED,45.3486381,0.0004007,-0.0004007,162.9,11.0,-11.0,4.858,0.205,-0.205,1.61,0.26,-0.26,1.104,0.176,-0.176,5610.0,112.0,-101.0,4.301,0.168,-0.112,13.584,286.02612,44.782871,KEPLER_CONFIRMED,8611832,1
8612275,K02111.01,Kepler-360 b,CONFIRMED,3.289726319,8.626e-06,-8.626e-06,234.9,9.9,-9.9,2.3274,0.0662,-0.0662,1.37,0.16,-0.08,0.91,0.11,-0.055,5463.0,82.0,-73.0,4.492,0.045,-0.098,14.866,286.28473,44.781551,KEPLER_CONFIRMED,8612275,1
8612847,K01264.01,Kepler-800 b,CONFIRMED,14.13175309,4.462e-05,-4.462e-05,1033.0,29.7,-29.7,4.0136,0.0822,-0.0822,3.02,0.76,-0.25,0.822,0.207,-0.069,5616.0,169.0,-169.0,4.564,0.031,-0.168,15.762,286.57483,44.7952,KEPLER_CONFIRMED,8612847,1
8613535,K02263.02,Kepler-1165 b,CONFIRMED,9.47850818,5.266e-05,-5.266e-05,184.6,7.4,-7.4,6.154,0.131,-0.131,1.47,0.45,-0.16,1.076,0.335,-0.112,6249.0,174.0,-217.0,4.428,0.054,-0.202,14.456,286.97128,44.708302,KEPLER_CONFIRMED,8613535,1
8616637,K00579.01,Kepler-190 b,CONFIRMED,2.019997006,2.758e-06,-2.758e-06,332.8,7.4,-7.4,1.8073,0.0369,-0.0369,1.46,0.09,-0.08,0.787,0.051,-0.039,5103.0,101.0,-101.0,4.562,0.032,-0.052,14.137,288.58405,44.733799,KEPLER_CONFIRMED,8616637,1
8617363,K02945.01,Kepler-1887 b,CONFIRMED,19.94752741,7.976e-05,-7.976e-05,861.3,65.5,-65.5,1.756,0.121,-0.121,2.52,0.57,-0.2,0.864,0.194,-0.069,5749.0,153.0,-170.0,4.547,0.04,-0.16,15.999,288.95551,44.7057,KEPLER_CONFIRMED,8617363,1
8620402,K03267.01,Kepler-1913 b,CONFIRMED,14.1959621,0.00012,-0.00012,196.2,16.5,-16.5,3.605,0.208,-0.208,1.66,0.54,-0.18,1.076,0.353,-0.118,6214.0,186.0,-224.0,4.442,0.054,-0.216,14.706,290.21667,44.779678,KEPLER_CONFIRMED,8620402,1
8625925,K00580.01,Kepler-609 b,CONFIRMED,6.521209629,8.386e-06,-8.386e-06,760.4,12.6,-12.6,2.7975,0.0406,-0.0406,2.54,0.61,-0.25,0.898,0.217,-0.087,5822.0,140.0,-175.0,4.529,0.042,-0.168,14.856,292.22031,44.700031,KEPLER_CONFIRMED,8625925,1
8628758,K01279.01,Kepler-804 b,CONFIRMED,14.37457572,3.311e-05,-3.311e-05,335.8,6.6,-6.6,4.7892,0.057,-0.057,1.94,0.29,-0.24,1.067,0.16,-0.131,5768.0,115.0,-115.0,4.358,0.121,-0.11,13.749,293.37225,44.785141,KEPLER_CONFIRMED,8628758,1
8628973,K00916.01,Kepler-724 b,CONFIRMED,3.314947362,1.705e-06,-1.705e-06,1398.2,13.6,-13.6,1.8007,0.0284,-0.0284,3.94,1.11,-0.37,0.944,0.266,-0.089,5609.0,150.0,-166.0,4.481,0.062,-0.188,15.142,293.45483,44.792789,KEPLER_CONFIRMED,8628973,1
8630788,K01258.01,Kepler-281 c,CONFIRMED,36.33750453,7.262e-05,-7.262e-05,2828.4,32.5,-32.5,7.06,0.161,-0.161,5.3,1.38,-0.46,0.884,0.23,-0.077,5717.0,156.0,-173.0,4.538,0.044,-0.187,15.773,294.10818,44.770699,KEPLER_CONFIRMED,8630788,1
8631504,K02503.01,Kepler-1846 b,CONFIRMED,14.8200596,0.0001119,-0.0001119,184.9,10.3,-10.3,3.902,0.201,-0.201,0.96,0.06,-0.04,0.732,0.043,-0.029,4825.0,96.0,-96.0,4.603,0.018,-0.045,14.146,294.39105,44.762959,KEPLER_CONFIRMED,8631504,1
8636333,K03349.01,Kepler-1475 b,CONFIRMED,82.175197,0.001126,-0.001126,546.4,30.5,-30.5,8.664,0.323,-0.323,2.24,0.68,-0.23,0.954,0.291,-0.097,6247.0,188.0,-206.0,4.489,0.05,-0.2,15.292,295.94827,44.75312,KEPLER_CONFIRMED,8636333,1
8636434,K03946.01,Kepler-1533 b,CONFIRMED,308.544422,0.001547,-0.001547,586.8,11.8,-11.8,18.503,0.127,-0.127,3.28,0.75,-0.38,1.349,0.311,-0.156,6325.0,69.0,-88.0,4.274,0.081,-0.15,13.215,295.97556,44.713451,KEPLER_CONFIRMED,8636434,1
8636600,K04478.01,Kepler-1959 b,CONFIRMED,6.38671206,2.762e-05,-2.762e-05,223.7,23.9,-23.9,1.201,0.109,-0.109,1.19,0.11,-0.13,0.811,0.08,-0.088,5071.0,153.0,-138.0,4.505,0.088,-0.072,14.58,296.02225,44.732658,KEPLER_CONFIRMED,8636600,1
8644288,K00137.02,Kepler-18 d,CONFIRMED,14.85890852,3.808e-06,-3.808e-06,3269.0,7.7,-7.7,3.5252,0.0133,-0.0133,5.94,0.37,-0.4,1.055,0.065,-0.072,5356.0,112.0,-72.0,4.338,0.065,-0.04,13.549,298.07944,44.746319,KEPLER_CONFIRMED,8644288,1
8644365,K03384.02,Kepler-1485 b,CONFIRMED,19.9158863,0.0001205,-0.0001205,143.2,5.4,-5.4,6.191,0.138,-0.138,1.41,0.24,-0.12,1.092,0.181,-0.097,6047.0,120.0,-133.0,4.387,0.066,-0.123,13.204,298.09543,44.737061,KEPLER_CONFIRMED,8644365,1
8651389,K01754.01,Kepler-1768 b,CONFIRMED,15.13590453,6.155e-05,-6.155e-05,255.7,15.3,-15.3,2.236,0.102,-0.102,2.57,0.74,-0.75,1.572,0.459,-0.459,6050.0,190.0,-232.0,4.137,0.252,-0.168,13.964,299.95721,44.771889,KEPLER_CONFIRMED,8651389,1
8653134,K06186.01,Kepler-1643 b,CONFIRMED,5.34264143,2.074e-05,-2.074e-05,691.3,39.5,-39.5,2.453,0.1,-0.1,1.72,0.21,-0.13,0.67,0.08,-0.053,5101.0,184.0,-184.0,4.63,0.045,-0.06,13.116,300.431,44.751015,KEPLER_CONFIRMED,8653134,1
8672910,K00918.01,Kepler-725 b,CONFIRMED,39.6431552,1.041e-05,-1.041e-05,15663.8,24.4,-24.4,6.5292,0.00694,-0.00694,10.98,0.72,-0.99,0.9,0.059,-0.081,5231.0,83.0,-73.0,4.455,0.091,-0.049,15.011,283.97751,44.811562,KEPLER_CONFIRMED,8672910,1
8676148,K02544.01,Kepler-1273 b,CONFIRMED,28.6253502,0.0002554,-0.0002554,652.7,40.7,-40.7,4.551,0.184,-0.184,2.38,0.71,-0.22,0.941,0.281,-0.088,5774.0,154.0,-188.0,4.508,0.036,-0.204,15.826,285.80322,44.873428,KEPLER_CONFIRMED,8676148,1
8678594,K01261.02,Kepler-799 c,CONFIRMED,15.19423359,8.343e-05,-8.343e-05,367.8,22.5,-22.5,3.106,0.125,-0.125,3.69,0.57,-0.85,1.593,0.245,-0.368,5588.0,83.0,-75.0,4.047,0.203,-0.087,15.12,287.1749,44.878571,KEPLER_CONFIRMED,8678594,1
8680979,K01891.02,Kepler-330 b,CONFIRMED,8.25980352,4.686e-05,-4.686e-05,298.4,18.0,-18.0,2.928,0.13,-0.13,1.35,0.04,-0.1,0.805,0.028,-0.056,4891.0,78.0,-87.0,4.516,0.067,-0.018,15.261,288.44739,44.801682,KEPLER_CONFIRMED,8680979,1
8681734,K02340.01,Kepler-1198 b,CONFIRMED,7.68478504,3.077e-05,-3.077e-05,274.1,14.7,-14.7,2.447,0.105,-0.105,1.47,0.13,-0.11,0.907,0.081,-0.066,5344.0,85.0,-74.0,4.469,0.07,-0.077,14.776,288.83401,44.838249,KEPLER_CONFIRMED,8681734,1
8681833,K02865.01,Kepler-1372 b,CONFIRMED,1.311558909,5.764e-06,-5.764e-06,141.3,9.7,-9.7,1.919,0.12,-0.12,1.15,0.35,-0.12,0.963,0.297,-0.099,5926.0,164.0,-205.0,4.501,0.039,-0.221,15.371,288.88663,44.83955,KEPLER_CONFIRMED,8681833,1
8685497,K01629.01,Kepler-914 b,CONFIRMED,4.4096675,1.189e-05,-1.189e-05,132.7,5.8,-5.8,2.1418,0.0626,-0.0626,1.51,0.25,-0.15,1.166,0.193,-0.113,5836.0,104.0,-127.0,4.347,0.08,-0.12,13.574,290.41199,44.89933,KEPLER_CONFIRMED,8685497,1
8686097,K00374.01,Kepler-540 b,CONFIRMED,172.7046083,0.0004753,-0.0004753,659.1,8.0,-8.0,11.347,0.0738,-0.0738,2.85,0.45,-0.44,1.116,0.175,-0.175,5851.0,105.0,-117.0,4.302,0.156,-0.104,12.209,290.62524,44.873959,KEPLER_CONFIRMED,8686097,1
8686373,K04066.01,Kepler-1936 b,CONFIRMED,126.55719,0.001217,-0.001217,366.4,16.4,-16.4,8.079,0.548,-0.548,4.59,1.44,-1.43,1.854,0.578,-0.578,6501.0,179.0,-247.0,4.054,0.231,-0.189,13.666,290.73001,44.836121,KEPLER_CONFIRMED,8686373,1
8689031,K00920.01,Kepler-726 b,CONFIRMED,21.80451611,4.733e-05,-4.733e-05,1144.9,26.4,-26.4,3.4097,0.0714,-0.0714,2.6,0.47,-0.19,0.708,0.127,-0.051,5481.0,163.0,-146.0,4.629,0.028,-0.112,15.067,291.71732,44.88731,KEPLER_CONFIRMED,8689031,1
8689373,K00921.03,Kepler-253 b,CONFIRMED,3.78402867,1.076e-05,-1.076e-05,426.1,18.4,-18.4,1.9012,0.0678,-0.0678,1.7,0.25,-0.12,0.775,0.111,-0.056,5196.0,155.0,-155.0,4.593,0.026,-0.097,15.532,291.84198,44.858089,KEPLER_CONFIRMED,8689373,1
8689793,K01893.01,Kepler-1003 b,CONFIRMED,3.554856338,6.658e-06,-6.658e-06,232.9,6.7,-6.7,2.1004,0.0428,-0.0428,1.29,0.37,-0.1,0.831,0.24,-0.06,6068.0,163.0,-181.0,4.565,0.036,-0.204,14.053,292.02045,44.876221,KEPLER_CONFIRMED,8689793,1
8692861,K00172.01,Kepler-69 b,CONFIRMED,13.7223682,1.822e-05,-1.822e-05,571.1,6.5,-6.5,5.1231,0.0357,-0.0357,2.23,0.28,-0.27,0.943,0.117,-0.117,5637.0,113.0,-101.0,4.399,0.132,-0.088,13.749,293.26093,44.868889,KEPLER_CONFIRMED,8692861,1
8700771,K01283.01,Kepler-806 b,CONFIRMED,8.0922105,3.324e-05,-3.324e-05,65.3,2.0,-2.0,5.7696,0.0626,-0.0626,1.44,0.22,-0.34,1.395,0.216,-0.325,5774.0,115.0,-92.0,4.106,0.224,-0.096,11.731,296.00711,44.853474,KEPLER_CONFIRMED,8700771,1
8709688,K03019.01,Kepler-1893 b,CONFIRMED,4.17939037,2.877e-05,-2.877e-05,172.8,12.2,-12.2,2.647,0.132,-0.132,1.52,0.24,-0.23,1.162,0.179,-0.179,5633.0,76.0,-76.0,4.296,0.15,-0.113,14.927,298.40137,44.838181,KEPLER_CONFIRMED,8709688,1
8711794,K00105.01,Kepler-463 b,CONFIRMED,8.981014925,3.085e-06,-3.085e-06,1059.3,6.4,-6.4,1.8478,0.0116,-0.0116,3.14,0.43,-0.48,0.967,0.133,-0.147,5666.0,124.0,-102.0,4.362,0.156,-0.104,12.87,298.93704,44.85791,KEPLER_CONFIRMED,8711794,1
8733898,K02842.01,Kepler-446 b,CONFIRMED,1.565412613,1.601e-06,-1.601e-06,2754.6,83.1,-83.1,0.7572,0.0299,-0.0299,1.73,0.22,-0.19,0.328,0.04,-0.036,3464.0,69.0,-55.0,4.923,0.044,-0.044,16.257,282.25021,44.921108,KEPLER_CONFIRMED,8733898,1
8738735,K00693.02,Kepler-214 b,CONFIRMED,15.66057688,3.826e-05,-3.826e-05,384.1,6.3,-6.3,7.012,0.0696,-0.0696,2.05,0.34,-0.12,1.044,0.173,-0.062,6000.0,106.0,-142.0,4.45,0.032,-0.128,13.949,284.75485,44.956032,KEPLER_CONFIRMED,8738735,1
8738775,K03432.01,Kepler-1498 b,CONFIRMED,48.0506878,0.0009968,-0.0009968,274.5,21.4,-21.4,7.999,0.45,-0.45,2.36,0.42,-0.78,1.453,0.26,-0.483,5332.0,95.0,-63.0,4.083,0.338,-0.113,15.033,284.77811,44.916779,KEPLER_CONFIRMED,8738775,1
8742590,K01281.01,Kepler-1742 b,CONFIRMED,49.4781446,0.0002006,-0.0002006,496.6,28.0,-28.0,2.493,0.102,-0.102,1.88,0.52,-0.17,0.849,0.236,-0.079,5776.0,138.0,-155.0,4.554,0.035,-0.196,14.427,286.96683,44.992489,KEPLER_CONFIRMED,8742590,1
8745553,K05568.01,Kepler-1633 b,CONFIRMED,62.134919,0.002027,-0.002027,147.5,15.4,-15.4,8.711,0.854,-0.854,6.71,1.09,-3.27,4.912,0.799,-2.396,5889.0,79.0,-88.0,3.358,0.45,-0.079,13.435,288.5152,44.923229,KEPLER_CONFIRMED,8745553,1
8750043,K02017.01,Kepler-1055 b,CONFIRMED,2.29503515,1.29e-05,-1.29e-05,172.1,18.5,-18.5,1.654,0.151,-0.151,1.18,0.16,-0.08,0.909,0.123,-0.066,5637.0,101.0,-112.0,4.482,0.059,-0.102,13.09,290.48676,44.932621,KEPLER_CONFIRMED,8750043,1
8751796,K03125.01,Kepler-1435 b,CONFIRMED,4.45342418,3.85e-05,-3.85e-05,46.6,3.3,-3.3,3.654,0.188,-0.188,0.9,0.17,-0.11,1.269,0.237,-0.158,6256.0,114.0,-126.0,4.269,0.12,-0.12,12.938,291.17328,44.921131,KEPLER_CONFIRMED,8751796,1
8751933,K01257.01,Kepler-420 b,CONFIRMED,86.64764448,4.403e-05,-4.403e-05,7311.6,35.2,-35.2,4.2326,0.0174,-0.0174,9.4,1.33,-1.33,1.12,0.158,-0.158,5522.0,75.0,-83.0,4.323,0.132,-0.108,14.651,291.22519,44.92738,KEPLER_CONFIRMED,8751933,1
8753657,K00321.01,Kepler-406 b,CONFIRMED,2.426304127,2.398e-06,-2.398e-06,185.4,2.2,-2.2,2.6624,0.028,-0.028,1.41,0.21,-0.08,0.97,0.15,-0.053,5678.0,102.0,-124.0,4.484,0.03,-0.12,12.52,291.84805,44.96822,KEPLER_CONFIRMED,8753657,1
8753896,K02473.01,Kepler-389 b,CONFIRMED,3.24417541,1.562e-05,-1.562e-05,371.9,23.4,-23.4,1.992,0.105,-0.105,1.84,0.08,-0.16,0.87,0.037,-0.075,5094.0,81.0,-81.0,4.469,0.096,-0.03,15.77,291.95999,44.900021,KEPLER_CONFIRMED,8753896,1
8757824,K02552.01,Kepler-1275 b,CONFIRMED,3.65690909,1.919e-05,-1.919e-05,107.4,9.8,-9.8,2.064,0.141,-0.141,1.32,0.23,-0.17,1.271,0.216,-0.162,6078.0,81.0,-90.0,4.294,0.099,-0.121,14.46,293.50049,44.932461,KEPLER_CONFIRMED,8757824,1
8758204,K02841.01,Kepler-1881 b,CONFIRMED,159.388788,0.003488,-0.003488,1033.0,68.1,-68.1,8.432,0.394,-0.394,2.73,0.14,-0.24,0.874,0.044,-0.076,5135.0,84.0,-77.0,4.464,0.09,-0.036,15.822,293.6394,44.982529,KEPLER_CONFIRMED,8758204,1
8760040,K02963.01,Kepler-1396 b,CONFIRMED,18.2206024,0.0001324,-0.0001324,201.8,11.2,-11.2,5.109,0.15,-0.15,1.78,0.3,-0.23,1.262,0.209,-0.168,5951.0,71.0,-79.0,4.283,0.12,-0.12,14.544,294.33646,44.918289,KEPLER_CONFIRMED,8760040,1
8766650,K01904.01,Kepler-1008 b,CONFIRMED,12.43929428,5.267e-05,-5.267e-05,254.3,12.1,-12.1,3.176,0.105,-0.105,1.3,0.06,-0.09,0.773,0.036,-0.053,4987.0,99.0,,4.531,0.068,-0.023,13.395,296.54752,44.941929,KEPLER_CONFIRMED,8766650,1
8773015,K04301.01,Kepler-1586 b,CONFIRMED,15.604841,0.0001334,-0.0001334,73.4,5.0,-5.0,4.543,0.172,-0.172,1.57,0.32,-0.48,1.706,0.349,-0.524,6254.0,174.0,-212.0,4.019,0.266,-0.114,13.096,298.20261,44.925831,KEPLER_CONFIRMED,8773015,1
8780959,K03741.04,Kepler-1518 c,CONFIRMED,9.6310258,0.0001257,-0.0001257,297.2,25.1,-25.1,5.255,0.241,-0.241,2.9,0.82,-0.68,1.345,0.382,-0.313,6432.0,155.0,-214.0,4.207,0.19,-0.171,13.306,300.33237,44.986141,KEPLER_CONFIRMED,8780959,1
8800954,K01274.01,Kepler-421 b,CONFIRMED,704.962626,0.00905,-0.00905,2319.1,58.1,-58.1,18.003,0.732,-0.732,4.53,0.35,-0.36,0.818,0.062,-0.066,5305.0,121.0,-95.0,4.489,0.076,-0.046,13.354,283.25681,45.08778,KEPLER_CONFIRMED,8800954,1
8801316,K02956.01,Kepler-1394 b,CONFIRMED,3.93766786,3.442e-05,-3.442e-05,24.3,1.7,-1.7,4.655,0.195,-0.195,1.36,0.16,-0.37,2.741,0.324,-0.757,6277.0,126.0,-113.0,3.728,0.218,-0.073,11.801,283.45319,45.084141,KEPLER_CONFIRMED,8801316,1
8802165,K00694.01,Kepler-648 b,CONFIRMED,17.42115972,2.09e-05,-2.09e-05,928.1,9.2,-9.2,4.9974,0.0502,-0.0502,3.11,0.47,-0.15,0.972,0.149,-0.047,5679.0,103.0,-125.0,4.487,0.024,-0.128,13.939,283.89966,45.016891,KEPLER_CONFIRMED,8802165,1
8802693,K02000.01,Kepler-1045 b,CONFIRMED,26.41044199,7.741e-05,-7.741e-05,991.1,36.5,-36.5,3.0715,0.084,-0.084,2.45,0.43,-0.19,0.734,0.131,-0.056,5448.0,162.0,-162.0,4.613,0.037,-0.112,15.593,284.18329,45.0741,KEPLER_CONFIRMED,8802693,1
8804283,K01276.01,Kepler-1991 c,CONFIRMED,22.79020351,6.878e-05,-6.878e-05,617.9,13.9,-13.9,5.0394,0.079,-0.079,2.57,0.36,-0.36,1.053,0.147,-0.147,5478.0,82.0,-74.0,4.354,0.132,-0.096,14.766,285.0361,45.07106,KEPLER_CONFIRMED,8804283,1
8804397,K01853.01,Kepler-983 b,CONFIRMED,60.0853848,0.0002239,-0.0002239,432.2,9.6,-9.6,7.007,0.116,-0.116,2.4,0.43,-0.12,1.047,0.19,-0.051,6028.0,107.0,-131.0,4.459,0.024,-0.136,13.43,285.10406,45.008171,KEPLER_CONFIRMED,8804397,1
8804845,K02039.02,Kepler-1067 b,CONFIRMED,0.762132307,3.799e-06,-3.799e-06,63.7,8.0,-8.0,1.22,0.155,-0.155,0.75,0.11,-0.04,0.934,0.127,-0.054,5594.0,75.0,-83.0,4.489,0.038,-0.113,14.305,285.38742,45.049049,KEPLER_CONFIRMED,8804845,1
8805348,K00695.01,Kepler-649 b,CONFIRMED,29.90721859,5.371e-05,-5.371e-05,588.0,8.6,-8.6,4.8475,0.0455,-0.0455,2.16,0.26,-0.19,0.896,0.11,-0.08,5739.0,103.0,-115.0,4.476,0.068,-0.102,13.437,285.65594,45.079559,KEPLER_CONFIRMED,8805348,1
8806072,K01273.01,Kepler-802 b,CONFIRMED,40.05881661,9.527e-05,-9.527e-05,1239.4,22.4,-22.4,5.595,0.108,-0.108,3.43,0.98,-0.31,0.868,0.248,-0.078,5668.0,152.0,-169.0,4.545,0.034,-0.195,14.862,286.01587,45.007771,KEPLER_CONFIRMED,8806072,1
8806123,K00523.01,Kepler-177 c,CONFIRMED,49.41121127,6.273e-05,-6.273e-05,3184.0,30.2,-30.2,5.278,0.0815,-0.0815,6.77,1.07,-0.46,1.015,0.161,-0.069,5768.0,78.0,-86.0,4.434,0.054,-0.126,15.0,286.04712,45.053211,KEPLER_CONFIRMED,8806123,1
8822216,K00581.01,Kepler-610 b,CONFIRMED,6.996926239,6.335e-06,-6.335e-06,1317.4,15.0,-15.0,2.7374,0.0259,-0.0259,3.21,0.77,-0.31,0.893,0.215,-0.086,5713.0,138.0,-173.0,4.541,0.042,-0.168,14.807,293.17133,45.065601,KEPLER_CONFIRMED,8822216,1
8822366,K01282.01,Kepler-805 b,CONFIRMED,30.8639476,0.000107,-0.000107,256.5,4.7,-4.7,8.864,0.11,-0.11,3.01,0.16,-0.13,1.571,0.086,-0.063,5977.0,80.0,-80.0,4.08,0.02,-0.018,12.547,293.22995,45.05331,KEPLER_CONFIRMED,8822366,1
8824737,K03347.01,Kepler-1917 b,CONFIRMED,12.90235874,8.403e-05,-8.403e-05,354.4,26.7,-26.7,2.446,0.155,-0.155,1.49,0.34,-0.13,0.788,0.176,-0.07,5530.0,166.0,-166.0,4.586,0.036,-0.144,15.487,294.10391,45.001419,KEPLER_CONFIRMED,8824737,1
8826007,K03266.01,Kepler-1450 b,CONFIRMED,54.5091549,0.0005671,-0.0005671,622.2,42.2,-42.2,5.125,0.179,-0.179,1.94,0.18,-0.16,0.603,0.056,-0.05,4406.0,118.0,-131.0,4.67,0.036,-0.04,15.498,294.55383,45.08139,KEPLER_CONFIRMED,8826007,1
8826168,K01850.01,Kepler-980 b,CONFIRMED,11.55103848,2.567e-05,-2.567e-05,402.8,9.2,-9.2,3.3601,0.059,-0.059,2.17,0.34,-0.2,1.058,0.166,-0.097,5907.0,105.0,-117.0,4.395,0.08,-0.12,14.138,294.61301,45.060169,KEPLER_CONFIRMED,8826168,1
8826878,K00922.01,Kepler-727 b,CONFIRMED,5.15448142,1.026e-05,-1.026e-05,697.5,16.4,-16.4,3.228,0.122,-0.122,2.94,0.63,-0.39,0.884,0.19,-0.117,5431.0,161.0,-161.0,4.457,0.104,-0.156,15.365,294.84689,45.034409,KEPLER_CONFIRMED,8826878,1
8827575,K03052.02,Kepler-1992 b,CONFIRMED,15.6112238,0.0001275,-0.0001275,113.5,8.1,-8.1,3.873,0.209,-0.209,0.91,0.09,-0.05,0.842,0.084,-0.045,5383.0,107.0,-107.0,4.528,0.042,-0.078,13.573,295.09027,45.081181,KEPLER_CONFIRMED,8827575,1
8832512,K01821.01,Kepler-963 b,CONFIRMED,9.97682072,3.432e-05,-3.432e-05,966.8,35.1,-35.1,3.4873,0.0931,-0.0931,2.85,0.73,-0.46,0.928,0.239,-0.147,5500.0,166.0,-166.0,4.416,0.124,-0.171,14.943,296.75296,45.0411,KEPLER_CONFIRMED,8832512,1
8845205,K00463.01,Kepler-560 b,CONFIRMED,18.47762694,1.563e-05,-1.563e-05,2604.6,39.7,-39.7,1.94,0.0457,-0.0457,1.55,0.32,-0.29,0.283,0.059,-0.053,3395.0,74.0,-67.0,4.97,0.072,-0.065,14.708,300.20609,45.018139,KEPLER_CONFIRMED,8845205,1
8866102,K00042.01,Kepler-410 A b,CONFIRMED,17.83367834,1.385e-05,-1.385e-05,326.9,2.4,-2.4,4.5112,0.0195,-0.0195,2.43,0.12,-0.14,1.337,0.067,-0.074,6407.0,76.0,-83.0,4.268,0.03,-0.03,9.364,283.1507,45.139832,KEPLER_CONFIRMED,8866102,1
8866137,K02074.01,Kepler-1083 b,CONFIRMED,33.4178173,0.0001735,-0.0001735,1166.8,45.8,-45.8,4.645,0.133,-0.133,3.13,0.41,-0.24,0.744,0.096,-0.059,5136.0,153.0,-138.0,4.607,0.033,-0.077,15.824,283.16196,45.198311,KEPLER_CONFIRMED,8866137,1
8873450,K07913.01,Kepler-1975 b,CONFIRMED,24.2783801,0.0003588,-0.0003588,714.4,60.5,-60.5,4.564,0.258,-0.258,2.03,0.08,-0.17,0.707,0.029,-0.059,4450.0,132.0,-132.0,4.583,0.056,-0.02,14.164,286.74857,45.158741,KEPLER_CONFIRMED,8873450,1
8874090,K01404.01,Kepler-834 b,CONFIRMED,13.32389352,4.715e-05,-4.715e-05,781.3,33.1,-33.1,3.2208,0.0921,-0.0921,1.26,0.23,-0.31,0.45,0.082,-0.11,3751.0,219.0,-219.0,4.813,0.104,-0.085,15.931,287.05453,45.18037,KEPLER_CONFIRMED,8874090,1
8878187,K00697.01,Kepler-650 b,CONFIRMED,3.032147946,3.343e-06,-3.343e-06,488.6,5.4,-5.4,3.8627,0.0447,-0.0447,3.62,0.58,-0.77,1.447,0.232,-0.309,5827.0,104.0,-115.0,4.151,0.168,-0.098,13.684,289.00089,45.15427,KEPLER_CONFIRMED,8878187,1
8880123,K03493.01,Kepler-1925 b,CONFIRMED,46.7162336,0.0008367,-0.0008367,345.5,26.4,-26.4,7.259,0.417,-0.417,2.03,0.33,-0.18,1.092,0.18,-0.097,5856.0,79.0,-79.0,4.386,0.066,-0.123,15.223,289.8288,45.10276,KEPLER_CONFIRMED,8880123,1
8883329,K02595.01,Kepler-393 b,CONFIRMED,9.18244299,6.703e-05,-6.703e-05,87.6,4.8,-4.8,4.318,0.178,-0.178,1.24,0.23,-0.19,1.314,0.244,-0.2,6194.0,124.0,-136.0,4.242,0.125,-0.125,13.223,290.99527,45.192211,KEPLER_CONFIRMED,8883329,1
8883593,K00923.01,Kepler-728 b,CONFIRMED,5.743469797,7.276e-06,-7.276e-06,1240.2,17.8,-17.8,3.4412,0.0357,-0.0357,3.13,0.97,-0.31,0.891,0.277,-0.087,5897.0,159.0,-177.0,4.531,0.037,-0.213,15.543,291.09235,45.115528,KEPLER_CONFIRMED,8883593,1
8884274,K02868.01,Kepler-1374 b,CONFIRMED,10.65275054,6.451e-05,-6.451e-05,740.7,48.8,-48.8,2.684,0.127,-0.127,2.2,0.49,-0.19,0.817,0.181,-0.072,5602.0,177.0,-197.0,4.571,0.036,-0.144,15.97,291.34998,45.172272,KEPLER_CONFIRMED,8884274,1
8885643,K02789.01,Kepler-1346 b,CONFIRMED,3.40165617,1.121e-05,-1.121e-05,155.9,9.0,-9.0,1.9617,0.0846,-0.0846,1.34,0.41,-0.13,0.906,0.276,-0.092,6177.0,169.0,-188.0,4.516,0.04,-0.216,14.497,291.84131,45.17918,KEPLER_CONFIRMED,8885643,1
8890150,K02650.01,Kepler-395 c,CONFIRMED,34.9897847,0.0003803,-0.0003803,498.5,47.2,-47.2,4.208,0.235,-0.235,1.14,0.07,-0.1,0.521,0.029,-0.047,3765.0,75.0,-83.0,4.725,0.049,-0.021,15.987,293.51108,45.136589,KEPLER_CONFIRMED,8890150,1
8890783,K00464.01,Kepler-561 b,CONFIRMED,58.36205791,4.095e-05,-4.095e-05,5374.7,20.6,-20.6,6.3363,0.0508,-0.0508,7.02,1.95,-0.79,0.953,0.266,-0.106,5592.0,150.0,-166.0,4.467,0.065,-0.182,14.361,293.7471,45.10722,KEPLER_CONFIRMED,8890783,1
8890924,K04269.01,Kepler-1993 b,CONFIRMED,26.6565737,0.0002052,-0.0002052,163.4,9.4,-9.4,4.954,0.173,-0.173,4.15,1.28,-2.98,3.062,0.943,-2.2,5159.0,171.0,-155.0,3.604,0.863,-0.23,13.263,293.79684,45.160728,KEPLER_CONFIRMED,8890924,1
8891684,K05581.01,Kepler-1634 b,CONFIRMED,374.878133,0.007791,-0.007791,914.6,48.1,-48.1,10.556,0.401,-0.401,4.27,1.07,-1.18,1.354,0.341,-0.375,5636.0,171.0,-171.0,4.218,0.214,-0.156,14.508,294.0434,45.139778,KEPLER_CONFIRMED,8891684,1
8892157,K02224.01,Kepler-1149 b,CONFIRMED,3.73090026,1.5e-05,-1.5e-05,191.2,9.2,-9.2,2.9095,0.0933,-0.0933,1.48,0.22,-0.07,0.95,0.142,-0.047,5709.0,77.0,-85.0,4.489,0.03,-0.12,14.966,294.18927,45.151581,KEPLER_CONFIRMED,8892157,1
8892303,K02688.01,Kepler-1314 b,CONFIRMED,5.424749327,3.898e-06,-3.898e-06,7680.0,122.0,-122.0,1.139,0.0232,-0.0232,5.15,0.37,-0.63,0.591,0.042,-0.072,4137.0,145.0,-160.0,4.658,0.063,-0.027,16.406,294.23764,45.197105,KEPLER_CONFIRMED,8892303,1
8895758,K03106.01,Kepler-1427 b,CONFIRMED,0.968980781,6.407e-06,-6.407e-06,118.5,11.1,-11.1,1.517,0.147,-0.147,1.08,0.35,-0.11,1.0,0.322,-0.107,5866.0,182.0,-203.0,4.473,0.054,-0.216,15.415,295.34967,45.114552,KEPLER_CONFIRMED,8895758,1
8934103,K04009.01,Kepler-1538 b,CONFIRMED,175.13892,0.002581,-0.002581,634.5,37.9,-37.9,10.767,0.346,-0.346,3.06,0.45,-0.59,1.241,0.181,-0.241,5497.0,83.0,-74.0,4.243,0.176,-0.108,15.245,283.3457,45.27446,KEPLER_CONFIRMED,8934103,1
8934495,K00524.01,Kepler-1721 b,CONFIRMED,4.592393816,3.023e-06,-3.023e-06,1027.7,11.2,-11.2,2.2748,0.0192,-0.0192,2.51,0.45,-0.2,0.796,0.143,-0.061,5351.0,159.0,-159.0,4.582,0.03,-0.12,14.868,283.54416,45.225552,KEPLER_CONFIRMED,8934495,1
8935810,K01395.01,Kepler-1747 b,CONFIRMED,6.230335,1.007e-05,-1.007e-05,1449.2,47.2,-47.2,1.6493,0.0514,-0.0514,3.7,0.74,-0.31,0.865,0.173,-0.074,5477.0,172.0,-191.0,4.557,0.027,-0.153,15.977,284.20966,45.25808,KEPLER_CONFIRMED,8935810,1
8947520,K02517.01,Kepler-1264 b,CONFIRMED,0.968527683,2.958e-06,-2.958e-06,114.6,8.2,-8.2,1.3672,0.076,-0.076,1.21,0.16,-0.05,0.886,0.114,-0.036,5580.0,83.0,-75.0,4.538,0.02,-0.104,14.511,289.88437,45.211498,KEPLER_CONFIRMED,8947520,1
8950568,K02038.02,Kepler-85 c,CONFIRMED,12.51353325,6.151e-05,-6.151e-05,430.8,16.4,-16.4,4.301,0.157,-0.157,1.88,0.19,-0.15,0.873,0.09,-0.068,5435.0,109.0,-109.0,4.495,0.063,-0.077,14.779,290.97342,45.290321,KEPLER_CONFIRMED,8950568,1
8950853,K01412.01,Kepler-839 b,CONFIRMED,37.8145252,0.000144,-0.000144,412.5,8.0,-8.0,9.109,0.128,-0.128,3.04,0.53,-0.4,1.314,0.232,-0.174,5988.0,107.0,-131.0,4.278,0.11,-0.121,13.601,291.07468,45.24258,KEPLER_CONFIRMED,8950853,1
8951205,K04099.01,Kepler-1940 b,CONFIRMED,4.95060632,2.014e-05,-2.014e-05,309.5,21.5,-21.5,1.719,0.125,-0.125,1.28,0.22,-0.1,0.717,0.12,-0.055,5431.0,162.0,-162.0,4.623,0.035,-0.105,15.309,291.20419,45.238392,KEPLER_CONFIRMED,8951205,1
8956206,K02048.01,Kepler-1071 b,CONFIRMED,6.17998508,1.553e-05,-1.553e-05,750.5,29.4,-29.4,2.1094,0.0684,-0.0684,2.12,0.14,-0.11,0.791,0.051,-0.042,5149.0,103.0,-103.0,4.551,0.041,-0.045,15.801,293.05801,45.248821,KEPLER_CONFIRMED,8956206,1
8959839,K02253.01,Kepler-1159 b,CONFIRMED,22.7082375,0.0001019,-0.0001019,298.8,15.8,-15.8,3.503,0.119,-0.119,1.72,0.54,-0.2,0.992,0.314,-0.112,6170.0,174.0,-196.0,4.472,0.054,-0.216,14.574,294.26633,45.204311,KEPLER_CONFIRMED,8959839,1
8962094,K00700.01,Kepler-215 d,CONFIRMED,30.86436512,5.401e-05,-5.401e-05,551.3,11.6,-11.6,2.9557,0.0493,-0.0493,2.23,0.28,-0.1,0.828,0.104,-0.037,5677.0,113.0,-113.0,4.563,0.018,-0.108,13.58,294.97351,45.213692,KEPLER_CONFIRMED,8962094,1
8972058,K00159.02,Kepler-115 b,CONFIRMED,2.403640701,7.54e-06,-7.54e-06,74.9,5.4,-5.4,1.4012,0.0852,-0.0852,1.24,0.2,-0.17,1.171,0.196,-0.161,5881.0,105.0,-117.0,4.315,0.115,-0.115,13.431,297.71185,45.261921,KEPLER_CONFIRMED,8972058,1
8973129,K02286.01,Kepler-1176 b,CONFIRMED,24.1738244,0.0001243,-0.0001243,532.6,28.7,-28.7,3.056,0.117,-0.117,2.21,0.26,-0.19,0.968,0.115,-0.084,5468.0,73.0,-82.0,4.427,0.09,-0.09,15.056,297.91974,45.274158,KEPLER_CONFIRMED,8973129,1
8978528,K01874.02,Kepler-329 b,CONFIRMED,7.41634701,2.752e-05,-2.752e-05,505.5,27.4,-27.4,2.1362,0.0864,-0.0864,1.24,0.07,-0.07,0.545,0.03,-0.03,4156.0,83.0,-91.0,4.712,0.027,-0.03,15.434,299.26804,45.227428,KEPLER_CONFIRMED,8978528,1
9002278,K00701.02,Kepler-62 b,CONFIRMED,5.71489692,6.756e-06,-6.756e-06,425.9,6.7,-6.7,2.3572,0.0331,-0.0331,1.33,0.08,-0.06,0.662,0.041,-0.027,4926.0,98.0,-98.0,4.653,0.017,-0.049,13.725,283.21274,45.349861,KEPLER_CONFIRMED,9002278,1
9003401,K02319.01,Kepler-1823 b,CONFIRMED,21.1033014,7.289e-05,-7.289e-05,192.5,10.9,-10.9,2.059,0.0919,-0.0919,1.56,0.27,-0.14,1.126,0.195,-0.105,6000.0,108.0,-133.0,4.363,0.08,-0.12,13.355,283.75482,45.335178,KEPLER_CONFIRMED,9003401,1
9006186,K02169.01,Kepler-1130 b,CONFIRMED,5.45298742,1.82e-05,-1.82e-05,86.0,4.4,-4.4,2.1328,0.0774,-0.0774,0.92,0.1,-0.03,0.842,0.093,-0.033,5450.0,108.0,-108.0,4.563,0.017,-0.094,12.404,285.20749,45.38435,KEPLER_CONFIRMED,9006186,1
9006449,K01413.03,Kepler-295 d,CONFIRMED,33.8845825,0.0003864,-0.0003864,224.1,14.1,-14.1,6.538,0.191,-0.191,1.74,0.4,-0.24,0.886,0.203,-0.119,5607.0,152.0,-152.0,4.447,0.112,-0.168,14.447,285.34583,45.367779,KEPLER_CONFIRMED,9006449,1
9008737,K02768.01,Kepler-404 b,CONFIRMED,11.8288843,0.0003158,-0.0003158,191.0,23.5,-23.5,3.337,0.398,-0.398,1.18,0.45,-0.09,0.857,0.327,-0.064,5653.0,165.0,-161.0,4.551,0.026,-0.272,15.228,286.39862,45.343529,KEPLER_CONFIRMED,9008737,1
9009036,K04585.01,Kepler-1616 b,CONFIRMED,6.76289308,8.852e-05,-8.852e-05,50.9,4.0,-4.0,6.204,0.271,-0.271,1.21,0.24,-0.3,1.63,0.329,-0.402,6547.0,146.0,-194.0,4.122,0.192,-0.128,13.499,286.54364,45.304871,KEPLER_CONFIRMED,9009036,1
9009953,K04014.01,Kepler-1700 b,CONFIRMED,234.240739,0.004013,-0.004013,464.1,19.1,-19.1,12.925,0.491,-0.491,3.41,0.57,-0.57,1.248,0.209,-0.209,5814.0,78.0,-78.0,4.269,0.137,-0.112,13.685,286.94971,45.353828,KEPLER_CONFIRMED,9009953,1
9011825,K02530.01,Kepler-1269 b,CONFIRMED,37.3331165,0.0003514,-0.0003514,187.8,9.6,-9.6,7.643,0.2,-0.2,2.5,0.38,-0.57,1.588,0.243,-0.364,5623.0,75.0,-75.0,4.079,0.189,-0.081,13.611,287.80557,45.340549,KEPLER_CONFIRMED,9011825,1
9015738,K01616.01,Kepler-909 b,CONFIRMED,13.93291548,4.459e-05,-4.459e-05,131.6,5.1,-5.1,2.6239,0.0714,-0.0714,1.66,0.29,-0.19,1.207,0.21,-0.14,6026.0,121.0,-133.0,4.321,0.088,-0.121,11.538,289.50635,45.370998,KEPLER_CONFIRMED,9015738,1
9020114,K03088.01,Kepler-1901 b,CONFIRMED,3.48412874,1.483e-05,-1.483e-05,161.6,14.3,-14.3,1.422,0.117,-0.117,1.16,0.17,-0.05,0.921,0.136,-0.043,5696.0,77.0,-77.0,4.519,0.021,-0.119,14.953,291.16437,45.318291,KEPLER_CONFIRMED,9020114,1
9020160,K00582.03,Kepler-191 b,CONFIRMED,9.93962361,5.538e-05,-5.538e-05,300.1,15.5,-15.5,3.432,0.103,-0.103,1.93,0.09,-0.17,0.868,0.044,-0.076,5105.0,84.0,-76.0,4.469,0.09,-0.03,14.808,291.18338,45.32317,KEPLER_CONFIRMED,9020160,1
9021075,K04733.01,Kepler-1968 b,CONFIRMED,7.28116667,7.789e-05,-7.789e-05,333.8,33.8,-33.8,2.716,0.243,-0.243,1.4,0.14,-0.12,0.788,0.082,-0.067,5008.0,192.0,-174.0,4.572,0.033,-0.066,15.993,291.50812,45.370159,KEPLER_CONFIRMED,9021075,1
9022166,K02175.02,Kepler-368 c,CONFIRMED,72.3826983,0.0006953,-0.0006953,366.4,13.1,-13.1,8.279,0.164,-0.164,4.21,0.72,-1.08,1.988,0.34,-0.51,5508.0,110.0,0.0,3.897,0.195,-0.09,12.848,291.88004,45.387932,KEPLER_CONFIRMED,9022166,1
9025971,K03680.01,Kepler-1657 b,CONFIRMED,141.2415405,9.485e-05,-9.485e-05,12990.5,39.4,-39.4,6.7645,0.0216,-0.0216,11.49,1.66,-1.21,1.017,0.147,-0.107,5705.0,104.0,-115.0,4.397,0.095,-0.105,14.524,293.28156,45.309669,KEPLER_CONFIRMED,9025971,1
9026749,K02564.01,Kepler-1280 b,CONFIRMED,66.5576728,0.0008992,-0.0008992,214.2,10.5,-10.5,10.532,0.271,-0.271,4.96,0.91,-1.69,3.405,0.625,-1.161,5734.0,95.0,-69.0,3.591,0.292,-0.097,14.074,293.57394,45.384541,KEPLER_CONFIRMED,9026749,1
9027909,K03428.01,Kepler-1496 b,CONFIRMED,64.6589166,0.0008975,-0.0008975,235.4,19.6,-19.6,7.71,0.291,-0.291,2.12,0.35,-0.42,1.395,0.228,-0.279,5821.0,69.0,-87.0,4.172,0.162,-0.108,14.694,293.97394,45.3507,KEPLER_CONFIRMED,9027909,1
9030537,K01892.01,Kepler-1674 b,CONFIRMED,62.5613879,0.0003187,-0.0003187,1372.6,43.2,-43.2,5.907,0.11,-0.11,3.54,0.93,-0.31,0.84,0.22,-0.073,5662.0,169.0,-152.0,4.56,0.042,-0.168,15.5,294.8161,45.306122,KEPLER_CONFIRMED,9030537,1
9031209,K03316.01,Kepler-1467 b,CONFIRMED,47.0568476,0.0001896,-0.0001896,1531.2,45.7,-45.7,5.2232,0.0958,-0.0958,2.84,0.47,-0.22,0.74,0.122,-0.057,5288.0,159.0,-159.0,4.613,0.032,-0.097,15.549,295.04855,45.342682,KEPLER_CONFIRMED,9031209,1
9032900,K00134.01,,CONFIRMED,67.5923754,0.0005335,-0.0005335,4158.1,79.7,-79.7,12.249,0.332,-0.332,12.1,2.25,-2.76,1.744,0.325,-0.398,6038.0,120.0,-120.0,4.082,0.18,-0.12,13.675,295.58658,45.364979,KEPLER_CONFIRMED,9032900,1
9034103,K01402.01,Kepler-832 b,CONFIRMED,7.13969705,2.9e-05,-2.9e-05,512.9,21.4,-21.4,3.981,0.109,-0.109,2.24,0.65,-0.26,0.993,0.286,-0.114,6014.0,190.0,-211.0,4.486,0.048,-0.192,15.906,295.92609,45.383862,KEPLER_CONFIRMED,9034103,1
9044228,K01988.01,Kepler-1039 b,CONFIRMED,0.934885365,9.1e-07,-9.1e-07,270.4,5.7,-5.7,1.4083,0.0277,-0.0277,3.21,1.91,-1.91,1.795,1.067,-1.067,4777.0,143.0,-119.0,3.909,0.707,-0.353,14.145,298.3266,45.31551,KEPLER_CONFIRMED,9044228,1
9070666,K03008.01,Kepler-1408 b,CONFIRMED,2.99792926,2.777e-05,-2.777e-05,45.4,3.4,-3.4,4.398,0.222,-0.222,1.12,0.2,-0.3,1.645,0.29,-0.435,5888.0,79.0,-79.0,4.061,0.238,-0.102,12.003,282.69995,45.42577,KEPLER_CONFIRMED,9070666,1
9071593,K02257.01,Kepler-1162 b,CONFIRMED,32.5635249,0.0002369,-0.0002369,578.3,26.5,-26.5,5.418,0.169,-0.169,2.05,0.15,-0.12,0.859,0.063,-0.051,5225.0,83.0,-73.0,4.505,0.054,-0.054,15.48,283.29214,45.434109,KEPLER_CONFIRMED,9071593,1
9072190,K01933.01,Kepler-1018 b,CONFIRMED,49.1011093,0.0002094,-0.0002094,845.6,24.3,-24.3,6.341,0.11,-0.11,3.28,0.77,-0.56,1.11,0.261,-0.189,5393.0,80.0,-72.0,4.299,0.165,-0.165,15.041,283.59668,45.407879,KEPLER_CONFIRMED,9072190,1
9076513,K00583.01,Kepler-611 b,CONFIRMED,2.437029217,5.017e-06,-5.017e-06,244.0,5.8,-5.8,3.2005,0.052,-0.052,2.04,0.34,-0.41,1.329,0.218,-0.266,5573.0,75.0,-75.0,4.177,0.203,-0.101,14.573,286.00494,45.480389,KEPLER_CONFIRMED,9076513,1
9076971,K02981.01,Kepler-1400 b,CONFIRMED,9.06687613,7.246e-05,-7.246e-05,367.2,28.7,-28.7,3.381,0.169,-0.169,1.9,0.21,-0.23,0.789,0.086,-0.096,5142.0,179.0,-179.0,4.515,0.088,-0.072,15.737,286.27167,45.440811,KEPLER_CONFIRMED,9076971,1
9077124,K00926.01,Kepler-729 b,CONFIRMED,3.166353562,2.532e-06,-2.532e-06,1473.4,13.4,-13.4,3.3129,0.0233,-0.0233,3.82,1.22,-0.41,0.998,0.318,-0.106,6007.0,169.0,-211.0,4.47,0.052,-0.208,15.603,286.36011,45.414291,KEPLER_CONFIRMED,9077124,1
9085563,K03393.01,Kepler-1486 b,CONFIRMED,54.6493679,0.000971,-0.000971,432.5,32.8,-32.8,7.962,0.33,-0.33,2.64,0.44,-0.45,1.282,0.215,-0.215,5751.0,78.0,-78.0,4.234,0.149,-0.108,15.335,290.59039,45.439709,KEPLER_CONFIRMED,9085563,1
9086251,K02367.01,Kepler-1833 b,CONFIRMED,6.89213244,3.308e-05,-3.308e-05,82.0,6.0,-6.0,1.725,0.114,-0.114,1.35,0.23,-0.19,1.446,0.248,-0.203,6164.0,110.0,-135.0,4.227,0.11,-0.11,12.618,290.87137,45.410301,KEPLER_CONFIRMED,9086251,1
9092504,K02716.02,Kepler-1322 c,CONFIRMED,6.46004728,3.015e-05,-3.015e-05,394.2,25.9,-25.9,1.979,0.109,-0.109,1.8,0.43,-0.17,0.804,0.194,-0.077,5704.0,169.0,-186.0,4.575,0.04,-0.16,15.81,293.20453,45.435398,KEPLER_CONFIRMED,9092504,1
9100953,K04500.01,Kepler-1610 b,CONFIRMED,8.70179611,8.568e-05,-8.568e-05,304.1,28.3,-28.3,3.048,0.21,-0.21,1.37,0.22,-0.14,0.8,0.133,-0.082,5295.0,185.0,-185.0,4.548,0.052,-0.097,15.85,295.90503,45.40543,KEPLER_CONFIRMED,9100953,1
9101496,K01915.01,Kepler-335 b,CONFIRMED,6.56226483,1.896e-05,-1.896e-05,260.8,7.2,-7.2,4.0144,0.0694,-0.0694,3.07,0.48,-0.77,1.812,0.281,-0.457,5878.0,117.0,-117.0,4.005,0.196,-0.084,13.996,296.06433,45.428619,KEPLER_CONFIRMED,9101496,1
9112931,K02256.01,Kepler-1161 b,CONFIRMED,10.71253475,3.804e-05,-3.804e-05,1198.6,43.0,-43.0,2.7186,0.078,-0.078,2.02,0.11,-0.1,0.544,0.029,-0.029,4175.0,83.0,-91.0,4.715,0.025,-0.032,15.813,299.07709,45.440639,KEPLER_CONFIRMED,9112931,1
9115800,K00421.01,Kepler-548 b,CONFIRMED,4.454194254,3.36e-07,-3.36e-07,16041.5,20.1,-20.1,2.3061,0.0122,-0.0122,11.76,3.12,-1.77,0.915,0.242,-0.138,5359.0,175.0,-159.0,4.425,0.136,-0.221,14.995,299.90591,45.439678,KEPLER_CONFIRMED,9115800,1
9117416,K03425.01,Kepler-1921 b,CONFIRMED,20.034708,0.0001819,-0.0001819,124.4,5.8,-5.8,6.49,0.209,-0.209,2.24,0.52,-0.9,2.0,0.467,-0.801,6120.0,195.0,-217.0,3.934,0.398,-0.133,13.266,300.31619,45.49538,KEPLER_CONFIRMED,9117416,1
9139084,K00323.01,Kepler-523 b,CONFIRMED,5.83599485,4.095e-05,-4.095e-05,553.3,59.5,-59.5,2.062,0.178,-0.178,1.92,0.2,-0.1,0.828,0.087,-0.044,5423.0,108.0,-108.0,4.542,0.033,-0.083,12.465,284.06113,45.506851,KEPLER_CONFIRMED,9139084,1
9141355,K05622.01,Kepler-1635 b,CONFIRMED,469.61309,0.0143,-0.0143,1234.7,76.6,-76.6,13.709,0.543,-0.543,3.24,0.64,-0.28,0.763,0.152,-0.065,5474.0,166.0,-149.0,4.598,0.032,-0.128,15.696,285.349,45.556179,KEPLER_CONFIRMED,9141355,1
9141746,K00929.02,Kepler-730 c,CONFIRMED,2.85188338,4.323e-05,-4.323e-05,114.9,14.1,-14.1,2.666,0.415,-0.415,1.23,0.42,-0.17,1.107,0.375,-0.15,6123.0,193.0,-265.0,4.413,0.072,-0.217,15.649,285.55481,45.578861,KEPLER_CONFIRMED,9141746,1
9146018,K00584.03,Kepler-192 d,CONFIRMED,6.47027706,4.536e-05,-4.536e-05,116.9,7.1,-7.1,3.343,0.139,-0.139,1.15,0.16,-0.1,0.982,0.137,-0.08,5475.0,109.0,-109.0,4.43,0.081,-0.108,14.129,287.91791,45.592869,KEPLER_CONFIRMED,9146018,1
9150827,K01408.01,Kepler-1749 b,CONFIRMED,14.53410833,5.022e-05,-5.022e-05,510.6,17.5,-17.5,3.3094,0.0799,-0.0799,1.36,0.07,-0.09,0.553,0.027,-0.039,3957.0,71.0,-87.0,4.693,0.042,-0.018,14.688,290.29456,45.56461,KEPLER_CONFIRMED,9150827,1
9153570,K02625.01,Kepler-1295 b,CONFIRMED,3.81371423,2.544e-05,-2.544e-05,281.0,29.2,-29.2,1.973,0.169,-0.169,1.37,0.32,-0.12,0.82,0.188,-0.075,5547.0,166.0,-166.0,4.571,0.028,-0.152,15.89,291.39786,45.588558,KEPLER_CONFIRMED,9153570,1
9157634,K00526.01,Kepler-586 b,CONFIRMED,2.104721971,8.86e-07,-8.86e-07,905.5,7.1,-7.1,1.7547,0.0122,-0.0122,2.89,0.79,-0.26,0.975,0.264,-0.088,5703.0,154.0,-188.0,4.498,0.036,-0.204,14.427,293.05722,45.551189,KEPLER_CONFIRMED,9157634,1
9166862,K00931.01,Kepler-731 b,CONFIRMED,3.855603916,3.68e-07,-3.68e-07,16652.7,18.2,-18.2,3.2179,0.0101,-0.0101,13.61,3.8,-1.35,1.046,0.292,-0.104,6033.0,193.0,-265.0,4.46,0.048,-0.192,15.272,296.39316,45.568562,KEPLER_CONFIRMED,9166862,1
9177629,K02522.01,Kepler-1848 b,CONFIRMED,5.60402307,1.164e-05,-1.164e-05,224.9,14.1,-14.1,1.0273,0.0685,-0.0685,1.25,0.07,-0.06,0.737,0.037,-0.037,4847.0,97.0,-97.0,4.581,0.033,-0.03,13.713,299.38159,45.592239,KEPLER_CONFIRMED,9177629,1
9183378,K04222.01,Kepler-1571 b,CONFIRMED,3.38557445,1.874e-05,-1.874e-05,121.9,11.2,-11.2,1.879,0.136,-0.136,1.63,0.42,-0.64,1.48,0.386,-0.579,5718.0,169.0,-152.0,4.069,0.42,-0.168,13.767,300.93539,45.596539,KEPLER_CONFIRMED,9183378,1
9205907,K02528.01,Kepler-1851 b,CONFIRMED,12.02295362,2.788e-05,-2.788e-05,778.6,52.3,-52.3,1.2667,0.0655,-0.0655,3.28,0.95,-0.32,0.879,0.257,-0.086,5982.0,167.0,-188.0,4.535,0.048,-0.204,15.646,285.67377,45.639858,KEPLER_CONFIRMED,9205907,1
9205938,K02162.01,Kepler-1126 b,CONFIRMED,108.593113,0.00113,-0.00113,338.2,15.4,-15.4,7.989,0.234,-0.234,1.68,0.21,-0.21,0.921,0.115,-0.115,5678.0,113.0,-102.0,4.409,0.132,-0.088,14.033,285.69199,45.689388,KEPLER_CONFIRMED,9205938,1
9209624,K02443.01,Kepler-387 b,CONFIRMED,6.79164656,4.313e-05,-4.313e-05,102.6,6.4,-6.4,3.343,0.151,-0.151,1.01,0.15,-0.14,1.003,0.147,-0.147,5772.0,115.0,-104.0,4.351,0.15,-0.1,13.987,287.79819,45.656712,KEPLER_CONFIRMED,9209624,1
9210387,K02416.01,Kepler-1837 b,CONFIRMED,5.90608902,3.734e-05,-3.734e-05,340.7,29.4,-29.4,2.409,0.17,-0.17,1.77,0.55,-0.19,0.961,0.299,-0.1,5966.0,186.0,-207.0,4.493,0.04,-0.216,15.466,288.20764,45.683479,KEPLER_CONFIRMED,9210387,1
9214942,K01403.01,Kepler-833 b,CONFIRMED,18.75470238,5.267e-05,-5.267e-05,995.3,34.4,-34.4,3.0331,0.0764,-0.0764,1.67,0.13,-0.18,0.54,0.042,-0.058,3976.0,159.0,-177.0,4.721,0.054,-0.041,15.473,290.47995,45.6007,KEPLER_CONFIRMED,9214942,1
9216775,K04513.01,Kepler-1612 b,CONFIRMED,3.91794676,2.674e-05,-2.674e-05,116.5,10.1,-10.1,2.549,0.163,-0.163,0.94,0.11,-0.04,0.87,0.105,-0.035,5500.0,74.0,-82.0,4.547,0.019,-0.11,14.75,291.25027,45.655071,KEPLER_CONFIRMED,9216775,1
9221517,K02281.01,Kepler-1173 b,CONFIRMED,0.769854899,1.243e-06,-1.243e-06,109.6,4.9,-4.9,1.0243,0.0449,-0.0449,0.93,0.12,-0.07,0.822,0.107,-0.063,5173.0,155.0,-139.0,4.55,0.039,-0.091,13.829,293.1311,45.663551,KEPLER_CONFIRMED,9221517,1
9225395,K02107.01,Kepler-1101 b,CONFIRMED,81.3153052,0.0009352,-0.0009352,715.5,39.6,-39.6,5.807,0.228,-0.228,2.55,0.3,-0.33,0.975,0.115,-0.126,5325.0,79.0,-79.0,4.39,0.12,-0.08,15.111,294.56937,45.671261,KEPLER_CONFIRMED,9225395,1
9229657,K02491.01,Kepler-1257 b,CONFIRMED,2.66831274,1.026e-05,-1.026e-05,266.2,13.4,-13.4,2.4141,0.0924,-0.0924,1.48,0.37,-0.13,0.899,0.231,-0.077,5806.0,157.0,-192.0,4.528,0.042,-0.168,15.553,296.07568,45.62706,KEPLER_CONFIRMED,9229657,1
9230021,K03429.02,Kepler-1497 b,CONFIRMED,8.74192361,8.714e-05,-8.714e-05,295.7,17.1,-17.1,4.235,0.184,-0.184,1.94,0.3,-0.3,1.145,0.178,-0.178,5596.0,83.0,-75.0,4.298,0.143,-0.104,15.364,296.19614,45.634331,KEPLER_CONFIRMED,9230021,1
9244508,K02830.01,Kepler-1360 b,CONFIRMED,40.5289885,0.0002769,-0.0002769,360.7,11.3,-11.3,10.604,0.165,-0.165,5.92,0.83,-1.54,3.086,0.432,-0.802,6443.0,77.0,-90.0,3.74,0.21,-0.09,13.913,300.34406,45.623219,KEPLER_CONFIRMED,9244508,1
9244756,K01969.01,Kepler-1779 b,CONFIRMED,16.34355902,7.639e-05,-7.639e-05,829.4,27.5,-27.5,5.474,0.122,-0.122,3.26,0.5,-0.29,1.056,0.161,-0.094,5730.0,77.0,-86.0,4.394,0.08,-0.12,15.017,300.41751,45.605518,KEPLER_CONFIRMED,9244756,1
9264949,K01405.01,Kepler-835 b,CONFIRMED,11.41911886,7.774e-05,-7.774e-05,509.2,23.8,-23.8,5.135,0.188,-0.188,3.32,1.0,-0.42,1.172,0.351,-0.15,6311.0,177.0,-243.0,4.398,0.052,-0.208,15.965,283.57422,45.734798,KEPLER_CONFIRMED,9264949,1
9266431,K00704.01,Kepler-1726 b,CONFIRMED,18.39629744,2.973e-05,-2.973e-05,680.2,13.6,-13.6,2.7838,0.0405,-0.0405,2.47,0.23,-0.12,0.804,0.077,-0.038,5316.0,106.0,-106.0,4.57,0.02,-0.08,13.704,284.38617,45.719711,KEPLER_CONFIRMED,9266431,1
9269042,K02397.01,Kepler-1221 b,CONFIRMED,12.00089667,6.862e-05,-6.862e-05,420.7,23.8,-23.8,3.266,0.127,-0.127,1.47,0.16,-0.13,0.69,0.074,-0.059,5195.0,157.0,-141.0,4.598,0.061,-0.055,15.563,285.82233,45.711891,KEPLER_CONFIRMED,9269042,1
9269281,K01398.01,Kepler-1748 b,CONFIRMED,5.82348911,1.333e-05,-1.333e-05,888.7,26.5,-26.5,2.2441,0.0524,-0.0524,3.0,0.87,-0.28,0.864,0.249,-0.083,5774.0,172.0,-189.0,4.526,0.048,-0.192,15.898,285.96786,45.739071,KEPLER_CONFIRMED,9269281,1
9271752,K01406.01,Kepler-836 b,CONFIRMED,11.36113254,2.414e-05,-2.414e-05,569.5,11.3,-11.3,4.1886,0.0592,-0.0592,2.6,0.86,-0.29,1.009,0.335,-0.112,6244.0,175.0,-197.0,4.46,0.056,-0.224,14.63,287.45279,45.704399,KEPLER_CONFIRMED,9271752,1
9272070,K04126.01,Kepler-1555 b,CONFIRMED,8.10503551,8.946e-05,-8.946e-05,209.9,14.7,-14.7,4.459,0.222,-0.222,1.45,0.47,-0.15,0.989,0.321,-0.107,6201.0,175.0,-197.0,4.472,0.054,-0.216,15.353,287.63547,45.716061,KEPLER_CONFIRMED,9272070,1
9277896,K01632.01,Kepler-915 b,CONFIRMED,4.59489816,1.581e-05,-1.581e-05,109.7,4.7,-4.7,3.1381,0.0656,-0.0656,1.85,0.32,-0.32,1.381,0.24,-0.24,6056.0,121.0,-133.0,4.217,0.143,-0.117,13.298,290.59207,45.737141,KEPLER_CONFIRMED,9277896,1
9278725,K02223.01,Kepler-1148 b,CONFIRMED,1.104462494,1.552e-06,-1.552e-06,469.1,17.0,-17.0,1.0458,0.0407,-0.0407,1.6,0.14,-0.16,0.753,0.065,-0.079,5002.0,151.0,-136.0,4.543,0.078,-0.048,15.277,290.95355,45.719528,KEPLER_CONFIRMED,9278725,1
9279354,K02060.01,Kepler-1788 b,CONFIRMED,2.800111267,4.014e-06,-4.014e-06,706.7,28.5,-28.5,1.0237,0.0459,-0.0459,2.13,0.17,-0.2,0.704,0.054,-0.066,4786.0,130.0,-144.0,4.579,0.06,-0.03,15.229,291.22433,45.778091,KEPLER_CONFIRMED,9279354,1
9279669,K00585.01,Kepler-612 b,CONFIRMED,3.722158895,3.79e-06,-3.79e-06,757.4,12.8,-12.8,1.9941,0.0311,-0.0311,2.33,0.53,-0.21,0.806,0.182,-0.073,5617.0,152.0,-152.0,4.574,0.038,-0.152,14.911,291.35464,45.747898,KEPLER_CONFIRMED,9279669,1
9280239,K03975.01,Kepler-1536 b,CONFIRMED,364.751562,0.005117,-0.005117,1481.5,68.3,-68.3,13.057,0.557,-0.557,2.89,0.2,-0.29,0.63,0.045,-0.062,4386.0,137.0,-168.0,4.629,0.056,-0.024,15.188,291.58517,45.71579,KEPLER_CONFIRMED,9280239,1
9285265,K03410.02,Kepler-1491 c,CONFIRMED,61.569765,0.001804,-0.001804,298.3,30.9,-30.9,9.75,0.635,-0.635,2.44,0.39,-0.53,1.389,0.223,-0.298,5626.0,77.0,-77.0,4.149,0.188,-0.101,15.589,293.62976,45.74065,KEPLER_CONFIRMED,9285265,1
9285568,K04241.01,Kepler-1575 b,CONFIRMED,2.55315031,1.24e-05,-1.24e-05,185.3,14.2,-14.2,1.849,0.104,-0.104,1.25,0.34,-0.12,0.908,0.248,-0.088,5970.0,188.0,-209.0,4.521,0.046,-0.184,15.424,293.74326,45.761589,KEPLER_CONFIRMED,9285568,1
9304101,K02067.01,Kepler-1079 b,CONFIRMED,13.24503482,4.677e-05,-4.677e-05,156.1,5.0,-5.0,4.4078,0.0831,-0.0831,1.77,0.28,-0.38,1.39,0.223,-0.298,5636.0,114.0,-103.0,4.147,0.188,-0.101,12.584,299.5495,45.769749,KEPLER_CONFIRMED,9304101,1
9305831,K00204.01,Kepler-44 b,CONFIRMED,3.246732048,3.94e-07,-3.94e-07,6998.2,11.7,-11.7,3.0535,0.0194,-0.0194,12.4,1.03,-0.93,1.457,0.121,-0.109,5763.0,103.0,-114.0,4.15,0.055,-0.044,14.678,300.10236,45.762138,KEPLER_CONFIRMED,9305831,1
9307509,K02096.01,Kepler-1794 b,CONFIRMED,9.76293284,4.683e-05,-4.683e-05,553.2,27.1,-27.1,3.064,0.116,-0.116,1.94,0.18,-0.23,0.816,0.078,-0.095,5052.0,151.0,-151.0,4.503,0.088,-0.072,15.246,300.61969,45.788921,KEPLER_CONFIRMED,9307509,1
9334289,K00934.01,Kepler-254 b,CONFIRMED,5.826657508,6.434e-06,-6.434e-06,1539.1,20.9,-20.9,2.9183,0.0321,-0.0321,4.09,0.6,-0.49,1.06,0.156,-0.127,5561.0,75.0,-83.0,4.362,0.126,-0.103,15.843,288.1647,45.816509,KEPLER_CONFIRMED,9334289,1
9334893,K02298.02,Kepler-1178 b,CONFIRMED,31.8055128,0.0006015,-0.0006015,141.7,14.1,-14.1,3.979,0.312,-0.312,0.63,0.04,-0.04,0.525,0.028,-0.032,4729.0,143.0,-143.0,4.726,0.045,-0.024,13.831,288.45605,45.80212,KEPLER_CONFIRMED,9334893,1
9336200,K02242.01,Kepler-1153 b,CONFIRMED,1.755843555,4.915e-06,-4.915e-06,386.0,18.0,-18.0,1.9425,0.0642,-0.0642,1.94,0.44,-0.17,0.829,0.188,-0.075,5569.0,149.0,-166.0,4.566,0.036,-0.153,15.758,289.14722,45.86618,KEPLER_CONFIRMED,9336200,1
9347009,K01971.01,Kepler-1030 b,CONFIRMED,19.32945602,9.041e-05,-9.041e-05,935.5,40.2,-40.2,3.794,0.122,-0.122,2.26,0.27,-0.14,0.763,0.093,-0.046,5026.0,149.0,-149.0,4.604,0.02,-0.08,15.719,293.68192,45.817558,KEPLER_CONFIRMED,9347009,1
9347899,K00935.02,Kepler-31 c,CONFIRMED,42.63427848,7.674e-05,-7.674e-05,1719.3,22.8,-22.8,6.1998,0.0535,-0.0535,5.22,0.78,-1.03,1.257,0.187,-0.25,6035.0,120.0,-120.0,4.22,0.168,-0.112,15.237,294.02301,45.853081,KEPLER_CONFIRMED,9347899,1
9349482,K02020.01,Kepler-1058 b,CONFIRMED,110.9643706,0.0008471,-0.0008471,1283.2,34.1,-34.1,12.831,0.242,-0.242,2.11,0.15,-0.19,0.546,0.039,-0.049,4441.0,133.0,-146.0,4.695,0.059,-0.027,15.498,294.59579,45.875031,KEPLER_CONFIRMED,9349482,1
9349757,K03348.01,Kepler-1474 b,CONFIRMED,36.4337867,0.0003777,-0.0003777,406.8,27.2,-27.2,4.388,0.192,-0.192,2.2,0.33,-0.31,1.099,0.168,-0.153,5566.0,83.0,-75.0,4.329,0.132,-0.108,15.246,294.69406,45.86684,KEPLER_CONFIRMED,9349757,1
9351316,K02078.01,Kepler-1086 b,CONFIRMED,18.78429232,7.633e-05,-7.633e-05,1009.5,48.3,-48.3,3.1136,0.0994,-0.0994,2.14,0.08,-0.1,0.641,0.025,-0.03,4243.0,84.0,-84.0,4.637,0.027,-0.02,15.561,295.25116,45.842972,KEPLER_CONFIRMED,9351316,1
9351920,K02129.01,Kepler-1111 b,CONFIRMED,8.79618433,3.07e-05,-3.07e-05,286.3,12.0,-12.0,3.3781,0.0894,-0.0894,1.77,0.48,-0.17,1.046,0.286,-0.102,6142.0,147.0,-203.0,4.456,0.046,-0.184,15.159,295.46338,45.81274,KEPLER_CONFIRMED,9351920,1
9353314,K01900.01,Kepler-1007 b,CONFIRMED,5.18498961,1.159e-05,-1.159e-05,430.1,13.7,-13.7,2.1397,0.058,-0.058,1.15,0.09,-0.12,0.56,0.045,-0.056,4325.0,131.0,-131.0,4.68,0.059,-0.027,14.744,295.90656,45.80912,KEPLER_CONFIRMED,9353314,1
9353742,K03867.01,Kepler-1523 b,CONFIRMED,0.938750221,1.155e-06,-1.155e-06,280.7,6.9,-6.9,1.3568,0.0318,-0.0318,1.46,0.19,-0.06,0.886,0.112,-0.042,5497.0,74.0,-82.0,4.527,0.026,-0.111,14.86,296.05405,45.827049,KEPLER_CONFIRMED,9353742,1
9364290,K02374.01,Kepler-382 b,CONFIRMED,5.26211833,2.75e-05,-2.75e-05,194.5,10.5,-10.5,3.244,0.12,-0.12,1.95,0.31,-0.41,1.309,0.208,-0.277,5587.0,75.0,-75.0,4.188,0.188,-0.101,14.623,299.13617,45.86993,KEPLER_CONFIRMED,9364290,1
9364609,K02137.01,Kepler-1114 b,CONFIRMED,14.97436238,4.734e-05,-4.734e-05,265.4,12.5,-12.5,2.4461,0.084,-0.084,1.28,0.09,-0.09,0.8,0.057,-0.057,5311.0,106.0,-106.0,4.532,0.055,-0.05,13.747,299.23694,45.834702,KEPLER_CONFIRMED,9364609,1
9366617,K04215.01,Kepler-1570 b,CONFIRMED,26.5487294,0.0003556,-0.0003556,142.0,10.6,-10.6,7.968,0.27,-0.27,2.54,0.99,-1.6,2.154,0.833,-1.354,5456.0,191.0,-172.0,3.802,0.69,-0.23,13.961,299.86182,45.827351,KEPLER_CONFIRMED,9366617,1
9388479,K00936.02,Kepler-732 c,CONFIRMED,0.893040969,4.61e-07,-4.61e-07,741.7,10.2,-10.2,1.0981,0.0159,-0.0159,1.24,0.1,-0.15,0.458,0.04,-0.055,3582.0,71.0,-89.0,4.807,0.05,-0.045,15.073,283.73203,45.958771,KEPLER_CONFIRMED,9388479,1
9390653,K00249.01,Kepler-504 b,CONFIRMED,9.549277089,5.287e-06,-5.287e-06,1826.9,20.0,-20.0,1.5832,0.0185,-0.0185,1.57,0.21,-0.24,0.369,0.05,-0.056,3547.0,71.0,-80.0,4.899,0.06,-0.06,14.486,284.92184,45.972401,KEPLER_CONFIRMED,9390653,1
9391208,K01409.01,Kepler-837 b,CONFIRMED,16.56062577,4.465e-05,-4.465e-05,700.8,25.4,-25.4,2.611,0.121,-0.121,2.94,0.68,-0.46,0.855,0.2,-0.133,5818.0,175.0,-175.0,4.436,0.165,-0.181,15.198,285.24667,45.950191,KEPLER_CONFIRMED,9391208,1
9391506,K01410.01,Kepler-838 b,CONFIRMED,15.74958583,4.701e-05,-4.701e-05,659.5,17.7,-17.7,4.6672,0.0816,-0.0816,2.77,0.89,-0.3,1.025,0.332,-0.111,6191.0,172.0,-216.0,4.454,0.056,-0.21,15.3,285.43552,45.976021,KEPLER_CONFIRMED,9391506,1
9395024,K02383.01,Kepler-1216 b,CONFIRMED,4.37033233,2.022e-05,-2.022e-05,177.8,11.5,-11.5,2.845,0.126,-0.126,1.56,0.24,-0.24,1.182,0.182,-0.182,5657.0,76.0,-76.0,4.282,0.156,-0.104,15.133,287.40533,45.918011,KEPLER_CONFIRMED,9395024,1
9395719,K02472.01,Kepler-1250 b,CONFIRMED,2.607545159,6.585e-06,-6.585e-06,351.5,18.2,-18.2,1.3916,0.0666,-0.0666,2.07,0.62,-0.23,1.096,0.333,-0.119,6147.0,172.0,-236.0,4.435,0.052,-0.208,15.618,287.79385,45.98024,KEPLER_CONFIRMED,9395719,1
9401997,K01633.01,Kepler-916 b,CONFIRMED,32.2964275,0.0003074,-0.0003074,472.2,30.5,-30.5,4.561,0.214,-0.214,1.9,0.14,-0.16,0.891,0.066,-0.072,5246.0,84.0,-73.0,4.47,0.078,-0.052,15.2,290.98331,45.973301,KEPLER_CONFIRMED,9401997,1
9405595,K02125.01,Kepler-1797 b,CONFIRMED,23.3593589,0.0001278,-0.0001278,570.1,24.5,-24.5,5.389,0.187,-0.187,2.98,0.99,-0.33,1.009,0.335,-0.112,6244.0,169.0,-225.0,4.46,0.054,-0.216,15.347,292.46429,45.968288,KEPLER_CONFIRMED,9405595,1
9406990,K00937.01,Kepler-733 b,CONFIRMED,20.83426731,5.358e-05,-5.358e-05,988.4,25.0,-25.0,4.0454,0.0694,-0.0694,2.74,0.69,-0.22,0.88,0.221,-0.069,5537.0,166.0,-166.0,4.549,0.03,-0.17,15.412,293.01828,45.914688,KEPLER_CONFIRMED,9406990,1
9410930,K00196.01,Kepler-41 b,CONFIRMED,1.855557556,7.9e-08,-7.9e-08,10570.1,7.1,-7.1,2.35672,0.0061,-0.0061,10.05,0.59,-0.66,0.947,0.056,-0.062,5657.0,113.0,-113.0,4.441,0.05,-0.045,14.465,294.51324,45.98164,KEPLER_CONFIRMED,9410930,1
9411166,K01922.01,Kepler-1016 b,CONFIRMED,1.954525966,3.283e-06,-3.283e-06,392.8,10.2,-10.2,2.0944,0.0457,-0.0457,2.38,0.38,-0.3,1.136,0.18,-0.147,5741.0,77.0,-77.0,4.331,0.115,-0.115,15.356,294.61365,45.984619,KEPLER_CONFIRMED,9411166,1
9411412,K02101.01,Kepler-1096 b,CONFIRMED,2.892216772,7.009e-06,-7.009e-06,360.5,18.3,-18.3,1.3596,0.0686,-0.0686,1.31,0.06,-0.06,0.615,0.025,-0.031,4229.0,84.0,-84.0,4.655,0.025,-0.02,15.068,294.70938,45.969501,KEPLER_CONFIRMED,9411412,1
9412623,K04640.01,Kepler-1618 b,CONFIRMED,6.1082945,0.0001007,-0.0001007,61.1,6.8,-6.8,3.493,0.337,-0.337,1.06,0.35,-0.13,1.289,0.432,-0.154,6720.0,164.0,-234.0,4.316,0.084,-0.21,13.606,295.17538,45.930908,KEPLER_CONFIRMED,9412623,1
9412760,K01977.01,Kepler-345 c,CONFIRMED,9.38740646,2.454e-05,-2.454e-05,384.6,20.0,-20.0,1.6165,0.0622,-0.0622,1.69,0.12,-0.05,0.646,0.046,-0.02,4500.0,90.0,-90.0,4.656,0.012,-0.045,14.028,295.22879,45.97102,KEPLER_CONFIRMED,9412760,1
9415108,K02121.01,Kepler-1108 b,CONFIRMED,4.51005082,1.529e-05,-1.529e-05,294.8,16.1,-16.1,2.1533,0.0872,-0.0872,1.74,0.24,-0.24,1.032,0.142,-0.142,5362.0,80.0,-72.0,4.352,0.144,-0.108,14.979,296.04233,45.985142,KEPLER_CONFIRMED,9415108,1
9415172,K00938.01,Kepler-255 c,CONFIRMED,9.94602357,2.07e-05,-2.07e-05,994.5,20.5,-20.5,3.3862,0.0557,-0.0557,3.12,0.44,-0.43,1.013,0.141,-0.141,5344.0,80.0,-80.0,4.365,0.132,-0.096,15.596,296.06424,45.976841,KEPLER_CONFIRMED,9415172,1
9447166,K03296.01,Kepler-1459 b,CONFIRMED,62.869463,0.001024,-0.001024,341.7,25.1,-25.1,6.842,0.299,-0.299,1.96,0.06,-0.12,0.781,0.026,-0.045,4762.0,85.0,-76.0,4.535,0.056,-0.016,14.591,282.42303,46.014019,KEPLER_CONFIRMED,9447166,1
9450647,K00110.01,Kepler-465 b,CONFIRMED,9.940666412,6.982e-06,-6.982e-06,520.2,3.8,-3.8,3.9092,0.0181,-0.0181,2.87,0.5,-0.29,1.259,0.219,-0.128,6215.0,111.0,-136.0,4.305,0.08,-0.12,12.663,284.55573,46.063831,KEPLER_CONFIRMED,9450647,1
9451706,K00271.02,Kepler-127 c,CONFIRMED,29.39337161,7.209e-05,-7.209e-05,327.0,4.9,-4.9,7.0445,0.0664,-0.0664,2.5,0.07,-0.05,1.352,0.036,-0.03,6075.0,122.0,-97.0,4.264,0.012,-0.012,11.485,285.19,46.027962,KEPLER_CONFIRMED,9451706,1
9455325,K01813.01,Kepler-958 b,CONFIRMED,9.76785911,1.383e-05,-1.383e-05,585.4,12.7,-12.7,2.1649,0.0612,-0.0612,2.54,0.23,-0.15,0.852,0.077,-0.052,5371.0,107.0,-107.0,4.513,0.054,-0.072,13.766,287.25668,46.066769,KEPLER_CONFIRMED,9455325,1
9455556,K01396.01,Kepler-294 c,CONFIRMED,6.62643441,1.661e-05,-1.661e-05,814.6,21.7,-21.7,3.1752,0.0609,-0.0609,2.54,0.31,-0.12,0.903,0.109,-0.043,5616.0,76.0,-84.0,4.529,0.018,-0.102,15.843,287.392,46.059311,KEPLER_CONFIRMED,9455556,1
9455677,K04076.01,Kepler-1548 b,CONFIRMED,124.827797,0.001263,-0.001263,647.5,43.1,-43.1,6.479,0.218,-0.218,2.57,0.46,-0.38,1.032,0.186,-0.152,5349.0,80.0,-80.0,4.353,0.14,-0.14,15.259,287.47122,46.080662,KEPLER_CONFIRMED,9455677,1
9458343,K02246.01,Kepler-1156 b,CONFIRMED,11.89520436,5.391e-05,-5.391e-05,184.3,9.7,-9.7,3.433,0.108,-0.108,1.33,0.2,-0.13,0.992,0.145,-0.097,5649.0,112.0,-112.0,4.411,0.095,-0.105,14.152,288.92401,46.057629,KEPLER_CONFIRMED,9458343,1
9458613,K00707.01,Kepler-33 d,CONFIRMED,21.77568158,3.327e-05,-3.327e-05,797.9,7.0,-7.0,7.9588,0.0374,-0.0374,4.76,0.72,-1.17,1.694,0.257,-0.418,5900.0,117.0,-117.0,4.022,0.195,-0.09,13.988,289.07755,46.005219,KEPLER_CONFIRMED,9458613,1
9466429,K02786.01,Kepler-1345 b,CONFIRMED,44.616751,0.0003014,-0.0003014,239.7,9.6,-9.6,7.831,0.153,-0.153,2.31,0.7,-0.46,1.424,0.425,-0.283,6763.0,182.0,-243.0,4.22,0.144,-0.176,13.791,292.47797,46.022831,KEPLER_CONFIRMED,9466429,1
9466668,K00939.02,Kepler-256 d,CONFIRMED,5.83909761,2.022e-05,-2.022e-05,273.6,11.6,-11.6,3.1915,0.0899,-0.0899,2.06,0.33,-0.39,1.25,0.196,-0.24,5553.0,111.0,0.0,4.221,0.188,-0.101,15.065,292.58044,46.097389,KEPLER_CONFIRMED,9466668,1
9467404,K02717.01,Kepler-1323 b,CONFIRMED,0.929906166,7.77e-07,-7.77e-07,108.7,1.6,-1.6,1.743,0.021,-0.021,1.48,0.24,-0.28,1.413,0.234,-0.26,6039.0,134.0,-121.0,4.169,0.168,-0.112,12.41,292.87228,46.098881,KEPLER_CONFIRMED,9467404,1
9468551,K02980.01,Kepler-1399 b,CONFIRMED,1.638652525,8.749e-06,-8.749e-06,166.9,11.9,-11.9,1.952,0.117,-0.117,1.29,0.41,-0.14,0.981,0.317,-0.106,6119.0,211.0,-232.0,4.472,0.056,-0.224,15.49,293.31168,46.04171,KEPLER_CONFIRMED,9468551,1
9471268,K01835.01,Kepler-326 c,CONFIRMED,4.580346161,7.038e-06,-7.038e-06,308.3,6.8,-6.8,2.097,0.0384,-0.0384,1.38,0.09,-0.07,0.789,0.052,-0.037,5103.0,101.0,-101.0,4.558,0.032,-0.05,13.693,294.32553,46.002251,KEPLER_CONFIRMED,9471268,1
9471974,K00119.01,Kepler-108 b,CONFIRMED,49.18394185,2.475e-05,-2.475e-05,1646.2,5.4,-5.4,11.3364,0.051,-0.051,8.2,0.5,-0.55,2.057,0.125,-0.138,5626.0,89.0,-78.0,3.907,0.04,-0.036,12.654,294.55917,46.062328,KEPLER_CONFIRMED,9471974,1
9472000,K02082.01,Kepler-1790 b,CONFIRMED,31.5888979,0.0001211,-0.0001211,360.6,15.6,-15.6,3.438,0.0986,-0.0986,2.59,0.4,-0.49,1.367,0.209,-0.256,5866.0,105.0,-117.0,4.175,0.182,-0.098,14.143,294.56693,46.075802,KEPLER_CONFIRMED,9472000,1
9472074,K02735.01,Kepler-1873 b,CONFIRMED,0.558841234,7.91e-07,-7.91e-07,280.9,15.6,-15.6,0.7918,0.0534,-0.0534,1.33,0.18,-0.09,0.792,0.106,-0.053,5151.0,154.0,-138.0,4.592,0.024,-0.102,15.6,294.59656,46.048302,KEPLER_CONFIRMED,9472074,1
9473078,K02079.01,Kepler-1087 b,CONFIRMED,0.693842661,1.62e-06,-1.62e-06,49.3,2.1,-2.1,1.6197,0.064,-0.064,0.83,0.17,-0.19,1.196,0.251,-0.279,5457.0,81.0,-73.0,4.239,0.228,-0.152,12.953,294.97882,46.00565,KEPLER_CONFIRMED,9473078,1
9475552,K02694.01,Kepler-1315 b,CONFIRMED,0.843379985,8.53e-07,-8.53e-07,343.3,7.5,-7.5,1.4474,0.0298,-0.0298,1.7,0.17,-0.18,0.856,0.089,-0.089,4818.0,143.0,-129.0,4.481,0.078,-0.585,14.975,295.82144,46.053028,KEPLER_CONFIRMED,9475552,1
9478990,K00423.01,Kepler-39 b,CONFIRMED,21.0871953,5.93e-06,-5.93e-06,8894.7,18.3,-18.3,5.92691,0.00815,-0.00815,14.43,2.49,-3.03,1.522,0.262,-0.32,6266.0,125.0,-125.0,4.101,0.182,-0.098,14.327,296.96027,46.034302,KEPLER_CONFIRMED,9478990,1
9479273,K00940.01,Kepler-734 b,CONFIRMED,6.104849417,2.711e-06,-2.711e-06,2090.3,8.1,-8.1,4.6912,0.0143,-0.0143,3.18,0.17,-0.19,0.712,0.038,-0.042,5085.0,102.0,-102.0,4.584,0.048,-0.032,15.017,297.04562,46.027359,KEPLER_CONFIRMED,9479273,1
9480189,K00941.02,Kepler-257 b,CONFIRMED,2.382652873,3.595e-06,-3.595e-06,705.4,18.1,-18.1,1.8888,0.0448,-0.0448,2.74,0.94,-0.43,0.973,0.333,-0.154,5188.0,171.0,-155.0,4.4,0.14,-0.26,15.471,297.31598,46.023258,KEPLER_CONFIRMED,9480189,1
9480310,K01470.01,Kepler-1668 b,CONFIRMED,15.43400996,3.693e-05,-3.693e-05,1785.9,34.9,-34.9,4.2572,0.0764,-0.0764,4.3,1.27,-0.43,0.951,0.282,-0.094,5900.0,164.0,-226.0,4.509,0.037,-0.213,15.703,297.35233,46.09594,KEPLER_CONFIRMED,9480310,1
9480535,K03901.01,Kepler-1527 b,CONFIRMED,160.130899,0.00172,-0.00172,1183.0,41.6,-41.6,13.775,0.315,-0.315,6.67,1.19,-1.47,1.759,0.316,-0.386,6092.0,79.0,-85.0,4.056,0.182,-0.112,15.13,297.41443,46.060822,KEPLER_CONFIRMED,9480535,1
9489524,K02029.02,Kepler-352 b,CONFIRMED,10.05550267,8.709e-05,-8.709e-05,147.7,12.1,-12.1,2.951,0.201,-0.201,0.92,0.06,-0.05,0.772,0.055,-0.041,5208.0,103.0,-103.0,4.563,0.036,-0.052,12.957,299.89651,46.051971,KEPLER_CONFIRMED,9489524,1
9512687,K00942.01,Kepler-735 b,CONFIRMED,11.51517167,1.566e-05,-1.566e-05,1357.4,30.3,-30.3,2.006,0.0382,-0.0382,2.9,0.4,-0.19,0.798,0.108,-0.054,5177.0,155.0,-155.0,4.59,0.024,-0.102,15.386,284.68887,46.172249,KEPLER_CONFIRMED,9512687,1
9513865,K00943.01,Kepler-736 b,CONFIRMED,3.601465336,5.941e-06,-5.941e-06,777.7,18.1,-18.1,2.2753,0.0456,-0.0456,2.31,0.11,-0.18,0.855,0.039,-0.066,5052.0,83.0,-75.0,4.48,0.077,-0.033,15.733,285.39133,46.180939,KEPLER_CONFIRMED,9513865,1
9517393,K02076.02,Kepler-1085 b,CONFIRMED,219.3215562,0.0008517,-0.0008517,3628.7,41.2,-41.2,12.4124,0.0964,-0.0964,6.11,1.52,-0.65,1.012,0.252,-0.108,6063.0,181.0,-181.0,4.476,0.055,-0.165,15.273,287.47763,46.141178,KEPLER_CONFIRMED,9517393,1
9518318,K01978.02,Kepler-346 c,CONFIRMED,23.85163321,6.821e-05,-6.821e-05,833.7,31.6,-31.6,2.4453,0.0677,-0.0677,3.37,1.12,-0.37,1.001,0.333,-0.111,6032.0,190.0,-232.0,4.465,0.056,-0.21,15.214,288.0119,46.117611,KEPLER_CONFIRMED,9518318,1
9520838,K01866.01,Kepler-987 b,CONFIRMED,105.3035093,0.0004305,-0.0004305,1362.2,39.0,-39.0,6.214,0.121,-0.121,3.18,0.38,-0.19,0.875,0.105,-0.053,5534.0,110.0,-110.0,4.515,0.042,-0.098,14.986,289.41107,46.130852,KEPLER_CONFIRMED,9520838,1
9527334,K00049.01,Kepler-461 b,CONFIRMED,8.31377304,4.206e-05,-4.206e-05,837.4,49.1,-49.1,2.964,0.125,-0.125,2.74,0.43,-0.13,0.951,0.152,-0.045,5900.0,105.0,-117.0,4.509,0.021,-0.119,13.704,292.24902,46.164822,KEPLER_CONFIRMED,9527334,1
9527915,K00165.01,Kepler-478 b,CONFIRMED,13.22175358,1.342e-05,-1.342e-05,876.5,11.0,-11.0,2.7884,0.0322,-0.0322,2.38,0.18,-0.12,0.799,0.06,-0.038,5211.0,103.0,-103.0,4.556,0.032,-0.059,13.938,292.48694,46.196209,KEPLER_CONFIRMED,9527915,1
9529744,K01806.03,Kepler-320 b,CONFIRMED,8.37159554,7.493e-05,-7.493e-05,98.0,6.2,-6.2,5.252,0.225,-0.225,2.39,0.55,-0.68,1.775,0.411,-0.503,6426.0,175.0,-175.0,4.013,0.259,-0.13,13.474,293.21356,46.175129,KEPLER_CONFIRMED,9529744,1
9530945,K00708.01,Kepler-216 c,CONFIRMED,17.40665216,3.36e-05,-3.36e-05,586.9,7.4,-7.4,6.864,0.0518,-0.0518,2.95,0.5,-0.46,1.216,0.207,-0.188,6086.0,134.0,-134.0,4.274,0.143,-0.117,13.998,293.72806,46.12915,KEPLER_CONFIRMED,9530945,1
9532052,K02115.01,Kepler-67 b,CONFIRMED,15.72585941,6.277e-05,-6.277e-05,1313.1,46.3,-46.3,3.8284,0.0841,-0.0841,2.69,0.25,-0.11,0.755,0.069,-0.032,5332.0,106.0,-106.0,4.597,0.018,-0.077,16.144,294.15332,46.166439,KEPLER_CONFIRMED,9532052,1
9549648,K01886.01,Kepler-999 b,CONFIRMED,5.99185827,1.095e-05,-1.095e-05,186.3,6.9,-6.9,1.7215,0.0462,-0.0462,2.75,0.49,-0.59,1.695,0.3,-0.366,6157.0,124.0,-124.0,4.049,0.188,-0.101,12.239,299.66046,46.198421,KEPLER_CONFIRMED,9549648,1
9569711,K03232.01,Kepler-1912 b,CONFIRMED,6.05919881,3.212e-05,-3.212e-05,154.2,17.2,-17.2,1.365,0.141,-0.141,1.21,0.18,-0.09,0.962,0.137,-0.074,5734.0,104.0,-115.0,4.462,0.051,-0.119,12.253,282.11783,46.22393,KEPLER_CONFIRMED,9569711,1
9570741,K00586.01,Kepler-613 b,CONFIRMED,15.77980122,4.673e-05,-4.673e-05,541.4,15.8,-15.8,4.0369,0.074,-0.074,2.11,0.62,-0.2,0.911,0.266,-0.089,5941.0,160.0,-178.0,4.519,0.048,-0.204,14.608,282.7868,46.244991,KEPLER_CONFIRMED,9570741,1
9573539,K00180.01,Kepler-484 b,CONFIRMED,10.04556377,1.571e-05,-1.571e-05,671.4,11.7,-11.7,3.2027,0.0445,-0.0445,2.19,0.28,-0.1,0.853,0.109,-0.039,5632.0,101.0,-124.0,4.554,0.019,-0.11,13.024,284.39429,46.249081,KEPLER_CONFIRMED,9573539,1
9573685,K02057.01,Kepler-1074 b,CONFIRMED,5.94565516,1.691e-05,-1.691e-05,401.2,16.6,-16.6,2.1604,0.0711,-0.0711,1.12,0.06,-0.07,0.564,0.03,-0.034,3974.0,79.0,-79.0,4.7,0.027,-0.027,15.026,284.47653,46.252579,KEPLER_CONFIRMED,9573685,1
9578686,K00709.01,Kepler-651 b,CONFIRMED,21.3851584,3.579e-05,-3.579e-05,663.9,11.4,-11.4,4.0819,0.0447,-0.0447,2.17,0.18,-0.15,0.825,0.069,-0.057,5376.0,106.0,-106.0,4.516,0.06,-0.06,13.94,287.33279,46.20351,KEPLER_CONFIRMED,9578686,1
9579641,K00115.01,Kepler-105 b,CONFIRMED,5.412203927,3.052e-06,-3.052e-06,601.6,4.0,-4.0,2.9472,0.024,-0.024,2.94,0.43,-0.38,1.087,0.157,-0.142,5779.0,104.0,-115.0,4.339,0.132,-0.108,12.791,287.88733,46.276241,KEPLER_CONFIRMED,9579641,1
9583881,K00467.01,Kepler-562 b,CONFIRMED,18.00932214,1.014e-05,-1.014e-05,3004.4,14.8,-14.8,4.9611,0.0502,-0.0502,4.96,1.57,-0.39,0.877,0.278,-0.069,5815.0,146.0,-160.0,4.54,0.037,-0.213,14.794,290.11963,46.273811,KEPLER_CONFIRMED,9583881,1
9589323,K01488.01,Kepler-861 b,CONFIRMED,3.949627144,5.3e-06,-5.3e-06,807.2,21.7,-21.7,1.5485,0.0387,-0.0387,2.32,0.29,-0.22,0.836,0.104,-0.078,5155.0,170.0,-154.0,4.523,0.056,-0.084,15.623,292.35394,46.22628,KEPLER_CONFIRMED,9589323,1
9589524,K00468.01,Kepler-563 b,CONFIRMED,22.18431824,2.569e-05,-2.569e-05,1593.0,21.2,-21.2,3.0397,0.0322,-0.0322,3.18,0.34,-0.37,0.818,0.086,-0.096,5157.0,153.0,-153.0,4.5,0.093,-0.076,14.767,292.44626,46.289768,KEPLER_CONFIRMED,9589524,1
9590976,K00710.01,Kepler-217 b,CONFIRMED,5.37493289,1.246e-05,-1.246e-05,155.8,3.5,-3.5,3.9567,0.0539,-0.0539,2.12,0.36,-0.43,1.689,0.281,-0.343,6167.0,124.0,-124.0,4.037,0.182,-0.098,13.294,293.03775,46.277519,KEPLER_CONFIRMED,9590976,1
9592705,K00288.01,Kepler-1714 b,CONFIRMED,10.27532513,1.442e-05,-1.442e-05,209.7,2.4,-2.4,6.3093,0.0396,-0.0396,3.04,0.15,-0.21,2.086,0.098,-0.147,6150.0,73.0,-85.0,3.96,0.03,-0.027,11.02,293.71646,46.226654,KEPLER_CONFIRMED,9592705,1
9595827,K00217.01,Kepler-71 b,CONFIRMED,3.905081685,3.52e-07,-3.52e-07,21340.5,17.9,-17.9,2.8213,0.00486,-0.00486,12.78,0.85,-0.52,0.887,0.059,-0.036,5543.0,88.0,-121.0,4.54,0.017,-0.052,15.127,294.86551,46.285851,KEPLER_CONFIRMED,9595827,1
9597058,K01819.01,Kepler-962 b,CONFIRMED,12.05705659,4.719e-05,-4.719e-05,523.9,29.6,-29.6,2.3462,0.0989,-0.0989,1.96,0.19,-0.11,0.834,0.084,-0.045,5365.0,107.0,-107.0,4.537,0.036,-0.078,13.576,295.31314,46.237492,KEPLER_CONFIRMED,9597058,1
9597345,K00711.03,Kepler-218 d,CONFIRMED,124.5245224,0.0005536,-0.0005536,689.9,14.8,-14.8,9.654,0.115,-0.115,2.69,0.41,-0.29,1.046,0.161,-0.111,5497.0,109.0,-109.0,4.394,0.09,-0.11,13.967,295.41281,46.266472,KEPLER_CONFIRMED,9597345,1
9597806,K01481.01,Kepler-860 b,CONFIRMED,5.101375725,8.821e-06,-8.821e-06,894.6,18.9,-18.9,2.595,0.0378,-0.0378,2.84,0.88,-0.3,0.954,0.297,-0.099,5869.0,164.0,-205.0,4.479,0.067,-0.202,15.455,295.57727,46.254742,KEPLER_CONFIRMED,9597806,1
9602613,K02612.01,Kepler-1994 b,CONFIRMED,4.61225043,3.445e-05,-3.445e-05,29.1,2.4,-2.4,2.695,0.167,-0.167,0.51,0.06,-0.05,0.961,0.115,-0.086,5495.0,74.0,-82.0,4.442,0.072,-0.099,11.83,297.14883,46.296951,KEPLER_CONFIRMED,9602613,1
9605514,K00945.01,Kepler-1666 b,CONFIRMED,25.8474958,0.0001702,-0.0001702,537.4,21.4,-21.4,5.985,0.148,-0.148,2.4,0.75,-0.25,1.031,0.32,-0.107,6297.0,169.0,-225.0,4.448,0.052,-0.208,15.083,297.9516,46.264721,KEPLER_CONFIRMED,9605514,1
9607164,K00587.01,Kepler-614 b,CONFIRMED,14.03490255,2.387e-05,-2.387e-05,851.8,15.9,-15.9,3.638,0.0598,-0.0598,2.41,0.32,-0.28,0.785,0.102,-0.091,5258.0,158.0,-142.0,4.513,0.095,-0.086,14.574,298.38483,46.276039,KEPLER_CONFIRMED,9607164,1
9631762,K00588.01,Kepler-615 b,CONFIRMED,10.35586478,2.054e-05,-2.054e-05,660.9,15.5,-15.5,2.8431,0.0515,-0.0515,1.92,0.05,-0.11,0.778,0.019,-0.044,4646.0,74.0,-83.0,4.539,0.054,-0.012,14.337,282.45059,46.3214,KEPLER_CONFIRMED,9631762,1
9631995,K00022.01,Kepler-422 b,CONFIRMED,7.891448838,5.06e-07,-5.06e-07,10344.6,6.9,-6.9,4.2854,0.00697,-0.00697,12.63,2.13,-1.42,1.237,0.209,-0.139,5972.0,72.0,-84.0,4.313,0.095,-0.116,13.435,282.62967,46.32336,KEPLER_CONFIRMED,9631995,1
9634821,K02037.01,Kepler-1995 b,CONFIRMED,73.7578875,0.0004304,-0.0004304,1836.9,98.8,-98.8,2.69,0.115,-0.115,4.28,2.21,-0.66,0.93,0.481,-0.144,5029.0,192.0,-174.0,4.429,0.13,-0.416,15.213,284.34274,46.316551,KEPLER_CONFIRMED,9634821,1
9635606,K02535.01,Kepler-1853 b,CONFIRMED,48.8882668,0.0006649,-0.0006649,462.8,37.8,-37.8,6.468,0.563,-0.563,2.96,0.1,-0.17,0.788,0.027,-0.046,4821.0,76.0,-76.0,4.529,0.06,-0.02,14.985,284.74792,46.373619,KEPLER_CONFIRMED,9635606,1
9636135,K01498.02,Kepler-864 c,CONFIRMED,2.42150341,1.597e-05,-1.597e-05,171.5,12.6,-12.6,2.965,0.167,-0.167,1.62,0.47,-0.19,1.195,0.351,-0.14,6213.0,173.0,-259.0,4.387,0.06,-0.192,15.776,285.0571,46.320679,KEPLER_CONFIRMED,9636135,1
9641481,K02152.01,Kepler-1122 b,CONFIRMED,42.1918331,0.0003561,-0.0003561,488.7,21.7,-21.7,7.083,0.19,-0.19,2.35,0.32,-0.33,1.08,0.15,-0.15,5520.0,74.0,-74.0,4.339,0.138,-0.103,15.06,288.28052,46.3409,KEPLER_CONFIRMED,9641481,1
9642292,K02946.01,Kepler-1392 b,CONFIRMED,15.1408916,0.0001144,-0.0001144,476.8,27.7,-27.7,4.359,0.146,-0.146,1.93,0.6,-0.19,0.887,0.273,-0.091,5926.0,187.0,-207.0,4.532,0.05,-0.2,15.679,288.76697,46.394421,KEPLER_CONFIRMED,9642292,1
9643874,K01457.01,Kepler-856 b,CONFIRMED,8.027681123,1.97e-06,-1.97e-06,8725.4,23.9,-23.9,3.0942,0.0307,-0.0307,8.43,2.25,-0.75,0.887,0.237,-0.079,5569.0,183.0,-183.0,4.546,0.033,-0.187,15.57,289.60382,46.314949,KEPLER_CONFIRMED,9643874,1
9649706,K02049.01,Kepler-1072 b,CONFIRMED,1.569066598,3.057e-06,-3.057e-06,147.2,3.5,-3.5,2.7803,0.0469,-0.0469,1.68,0.28,-0.34,1.395,0.228,-0.279,5821.0,69.0,-87.0,4.172,0.162,-0.108,13.93,292.04437,46.329029,KEPLER_CONFIRMED,9649706,1
9650808,K01970.01,Kepler-344 b,CONFIRMED,21.96401646,6.964e-05,-6.964e-05,693.4,28.3,-28.3,2.7509,0.0766,-0.0766,2.57,0.72,-0.31,0.958,0.268,-0.115,5774.0,156.0,-173.0,4.447,0.081,-0.189,15.378,292.49963,46.324409,KEPLER_CONFIRMED,9650808,1
9650989,K03095.01,Kepler-1905 b,CONFIRMED,3.42390809,1.79e-05,-1.79e-05,153.1,14.0,-14.0,1.773,0.134,-0.134,1.25,0.2,-0.08,1.015,0.161,-0.069,5788.0,78.0,-86.0,4.442,0.051,-0.119,15.067,292.57336,46.36684,KEPLER_CONFIRMED,9650989,1
9651234,K01938.01,Kepler-1020 b,CONFIRMED,96.9151707,0.0002916,-0.0002916,862.8,18.7,-18.7,6.065,0.0805,-0.0805,2.37,0.17,-0.13,0.791,0.056,-0.042,5162.0,103.0,-93.0,4.559,0.036,-0.054,14.031,292.67255,46.377419,KEPLER_CONFIRMED,9651234,1
9651668,K00183.01,Kepler-423 b,CONFIRMED,2.684328541,8.2e-08,-8.2e-08,18136.5,7.4,-7.4,2.69382,0.00073,-0.00073,12.73,1.6,-1.45,0.956,0.12,-0.109,5561.0,74.0,-74.0,4.411,0.11,-0.09,14.29,292.85574,46.391178,KEPLER_CONFIRMED,9651668,1
9653622,K02513.01,Kepler-2002 b,CONFIRMED,19.0054098,6.04e-05,-6.04e-05,542.4,35.0,-35.0,1.843,0.152,-0.152,28.47,9.16,-3.65,1.036,0.333,-0.133,6347.0,176.0,-220.0,4.423,0.067,-0.202,14.839,293.66885,46.37925,KEPLER_CONFIRMED,9653622,1
9654468,K02417.01,Kepler-1684 b,CONFIRMED,47.7052566,0.0004697,-0.0004697,1161.5,58.9,-58.9,5.959,0.251,-0.251,2.89,0.12,-0.14,0.672,0.027,-0.033,4551.0,90.0,-90.0,4.609,0.036,-0.018,16.22,294.00543,46.310692,KEPLER_CONFIRMED,9654468,1
9656252,K02044.01,Kepler-1068 b,CONFIRMED,16.92342126,5.948e-05,-5.948e-05,1125.3,31.8,-31.8,4.1864,0.0904,-0.0904,3.4,0.5,-0.22,0.99,0.147,-0.063,5786.0,78.0,-86.0,4.465,0.038,-0.12,15.818,294.64816,46.392361,KEPLER_CONFIRMED,9656252,1
9661979,K02132.01,Kepler-1681 b,CONFIRMED,69.8956789,0.0005243,-0.0005243,548.4,28.7,-28.7,5.276,0.182,-0.182,3.04,0.62,-0.51,1.104,0.227,-0.185,5390.0,80.0,-72.0,4.303,0.17,-0.155,14.552,296.69727,46.371712,KEPLER_CONFIRMED,9661979,1
9662811,K01854.01,Kepler-984 b,CONFIRMED,43.0343364,0.0001859,-0.0001859,541.6,12.2,-12.2,6.571,0.135,-0.135,2.5,0.3,-0.18,0.911,0.11,-0.064,5550.0,110.0,-110.0,4.476,0.064,-0.096,13.534,296.95886,46.394131,KEPLER_CONFIRMED,9662811,1
9663113,K00179.02,Kepler-458 b,CONFIRMED,572.376632,0.006215,-0.006215,1743.4,22.3,-22.3,24.42,0.559,-0.559,5.8,1.04,-0.77,1.299,0.231,-0.173,6226.0,112.0,-124.0,4.264,0.115,-0.115,13.955,297.04541,46.328701,KEPLER_CONFIRMED,9663113,1
9664142,K02654.01,Kepler-1305 b,CONFIRMED,13.5631157,0.0001434,-0.0001434,336.4,25.2,-25.2,5.438,0.23,-0.23,1.75,0.51,-0.17,0.895,0.26,-0.087,5853.0,157.0,-192.0,4.529,0.048,-0.192,15.785,297.33945,46.347252,KEPLER_CONFIRMED,9664142,1
9693006,K02913.01,Kepler-1385 b,CONFIRMED,2.88878583,1.761e-05,-1.761e-05,40.9,2.9,-2.9,2.977,0.174,-0.174,0.84,0.16,-0.14,1.331,0.244,-0.22,5696.0,113.0,-101.0,4.247,0.13,-0.117,12.858,282.63138,46.48111,KEPLER_CONFIRMED,9693006,1
9696358,K02545.01,Kepler-1274 b,CONFIRMED,6.98141327,7.603e-05,-7.603e-05,38.0,2.2,-2.2,6.527,0.305,-0.305,1.42,0.09,-0.13,2.163,0.133,-0.193,6054.0,81.0,-72.0,3.923,0.044,-0.036,11.752,284.59372,46.44978,KEPLER_CONFIRMED,9696358,1
9701962,K04617.01,Kepler-1617 b,CONFIRMED,27.4784659,0.0005177,-0.0005177,83.2,7.6,-7.6,7.5,0.536,-0.536,1.52,0.25,-0.4,1.707,0.276,-0.449,5432.0,89.0,-65.0,3.993,0.21,-0.09,13.63,287.93719,46.418491,KEPLER_CONFIRMED,9701962,1
9702006,K04372.01,Kepler-1953 b,CONFIRMED,6.24564633,5.436e-05,-5.436e-05,212.0,21.2,-21.2,2.459,0.182,-0.182,1.06,0.12,-0.07,0.707,0.08,-0.049,4858.0,161.0,-161.0,4.622,0.027,-0.059,15.485,287.96814,46.470612,KEPLER_CONFIRMED,9702006,1
9702072,K00714.01,Kepler-652 b,CONFIRMED,4.182001885,2.014e-06,-2.014e-06,847.4,6.3,-6.3,2.2209,0.0156,-0.0156,2.46,0.26,-0.1,0.865,0.092,-0.035,5328.0,106.0,-106.0,4.551,0.018,-0.102,13.393,288.00812,46.47356,KEPLER_CONFIRMED,9702072,1
9704384,K01913.01,Kepler-1012 b,CONFIRMED,5.50860699,1.361e-05,-1.361e-05,203.9,6.3,-6.3,3.0788,0.0586,-0.0586,1.49,0.15,-0.12,0.883,0.092,-0.067,5448.0,109.0,-109.0,4.489,0.063,-0.084,13.317,289.29626,46.457951,KEPLER_CONFIRMED,9704384,1
9710326,K00947.01,Kepler-737 b,CONFIRMED,28.59914031,5.489e-05,-5.489e-05,1585.1,33.9,-33.9,3.6567,0.0556,-0.0556,1.83,0.16,-0.21,0.461,0.04,-0.053,3755.0,75.0,-84.0,4.781,0.063,-0.031,15.19,291.86285,46.42926,KEPLER_CONFIRMED,9710326,1
9714550,K03048.01,Kepler-1695 b,CONFIRMED,4.73292061,1.979e-05,-1.979e-05,151.6,11.8,-11.8,1.746,0.101,-0.101,0.97,0.2,-0.08,0.796,0.161,-0.069,5595.0,150.0,-150.0,4.581,0.034,-0.136,14.651,293.61926,46.413342,KEPLER_CONFIRMED,9714550,1
9715631,K05706.01,Kepler-1636 b,CONFIRMED,425.483539,0.008623,-0.008623,996.6,60.3,-60.3,17.856,0.623,-0.623,3.2,0.92,-0.3,1.022,0.292,-0.097,5977.0,190.0,-211.0,4.473,0.048,-0.204,15.807,294.05762,46.441029,KEPLER_CONFIRMED,9715631,1
9716391,K03025.01,Kepler-1413 b,CONFIRMED,13.1829329,0.0001074,-0.0001074,518.0,43.8,-43.8,3.594,0.215,-0.215,1.84,0.36,-0.15,0.827,0.161,-0.069,5382.0,167.0,-185.0,4.571,0.025,-0.136,16.239,294.34164,46.49876,KEPLER_CONFIRMED,9716391,1
9717943,K02273.01,Kepler-1169 b,CONFIRMED,6.11010439,4.64e-05,-4.64e-05,59.7,5.9,-5.9,2.314,0.182,-0.182,0.93,0.15,-0.05,1.195,0.191,-0.068,6213.0,112.0,-137.0,4.387,0.03,-0.113,12.716,294.91156,46.491459,KEPLER_CONFIRMED,9717943,1
9718066,K02287.01,Kepler-378 b,CONFIRMED,16.09227518,6.165e-05,-6.165e-05,128.5,8.0,-8.0,2.1072,0.095,-0.095,0.98,0.09,-0.02,0.67,0.055,-0.017,4657.0,93.0,-93.0,4.641,0.012,-0.048,12.485,294.94858,46.438641,KEPLER_CONFIRMED,9718066,1
9726659,K01491.01,Kepler-862 b,CONFIRMED,3.148661555,8.304e-06,-8.304e-06,550.5,18.3,-18.3,2.1978,0.0586,-0.0586,2.15,0.4,-0.29,0.873,0.159,-0.119,5258.0,184.0,-184.0,4.458,0.112,-0.154,15.297,297.77927,46.492741,KEPLER_CONFIRMED,9726659,1
9729691,K01751.02,Kepler-949 c,CONFIRMED,20.99757968,3.334e-05,-3.334e-05,1131.8,27.0,-27.0,2.454,0.0472,-0.0472,2.97,0.61,-0.43,0.895,0.186,-0.129,5211.0,181.0,-163.0,4.447,0.12,-0.18,14.548,298.60788,46.453678,KEPLER_CONFIRMED,9729691,1
9730163,K02704.03,Kepler-445 d,CONFIRMED,8.15275885,6.589e-05,-6.589e-05,16536.0,2312.0,-2312.0,1.746,0.24,-0.24,2.44,1.62,-0.7,0.189,0.125,-0.054,3327.0,125.0,-58.0,5.113,0.14,-0.14,17.475,298.73611,46.498634,KEPLER_CONFIRMED,9730163,1
9735426,K01849.01,Kepler-979 b,CONFIRMED,8.08801663,1.128e-05,-1.128e-05,952.9,23.6,-23.6,1.8334,0.0396,-0.0396,2.94,0.24,-0.2,0.874,0.072,-0.059,5269.0,84.0,-73.0,4.494,0.06,-0.066,14.624,300.37128,46.408279,KEPLER_CONFIRMED,9735426,1
9753154,K02457.01,Kepler-1244 b,CONFIRMED,3.70429015,2.561e-05,-2.561e-05,55.7,4.2,-4.2,3.37,0.165,-0.165,1.45,0.31,-0.45,1.927,0.402,-0.603,6732.0,163.0,-204.0,3.958,0.273,-0.117,12.402,282.30121,46.516201,KEPLER_CONFIRMED,9753154,1
9757613,K00250.03,Kepler-26 d,CONFIRMED,3.543919702,4.494e-06,-4.494e-06,507.0,14.7,-14.7,1.8717,0.0285,-0.0285,1.21,0.06,-0.1,0.537,0.03,-0.041,3879.0,77.0,-85.0,4.708,0.045,-0.021,15.473,284.94098,46.56654,KEPLER_CONFIRMED,9757613,1
9758089,K01871.02,Kepler-1996 b,CONFIRMED,32.376183,0.0001311,-0.0001311,745.4,24.1,-24.1,4.4639,0.0792,-0.0792,2.26,0.16,-0.07,0.675,0.046,-0.021,4580.0,92.0,-92.0,4.641,0.012,-0.045,14.897,285.25366,46.582191,KEPLER_CONFIRMED,9758089,1
9761615,K03911.01,Kepler-1528 b,CONFIRMED,1.79110997,5.478e-06,-5.478e-06,167.5,8.0,-8.0,2.0917,0.0734,-0.0734,1.29,0.41,-0.14,0.999,0.318,-0.106,6040.0,163.0,-199.0,4.469,0.054,-0.216,14.496,287.40295,46.573978,KEPLER_CONFIRMED,9761615,1
9761882,K00948.01,Kepler-738 b,CONFIRMED,24.58716355,8.739e-05,-8.739e-05,907.5,29.5,-29.5,3.984,0.101,-0.101,2.37,0.41,-0.21,0.749,0.13,-0.065,5474.0,147.0,-163.0,4.605,0.037,-0.105,15.598,287.56967,46.56786,KEPLER_CONFIRMED,9761882,1
9763348,K01852.01,Kepler-982 b,CONFIRMED,15.77382794,8.038e-05,-8.038e-05,313.6,12.1,-12.1,4.957,0.115,-0.115,2.72,0.52,-0.51,1.531,0.29,-0.29,6283.0,126.0,-113.0,4.129,0.168,-0.112,13.205,288.41769,46.590431,KEPLER_CONFIRMED,9763348,1
9763612,K03465.01,Kepler-1507 b,CONFIRMED,16.0505464,0.0001387,-0.0001387,94.4,7.5,-7.5,3.171,0.194,-0.194,0.81,0.07,-0.03,0.853,0.066,-0.035,5428.0,73.0,-81.0,4.563,0.014,-0.068,13.136,288.56152,46.536049,KEPLER_CONFIRMED,9763612,1
9765975,K01520.01,Kepler-877 b,CONFIRMED,18.45848388,4.882e-05,-4.882e-05,535.3,15.0,-15.0,3.3703,0.0684,-0.0684,2.5,0.21,-0.26,0.948,0.081,-0.099,5311.0,85.0,-74.0,4.419,0.111,-0.06,14.516,289.85913,46.522671,KEPLER_CONFIRMED,9765975,1
9766437,K00949.01,Kepler-739 b,CONFIRMED,12.53248222,2.23e-05,-2.23e-05,1145.9,19.7,-19.7,4.0168,0.0646,-0.0646,3.24,0.94,-0.32,0.904,0.264,-0.088,5997.0,162.0,-198.0,4.522,0.048,-0.192,15.485,290.06799,46.57914,KEPLER_CONFIRMED,9766437,1
9775938,K00951.02,Kepler-258 c,CONFIRMED,33.6528474,0.0001054,-0.0001054,1140.8,29.6,-29.6,3.9616,0.0949,-0.0949,3.05,3.52,-0.44,0.885,1.019,-0.127,4954.0,148.0,-148.0,4.462,0.102,-0.578,15.223,294.06848,46.57933,KEPLER_CONFIRMED,9775938,1
9782691,K00590.01,Kepler-193 b,CONFIRMED,11.38840217,3.81e-05,-3.81e-05,438.0,14.0,-14.0,3.6949,0.0829,-0.0829,3.04,0.49,-0.59,1.456,0.233,-0.284,5876.0,79.0,-79.0,4.151,0.162,-0.108,14.615,296.4986,46.57724,KEPLER_CONFIRMED,9782691,1
9785921,K03372.01,Kepler-1997 b,CONFIRMED,26.7575866,0.0002942,-0.0002942,455.3,29.8,-29.8,5.858,0.278,-0.278,2.28,0.72,-0.28,1.052,0.332,-0.133,6215.0,194.0,-259.0,4.44,0.065,-0.208,15.42,297.4809,46.589142,KEPLER_CONFIRMED,9785921,1
9787239,K00952.04,Kepler-32 e,CONFIRMED,2.896005211,4.317e-06,-4.317e-06,614.1,23.2,-23.2,1.6776,0.0345,-0.0345,1.23,0.08,-0.13,0.498,0.034,-0.051,3731.0,73.0,-83.0,4.75,0.052,-0.028,15.801,297.84241,46.574268,KEPLER_CONFIRMED,9787239,1
9790806,K02035.01,Kepler-1066 b,CONFIRMED,1.93155546,1.502e-05,-1.502e-05,504.9,72.5,-72.5,1.614,0.217,-0.217,2.25,0.26,-0.09,0.858,0.101,-0.034,5461.0,73.0,-81.0,4.552,0.018,-0.102,13.007,298.86658,46.502239,KEPLER_CONFIRMED,9790806,1
9813499,K01505.01,Kepler-868 b,CONFIRMED,5.03257009,2.318e-05,-2.318e-05,439.1,17.2,-17.2,4.213,0.285,-0.285,2.53,0.82,-0.21,0.908,0.293,-0.078,5970.0,161.0,-197.0,4.521,0.039,-0.221,15.695,282.36349,46.67524,KEPLER_CONFIRMED,9813499,1
9818381,K00135.01,Kepler-43 b,CONFIRMED,3.024092505,2.25e-07,-2.25e-07,7765.0,8.6,-8.6,2.8021,0.0103,-0.0103,12.14,0.79,-0.95,1.358,0.088,-0.107,6063.0,108.0,-145.0,4.261,0.055,-0.045,13.958,285.24084,46.668251,KEPLER_CONFIRMED,9818381,1
9818462,K01521.01,Kepler-878 b,CONFIRMED,25.9421582,0.0001126,-0.0001126,569.7,20.3,-20.3,4.045,0.104,-0.104,1.95,0.16,-0.07,0.796,0.066,-0.028,5167.0,82.0,-82.0,4.585,0.013,-0.081,14.817,285.2962,46.603439,KEPLER_CONFIRMED,9818462,1
9820483,K00953.01,Kepler-740 b,CONFIRMED,3.584101048,1.916e-06,-1.916e-06,2608.1,18.1,-18.1,2.7316,0.0206,-0.0206,4.66,1.34,-0.44,0.922,0.264,-0.088,5739.0,171.0,-188.0,4.518,0.048,-0.204,15.954,286.48227,46.692451,KEPLER_CONFIRMED,9820483,1
9821454,K01529.02,Kepler-59 b,CONFIRMED,11.8693144,0.0001749,-0.0001749,101.9,8.4,-8.4,4.653,0.298,-0.298,1.09,0.34,-0.12,1.006,0.312,-0.111,6296.0,169.0,-207.0,4.46,0.052,-0.221,14.307,287.03952,46.640129,KEPLER_CONFIRMED,9821454,1
9823457,K00954.02,Kepler-259 c,CONFIRMED,36.9250409,0.0001165,-0.0001165,902.0,24.3,-24.3,4.9381,0.0738,-0.0738,3.01,0.88,-0.29,0.887,0.259,-0.086,5926.0,160.0,-178.0,4.532,0.036,-0.204,15.219,288.21194,46.615002,KEPLER_CONFIRMED,9823457,1
9823487,K01489.01,Kepler-1753 b,CONFIRMED,16.00460392,5.995e-05,-5.995e-05,831.9,28.2,-28.2,3.9475,0.0887,-0.0887,2.24,0.32,-0.16,0.769,0.111,-0.056,5180.0,155.0,-155.0,4.597,0.026,-0.097,15.554,288.23666,46.605919,KEPLER_CONFIRMED,9823487,1
9823519,K02793.01,Kepler-1350 b,CONFIRMED,4.49686066,1.289e-05,-1.289e-05,1932.5,58.2,-58.2,1.7306,0.0495,-0.0495,1.93,0.19,-0.23,0.444,0.043,-0.053,3698.0,66.0,-73.0,4.81,0.055,-0.045,16.283,288.25058,46.679611,KEPLER_CONFIRMED,9823519,1
9824805,K01526.01,Kepler-881 b,CONFIRMED,4.4444826,2.427e-05,-2.427e-05,163.0,10.7,-10.7,3.686,0.131,-0.131,1.71,0.5,-0.2,1.079,0.318,-0.127,6240.0,174.0,-217.0,4.426,0.062,-0.188,15.216,288.99258,46.67075,KEPLER_CONFIRMED,9824805,1
9825174,K02880.01,Kepler-1377 b,CONFIRMED,0.740926358,1.837e-06,-1.837e-06,195.5,11.8,-11.8,1.0163,0.0686,-0.0686,1.22,0.3,-0.13,0.874,0.213,-0.098,5618.0,152.0,-169.0,4.494,0.072,-0.168,15.918,289.19547,46.651699,KEPLER_CONFIRMED,9825174,1
9825625,K00955.01,Kepler-741 b,CONFIRMED,7.03902016,1.467e-05,-1.467e-05,529.8,11.2,-11.2,3.8633,0.0487,-0.0487,2.45,0.8,-0.27,1.058,0.349,-0.116,6321.0,169.0,-206.0,4.434,0.054,-0.216,15.067,289.4317,46.617531,KEPLER_CONFIRMED,9825625,1
9827149,K02586.01,Kepler-1282 b,CONFIRMED,2.131945045,6.449e-06,-6.449e-06,269.4,13.4,-13.4,1.8061,0.0699,-0.0699,1.66,0.5,-0.17,1.013,0.305,-0.102,5845.0,162.0,-223.0,4.469,0.05,-0.2,15.545,290.17618,46.698341,KEPLER_CONFIRMED,9827149,1
9828127,K04192.01,Kepler-1564 b,CONFIRMED,18.0541469,0.0001484,-0.0001484,283.1,16.2,-16.2,4.587,0.171,-0.171,1.51,0.18,-0.09,0.909,0.113,-0.052,5505.0,74.0,-82.0,4.501,0.038,-0.105,15.004,290.58612,46.642689,KEPLER_CONFIRMED,9828127,1
9832208,K02553.01,Kepler-1858 b,CONFIRMED,88.0712769,0.0008497,-0.0008497,885.4,55.9,-55.9,6.758,0.263,-0.263,2.4,0.09,-0.16,0.819,0.032,-0.055,4939.0,79.0,-79.0,4.506,0.072,-0.022,15.639,292.30743,46.62664,KEPLER_CONFIRMED,9832208,1
9834040,K01998.01,Kepler-1044 b,CONFIRMED,6.77408984,1.776e-05,-1.776e-05,520.3,18.3,-18.3,2.6215,0.0634,-0.0634,2.5,0.75,-0.33,1.092,0.329,-0.141,6246.0,174.0,-239.0,4.433,0.052,-0.208,15.368,293.14447,46.666241,KEPLER_CONFIRMED,9834040,1
9836149,K01958.01,Kepler-66 b,CONFIRMED,17.8159689,9.02e-05,-9.02e-05,776.8,39.4,-39.4,3.6765,0.0972,-0.0972,3.12,0.46,-0.21,0.933,0.136,-0.063,5964.0,107.0,-131.0,4.484,0.04,-0.12,15.2,293.98157,46.687752,KEPLER_CONFIRMED,9836149,1
9836959,K01715.01,Kepler-1766 b,CONFIRMED,105.0145774,0.0004852,-0.0004852,296.0,9.8,-9.8,7.426,0.317,-0.317,2.29,0.32,-0.28,1.042,0.144,-0.129,5868.0,105.0,-117.0,4.363,0.115,-0.103,12.9,294.27728,46.675282,KEPLER_CONFIRMED,9836959,1
9837661,K02715.02,Kepler-1321 c,CONFIRMED,2.226496196,5.317e-06,-5.317e-06,1839.1,59.7,-59.7,1.7073,0.0513,-0.0513,2.1,0.13,-0.23,0.503,0.03,-0.056,3640.0,81.0,-90.0,4.744,0.056,-0.024,16.835,294.52859,46.640968,KEPLER_CONFIRMED,9837661,1
9837685,K02461.01,Kepler-1247 b,CONFIRMED,13.71218522,6.013e-05,-6.013e-05,786.7,40.4,-40.4,2.437,0.0994,-0.0994,2.47,0.6,-0.24,0.831,0.201,-0.08,5550.0,182.0,-182.0,4.562,0.042,-0.168,15.935,294.53354,46.618271,KEPLER_CONFIRMED,9837685,1
9838468,K02943.01,Kepler-1391 b,CONFIRMED,54.4099612,0.0005548,-0.0005548,193.0,10.8,-10.8,9.314,0.216,-0.216,1.56,0.24,-0.24,1.133,0.174,-0.174,5746.0,115.0,-104.0,4.309,0.137,-0.112,13.852,294.83102,46.659592,KEPLER_CONFIRMED,9838468,1
9838949,K01716.01,Kepler-935 b,CONFIRMED,4.88084456,1.457e-05,-1.457e-05,343.0,12.4,-12.4,2.5574,0.0747,-0.0747,1.55,0.24,-0.18,0.861,0.135,-0.098,4929.0,148.0,-148.0,4.481,0.105,-0.56,14.925,295.02167,46.619221,KEPLER_CONFIRMED,9838949,1
9839821,K02012.02,Kepler-1052 c,CONFIRMED,180.921729,0.002826,-0.002826,742.4,50.4,-50.4,8.99,0.377,-0.377,2.3,0.54,-0.19,0.848,0.199,-0.071,5818.0,139.0,-157.0,4.554,0.042,-0.168,14.876,295.34271,46.602261,KEPLER_CONFIRMED,9839821,1
9844088,K00470.01,Kepler-564 b,CONFIRMED,3.750832927,1.216e-06,-1.216e-06,2397.9,13.5,-13.5,1.9457,0.0124,-0.0124,4.61,1.33,-0.42,0.95,0.274,-0.086,5776.0,156.0,-174.0,4.512,0.036,-0.204,14.749,296.83838,46.6264,KEPLER_CONFIRMED,9844088,1
9845898,K02423.01,Kepler-1233 b,CONFIRMED,45.126216,0.0004995,-0.0004995,373.1,25.1,-25.1,6.656,0.266,-0.266,2.32,0.76,-0.25,1.169,0.382,-0.127,6499.0,174.0,-232.0,4.378,0.067,-0.202,14.689,297.37509,46.662209,KEPLER_CONFIRMED,9845898,1
9851662,K02483.01,Kepler-1252 b,CONFIRMED,15.0539886,0.0001234,-0.0001234,221.5,15.7,-15.7,4.422,0.174,-0.174,1.44,0.25,-0.21,0.818,0.143,-0.117,5475.0,162.0,-162.0,4.479,0.121,-0.135,14.503,298.95032,46.692799,KEPLER_CONFIRMED,9851662,1
9872283,K01815.01,Kepler-960 b,CONFIRMED,3.126861192,1.692e-06,-1.692e-06,794.6,10.4,-10.4,1.1926,0.0198,-0.0198,5.12,3.27,-2.98,1.749,1.119,-1.017,4854.0,145.0,-116.0,3.939,0.637,-0.343,13.884,281.45718,46.746471,KEPLER_CONFIRMED,9872283,1
9872831,K04230.01,Kepler-1572 b,CONFIRMED,5.49548533,2.675e-05,-2.675e-05,85.8,7.1,-7.1,2.461,0.122,-0.122,1.3,0.36,-0.36,1.392,0.388,-0.388,6157.0,197.0,-241.0,4.159,0.258,-0.172,13.95,281.89731,46.722664,KEPLER_CONFIRMED,9872831,1
9873254,K00717.01,Kepler-653 b,CONFIRMED,14.70749512,3.674e-05,-3.674e-05,262.0,7.7,-7.7,3.1506,0.0633,-0.0633,2.04,0.35,-0.34,1.28,0.217,-0.217,5676.0,101.0,-113.0,4.247,0.143,-0.117,13.387,282.21292,46.717819,KEPLER_CONFIRMED,9873254,1
9875711,K00956.01,Kepler-742 b,CONFIRMED,8.360870704,6.061e-06,-6.061e-06,2039.7,19.2,-19.2,2.7144,0.0338,-0.0338,3.67,0.22,-0.36,0.81,0.049,-0.079,4743.0,142.0,-142.0,4.516,0.102,-0.748,15.223,283.86603,46.789589,KEPLER_CONFIRMED,9875711,1
9880190,K02509.01,Kepler-1263 b,CONFIRMED,4.5513988,2.001e-05,-2.001e-05,188.7,11.4,-11.4,2.457,0.101,-0.101,1.13,0.04,-0.09,0.84,0.034,-0.062,5009.0,80.0,-80.0,4.491,0.077,-0.028,15.035,286.48364,46.752621,KEPLER_CONFIRMED,9880190,1
9881077,K02751.01,Kepler-1337 b,CONFIRMED,24.4004378,0.0001142,-0.0001142,860.5,48.3,-48.3,2.987,0.113,-0.113,2.47,0.17,-0.2,0.674,0.048,-0.054,4583.0,137.0,-137.0,4.606,0.052,-0.028,15.858,287.00909,46.796101,KEPLER_CONFIRMED,9881077,1
9881662,K00327.01,Kepler-140 b,CONFIRMED,3.254277742,5.223e-06,-5.223e-06,159.9,3.2,-3.2,2.9903,0.0396,-0.0396,1.38,0.22,-0.12,1.089,0.174,-0.094,5945.0,106.0,-130.0,4.402,0.054,-0.117,12.996,287.36948,46.768219,KEPLER_CONFIRMED,9881662,1
9883606,K04383.01,Kepler-1598 b,CONFIRMED,4.34195312,3.55e-05,-3.55e-05,73.3,7.7,-7.7,2.598,0.207,-0.207,0.94,0.3,-0.13,1.09,0.35,-0.15,6164.0,165.0,-220.0,4.378,0.09,-0.21,13.874,288.46909,46.78368,KEPLER_CONFIRMED,9883606,1
9884104,K00718.01,Kepler-219 b,CONFIRMED,4.585466941,5.58e-06,-5.58e-06,383.5,5.1,-5.1,3.4437,0.0262,-0.0262,3.29,0.54,-0.71,1.495,0.245,-0.326,5788.0,104.0,-115.0,4.16,0.162,-0.108,13.764,288.73898,46.762562,KEPLER_CONFIRMED,9884104,1
9885417,K03246.01,Kepler-1446 b,CONFIRMED,0.689967868,1.283e-06,-1.283e-06,122.9,5.3,-5.3,1.1688,0.0539,-0.0539,0.78,0.06,-0.02,0.726,0.053,-0.022,4872.0,97.0,-97.0,4.615,0.012,-0.051,12.411,289.42395,46.72617,KEPLER_CONFIRMED,9885417,1
9886255,K01846.01,Kepler-976 b,CONFIRMED,105.9566815,0.0003911,-0.0003911,2286.4,49.6,-49.6,6.9988,0.099,-0.099,3.79,0.58,-0.31,0.8,0.122,-0.066,5327.0,159.0,-159.0,4.581,0.035,-0.105,15.795,289.86963,46.72971,KEPLER_CONFIRMED,9886255,1
9886361,K02732.02,Kepler-403 d,CONFIRMED,13.61165024,8.495e-05,-8.495e-05,95.5,3.3,-3.3,7.617,0.14,-0.14,1.46,0.27,-0.24,1.499,0.272,-0.245,6170.0,110.0,-135.0,4.192,0.137,-0.125,12.805,289.92145,46.74456,KEPLER_CONFIRMED,9886361,1
9886661,K01606.01,Kepler-905 b,CONFIRMED,5.082748362,8.712e-06,-8.712e-06,276.7,8.0,-8.0,1.7732,0.046,-0.046,1.4,0.17,-0.05,0.858,0.105,-0.035,5430.0,97.0,-108.0,4.555,0.018,-0.108,13.984,290.05112,46.713371,KEPLER_CONFIRMED,9886661,1
9892816,K01955.03,Kepler-342 e,CONFIRMED,1.644221032,5.949e-06,-5.949e-06,47.8,2.2,-2.2,2.9122,0.0778,-0.0778,1.18,0.19,-0.16,1.369,0.228,-0.187,6297.0,113.0,-126.0,4.26,0.09,-0.11,13.147,292.67807,46.726711,KEPLER_CONFIRMED,9892816,1
9893318,K02660.01,Kepler-1307 b,CONFIRMED,18.0161227,0.0001088,-0.0001088,499.5,34.9,-34.9,4.016,0.178,-0.178,2.39,0.76,-0.33,1.065,0.339,-0.145,6245.0,175.0,-219.0,4.406,0.072,-0.217,15.394,292.86984,46.741859,KEPLER_CONFIRMED,9893318,1
9895006,K01717.01,Kepler-936 b,CONFIRMED,10.56137217,4.34e-05,-4.34e-05,238.4,12.5,-12.5,3.2645,0.0936,-0.0936,2.43,0.66,-0.45,1.171,0.319,-0.213,5610.0,166.0,-166.0,4.316,0.165,-0.182,14.581,293.57776,46.73634,KEPLER_CONFIRMED,9895006,1
9896018,K02579.01,Kepler-1859 b,CONFIRMED,2.7296036,1.312e-05,-1.312e-05,145.6,8.8,-8.8,2.721,0.123,-0.123,1.53,0.26,-0.22,1.235,0.213,-0.175,5887.0,70.0,-79.0,4.292,0.12,-0.12,15.147,293.98871,46.718021,KEPLER_CONFIRMED,9896018,1
9896558,K01718.01,Kepler-937 b,CONFIRMED,67.6690554,0.0004003,-0.0004003,961.1,27.4,-27.4,9.556,0.155,-0.155,3.39,1.01,-0.54,1.08,0.32,-0.172,6127.0,192.0,-213.0,4.356,0.128,-0.192,15.224,294.16882,46.714611,KEPLER_CONFIRMED,9896558,1
9897364,K04189.01,Kepler-1562 b,CONFIRMED,64.2729088,0.0009417,-0.0009417,1213.9,50.7,-50.7,12.136,0.607,-0.607,5.38,1.76,-0.94,1.299,0.424,-0.228,6341.0,177.0,-243.0,4.278,0.132,-0.198,15.589,294.45569,46.743561,KEPLER_CONFIRMED,9897364,1
9898017,K04484.01,Kepler-1960 b,CONFIRMED,2.29794819,2.025e-05,-2.025e-05,83.2,8.0,-8.0,2.84,0.231,-0.231,0.98,0.29,-0.12,1.072,0.312,-0.134,6371.0,169.0,-207.0,4.426,0.065,-0.195,15.079,294.69696,46.720188,KEPLER_CONFIRMED,9898017,1
9898447,K02803.01,Kepler-1877 b,CONFIRMED,2.37752442,1.351e-05,-1.351e-05,32.1,2.3,-2.3,2.307,0.127,-0.127,0.53,0.07,-0.03,0.936,0.132,-0.047,5615.0,101.0,-123.0,4.505,0.03,-0.12,12.258,294.86688,46.790562,KEPLER_CONFIRMED,9898447,1
9904006,K02135.03,Kepler-361 b,CONFIRMED,8.48651582,5.335e-05,-5.335e-05,110.8,5.8,-5.8,5.267,0.139,-0.139,1.34,0.25,-0.19,1.267,0.237,-0.178,6178.0,111.0,-135.0,4.269,0.125,-0.125,13.573,296.80344,46.74115,KEPLER_CONFIRMED,9904006,1
9907129,K03127.01,Kepler-1436 b,CONFIRMED,9.705693,0.0001722,-0.0001722,140.8,11.3,-11.3,7.702,0.406,-0.406,2.07,0.36,-0.39,1.385,0.239,-0.263,5808.0,78.0,-78.0,4.178,0.176,-0.095,14.93,297.71158,46.768021,KEPLER_CONFIRMED,9907129,1
9909735,K01779.02,Kepler-318 c,CONFIRMED,11.8150174,0.0001074,-0.0001074,1003.0,107.0,-107.0,2.834,0.227,-0.227,3.48,0.58,-0.14,0.939,0.156,-0.039,5729.0,103.0,-126.0,4.514,0.022,-0.127,13.297,298.48282,46.793621,KEPLER_CONFIRMED,9909735,1
9941066,K01584.01,Kepler-898 b,CONFIRMED,5.87063416,2.109e-05,-2.109e-05,505.6,25.3,-25.3,2.5736,0.0913,-0.0913,1.44,0.06,-0.07,0.612,0.027,-0.03,4166.0,83.0,-83.0,4.66,0.024,-0.022,15.961,286.58539,46.87093,KEPLER_CONFIRMED,9941066,1
9941662,K00013.01,Kepler-13 b,CONFIRMED,1.763587535,4.2e-08,-4.2e-08,4590.6,1.5,-1.5,3.16877,0.0029,-0.0029,21.42,6.33,-9.48,3.031,0.895,-1.342,9107.0,242.0,-443.0,3.867,0.343,-0.147,9.958,286.97119,46.868359,KEPLER_CONFIRMED,9941662,1
9941859,K00528.01,Kepler-178 b,CONFIRMED,9.57665962,1.065e-05,-1.065e-05,746.8,9.9,-9.9,3.3603,0.0295,-0.0295,2.88,0.51,-0.46,1.076,0.191,-0.173,5386.0,80.0,-72.0,4.322,0.159,-0.13,14.598,287.1011,46.896481,KEPLER_CONFIRMED,9941859,1
9945370,K02285.01,Kepler-1175 b,CONFIRMED,37.9456138,0.0002107,-0.0002107,1032.9,49.3,-49.3,4.093,0.127,-0.127,2.79,0.84,-0.23,0.865,0.263,-0.07,5861.0,157.0,-174.0,4.546,0.037,-0.2,15.939,289.1427,46.812889,KEPLER_CONFIRMED,9945370,1
9946525,K00398.03,Kepler-148 b,CONFIRMED,1.729367077,2.587e-06,-2.587e-06,484.4,12.6,-12.6,1.7442,0.0408,-0.0408,1.82,0.15,-0.09,0.838,0.068,-0.04,5227.0,73.0,-83.0,4.535,0.033,-0.066,15.342,289.78622,46.858791,KEPLER_CONFIRMED,9946525,1
9950612,K00719.04,Kepler-220 b,CONFIRMED,4.159816554,7.31e-06,-7.31e-06,160.3,5.3,-5.3,1.6261,0.0472,-0.0472,0.86,0.03,-0.04,0.639,0.025,-0.032,4499.0,89.0,-89.0,4.635,0.032,-0.02,13.177,291.50616,46.895741,KEPLER_CONFIRMED,9950612,1
9955598,K01925.01,Kepler-409 b,CONFIRMED,68.958447,0.0002345,-0.0002345,123.3,4.8,-4.8,3.128,0.0869,-0.0869,1.11,0.05,-0.04,0.888,0.036,-0.036,5455.0,73.0,-82.0,4.497,0.027,-0.03,9.439,293.6792,46.85276,KEPLER_CONFIRMED,9955598,1
9956082,K04139.01,Kepler-1557 b,CONFIRMED,3.74031708,1.925e-05,-1.925e-05,165.6,12.2,-12.2,2.394,0.105,-0.105,1.38,0.41,-0.17,1.063,0.313,-0.134,6260.0,168.0,-224.0,4.433,0.065,-0.195,15.331,293.88141,46.838879,KEPLER_CONFIRMED,9956082,1
9957627,K00592.01,Kepler-1723 b,CONFIRMED,39.7529915,0.0001149,-0.0001149,549.3,15.7,-15.7,4.9641,0.0726,-0.0726,2.37,0.72,-0.31,1.01,0.308,-0.132,6072.0,182.0,-182.0,4.411,0.105,-0.195,14.292,294.46268,46.821449,KEPLER_CONFIRMED,9957627,1
9958962,K00593.03,Kepler-616 d,CONFIRMED,51.0674355,0.0003497,-0.0003497,597.5,34.3,-34.3,4.374,0.169,-0.169,2.44,0.76,-0.25,0.977,0.302,-0.101,6004.0,181.0,-199.0,4.484,0.052,-0.208,14.957,294.98914,46.838329,KEPLER_CONFIRMED,9958962,1
9962455,K02748.02,Kepler-1336 c,CONFIRMED,5.77721259,2.802e-05,-2.802e-05,134.3,8.5,-8.5,2.462,0.116,-0.116,2.17,0.42,-0.43,1.756,0.344,-0.344,5416.0,130.0,-87.0,3.951,0.168,-0.112,14.056,296.27771,46.89986,KEPLER_CONFIRMED,9962455,1
9963265,K02299.01,Kepler-1819 b,CONFIRMED,16.48686712,3.61e-05,-3.61e-05,987.9,58.0,-58.0,1.431,0.11,-0.11,27.45,7.49,-3.2,1.071,0.292,-0.125,6090.0,169.0,-232.0,4.447,0.06,-0.192,15.315,296.56006,46.857479,KEPLER_CONFIRMED,9963265,1
9963524,K00720.02,Kepler-221 d,CONFIRMED,10.04157214,3.128e-05,-3.128e-05,1114.0,43.0,-43.0,2.6577,0.0794,-0.0794,2.97,0.22,-0.16,0.81,0.06,-0.044,5244.0,105.0,-105.0,4.538,0.045,-0.055,13.749,296.65475,46.83527,KEPLER_CONFIRMED,9963524,1
9964801,K00721.01,Kepler-654 b,CONFIRMED,13.72462702,4.917e-05,-4.917e-05,281.8,6.3,-6.3,6.9758,0.0953,-0.0953,2.13,0.32,-0.32,1.171,0.178,-0.178,5817.0,104.0,-116.0,4.293,0.143,-0.104,13.645,297.06842,46.834278,KEPLER_CONFIRMED,9964801,1
9965439,K00722.01,Kepler-655 b,CONFIRMED,46.40626,0.0001701,-0.0001701,469.1,10.8,-10.8,7.0281,0.0852,-0.0852,2.66,0.47,-0.39,1.227,0.22,-0.18,6086.0,134.0,-134.0,4.276,0.137,-0.112,13.489,297.25909,46.843189,KEPLER_CONFIRMED,9965439,1
9965957,K01911.01,Kepler-1011 b,CONFIRMED,5.75321539,1.184e-05,-1.184e-05,733.8,28.1,-28.1,1.7948,0.048,-0.048,3.14,0.77,-0.26,0.929,0.229,-0.076,5445.0,180.0,-164.0,4.51,0.033,-0.176,15.196,297.40155,46.824001,KEPLER_CONFIRMED,9965957,1
9967771,K01875.02,Kepler-990 c,CONFIRMED,0.53835407,6.75e-07,-6.75e-07,190.2,4.8,-4.8,1.5045,0.0326,-0.0326,1.67,0.24,-0.33,1.207,0.175,-0.233,5539.0,83.0,-74.0,4.244,0.174,-0.101,14.498,297.9382,46.881401,KEPLER_CONFIRMED,9967771,1
9973109,K02018.01,Kepler-1056 b,CONFIRMED,27.495634,0.0001485,-0.0001485,483.3,20.5,-20.5,4.858,0.137,-0.137,2.11,0.61,-0.37,0.911,0.262,-0.161,5657.0,169.0,-169.0,4.401,0.167,-0.204,14.55,299.526,46.899261,KEPLER_CONFIRMED,9973109,1
9992325,K02205.01,Kepler-1140 b,CONFIRMED,24.08632177,9.922e-05,-9.922e-05,1041.7,69.1,-69.1,2.236,0.117,-0.117,2.78,0.26,-0.28,0.768,0.071,-0.079,4973.0,181.0,-161.0,4.537,0.071,-0.052,15.464,281.69397,46.946449,KEPLER_CONFIRMED,9992325,1
9995402,K02832.01,Kepler-1361 b,CONFIRMED,3.57551429,2.079e-05,-2.079e-05,92.8,6.6,-6.6,2.364,0.136,-0.136,0.89,0.21,-0.13,0.917,0.215,-0.132,5213.0,157.0,-141.0,4.434,0.124,-0.201,13.93,283.56531,46.904251,KEPLER_CONFIRMED,9995402,1
9995771,K03470.02,Kepler-1509 b,CONFIRMED,25.4337864,0.0003215,-0.0003215,302.0,22.4,-22.4,6.514,0.235,-0.235,2.0,0.34,-0.25,1.158,0.197,-0.148,5806.0,78.0,-78.0,4.321,0.115,-0.115,15.386,283.79782,46.931,KEPLER_CONFIRMED,9995771,1
10000941,K04146.01,Kepler-1558 b,CONFIRMED,3.50472344,1.551e-05,-1.551e-05,90.7,5.6,-5.6,1.9464,0.0997,-0.0997,0.8,0.1,-0.08,0.854,0.103,-0.093,5115.0,154.0,-139.0,4.477,0.095,-0.105,13.632,286.81937,46.91169,KEPLER_CONFIRMED,10000941,1
10001368,K02785.01,Kepler-1344 b,CONFIRMED,4.76831033,1.911e-05,-1.911e-05,251.8,8.2,-8.2,3.2363,0.0683,-0.0683,1.78,0.6,-0.26,1.116,0.375,-0.161,6237.0,194.0,-259.0,4.374,0.09,-0.21,14.083,287.0863,46.945808,KEPLER_CONFIRMED,10001368,1
10002866,K00723.02,Kepler-222 d,CONFIRMED,28.08185982,6.972e-05,-6.972e-05,1840.3,38.8,-38.8,4.5288,0.0785,-0.0785,3.63,0.8,-0.27,0.843,0.186,-0.062,5431.0,164.0,-164.0,4.563,0.029,-0.152,15.063,287.9061,46.937771,KEPLER_CONFIRMED,10002866,1
10004519,K01572.01,Kepler-894 b,CONFIRMED,9.80321143,2.868e-05,-2.868e-05,813.4,17.4,-17.4,4.4617,0.0684,-0.0684,2.99,0.99,-0.31,0.992,0.327,-0.102,6170.0,196.0,-240.0,4.472,0.054,-0.216,15.439,288.73407,46.939388,KEPLER_CONFIRMED,10004519,1
10004738,K01598.01,Kepler-310 c,CONFIRMED,56.4758069,0.0001281,-0.0001281,1091.8,16.7,-16.7,5.961,0.169,-0.169,3.22,0.25,-0.14,0.839,0.065,-0.035,5497.0,74.0,-82.0,4.57,0.014,-0.063,14.279,288.83936,46.98674,KEPLER_CONFIRMED,10004738,1
10005758,K01783.01,Kepler-1662 b,CONFIRMED,134.4785189,0.0001705,-0.0001705,4033.5,46.0,-46.0,5.9288,0.0565,-0.0565,10.52,1.65,-2.01,1.336,0.209,-0.256,5791.0,117.0,-105.0,4.185,0.182,-0.098,13.929,289.34143,46.988239,KEPLER_CONFIRMED,10005758,1
10005788,K01940.01,Kepler-1022 b,CONFIRMED,10.99470891,1.916e-05,-1.916e-05,884.7,30.9,-30.9,1.5929,0.0497,-0.0497,1.71,0.15,-0.17,0.586,0.049,-0.059,4302.0,127.0,-127.0,4.661,0.056,-0.028,15.389,289.35202,46.973728,KEPLER_CONFIRMED,10005788,1
10006581,K01595.01,Kepler-902 b,CONFIRMED,40.1097817,0.0001409,-0.0001409,732.0,20.8,-20.8,5.2096,0.0869,-0.0869,3.11,0.48,-0.54,1.169,0.183,-0.203,5509.0,82.0,-71.0,4.265,0.168,-0.112,14.904,289.73169,46.953819,KEPLER_CONFIRMED,10006581,1
10010440,K02309.01,Kepler-1184 b,CONFIRMED,53.5991459,0.0004142,-0.0004142,523.1,25.3,-25.3,6.811,0.176,-0.176,2.49,0.78,-0.26,1.032,0.32,-0.107,6319.0,169.0,-206.0,4.447,0.052,-0.208,14.953,291.28207,46.965988,KEPLER_CONFIRMED,10010440,1
10015937,K01720.01,Kepler-1767 b,CONFIRMED,59.6585348,0.0005578,-0.0005578,1043.8,55.8,-55.8,5.514,0.353,-0.353,3.59,0.3,-0.17,0.831,0.069,-0.04,5243.0,84.0,-73.0,4.547,0.028,-0.077,15.742,293.64417,46.989761,KEPLER_CONFIRMED,10015937,1
10018233,K02655.01,Kepler-1306 b,CONFIRMED,16.2959916,7.703e-05,-7.703e-05,369.6,28.0,-28.0,2.116,0.128,-0.128,1.83,0.21,-0.17,0.961,0.115,-0.086,5495.0,74.0,-82.0,4.442,0.072,-0.099,15.243,294.47833,46.945862,KEPLER_CONFIRMED,10018233,1
10019065,K01721.01,Kepler-938 b,CONFIRMED,52.6298542,0.0003281,-0.0003281,675.8,29.1,-29.1,6.118,0.166,-0.166,3.68,0.55,-1.36,1.433,0.212,-0.531,5339.0,88.0,-72.0,4.096,0.368,-0.092,15.004,294.78915,46.98399,KEPLER_CONFIRMED,10019065,1
10019643,K00471.01,Kepler-163 c,CONFIRMED,21.34736612,4.778e-05,-4.778e-05,630.5,12.8,-12.8,4.184,0.0867,-0.0867,3.2,0.54,-0.54,1.071,0.18,-0.18,5395.0,80.0,-72.0,4.324,0.154,-0.112,14.415,295.00281,46.987331,KEPLER_CONFIRMED,10019643,1
10019708,K00199.01,Kepler-490 b,CONFIRMED,3.268695042,2.62e-07,-2.62e-07,10091.4,7.9,-7.9,3.45188,0.00218,-0.00218,16.91,2.61,-3.92,1.691,0.261,-0.392,5927.0,80.0,-80.0,4.046,0.182,-0.098,14.879,295.02567,46.956001,KEPLER_CONFIRMED,10019708,1
10022908,K01586.01,Kepler-900 b,CONFIRMED,6.99130452,1.449e-05,-1.449e-05,555.4,17.8,-17.8,2.1568,0.057,-0.057,1.95,0.15,-0.11,0.761,0.059,-0.043,4847.0,144.0,-129.0,4.606,0.02,-0.064,14.94,296.17728,46.99902,KEPLER_CONFIRMED,10022908,1
10024051,K02409.01,Kepler-1228 b,CONFIRMED,0.577369336,3.95e-07,-3.95e-07,400.4,7.3,-7.3,1.0852,0.0203,-0.0203,1.42,0.2,-0.12,0.716,0.103,-0.06,5255.0,158.0,-142.0,4.617,0.039,-0.084,14.859,296.55307,46.96629,KEPLER_CONFIRMED,10024051,1
10024701,K02002.01,Kepler-1046 b,CONFIRMED,14.37504582,8.684e-05,-8.684e-05,251.1,18.4,-18.4,3.208,0.151,-0.151,2.05,0.33,-0.2,1.053,0.168,-0.104,5931.0,106.0,-130.0,4.403,0.076,-0.114,13.286,296.75574,46.998291,KEPLER_CONFIRMED,10024701,1
10026502,K04706.01,Kepler-1620 b,CONFIRMED,101.952048,0.001733,-0.001733,152.5,17.3,-17.3,5.991,0.47,-0.47,1.31,0.42,-0.15,1.054,0.339,-0.121,6210.0,169.0,-225.0,4.407,0.087,-0.203,13.658,297.27087,46.928421,KEPLER_CONFIRMED,10026502,1
10027247,K02418.01,Kepler-1229 b,CONFIRMED,86.829519,0.00129,-0.00129,751.0,57.2,-57.2,7.464,0.371,-0.371,1.68,0.12,-0.21,0.463,0.034,-0.058,3576.0,71.0,-85.0,4.791,0.055,-0.035,15.474,297.48669,46.996712,KEPLER_CONFIRMED,10027247,1
10027323,K01596.01,Kepler-309 b,CONFIRMED,5.92365747,1.633e-05,-1.633e-05,406.5,17.3,-17.3,2.6302,0.0722,-0.0722,0.99,0.07,-0.09,0.496,0.036,-0.044,3883.0,69.0,-93.0,4.762,0.04,-0.036,15.157,297.50986,46.961262,KEPLER_CONFIRMED,10027323,1
10028140,K01591.01,Kepler-1757 b,CONFIRMED,19.65639342,6.986e-05,-6.986e-05,843.2,37.3,-37.3,3.226,0.215,-0.215,2.83,0.43,-0.22,0.74,0.112,-0.06,5288.0,159.0,-143.0,4.613,0.036,-0.09,15.372,297.73984,46.94191,KEPLER_CONFIRMED,10028140,1
10028535,K02493.01,Kepler-1259 b,CONFIRMED,0.663085361,9.11e-07,-9.11e-07,322.7,11.5,-11.5,1.1522,0.0383,-0.0383,1.6,0.24,-0.12,0.767,0.119,-0.055,5172.0,170.0,-154.0,4.6,0.026,-0.097,15.304,297.84149,46.967682,KEPLER_CONFIRMED,10028535,1
10028792,K01574.01,Kepler-87 b,CONFIRMED,114.73658,0.0001501,-0.0001501,4850.0,22.2,-22.2,12.0355,0.0921,-0.0921,12.28,1.06,-0.89,1.699,0.147,-0.123,5597.0,112.0,-101.0,3.963,0.054,-0.045,14.6,297.91687,46.96513,KEPLER_CONFIRMED,10028792,1
10055126,K01608.03,Kepler-311 d,CONFIRMED,232.040326,0.006902,-0.006902,290.8,21.9,-21.9,12.235,0.765,-0.765,2.05,0.33,-0.29,1.156,0.185,-0.166,5903.0,106.0,-117.0,4.3,0.15,-0.1,13.797,282.06128,47.085491,KEPLER_CONFIRMED,10055126,1
10057494,K03234.01,Kepler-1443 b,CONFIRMED,2.41810158,1.372e-05,-1.372e-05,46.8,4.1,-4.1,2.144,0.145,-0.145,0.85,0.15,-0.09,1.239,0.219,-0.135,6258.0,112.0,-124.0,4.307,0.08,-0.12,12.278,283.43576,47.06686,KEPLER_CONFIRMED,10057494,1
10059645,K02520.01,Kepler-1265 b,CONFIRMED,6.49441464,3.126e-05,-3.126e-05,357.3,23.6,-23.6,2.344,0.103,-0.103,1.75,0.12,-0.17,0.742,0.048,-0.071,4769.0,141.0,-127.0,4.557,0.065,-0.03,15.602,284.58578,47.079529,KEPLER_CONFIRMED,10059645,1
10063208,K04292.01,Kepler-1583 b,CONFIRMED,9.3281912,0.0001021,-0.0001021,45.2,3.8,-3.8,3.991,0.249,-0.249,0.59,0.09,-0.03,0.888,0.138,-0.046,5525.0,74.0,-82.0,4.514,0.032,-0.128,12.897,286.38693,47.016628,KEPLER_CONFIRMED,10063208,1
10063802,K01888.01,Kepler-1000 b,CONFIRMED,120.0183551,0.0006493,-0.0006493,886.0,21.6,-21.6,11.637,0.159,-0.159,4.54,0.74,-0.35,1.467,0.24,-0.111,6469.0,103.0,-154.0,4.253,0.048,-0.104,13.256,286.68552,47.098221,KEPLER_CONFIRMED,10063802,1
10064256,K02849.01,Kepler-1692 b,CONFIRMED,5.95958637,4.4e-05,-4.4e-05,133.1,9.6,-9.6,2.899,0.15,-0.15,1.02,0.25,-0.08,0.9,0.214,-0.071,5452.0,164.0,-164.0,4.535,0.03,-0.17,14.52,286.92429,47.053741,KEPLER_CONFIRMED,10064256,1
10068659,K02602.01,Kepler-1287 b,CONFIRMED,11.47685263,6.684e-05,-6.684e-05,240.6,16.8,-16.8,2.756,0.135,-0.135,1.58,0.21,-0.18,1.032,0.138,-0.113,5550.0,83.0,-74.0,4.384,0.105,-0.105,15.051,289.13467,47.062988,KEPLER_CONFIRMED,10068659,1
10070468,K02628.01,Kepler-1297 b,CONFIRMED,1.68189051,1.076e-05,-1.076e-05,83.2,5.6,-5.6,2.992,0.161,-0.161,1.27,0.2,-0.23,1.374,0.221,-0.246,5827.0,70.0,-79.0,4.191,0.162,-0.108,14.812,289.95651,47.02039,KEPLER_CONFIRMED,10070468,1
10074466,K01917.01,Kepler-1776 b,CONFIRMED,35.01190875,9.531e-05,-9.531e-05,436.7,14.5,-14.5,2.868,0.0684,-0.0684,2.97,0.48,-0.35,1.153,0.185,-0.135,5872.0,70.0,-79.0,4.332,0.103,-0.115,13.624,291.53439,47.0425,KEPLER_CONFIRMED,10074466,1
10080248,K01722.01,Kepler-939 b,CONFIRMED,14.8783945,0.0001347,-0.0001347,322.8,16.1,-16.1,7.491,0.202,-0.202,1.63,0.49,-0.16,0.837,0.251,-0.084,5822.0,157.0,-174.0,4.557,0.036,-0.204,15.534,293.8656,47.026829,KEPLER_CONFIRMED,10080248,1
10089911,K04034.01,Kepler-1543 b,CONFIRMED,6.96704926,4.543e-05,-4.543e-05,213.7,13.0,-13.0,3.73,0.14,-0.14,6.14,0.44,-1.88,3.53,0.254,-1.08,6303.0,82.0,-75.0,3.595,0.263,-0.031,13.487,297.1243,47.037022,KEPLER_CONFIRMED,10089911,1
10094670,K01984.01,Kepler-1677 b,CONFIRMED,22.06402,8.064e-05,-8.064e-05,388.7,14.1,-14.1,4.1,0.128,-0.128,2.67,0.91,-0.28,1.09,0.37,-0.116,6232.0,173.0,-217.0,4.432,0.054,-0.229,13.698,298.49329,47.013039,KEPLER_CONFIRMED,10094670,1
10098844,K02964.01,Kepler-1397 b,CONFIRMED,47.4497134,0.0006945,-0.0006945,206.4,13.4,-13.4,10.675,0.377,-0.377,1.61,0.28,-0.18,1.126,0.193,-0.128,6007.0,108.0,-133.0,4.353,0.084,-0.126,14.089,299.67587,47.07584,KEPLER_CONFIRMED,10098844,1
10118816,K01085.01,Kepler-1735 b,CONFIRMED,7.71790675,4.487e-05,-4.487e-05,306.8,29.2,-29.2,1.84,0.148,-0.148,0.9,0.06,-0.07,0.509,0.037,-0.037,3975.0,71.0,-87.0,4.753,0.031,-0.038,15.233,281.05011,47.188148,KEPLER_CONFIRMED,10118816,1
10122255,K01086.01,Kepler-765 b,CONFIRMED,27.6652847,0.00013,-0.00013,469.2,15.1,-15.1,6.633,0.108,-0.108,2.21,0.64,-0.35,1.017,0.298,-0.161,6036.0,163.0,-181.0,4.396,0.105,-0.195,14.609,283.1846,47.15567,KEPLER_CONFIRMED,10122255,1
10122538,K02926.03,Kepler-1388 d,CONFIRMED,20.9569985,0.0001793,-0.0001793,1917.9,90.9,-90.9,3.493,0.134,-0.134,2.38,0.15,-0.11,0.564,0.035,-0.026,3891.0,70.0,-86.0,4.718,0.018,-0.042,16.279,283.33606,47.174541,KEPLER_CONFIRMED,10122538,1
10123064,K00472.01,Kepler-565 b,CONFIRMED,4.243748097,3.056e-06,-3.056e-06,1409.7,11.8,-11.8,3.3603,0.0234,-0.0234,3.16,0.93,-0.31,0.843,0.248,-0.083,5873.0,158.0,-158.0,4.554,0.036,-0.204,15.0,283.61795,47.196678,KEPLER_CONFIRMED,10123064,1
10130039,K01909.03,Kepler-334 d,CONFIRMED,25.0985083,0.000102,-0.000102,167.6,8.3,-8.3,2.7727,0.0936,-0.0936,1.59,0.24,-0.23,1.095,0.17,-0.155,5782.0,104.0,-115.0,4.34,0.126,-0.103,12.776,287.14066,47.115189,KEPLER_CONFIRMED,10130039,1
10132832,K02313.01,Kepler-1186 b,CONFIRMED,16.07673148,6.456e-05,-6.456e-05,488.0,29.6,-29.6,2.205,0.106,-0.106,2.14,0.66,-0.22,0.971,0.299,-0.1,5957.0,177.0,-195.0,4.498,0.052,-0.221,15.306,288.47964,47.101768,KEPLER_CONFIRMED,10132832,1
10134152,K02056.01,Kepler-1787 b,CONFIRMED,39.3135699,0.0001483,-0.0001483,500.1,16.9,-16.9,5.0137,0.0903,-0.0903,2.07,0.59,-0.19,0.925,0.262,-0.087,6060.0,163.0,-181.0,4.509,0.048,-0.192,14.476,289.06433,47.11742,KEPLER_CONFIRMED,10134152,1
10136549,K01929.02,Kepler-337 b,CONFIRMED,3.29276797,1.192e-05,-1.192e-05,80.7,2.2,-2.2,4.8069,0.0819,-0.0819,1.39,0.22,-0.32,1.472,0.229,-0.344,5683.0,115.0,-104.0,4.108,0.195,-0.09,12.727,290.06049,47.16396,KEPLER_CONFIRMED,10136549,1
10141900,K01082.01,Kepler-763 d,CONFIRMED,6.50327035,3.134e-05,-3.134e-05,418.3,24.1,-24.1,2.591,0.131,-0.131,1.67,0.08,-0.12,0.843,0.04,-0.06,4999.0,79.0,-79.0,4.49,0.075,-0.03,15.692,292.14447,47.157349,KEPLER_CONFIRMED,10141900,1
10153855,K01981.01,Kepler-1037 b,CONFIRMED,1.06378861,2.263e-06,-2.263e-06,251.5,15.5,-15.5,1.072,0.066,-0.066,1.61,0.41,-0.25,1.002,0.251,-0.154,5265.0,158.0,-158.0,4.4,0.135,-0.18,14.229,296.34103,47.17086,KEPLER_CONFIRMED,10153855,1
10154388,K00991.01,Kepler-744 b,CONFIRMED,12.06222962,2.75e-05,-2.75e-05,300.2,10.8,-10.8,2.0584,0.0572,-0.0572,1.62,0.21,-0.13,0.933,0.12,-0.08,5547.0,99.0,-110.0,4.451,0.076,-0.093,13.581,296.49612,47.182861,KEPLER_CONFIRMED,10154388,1
10155434,K00473.01,Kepler-1720 b,CONFIRMED,12.70636123,1.923e-05,-1.923e-05,871.7,18.6,-18.6,2.395,0.0406,-0.0406,2.75,0.66,-0.22,0.839,0.201,-0.067,5573.0,149.0,-166.0,4.562,0.03,-0.17,14.673,296.80865,47.17194,KEPLER_CONFIRMED,10155434,1
10157458,K01083.01,Kepler-764 b,CONFIRMED,7.33685101,3.67e-05,-3.67e-05,325.8,16.4,-16.4,3.548,0.113,-0.113,1.52,0.45,-0.14,0.848,0.252,-0.079,5795.0,155.0,-172.0,4.554,0.036,-0.192,15.302,297.39319,47.164631,KEPLER_CONFIRMED,10157458,1
10158729,K02097.01,Kepler-1092 b,CONFIRMED,58.601926,0.0005788,-0.0005788,396.4,24.0,-24.0,5.522,0.192,-0.192,2.06,0.68,-0.22,1.019,0.335,-0.112,6250.0,169.0,-225.0,4.44,0.07,-0.224,14.649,297.72314,47.112659,KEPLER_CONFIRMED,10158729,1
10166274,K01078.01,Kepler-267 b,CONFIRMED,3.353732008,3.996e-06,-3.996e-06,1264.7,30.9,-30.9,1.4598,0.0346,-0.0346,1.65,0.12,-0.19,0.46,0.035,-0.053,3789.0,75.0,-82.0,4.781,0.063,-0.031,15.438,299.83041,47.157459,KEPLER_CONFIRMED,10166274,1
10187017,K00082.03,Kepler-102 f,CONFIRMED,27.4536146,0.0001077,-0.0001077,136.4,5.3,-5.3,3.747,0.101,-0.101,0.95,0.06,-0.04,0.741,0.048,-0.03,4900.0,98.0,-98.0,4.602,0.017,-0.049,11.492,281.48273,47.208031,KEPLER_CONFIRMED,10187017,1
10187159,K01870.01,Kepler-989 b,CONFIRMED,7.96431492,1.037e-05,-1.037e-05,746.0,20.4,-20.4,1.5342,0.0384,-0.0384,2.44,0.59,-0.32,0.91,0.222,-0.12,5185.0,170.0,-139.0,4.44,0.105,-0.192,14.425,281.58292,47.233631,KEPLER_CONFIRMED,10187159,1
10189546,K00427.02,Kepler-549 b,CONFIRMED,42.949522,0.0001488,-0.0001488,959.1,25.2,-25.2,5.4154,0.0898,-0.0898,2.98,0.32,-0.35,0.986,0.107,-0.117,5312.0,79.0,-79.0,4.384,0.137,-0.074,14.621,283.0228,47.261131,KEPLER_CONFIRMED,10189546,1
10190777,K01937.01,Kepler-1019 b,CONFIRMED,1.411230023,8.3e-07,-8.3e-07,388.2,5.1,-5.1,1.4325,0.0166,-0.0166,1.71,0.05,-0.1,0.737,0.02,-0.043,4575.0,73.0,-82.0,4.564,0.051,-0.012,13.59,283.71753,47.204449,KEPLER_CONFIRMED,10190777,1
10203349,K02212.01,Kepler-1144 b,CONFIRMED,17.14648756,8.658e-05,-8.658e-05,440.3,17.9,-17.9,4.2354,0.073,-0.073,3.64,0.55,-0.84,1.412,0.216,-0.324,5559.0,83.0,-72.0,4.127,0.21,-0.09,14.941,290.04327,47.25798,KEPLER_CONFIRMED,10203349,1
10212441,K02342.01,Kepler-1199 b,CONFIRMED,15.0447098,0.0001181,-0.0001181,97.9,4.9,-4.9,5.823,0.186,-0.186,1.51,0.25,-0.38,1.525,0.252,-0.378,5798.0,116.0,-81.0,4.025,0.208,-0.112,13.037,293.72586,47.24704,KEPLER_CONFIRMED,10212441,1
10213902,K01723.01,Kepler-940 b,CONFIRMED,59.6222627,0.0003077,-0.0003077,993.4,35.5,-35.5,6.888,0.159,-0.159,3.63,0.97,-0.41,0.997,0.266,-0.114,6108.0,168.0,-210.0,4.471,0.058,-0.173,15.517,294.2413,47.275982,KEPLER_CONFIRMED,10213902,1
10214162,K01724.01,Kepler-941 b,CONFIRMED,17.42393582,9.28e-05,-9.28e-05,770.9,24.9,-24.9,4.929,0.144,-0.144,3.29,1.04,-0.41,0.969,0.306,-0.122,6018.0,189.0,-231.0,4.46,0.07,-0.21,15.601,294.32635,47.217609,KEPLER_CONFIRMED,10214162,1
10220837,K04613.01,Kepler-1963 b,CONFIRMED,1.962282625,9.845e-06,-9.845e-06,68.3,6.3,-6.3,1.45,0.128,-0.128,0.81,0.22,-0.12,0.979,0.27,-0.146,5726.0,170.0,-170.0,4.418,0.101,-0.188,13.885,296.58755,47.207161,KEPLER_CONFIRMED,10220837,1
10227020,K00730.02,Kepler-223 c,CONFIRMED,9.84824649,3.668e-05,-3.668e-05,436.7,17.8,-17.8,5.7471,0.0849,-0.0849,2.68,0.45,-0.45,1.248,0.209,-0.209,5814.0,78.0,-78.0,4.269,0.137,-0.112,15.344,298.31836,47.279491,KEPLER_CONFIRMED,10227020,1
10252275,K03130.01,Kepler-1907 c,CONFIRMED,14.8638496,0.0001155,-0.0001155,220.6,21.3,-21.3,2.705,0.317,-0.317,2.9,0.31,-0.32,0.8,0.088,-0.088,5159.0,153.0,-153.0,4.508,0.093,-0.085,13.752,280.70853,47.32806,KEPLER_CONFIRMED,10252275,1
10253547,K02153.01,Kepler-364 c,CONFIRMED,59.9809868,0.0004696,-0.0004696,282.4,11.7,-11.7,7.588,0.169,-0.169,2.81,0.51,-0.52,1.383,0.252,-0.252,6103.0,122.0,-134.0,4.202,0.149,-0.122,13.66,281.56995,47.398689,KEPLER_CONFIRMED,10253547,1
10264660,K00098.01,Kepler-14 b,CONFIRMED,6.790120801,1.905e-06,-1.905e-06,2302.3,5.7,-5.7,6.0437,0.0285,-0.0285,9.86,0.72,-0.36,2.001,0.146,-0.073,6372.0,76.0,-89.0,3.954,0.02,-0.02,12.128,287.70883,47.33305,KEPLER_CONFIRMED,10264660,1
10265898,K00732.01,Kepler-656 b,CONFIRMED,1.260258822,6.75e-07,-6.75e-07,1130.7,10.1,-10.1,1.8594,0.0181,-0.0181,3.57,0.94,-0.3,0.954,0.252,-0.079,5550.0,166.0,-183.0,4.5,0.046,-0.184,15.342,288.32791,47.381592,KEPLER_CONFIRMED,10265898,1
10266615,K00530.01,Kepler-587 b,CONFIRMED,10.94026745,3.014e-05,-3.014e-05,538.6,20.2,-20.2,2.3494,0.0691,-0.0691,2.08,0.52,-0.18,0.864,0.214,-0.077,5749.0,156.0,-173.0,4.547,0.042,-0.168,14.909,288.67068,47.399139,KEPLER_CONFIRMED,10266615,1
10271806,K00733.01,Kepler-224 c,CONFIRMED,5.924993927,7.626e-06,-7.626e-06,1608.1,25.3,-25.3,2.8874,0.0794,-0.0794,3.15,0.21,-0.14,0.679,0.046,-0.029,5016.0,100.0,-100.0,4.641,0.018,-0.053,15.644,290.9343,47.357601,KEPLER_CONFIRMED,10271806,1
10272442,K00734.01,Kepler-657 b,CONFIRMED,24.5434566,5.953e-05,-5.953e-05,1151.3,19.7,-19.7,7.2518,0.0619,-0.0619,3.08,0.91,-0.28,0.91,0.269,-0.084,5955.0,161.0,-179.0,4.52,0.048,-0.192,15.344,291.1973,47.3078,KEPLER_CONFIRMED,10272442,1
10272640,K01074.01,Kepler-762 b,CONFIRMED,3.770551475,4.869e-06,-4.869e-06,12440.0,144.0,-144.0,3.8077,0.038,-0.038,12.05,4.08,-1.35,1.075,0.364,-0.121,6322.0,175.0,-263.0,4.426,0.056,-0.21,15.439,291.27563,47.329491,KEPLER_CONFIRMED,10272640,1
10285631,K00331.01,Kepler-525 b,CONFIRMED,18.68405716,5.687e-05,-5.687e-05,381.5,7.6,-7.6,6.9329,0.0878,-0.0878,3.64,0.57,-0.86,1.614,0.254,-0.381,5548.0,110.0,,4.038,0.21,-0.09,13.497,296.18344,47.358761,KEPLER_CONFIRMED,10285631,1
10289119,K02390.01,Kepler-1219 b,CONFIRMED,16.10474503,9.86e-05,-9.86e-05,124.1,5.6,-5.6,5.712,0.137,-0.137,3.21,0.58,-1.16,2.886,0.522,-1.044,5822.0,116.0,-116.0,3.683,0.277,-0.092,12.249,297.21579,47.378521,KEPLER_CONFIRMED,10289119,1
10290666,K00332.01,Kepler-526 b,CONFIRMED,5.45849914,9.101e-06,-9.101e-06,255.9,3.9,-3.9,4.0448,0.0435,-0.0435,1.91,0.29,-0.13,1.135,0.175,-0.075,5914.0,106.0,-130.0,4.396,0.04,-0.112,13.046,297.65094,47.39629,KEPLER_CONFIRMED,10290666,1
10318874,K00104.01,Kepler-94 b,CONFIRMED,2.508057497,3.78e-07,-3.78e-07,1507.6,6.2,-6.2,1.1134,0.0167,-0.0167,3.25,0.16,-0.12,0.761,0.038,-0.027,4780.0,95.0,-95.0,4.597,0.015,-0.051,12.895,281.19473,47.497131,KEPLER_CONFIRMED,10318874,1
10328393,K01905.03,Kepler-332 d,CONFIRMED,34.2115022,0.0003004,-0.0003004,273.8,14.3,-14.3,4.947,0.199,-0.199,1.15,0.08,-0.04,0.721,0.047,-0.029,4955.0,100.0,-100.0,4.61,0.018,-0.046,14.017,286.66296,47.4137,KEPLER_CONFIRMED,10328393,1
10328458,K02214.01,Kepler-1146 b,CONFIRMED,2.352273912,8.087e-06,-8.087e-06,318.6,18.9,-18.9,1.7389,0.0873,-0.0873,1.29,0.1,-0.08,0.748,0.059,-0.048,4816.0,143.0,-143.0,4.608,0.02,-0.06,15.848,286.71661,47.425629,KEPLER_CONFIRMED,10328458,1
10329196,K04446.01,Kepler-1605 b,CONFIRMED,85.7567919,0.0005965,-0.0005965,159.1,10.9,-10.9,5.695,0.195,-0.195,2.99,0.83,-0.45,2.213,0.614,-0.33,5037.0,70.0,-81.0,3.783,0.094,-0.175,12.429,287.13489,47.488621,KEPLER_CONFIRMED,10329196,1
10329469,K02271.01,Kepler-1168 b,CONFIRMED,55.8224775,0.00041,-0.00041,879.6,42.6,-42.6,5.457,0.17,-0.17,2.13,0.28,-0.19,0.736,0.097,-0.065,5162.0,153.0,-138.0,4.611,0.033,-0.083,15.624,287.2977,47.455441,KEPLER_CONFIRMED,10329469,1
10329835,K02058.01,Kepler-1075 b,CONFIRMED,1.52373073,2.497e-06,-2.497e-06,364.7,13.1,-13.1,1.4796,0.0342,-0.0342,1.26,0.09,-0.12,0.51,0.033,-0.05,3746.0,75.0,-83.0,4.736,0.053,-0.025,15.313,287.50116,47.469269,KEPLER_CONFIRMED,10329835,1
10330115,K01160.01,Kepler-781 b,CONFIRMED,13.21409607,3.701e-05,-3.701e-05,1154.8,35.1,-35.1,3.5641,0.07,-0.07,2.77,0.43,-0.23,0.728,0.112,-0.06,5333.0,159.0,-143.0,4.62,0.032,-0.097,15.987,287.65363,47.41481,KEPLER_CONFIRMED,10330115,1
10332213,K02919.01,Kepler-1885 b,CONFIRMED,2.522590567,6.821e-06,-6.821e-06,210.2,14.7,-14.7,1.406,0.12,-0.12,25.82,6.66,-2.23,0.86,0.222,-0.074,5591.0,150.0,-166.0,4.559,0.033,-0.187,14.816,288.75073,47.490921,KEPLER_CONFIRMED,10332213,1
10332883,K01880.01,Kepler-994 b,CONFIRMED,1.151166776,6.05e-07,-6.05e-07,578.4,8.4,-8.4,1.0907,0.0142,-0.0142,1.28,0.08,-0.08,0.535,0.034,-0.034,3951.0,70.0,-86.0,4.73,0.028,-0.035,14.44,289.07224,47.40707,KEPLER_CONFIRMED,10332883,1
10337258,K00333.01,Kepler-527 b,CONFIRMED,13.28536452,7.824e-05,-7.824e-05,377.6,16.2,-16.2,6.283,0.138,-0.138,4.03,0.94,-1.24,1.9,0.44,-0.586,6534.0,156.0,-176.0,3.973,0.266,-0.114,13.39,290.95792,47.406281,KEPLER_CONFIRMED,10337258,1
10337517,K01165.02,Kepler-783 b,CONFIRMED,4.29263699,3.78e-05,-3.78e-05,61.4,6.4,-6.4,2.7,0.223,-0.223,0.68,0.06,-0.05,0.863,0.073,-0.065,5357.0,107.0,-107.0,4.498,0.058,-0.065,13.916,291.06293,47.484798,KEPLER_CONFIRMED,10337517,1
10340423,K00736.02,Kepler-225 b,CONFIRMED,6.73893544,2.687e-05,-2.687e-05,601.3,27.7,-27.7,2.813,0.114,-0.114,1.44,0.06,-0.07,0.602,0.028,-0.028,4126.0,82.0,-82.0,4.668,0.022,-0.022,15.962,292.19397,47.457088,KEPLER_CONFIRMED,10340423,1
10350571,K01175.01,Kepler-784 b,CONFIRMED,31.5925809,0.0004371,-0.0004371,145.1,6.1,-6.1,13.566,0.367,-0.367,1.78,0.28,-0.41,1.487,0.229,-0.344,5676.0,115.0,-104.0,4.1,0.203,-0.087,13.29,295.92065,47.448608,KEPLER_CONFIRMED,10350571,1
10351231,K01166.01,Kepler-1738 b,CONFIRMED,7.6746614,2.378e-05,-2.378e-05,503.0,28.3,-28.3,1.9374,0.0698,-0.0698,2.8,0.89,-0.29,1.001,0.318,-0.106,6063.0,190.0,-232.0,4.47,0.054,-0.216,15.44,296.13141,47.43882,KEPLER_CONFIRMED,10351231,1
10353968,K00618.01,Kepler-623 b,CONFIRMED,9.07098164,1.314e-05,-1.314e-05,1026.2,20.2,-20.2,2.6903,0.0418,-0.0418,2.94,0.83,-0.28,0.929,0.264,-0.088,5672.0,154.0,-171.0,4.506,0.05,-0.2,14.959,296.98672,47.47739,KEPLER_CONFIRMED,10353968,1
10354039,K01159.01,Kepler-1737 b,CONFIRMED,64.617518,0.0001938,-0.0001938,2486.6,50.2,-50.2,5.796,0.235,-0.235,5.4,0.55,-0.61,0.881,0.09,-0.099,5043.0,164.0,-149.0,4.47,0.104,-0.095,15.332,297.01483,47.486431,KEPLER_CONFIRMED,10354039,1
10358759,K00738.02,Kepler-29 c,CONFIRMED,13.28689997,2.775e-05,-2.775e-05,1039.6,26.9,-26.9,3.2825,0.0504,-0.0504,2.78,0.22,-0.13,0.87,0.067,-0.042,5730.0,90.0,-136.0,4.545,0.021,-0.052,15.282,298.34833,47.49123,KEPLER_CONFIRMED,10358759,1
10360722,K04051.01,Kepler-1545 b,CONFIRMED,163.692336,0.001319,-0.001319,1138.0,60.7,-60.7,6.853,0.189,-0.189,2.75,0.11,-0.21,0.843,0.035,-0.065,4999.0,79.0,-79.0,4.49,0.077,-0.028,15.031,298.89877,47.463089,KEPLER_CONFIRMED,10360722,1
10363115,K03908.01,Kepler-1929 b,CONFIRMED,59.3627946,0.0003499,-0.0003499,233.6,5.2,-5.2,13.972,0.138,-0.138,2.23,0.35,-0.49,1.471,0.233,-0.321,5786.0,115.0,-104.0,4.106,0.188,-0.101,12.07,299.58337,47.448078,KEPLER_CONFIRMED,10363115,1
10384798,K01997.01,Kepler-1043 b,CONFIRMED,38.505224,0.0001776,-0.0001776,695.2,22.4,-22.4,5.941,0.104,-0.104,2.45,0.68,-0.24,0.881,0.243,-0.087,5974.0,161.0,-161.0,4.504,0.062,-0.188,14.777,281.66299,47.568581,KEPLER_CONFIRMED,10384798,1
10386922,K00289.01,Kepler-511 c,CONFIRMED,26.62941953,4.592e-05,-4.592e-05,492.8,5.2,-5.2,7.8709,0.0565,-0.0565,3.13,0.49,-0.66,1.417,0.219,-0.301,5866.0,105.0,-105.0,4.117,0.195,-0.105,12.747,282.94565,47.574905,KEPLER_CONFIRMED,10386922,1
10386984,K00739.01,Kepler-658 b,CONFIRMED,1.287076693,1.2e-06,-1.2e-06,729.4,13.7,-13.7,1.4942,0.0279,-0.0279,1.39,0.08,-0.12,0.525,0.03,-0.045,3736.0,75.0,-84.0,4.724,0.046,-0.021,15.488,282.9838,47.57859,KEPLER_CONFIRMED,10386984,1
10387742,K02583.01,Kepler-1998 b,CONFIRMED,3.03267135,1.374e-05,-1.374e-05,42.4,3.2,-3.2,1.774,0.122,-0.122,0.6,0.08,-0.04,0.921,0.131,-0.061,5640.0,101.0,-113.0,4.492,0.045,-0.113,12.623,283.42911,47.59251,KEPLER_CONFIRMED,10387742,1
10388286,K00596.01,Kepler-617 b,CONFIRMED,1.682695938,1.253e-06,-1.253e-06,703.8,11.2,-11.2,1.3867,0.023,-0.023,1.23,0.1,-0.14,0.47,0.041,-0.051,3669.0,73.0,-91.0,4.787,0.054,-0.041,14.818,283.74069,47.516289,KEPLER_CONFIRMED,10388286,1
10395381,K00740.01,Kepler-659 b,CONFIRMED,17.6717714,5.356e-05,-5.356e-05,918.6,29.1,-29.1,3.4202,0.0632,-0.0632,2.44,0.27,-0.17,0.687,0.075,-0.048,4869.0,131.0,-146.0,4.636,0.027,-0.063,15.556,287.60818,47.509682,KEPLER_CONFIRMED,10395381,1
10397751,K02859.02,Kepler-1371 c,CONFIRMED,2.005414293,9.872e-06,-9.872e-06,59.5,5.0,-5.0,1.934,0.129,-0.129,0.65,0.07,-0.07,0.721,0.082,-0.073,5374.0,160.0,-144.0,4.555,0.088,-0.064,13.851,288.83136,47.551991,KEPLER_CONFIRMED,10397751,1
10404582,K02147.02,Kepler-362 b,CONFIRMED,10.32736351,8.193e-05,-8.193e-05,126.9,15.3,-15.3,1.889,0.195,-0.195,1.25,0.2,-0.1,1.017,0.161,-0.08,5757.0,78.0,-86.0,4.431,0.054,-0.126,14.5,291.77164,47.5299,KEPLER_CONFIRMED,10404582,1
10407482,K04255.01,Kepler-1577 b,CONFIRMED,6.30558387,6.536e-05,-6.536e-05,193.1,24.2,-24.2,2.619,0.276,-0.276,2.52,1.36,-1.36,1.756,0.947,-0.947,4934.0,148.0,-133.0,3.927,0.658,-0.282,15.056,292.95526,47.573101,KEPLER_CONFIRMED,10407482,1
10418224,K00428.01,Kepler-40 b,CONFIRMED,6.8731664,2.165e-06,-2.165e-06,3753.8,8.4,-8.4,6.8569,0.0132,-0.0132,13.44,1.02,-1.12,2.179,0.166,-0.182,6490.0,129.0,-129.0,3.942,0.055,-0.049,14.588,296.81369,47.526611,KEPLER_CONFIRMED,10418224,1
10426656,K01161.01,Kepler-272 c,CONFIRMED,6.05729966,1.792e-05,-1.792e-05,385.2,11.8,-11.8,3.7419,0.0742,-0.0742,1.94,0.21,-0.26,1.004,0.111,-0.135,5334.0,79.0,-79.0,4.372,0.132,-0.077,14.678,299.12753,47.59383,KEPLER_CONFIRMED,10426656,1
10453588,K02484.01,Kepler-1253 b,CONFIRMED,68.8861017,0.0005576,-0.0005576,143.9,8.7,-8.7,5.925,0.227,-0.227,1.47,0.24,-0.33,1.222,0.202,-0.27,5753.0,115.0,-92.0,4.2,0.201,-0.108,12.464,283.8851,47.637218,KEPLER_CONFIRMED,10453588,1
10454313,K00532.01,Kepler-588 b,CONFIRMED,4.221626193,5.023e-06,-5.023e-06,658.0,9.0,-9.0,3.0619,0.0416,-0.0416,2.87,0.96,-0.32,0.987,0.329,-0.11,6123.0,171.0,-192.0,4.472,0.052,-0.221,14.708,284.2572,47.68895,KEPLER_CONFIRMED,10454313,1
10454632,K01877.01,Kepler-992 b,CONFIRMED,20.16037858,6.695e-05,-6.695e-05,343.6,11.2,-11.2,4.13,0.109,-0.109,1.75,0.13,-0.06,0.724,0.057,-0.022,4975.0,99.0,,4.614,0.012,-0.054,13.389,284.4303,47.641781,KEPLER_CONFIRMED,10454632,1
10460984,K00474.01,Kepler-164 c,CONFIRMED,10.94577783,2.017e-05,-2.017e-05,532.8,11.1,-11.1,3.0937,0.0445,-0.0445,2.84,0.46,-0.38,1.097,0.179,-0.146,5888.0,106.0,-117.0,4.342,0.115,-0.115,14.282,287.78085,47.62991,KEPLER_CONFIRMED,10460984,1
10464050,K01851.01,Kepler-981 b,CONFIRMED,4.469754641,8.123e-06,-8.123e-06,553.9,17.7,-17.7,1.813,0.0503,-0.0503,2.26,0.67,-0.23,0.934,0.28,-0.093,5988.0,161.0,-197.0,4.507,0.05,-0.2,14.769,289.2489,47.650101,KEPLER_CONFIRMED,10464050,1
10468885,K02589.01,Kepler-1284 b,CONFIRMED,0.664074145,1.528e-06,-1.528e-06,212.6,12.0,-12.0,1.0925,0.0599,-0.0599,1.19,0.16,-0.09,0.797,0.107,-0.063,5178.0,155.0,-139.0,4.585,0.024,-0.102,15.645,291.27899,47.687649,KEPLER_CONFIRMED,10468885,1
10468940,K01163.01,Kepler-273 b,CONFIRMED,2.936527336,5.136e-06,-5.136e-06,352.3,11.3,-11.3,1.771,0.0433,-0.0433,1.92,0.21,-0.26,1.002,0.111,-0.136,5359.0,80.0,-72.0,4.375,0.132,-0.077,14.968,291.30222,47.697762,KEPLER_CONFIRMED,10468940,1
10471515,K02961.01,Kepler-1395 b,CONFIRMED,3.7847507,4e-05,-4e-05,33.5,3.2,-3.2,2.924,0.254,-0.254,0.7,0.11,-0.08,1.206,0.199,-0.133,6017.0,107.0,-131.0,4.326,0.084,-0.116,12.581,292.33755,47.6642,KEPLER_CONFIRMED,10471515,1
10480915,K02040.01,Kepler-1785 b,CONFIRMED,19.58561177,4.526e-05,-4.526e-05,532.9,23.7,-23.7,1.755,0.111,-0.111,3.09,0.41,-0.34,0.996,0.133,-0.109,5618.0,112.0,-101.0,4.401,0.1,-0.1,14.18,295.79218,47.600101,KEPLER_CONFIRMED,10480915,1
10482160,K01170.01,Kepler-1739 b,CONFIRMED,7.34373964,1.134e-05,-1.134e-05,574.4,21.8,-21.8,1.1784,0.0466,-0.0466,1.84,0.4,-0.14,0.762,0.168,-0.056,5757.0,155.0,-155.0,4.597,0.036,-0.144,14.657,296.23215,47.678959,KEPLER_CONFIRMED,10482160,1
10489206,K00251.01,Kepler-125 b,CONFIRMED,4.164384505,2.155e-06,-2.155e-06,2338.0,20.8,-20.8,1.8464,0.028,-0.028,2.54,0.19,-0.21,0.508,0.037,-0.042,3808.0,76.0,-84.0,4.754,0.036,-0.036,14.752,298.25812,47.604939,KEPLER_CONFIRMED,10489206,1
10489345,K02266.01,Kepler-1167 b,CONFIRMED,1.003931703,2.686e-06,-2.686e-06,491.1,23.8,-23.8,1.4361,0.0634,-0.0634,1.6,0.16,-0.17,0.741,0.072,-0.079,4949.0,176.0,-176.0,4.552,0.072,-0.048,15.942,298.30273,47.694031,KEPLER_CONFIRMED,10489345,1
10513530,K00533.02,Kepler-589 c,CONFIRMED,3.52467888,3.044e-05,-3.044e-05,129.7,12.7,-12.7,2.484,0.136,-0.136,1.46,0.31,-0.2,0.916,0.194,-0.129,5372.0,160.0,-160.0,4.434,0.112,-0.154,14.68,280.64136,47.751942,KEPLER_CONFIRMED,10513530,1
10525027,K02006.01,Kepler-1049 b,CONFIRMED,3.27344784,6.177e-06,-6.177e-06,262.5,9.1,-9.1,1.7292,0.0495,-0.0495,0.81,0.07,-0.07,0.496,0.042,-0.042,3758.0,75.0,-85.0,4.769,0.04,-0.04,14.22,287.34674,47.772961,KEPLER_CONFIRMED,10525027,1
10525049,K04252.01,Kepler-1948 b,CONFIRMED,15.5714121,0.0001077,-0.0001077,173.5,17.2,-17.2,2.294,0.222,-0.222,0.72,0.05,-0.04,0.557,0.033,-0.033,3872.0,77.0,-84.0,4.714,0.027,-0.03,13.977,287.36404,47.78521,KEPLER_CONFIRMED,10525049,1
10526549,K00746.01,Kepler-660 b,CONFIRMED,9.27358173,1.037e-05,-1.037e-05,1288.3,16.8,-16.8,3.2875,0.0309,-0.0309,2.47,0.2,-0.24,0.696,0.056,-0.068,4856.0,131.0,-146.0,4.583,0.065,-0.035,15.302,288.13824,47.724449,KEPLER_CONFIRMED,10526549,1
10526887,K04261.01,Kepler-1578 b,CONFIRMED,1.450889836,6.484e-06,-6.484e-06,135.7,10.0,-10.0,1.753,0.115,-0.115,1.21,0.38,-0.17,1.023,0.322,-0.138,6046.0,189.0,-210.0,4.423,0.087,-0.203,15.369,288.302,47.775551,KEPLER_CONFIRMED,10526887,1
10528068,K01162.01,Kepler-782 b,CONFIRMED,158.6850022,0.000466,-0.000466,898.3,10.5,-10.5,11.5372,0.0794,-0.0794,3.08,0.44,-0.49,1.034,0.149,-0.164,5751.0,103.0,-103.0,4.34,0.156,-0.104,12.783,288.86823,47.75943,KEPLER_CONFIRMED,10528068,1
10531955,K02208.01,Kepler-1141 b,CONFIRMED,2.344512589,5.694e-06,-5.694e-06,58.9,3.2,-3.2,1.4116,0.0603,-0.0603,0.97,0.14,-0.13,1.132,0.168,-0.151,5821.0,104.0,-116.0,4.328,0.126,-0.115,12.589,290.54364,47.725887,KEPLER_CONFIRMED,10531955,1
10538176,K01301.02,Kepler-284 c,CONFIRMED,37.5142128,0.0002007,-0.0002007,935.0,34.6,-34.6,5.303,0.127,-0.127,2.68,0.22,-0.18,0.882,0.072,-0.059,5291.0,84.0,-73.0,4.489,0.058,-0.065,15.824,293.14648,47.729649,KEPLER_CONFIRMED,10538176,1
10545066,K00337.01,Kepler-528 b,CONFIRMED,19.7830259,6.614e-05,-6.614e-05,373.2,10.1,-10.1,5.4898,0.0767,-0.0767,2.1,0.32,-0.28,1.099,0.164,-0.148,5747.0,115.0,-104.0,4.335,0.12,-0.108,13.936,295.68481,47.748081,KEPLER_CONFIRMED,10545066,1
10549023,K02131.01,Kepler-1112 b,CONFIRMED,14.36270451,6.904e-05,-6.904e-05,349.4,15.1,-15.1,4.564,0.119,-0.119,2.31,0.66,-0.29,1.216,0.35,-0.15,6643.0,161.0,-221.0,4.357,0.069,-0.173,14.612,296.96881,47.751492,KEPLER_CONFIRMED,10549023,1
10552611,K00338.01,Kepler-141 c,CONFIRMED,7.0106324,1.362e-05,-1.362e-05,327.3,7.2,-7.2,3.0688,0.0488,-0.0488,1.5,0.08,-0.07,0.782,0.043,-0.035,4908.0,98.0,-98.0,4.567,0.028,-0.045,13.448,297.97089,47.731682,KEPLER_CONFIRMED,10552611,1
10554999,K00534.01,Kepler-179 c,CONFIRMED,6.400157105,9.02e-06,-9.02e-06,743.2,17.4,-17.4,2.0004,0.0418,-0.0418,2.52,0.37,-0.22,0.766,0.113,-0.066,5299.0,159.0,-143.0,4.597,0.032,-0.097,14.613,298.66373,47.762039,KEPLER_CONFIRMED,10554999,1
10577994,K00475.02,Kepler-165 c,CONFIRMED,15.31296388,3.251e-05,-3.251e-05,864.9,20.9,-20.9,3.0935,0.0602,-0.0602,2.34,0.19,-0.08,0.77,0.061,-0.028,5081.0,71.0,-81.0,4.596,0.012,-0.068,14.802,280.69101,47.809738,KEPLER_CONFIRMED,10577994,1
10583066,K00747.01,Kepler-661 b,CONFIRMED,6.02930329,5.509e-06,-5.509e-06,1912.7,34.4,-34.4,1.5821,0.0311,-0.0311,2.85,0.26,-0.15,0.672,0.062,-0.036,4537.0,123.0,-123.0,4.648,0.02,-0.056,15.784,283.71088,47.86327,KEPLER_CONFIRMED,10583066,1
10583761,K02300.01,Kepler-1179 b,CONFIRMED,2.685054445,4.508e-06,-4.508e-06,252.7,11.0,-11.0,1.0473,0.0482,-0.0482,1.46,0.26,-0.18,0.829,0.15,-0.1,5266.0,158.0,-142.0,4.484,0.112,-0.182,14.077,284.09763,47.810638,KEPLER_CONFIRMED,10583761,1
10585738,K03032.01,Kepler-1415 b,CONFIRMED,0.636424848,1.522e-06,-1.522e-06,217.9,14.8,-14.8,0.947,0.0773,-0.0773,1.31,0.27,-0.09,0.885,0.186,-0.062,5343.0,186.0,-186.0,4.538,0.027,-0.153,15.744,285.15692,47.873329,KEPLER_CONFIRMED,10585738,1
10585852,K01314.01,Kepler-815 b,CONFIRMED,8.57504983,5.684e-05,-5.684e-05,160.6,5.0,-5.0,8.653,0.151,-0.151,4.26,0.25,-0.41,3.464,0.197,-0.337,4986.0,60.0,-67.0,3.462,0.011,-0.008,13.242,285.2211,47.881378,KEPLER_CONFIRMED,10585852,1
10586004,K00275.02,Kepler-129 c,CONFIRMED,82.2001239,0.0003969,-0.0003969,233.9,5.0,-5.0,10.627,0.1,-0.1,2.57,0.13,-0.18,1.704,0.083,-0.118,5758.0,77.0,-68.0,4.072,0.033,-0.027,11.696,285.31125,47.848564,KEPLER_CONFIRMED,10586004,1
10586208,K01308.01,Kepler-811 b,CONFIRMED,23.58444746,7.988e-05,-7.988e-05,429.2,11.4,-11.4,5.5545,0.085,-0.085,3.0,0.47,-0.7,1.354,0.211,-0.317,5655.0,113.0,-101.0,4.152,0.217,-0.093,13.971,285.42429,47.83461,KEPLER_CONFIRMED,10586208,1
10587105,K00339.02,Kepler-529 c,CONFIRMED,12.8344771,3.995e-05,-3.995e-05,281.0,8.6,-8.6,3.846,0.139,-0.139,2.55,0.42,-0.38,1.189,0.197,-0.178,6078.0,121.0,-133.0,4.29,0.137,-0.112,13.763,285.88837,47.880379,KEPLER_CONFIRMED,10587105,1
10591855,K02845.01,Kepler-1367 b,CONFIRMED,1.574090323,5.522e-06,-5.522e-06,224.9,15.2,-15.2,1.5796,0.0962,-0.0962,0.93,0.06,-0.02,0.65,0.038,-0.014,4313.0,86.0,-77.0,4.662,0.006,-0.042,15.571,288.41653,47.878731,KEPLER_CONFIRMED,10591855,1
10593535,K04204.01,Kepler-1568 b,CONFIRMED,20.9254083,0.0002607,-0.0002607,109.0,8.1,-8.1,6.783,0.253,-0.253,1.26,0.2,-0.2,1.21,0.194,-0.194,5821.0,105.0,-117.0,4.283,0.137,-0.112,13.966,289.18265,47.873379,KEPLER_CONFIRMED,10593535,1
10593626,K00087.01,Kepler-22 b,CONFIRMED,289.864067,0.00121,-0.00121,529.1,10.5,-10.5,7.565,0.108,-0.108,2.34,0.22,-0.23,0.886,0.08,-0.089,5516.0,82.0,-74.0,4.446,0.104,-0.064,11.664,289.2175,47.88446,KEPLER_CONFIRMED,10593626,1
10599206,K00476.01,Kepler-566 b,CONFIRMED,18.42794957,4.274e-05,-4.274e-05,706.6,22.3,-22.3,2.9264,0.0637,-0.0637,2.24,0.07,-0.13,0.779,0.026,-0.045,4768.0,85.0,-76.0,4.536,0.052,-0.017,14.958,291.5545,47.81448,KEPLER_CONFIRMED,10599206,1
10600261,K00597.02,Kepler-194 b,CONFIRMED,2.09227115,5.814e-06,-5.814e-06,207.6,7.9,-7.9,2.4062,0.0716,-0.0716,2.06,0.33,-0.45,1.439,0.229,-0.315,5565.0,83.0,-66.0,4.117,0.201,-0.093,14.915,291.97144,47.86417,KEPLER_CONFIRMED,10600261,1
10600955,K02227.01,Kepler-1151 b,CONFIRMED,65.6480892,0.0005494,-0.0005494,588.7,30.9,-30.9,5.746,0.231,-0.231,3.93,0.57,-0.69,1.246,0.179,-0.219,5565.0,75.0,-83.0,4.251,0.149,-0.108,14.872,292.2478,47.878448,KEPLER_CONFIRMED,10600955,1
10601284,K00749.03,Kepler-226 d,CONFIRMED,8.10904807,6.787e-05,-6.787e-05,217.4,16.8,-16.8,3.596,0.198,-0.198,1.3,0.09,-0.12,0.91,0.057,-0.086,5185.0,85.0,-77.0,4.44,0.098,-0.045,15.416,292.37613,47.880989,KEPLER_CONFIRMED,10601284,1
10604335,K01298.01,Kepler-283 b,CONFIRMED,11.00817635,1.701e-05,-1.701e-05,1462.5,40.0,-40.0,2.013,0.0436,-0.0436,2.15,0.1,-0.11,0.582,0.027,-0.03,4141.0,83.0,-91.0,4.684,0.022,-0.025,15.847,293.61371,47.839001,KEPLER_CONFIRMED,10604335,1
10604592,K04447.01,Kepler-1957 b,CONFIRMED,2.18660188,1.056e-05,-1.056e-05,122.3,10.3,-10.3,1.585,0.123,-0.123,0.98,0.08,-0.1,0.772,0.06,-0.08,4904.0,148.0,-148.0,4.535,0.078,-0.048,14.793,293.71136,47.887539,KEPLER_CONFIRMED,10604592,1
10615440,K04765.01,Kepler-1622 b,CONFIRMED,10.8118317,0.0001288,-0.0001288,76.8,9.8,-9.8,2.627,0.262,-0.262,1.24,0.21,-0.12,1.196,0.206,-0.12,6025.0,78.0,-90.0,4.331,0.084,-0.126,13.385,297.32889,47.815472,KEPLER_CONFIRMED,10615440,1
10616679,K00429.01,Kepler-550 b,CONFIRMED,8.600099313,5.05e-06,-5.05e-06,2791.6,15.5,-15.5,4.0077,0.0199,-0.0199,4.17,0.53,-0.49,0.805,0.103,-0.094,5246.0,158.0,-142.0,4.501,0.102,-0.085,14.486,297.70023,47.86375,KEPLER_CONFIRMED,10616679,1
10617017,K02149.01,Kepler-1121 b,CONFIRMED,13.15140223,7.976e-05,-7.976e-05,97.8,4.4,-4.4,5.439,0.133,-0.133,1.87,0.35,-0.39,1.636,0.308,-0.339,6154.0,111.0,-124.0,4.12,0.168,-0.126,12.071,297.78659,47.88612,KEPLER_CONFIRMED,10617017,1
10619192,K00203.01,Kepler-17 b,CONFIRMED,1.485710994,9.5e-08,-9.5e-08,20823.9,21.1,-21.1,2.2874,0.00174,-0.00174,14.48,0.88,-0.88,1.018,0.062,-0.062,5624.0,101.0,-112.0,4.432,0.04,-0.049,14.141,298.39526,47.81501,KEPLER_CONFIRMED,10619192,1
10653179,K03280.01,Kepler-1453 b,CONFIRMED,47.1607932,0.0004362,-0.0004362,723.2,61.7,-61.7,4.003,0.231,-0.231,2.58,0.67,-0.28,0.965,0.25,-0.107,5936.0,158.0,-193.0,4.501,0.046,-0.184,15.57,286.12555,47.947609,KEPLER_CONFIRMED,10653179,1
10656823,K00598.01,Kepler-195 b,CONFIRMED,8.30783912,1.144e-05,-1.144e-05,777.5,13.2,-13.2,3.1516,0.0332,-0.0332,2.15,0.36,-0.18,0.786,0.132,-0.066,5320.0,159.0,-143.0,4.589,0.028,-0.105,14.813,288.12097,47.966671,KEPLER_CONFIRMED,10656823,1
10657406,K01837.01,Kepler-969 b,CONFIRMED,34.1732156,0.0001203,-0.0001203,635.0,17.4,-17.4,4.7679,0.0814,-0.0814,2.37,0.22,-0.07,0.834,0.077,-0.026,5201.0,93.0,-114.0,4.573,0.01,-0.09,13.733,288.3725,47.933559,KEPLER_CONFIRMED,10657406,1
10662202,K00750.01,Kepler-662 b,CONFIRMED,21.67699193,7.01e-05,-7.01e-05,857.2,27.1,-27.1,3.4555,0.0656,-0.0656,2.95,0.12,-0.23,0.828,0.032,-0.065,4954.0,79.0,-79.0,4.5,0.075,-0.02,15.377,290.46512,47.92918,KEPLER_CONFIRMED,10662202,1
10663396,K02046.01,Kepler-1069 b,CONFIRMED,23.8990075,0.0001281,-0.0001281,293.4,5.5,-5.5,15.955,0.121,-0.121,3.26,0.57,-0.86,1.93,0.34,-0.51,5511.0,82.0,-74.0,3.914,0.21,-0.09,13.153,290.97934,47.988998,KEPLER_CONFIRMED,10663396,1
10666592,K00002.01,Kepler-2 b,CONFIRMED,2.204735417,4.3e-08,-4.3e-08,6674.7,1.7,-1.7,3.88864,0.00203,-0.00203,16.1,0.81,-0.91,1.952,0.099,-0.11,6440.0,76.0,-89.0,4.019,0.033,-0.027,10.463,292.24728,47.969521,KEPLER_CONFIRMED,10666592,1
10669994,K04360.01,Kepler-1594 b,CONFIRMED,2.71603664,1.405e-05,-1.405e-05,98.5,8.7,-8.7,1.744,0.125,-0.125,1.05,0.14,-0.06,1.041,0.138,-0.064,6011.0,72.0,-90.0,4.452,0.026,-0.104,14.801,293.62308,47.96191,KEPLER_CONFIRMED,10669994,1
10670119,K02179.01,Kepler-369 c,CONFIRMED,14.87149773,4.901e-05,-4.901e-05,944.9,37.6,-37.6,2.4076,0.0741,-0.0741,1.59,0.12,-0.1,0.524,0.038,-0.034,3825.0,76.0,-84.0,4.749,0.028,-0.044,15.673,293.67422,47.908459,KEPLER_CONFIRMED,10670119,1
10676014,K01797.01,Kepler-954 b,CONFIRMED,16.78175788,1.639e-05,-1.639e-05,908.0,8.6,-8.6,3.7386,0.0353,-0.0353,2.25,0.14,-0.1,0.742,0.045,-0.033,4925.0,98.0,-98.0,4.588,0.024,-0.042,12.971,295.85938,47.93951,KEPLER_CONFIRMED,10676014,1
10676824,K00599.01,Kepler-1724 b,CONFIRMED,6.45442931,1.25e-05,-1.25e-05,586.1,15.1,-15.1,2.6772,0.0547,-0.0547,2.48,0.75,-0.26,0.943,0.289,-0.096,6092.0,181.0,-200.0,4.496,0.052,-0.221,14.854,296.12073,47.921478,KEPLER_CONFIRMED,10676824,1
10682541,K00751.01,Kepler-663 b,CONFIRMED,4.99677968,1.389e-05,-1.389e-05,934.7,39.7,-39.7,2.1717,0.0762,-0.0762,2.78,0.52,-0.23,0.847,0.161,-0.069,5339.0,175.0,-159.0,4.552,0.034,-0.136,15.861,297.80826,47.946671,KEPLER_CONFIRMED,10682541,1
10684670,K02317.01,Kepler-1189 b,CONFIRMED,3.78861833,2.285e-05,-2.285e-05,143.4,9.7,-9.7,2.808,0.185,-0.185,1.23,0.18,-0.14,1.04,0.149,-0.122,5560.0,75.0,-75.0,4.379,0.11,-0.099,14.285,298.42633,47.946781,KEPLER_CONFIRMED,10684670,1
10686864,K01637.01,Kepler-917 b,CONFIRMED,2.97041801,1.069e-05,-1.069e-05,530.7,27.7,-27.7,2.2369,0.0894,-0.0894,1.7,0.22,-0.13,0.743,0.096,-0.059,5068.0,179.0,-179.0,4.608,0.028,-0.077,15.759,299.05127,47.94928,KEPLER_CONFIRMED,10686864,1
10709622,K02108.01,Kepler-1102 b,CONFIRMED,51.3283527,0.0003026,-0.0003026,692.3,22.9,-22.9,9.357,0.156,-0.156,3.06,0.96,-0.48,1.119,0.35,-0.175,6119.0,171.0,-214.0,4.353,0.108,-0.201,14.955,281.32257,48.066502,KEPLER_CONFIRMED,10709622,1
10713616,K01311.01,Kepler-1667 b,CONFIRMED,83.5781976,0.000278,-0.000278,630.8,13.3,-13.3,7.2487,0.098,-0.098,6.63,0.88,-2.06,2.562,0.341,-0.795,6056.0,81.0,-72.0,3.788,0.264,-0.066,13.498,283.53296,48.094261,KEPLER_CONFIRMED,10713616,1
10714072,K04024.01,Kepler-1541 b,CONFIRMED,8.40693068,9.705e-05,-9.705e-05,167.1,31.5,-31.5,1.866,0.286,-0.286,1.95,0.73,-0.89,1.533,0.572,-0.7,5365.0,159.0,-143.0,4.02,0.511,-0.219,13.801,283.78702,48.02956,KEPLER_CONFIRMED,10714072,1
10717220,K06228.01,Kepler-1644 b,CONFIRMED,21.0907909,0.0001467,-0.0001467,417.6,24.1,-24.1,4.751,0.159,-0.159,1.88,0.48,-0.16,0.818,0.205,-0.073,5723.0,154.0,-154.0,4.546,0.055,-0.165,14.223,285.47504,48.034931,KEPLER_CONFIRMED,10717220,1
10717241,K00430.01,Kepler-551 b,CONFIRMED,12.37646897,1.383e-05,-1.383e-05,1709.0,23.8,-23.8,2.7075,0.0376,-0.0376,2.53,0.12,-0.11,0.607,0.028,-0.028,4200.0,84.0,-84.0,4.664,0.022,-0.025,14.897,285.48505,48.054321,KEPLER_CONFIRMED,10717241,1
10718726,K00600.01,Kepler-618 b,CONFIRMED,3.595769013,9.383e-06,-9.383e-06,383.7,9.7,-9.7,3.1569,0.0636,-0.0636,2.39,0.38,-0.38,1.196,0.191,-0.191,5762.0,78.0,-78.0,4.283,0.137,-0.112,14.827,286.24982,48.06094,KEPLER_CONFIRMED,10718726,1
10722485,K04312.01,Kepler-1588 b,CONFIRMED,7.84931877,7.556e-05,-7.556e-05,68.2,6.6,-6.6,3.747,0.31,-0.31,0.81,0.12,-0.11,0.99,0.138,-0.138,5678.0,113.0,-91.0,4.365,0.144,-0.108,13.858,288.2327,48.002178,KEPLER_CONFIRMED,10722485,1
10723367,K02236.01,Kepler-375 c,CONFIRMED,19.9865916,0.0001286,-0.0001286,648.0,35.2,-35.2,4.391,0.324,-0.324,4.22,0.69,-0.84,1.238,0.202,-0.247,5500.0,82.0,-71.0,4.218,0.195,-0.12,15.699,288.61792,48.098412,KEPLER_CONFIRMED,10723367,1
10723750,K00209.01,Kepler-117 c,CONFIRMED,50.79034648,2.381e-05,-2.381e-05,5671.1,11.9,-11.9,10.8474,0.0138,-0.0138,10.6,1.91,-1.9,1.406,0.253,-0.253,6163.0,123.0,-123.0,4.185,0.154,-0.112,14.274,288.79303,48.04023,KEPLER_CONFIRMED,10723750,1
10724369,K01302.01,Kepler-809 b,CONFIRMED,55.6391882,0.0002097,-0.0002097,853.0,20.1,-20.1,7.316,0.131,-0.131,3.13,0.97,-0.32,0.962,0.297,-0.099,5949.0,176.0,-193.0,4.493,0.05,-0.2,14.755,289.08365,48.018131,KEPLER_CONFIRMED,10724369,1
10730034,K01305.01,Kepler-285 b,CONFIRMED,2.633852528,8.353e-06,-8.353e-06,259.8,12.6,-12.6,2.0206,0.0804,-0.0804,1.38,0.07,-0.12,0.878,0.044,-0.076,5114.0,84.0,-76.0,4.463,0.09,-0.036,15.173,291.3909,48.065609,KEPLER_CONFIRMED,10730034,1
10730070,K04335.01,Kepler-1590 b,CONFIRMED,7.61758198,5.452e-05,-5.452e-05,85.4,7.3,-7.3,3.545,0.173,-0.173,1.0,0.32,-0.14,1.072,0.342,-0.147,6202.0,166.0,-203.0,4.401,0.072,-0.217,14.11,291.40781,48.017891,KEPLER_CONFIRMED,10730070,1
10730703,K02327.01,Kepler-1191 b,CONFIRMED,5.60013327,2.032e-05,-2.032e-05,329.2,16.0,-16.0,2.6508,0.0964,-0.0964,1.73,0.2,-0.22,0.978,0.113,-0.124,5288.0,79.0,-79.0,4.391,0.12,-0.08,15.378,291.65778,48.009312,KEPLER_CONFIRMED,10730703,1
10736489,K07368.01,Kepler-1974 b,CONFIRMED,6.842939,,,,,,2.8,,,,,,,,,,,,,,,12.92,293.94763,48.065254,KEPLER_CONFIRMED,10736489,1
10744335,K01304.01,Kepler-810 b,CONFIRMED,4.59726613,2.459e-05,-2.459e-05,313.0,21.5,-21.5,2.909,0.134,-0.134,1.69,0.53,-0.17,0.959,0.3,-0.1,5999.0,189.0,-210.0,4.494,0.052,-0.208,15.803,296.61487,48.082642,KEPLER_CONFIRMED,10744335,1
10748390,K00003.01,Kepler-3 b,CONFIRMED,4.887803076,4.66e-07,-4.66e-07,4315.8,6.1,-6.1,2.36255,0.00466,-0.00466,4.82,0.17,-0.18,0.763,0.028,-0.028,4778.0,86.0,-95.0,4.591,0.015,-0.036,9.174,297.70935,48.080853,KEPLER_CONFIRMED,10748390,1
10777591,K05827.01,Kepler-1637 b,CONFIRMED,6.10968225,6.031e-05,-6.031e-05,60.3,3.8,-3.8,5.735,0.254,-0.254,0.79,0.23,-0.19,1.009,0.293,-0.24,6024.0,197.0,-197.0,4.309,0.253,-0.207,13.328,282.23685,48.154243,KEPLER_CONFIRMED,10777591,1
10779233,K01989.01,Kepler-1040 b,CONFIRMED,201.118319,0.001461,-0.001461,584.8,19.2,-19.2,10.328,0.165,-0.165,2.28,0.32,-0.2,0.954,0.135,-0.083,5646.0,101.0,-112.0,4.447,0.072,-0.108,13.328,283.11377,48.13139,KEPLER_CONFIRMED,10779233,1
10788461,K03925.01,Kepler-1530 d,CONFIRMED,9.2075634,0.0003568,-0.0003568,1243.1,31.1,-31.1,3.365,0.112,-0.112,5.5,1.45,-1.44,1.303,0.341,-0.341,5678.0,171.0,-188.0,4.215,0.246,-0.164,14.026,288.16251,48.16515,KEPLER_CONFIRMED,10788461,1
10790387,K01288.01,Kepler-807 b,CONFIRMED,117.93110803,8.377e-05,-8.377e-05,8506.6,47.6,-47.6,5.8796,0.0633,-0.0633,10.36,3.5,-1.17,1.072,0.362,-0.121,6392.0,151.0,-207.0,4.425,0.056,-0.21,15.128,289.02017,48.119808,KEPLER_CONFIRMED,10790387,1
10793172,K02871.01,Kepler-1693 b,CONFIRMED,12.0999065,0.0001087,-0.0001087,165.5,12.2,-12.2,3.558,0.209,-0.209,1.39,0.21,-0.2,1.098,0.161,-0.161,5553.0,74.0,-74.0,4.33,0.137,-0.1,14.754,290.20163,48.185822,KEPLER_CONFIRMED,10793172,1
10794087,K01316.01,Kepler-1743 b,CONFIRMED,7.64970832,4.366e-05,-4.366e-05,55.4,2.0,-2.0,6.625,0.11,-0.11,1.43,0.23,-0.31,1.613,0.255,-0.351,5855.0,105.0,-117.0,4.125,0.168,-0.112,11.926,290.55237,48.126263,KEPLER_CONFIRMED,10794087,1
10795103,K03683.01,Kepler-1515 b,CONFIRMED,214.3120439,0.0001427,-0.0001427,4523.4,9.6,-9.6,16.2938,0.0251,-0.0251,9.17,1.64,-0.93,1.357,0.242,-0.138,6471.0,116.0,-141.0,4.287,0.063,-0.117,12.04,290.97394,48.178162,KEPLER_CONFIRMED,10795103,1
10797460,K00752.01,Kepler-227 b,CONFIRMED,9.48803557,2.775e-05,-2.775e-05,615.8,19.5,-19.5,2.9575,0.0819,-0.0819,2.26,0.26,-0.15,0.927,0.105,-0.061,5455.0,81.0,-81.0,4.467,0.064,-0.096,15.347,291.93423,48.141651,KEPLER_CONFIRMED,10797460,1
10810838,K00174.01,Kepler-482 b,CONFIRMED,56.35407916,9.756e-05,-9.756e-05,1037.0,20.2,-20.2,3.4449,0.0661,-0.0661,2.59,0.1,-0.16,0.701,0.027,-0.044,4802.0,96.0,-96.0,4.582,0.049,-0.017,13.779,296.82291,48.107552,KEPLER_CONFIRMED,10810838,1
10813132,K02378.01,Kepler-1215 b,CONFIRMED,4.76702759,2.46e-05,-2.46e-05,163.4,13.6,-13.6,2.013,0.14,-0.14,1.19,0.31,-0.17,0.937,0.247,-0.133,5629.0,152.0,-152.0,4.43,0.12,-0.18,14.431,297.46362,48.181412,KEPLER_CONFIRMED,10813132,1
10842192,K02736.01,Kepler-1329 b,CONFIRMED,9.33648141,3.477e-05,-3.477e-05,885.4,44.7,-44.7,2.5449,0.0862,-0.0862,2.39,0.17,-0.23,0.648,0.046,-0.061,4442.0,133.0,-146.0,4.619,0.053,-0.025,15.911,281.64774,48.271049,KEPLER_CONFIRMED,10842192,1
10843431,K07378.01,Kepler-1999 b,CONFIRMED,8.7396758,0.0003092,-0.0003092,1431.0,107.0,-107.0,3.866,0.266,-0.266,3.29,0.26,-0.3,0.628,0.051,-0.056,4406.0,154.0,-170.0,4.643,0.044,-0.032,16.324,282.37042,48.259289,KEPLER_CONFIRMED,10843431,1
10843590,K00431.02,Kepler-153 c,CONFIRMED,46.9026431,0.0001511,-0.0001511,821.3,21.8,-21.8,3.9264,0.0803,-0.0803,2.6,0.49,-0.36,0.865,0.164,-0.119,5402.0,175.0,-159.0,4.452,0.126,-0.14,14.262,282.46051,48.257118,KEPLER_CONFIRMED,10843590,1
10854546,K02104.01,Kepler-1099 b,CONFIRMED,2.168451063,2.811e-06,-2.811e-06,466.9,12.3,-12.3,1.458,0.0366,-0.0366,2.41,0.8,-0.34,1.109,0.366,-0.157,6153.0,193.0,-236.0,4.382,0.087,-0.217,15.141,288.74994,48.277168,KEPLER_CONFIRMED,10854546,1
10854555,K00755.01,Kepler-664 b,CONFIRMED,2.525591777,3.761e-06,-3.761e-06,603.3,16.9,-16.9,1.6545,0.042,-0.042,2.75,0.88,-0.35,1.046,0.334,-0.133,6031.0,169.0,-211.0,4.438,0.07,-0.21,15.509,288.75488,48.2262,KEPLER_CONFIRMED,10854555,1
10854768,K01309.01,Kepler-812 b,CONFIRMED,10.1171684,2.722e-05,-2.722e-05,288.7,6.6,-6.6,4.6677,0.0684,-0.0684,3.07,0.56,-0.67,1.792,0.323,-0.394,6306.0,81.0,-81.0,4.077,0.174,-0.116,13.832,288.85529,48.208542,KEPLER_CONFIRMED,10854768,1
10857519,K02075.01,Kepler-1084 b,CONFIRMED,2.053341891,7.397e-06,-7.397e-06,65.5,3.2,-3.2,2.596,0.0661,-0.0661,1.44,0.25,-0.25,1.358,0.239,-0.239,6084.0,136.0,-136.0,4.204,0.168,-0.112,12.217,290.10196,48.251141,KEPLER_CONFIRMED,10857519,1
10858691,K01306.01,Kepler-286 b,CONFIRMED,1.796320953,5.889e-06,-5.889e-06,210.9,10.9,-10.9,1.9139,0.0852,-0.0852,1.2,0.12,-0.1,0.829,0.086,-0.065,5576.0,111.0,-111.0,4.503,0.075,-0.075,15.587,290.67615,48.294289,KEPLER_CONFIRMED,10858691,1
10858832,K00432.01,Kepler-552 b,CONFIRMED,5.263415218,3.366e-06,-3.366e-06,1030.7,10.5,-10.5,2.1446,0.0461,-0.0461,3.77,1.31,-0.44,1.028,0.358,-0.119,6099.0,171.0,-214.0,4.456,0.056,-0.224,14.279,290.74768,48.242008,KEPLER_CONFIRMED,10858832,1
10863608,K02368.01,Kepler-1210 b,CONFIRMED,8.07127043,5.172e-05,-5.172e-05,318.2,22.3,-22.3,2.393,0.156,-0.156,1.53,0.42,-0.14,0.853,0.236,-0.079,5766.0,155.0,-172.0,4.517,0.06,-0.18,15.553,292.83215,48.21936,KEPLER_CONFIRMED,10863608,1
10864531,K02080.01,Kepler-358 c,CONFIRMED,83.4887405,0.0005889,-0.0005889,955.4,40.5,-40.5,6.21,0.163,-0.163,2.95,0.93,-0.31,0.94,0.297,-0.099,5910.0,176.0,-193.0,4.505,0.052,-0.208,15.375,293.23022,48.281368,KEPLER_CONFIRMED,10864531,1
10864656,K01299.01,Kepler-432 b,CONFIRMED,52.5008645,0.0001465,-0.0001465,946.7,9.2,-9.2,14.9066,0.0781,-0.0781,12.41,0.61,-1.53,4.157,0.205,-0.513,4976.0,54.0,-74.0,3.331,0.008,-0.009,12.183,293.2822,48.2859,KEPLER_CONFIRMED,10864656,1
10872983,K00756.01,Kepler-228 d,CONFIRMED,11.09432054,2.036e-05,-2.036e-05,1517.5,24.2,-24.2,4.5945,0.061,-0.061,3.9,1.27,-0.42,0.972,0.315,-0.105,6046.0,189.0,-232.0,4.486,0.054,-0.229,15.714,296.28613,48.22467,KEPLER_CONFIRMED,10872983,1
10873260,K00535.01,Kepler-590 b,CONFIRMED,5.852968845,4.978e-06,-4.978e-06,1146.5,8.7,-8.7,4.5973,0.0315,-0.0315,3.46,1.13,-0.38,1.013,0.333,-0.111,6050.0,181.0,-199.0,4.45,0.07,-0.21,14.434,296.38553,48.233452,KEPLER_CONFIRMED,10873260,1
10874215,K02305.01,Kepler-1820 b,CONFIRMED,31.0325991,0.0002042,-0.0002042,737.4,49.6,-49.6,3.476,0.193,-0.193,2.64,0.72,-0.25,0.931,0.257,-0.086,5841.0,182.0,-223.0,4.52,0.046,-0.184,15.728,296.71274,48.272308,KEPLER_CONFIRMED,10874215,1
10874614,K00017.01,Kepler-6 b,CONFIRMED,3.234699282,1.19e-07,-1.19e-07,10558.7,4.2,-4.2,3.59385,0.00078,-0.00078,13.06,0.96,-0.96,1.291,0.095,-0.095,5640.0,113.0,-101.0,4.236,0.055,-0.045,13.303,296.83725,48.239944,KEPLER_CONFIRMED,10874614,1
10875245,K00117.03,Kepler-107 b,CONFIRMED,3.180027898,7.278e-06,-7.278e-06,120.3,2.7,-2.7,3.5797,0.0558,-0.0558,1.53,0.07,-0.05,1.402,0.063,-0.046,5847.0,64.0,-75.0,4.191,0.02,-0.018,12.487,297.02826,48.208611,KEPLER_CONFIRMED,10875245,1
10878263,K00341.02,Kepler-414 b,CONFIRMED,4.699652821,8.477e-06,-8.477e-06,351.4,9.4,-9.4,2.553,0.0457,-0.0457,1.74,0.2,-0.17,0.941,0.11,-0.09,5497.0,109.0,-98.0,4.437,0.09,-0.09,13.338,297.96155,48.244362,KEPLER_CONFIRMED,10878263,1
10879038,K01641.01,Kepler-918 b,CONFIRMED,4.8538404,3.496e-05,-3.496e-05,196.4,15.1,-15.1,3.198,0.161,-0.161,1.72,0.25,-0.1,0.968,0.143,-0.057,5778.0,69.0,-86.0,4.483,0.03,-0.12,14.971,298.20071,48.267841,KEPLER_CONFIRMED,10879038,1
10880507,K02936.01,Kepler-1390 b,CONFIRMED,6.4802138,4.147e-05,-4.147e-05,142.0,11.9,-11.9,3.27,0.162,-0.162,1.26,0.16,-0.12,0.983,0.126,-0.094,5496.0,82.0,-74.0,4.417,0.095,-0.095,14.421,298.66235,48.24876,KEPLER_CONFIRMED,10880507,1
10881457,K03484.01,Kepler-1510 b,CONFIRMED,84.704139,0.001858,-0.001858,655.7,45.0,-45.0,10.393,0.368,-0.368,4.17,0.73,-0.89,1.634,0.285,-0.348,6085.0,79.0,-85.0,4.115,0.174,-0.116,15.169,298.95914,48.25782,KEPLER_CONFIRMED,10881457,1
10904857,K00194.01,Kepler-488 b,CONFIRMED,3.120828136,1.986e-06,-1.986e-06,16456.0,213.0,-213.0,2.1878,0.0645,-0.0645,14.16,4.43,-1.48,0.996,0.312,-0.104,6122.0,165.0,-201.0,4.471,0.052,-0.208,14.804,282.96616,48.34507,KEPLER_CONFIRMED,10904857,1
10905239,K00046.01,Kepler-101 b,CONFIRMED,3.487688776,1.105e-06,-1.105e-06,1298.8,4.1,-4.1,3.83661,0.00947,-0.00947,5.64,0.83,-1.35,1.593,0.235,-0.382,5576.0,112.0,-101.0,4.065,0.196,-0.084,13.77,283.25549,48.355232,KEPLER_CONFIRMED,10905239,1
10905746,K01725.01,Kepler-1651 b,CONFIRMED,9.8786461,1.742e-05,-1.742e-05,1472.7,35.3,-35.3,1.8915,0.042,-0.042,1.6,0.18,-0.21,0.422,0.046,-0.056,3609.0,72.0,-81.0,4.843,0.05,-0.055,13.496,283.62885,48.391003,KEPLER_CONFIRMED,10905746,1
10905911,K02754.01,Kepler-1339 b,CONFIRMED,1.34155642,3.569e-06,-3.569e-06,58.2,2.9,-2.9,1.6462,0.0625,-0.0625,0.74,0.11,-0.06,0.97,0.14,-0.086,5779.0,104.0,-115.0,4.44,0.072,-0.117,12.299,283.74582,48.373432,KEPLER_CONFIRMED,10905911,1
10908248,K03146.01,Kepler-1440 b,CONFIRMED,39.859505,0.001265,-0.001265,155.5,13.3,-13.3,7.987,0.695,-0.695,1.62,0.25,-0.31,1.292,0.202,-0.247,5675.0,76.0,-76.0,4.209,0.176,-0.108,14.131,285.34695,48.312248,KEPLER_CONFIRMED,10908248,1
10909127,K02200.01,Kepler-1138 b,CONFIRMED,3.17059731,1.001e-05,-1.001e-05,325.4,19.3,-19.3,1.6686,0.0835,-0.0835,1.69,0.18,-0.06,0.843,0.086,-0.033,5431.0,81.0,-81.0,4.563,0.011,-0.088,15.353,285.89923,48.307301,KEPLER_CONFIRMED,10909127,1
10910878,K00757.01,Kepler-229 c,CONFIRMED,16.06864674,1.088e-05,-1.088e-05,4914.3,33.3,-33.3,3.5347,0.0241,-0.0241,5.76,0.22,-0.49,0.848,0.033,-0.072,5031.0,75.0,-83.0,4.485,0.083,-0.028,15.841,286.99948,48.37579,KEPLER_CONFIRMED,10910878,1
10916600,K02623.01,Kepler-1293 b,CONFIRMED,5.57654782,5.44e-05,-5.44e-05,53.6,4.5,-4.5,3.673,0.192,-0.192,0.92,0.2,-0.06,1.238,0.256,-0.091,6187.0,74.0,-80.0,4.341,0.05,-0.15,13.383,290.02591,48.335949,KEPLER_CONFIRMED,10916600,1
10922659,K03335.01,Kepler-1916 b,CONFIRMED,31.2543238,0.0003567,-0.0003567,438.0,34.3,-34.3,5.662,0.223,-0.223,2.29,0.76,-0.26,1.092,0.365,-0.122,6246.0,173.0,-260.0,4.433,0.054,-0.216,15.82,293.07062,48.387741,KEPLER_CONFIRMED,10922659,1
10924562,K03063.01,Kepler-1422 b,CONFIRMED,18.6052046,0.0002929,-0.0002929,242.5,21.0,-21.0,6.829,0.32,-0.32,1.94,0.55,-0.27,1.238,0.35,-0.175,6572.0,187.0,-258.0,4.365,0.062,-0.188,15.665,293.8902,48.336121,KEPLER_CONFIRMED,10924562,1
10925104,K00156.03,Kepler-114 d,CONFIRMED,11.776132317,6.963e-06,-6.963e-06,1430.8,9.6,-9.6,2.8971,0.0261,-0.0261,2.08,0.13,-0.12,0.54,0.033,-0.033,3980.0,79.0,-79.0,4.722,0.03,-0.033,13.738,294.12143,48.349522,KEPLER_CONFIRMED,10925104,1
10933561,K00291.01,Kepler-133 c,CONFIRMED,31.51779463,9.375e-05,-9.375e-05,357.6,6.1,-6.1,7.634,0.0784,-0.0784,2.72,0.41,-0.61,1.4,0.211,-0.316,5611.0,114.0,-91.0,4.144,0.195,-0.105,12.848,297.27798,48.320332,KEPLER_CONFIRMED,10933561,1
10934674,K00477.01,Kepler-567 b,CONFIRMED,16.54295261,5.362e-05,-5.362e-05,726.0,23.1,-23.1,3.8516,0.083,-0.083,2.31,0.35,-0.21,0.867,0.134,-0.077,5215.0,173.0,-157.0,4.518,0.048,-0.104,14.687,297.67261,48.302311,KEPLER_CONFIRMED,10934674,1
10937029,K00433.01,Kepler-553 b,CONFIRMED,4.030466786,1.574e-06,-1.574e-06,2908.3,14.8,-14.8,2.7734,0.0149,-0.0149,4.48,0.42,-0.21,0.854,0.08,-0.04,5234.0,103.0,-103.0,4.542,0.028,-0.083,14.924,298.55084,48.332451,KEPLER_CONFIRMED,10937029,1
10963065,K01612.01,Kepler-408 b,CONFIRMED,2.465024332,5.414e-06,-5.414e-06,30.7,1.6,-1.6,1.262,0.0584,-0.0584,0.69,0.03,-0.04,1.194,0.064,-0.064,6139.0,82.0,-82.0,4.291,0.033,-0.027,8.769,284.78619,48.423229,KEPLER_CONFIRMED,10963065,1
10963242,K01312.01,Kepler-814 b,CONFIRMED,6.1469956,2.368e-05,-2.368e-05,249.6,11.0,-11.0,3.3153,0.0999,-0.0999,2.04,0.34,-0.27,1.296,0.215,-0.176,6110.0,79.0,-85.0,4.285,0.099,-0.121,14.706,284.91049,48.431641,KEPLER_CONFIRMED,10963242,1
10964440,K01310.01,Kepler-813 b,CONFIRMED,19.12947603,7.569e-05,-7.569e-05,451.2,16.1,-16.1,3.9622,0.081,-0.081,4.23,0.62,-1.06,1.71,0.249,-0.427,5372.0,88.0,-64.0,4.007,0.218,-0.087,14.569,285.66269,48.435371,KEPLER_CONFIRMED,10964440,1
10965008,K00536.01,Kepler-591 b,CONFIRMED,81.1701587,0.0003838,-0.0003838,1183.2,26.3,-26.3,8.358,0.216,-0.216,4.71,0.81,-0.89,1.165,0.2,-0.22,5460.0,81.0,-65.0,4.263,0.186,-0.124,14.499,286.02402,48.43177,KEPLER_CONFIRMED,10965008,1
10965588,K02177.01,Kepler-1132 b,CONFIRMED,62.8917493,0.0004637,-0.0004637,791.0,40.0,-40.0,6.831,0.181,-0.181,2.5,0.12,-0.21,0.855,0.039,-0.072,5052.0,75.0,-83.0,4.48,0.083,-0.028,15.481,286.36746,48.423931,KEPLER_CONFIRMED,10965588,1
10973664,K00601.03,Kepler-619 c,CONFIRMED,1.208462378,4.31e-06,-4.31e-06,227.3,15.3,-15.3,1.544,0.0972,-0.0972,1.64,0.51,-0.17,0.964,0.303,-0.101,6122.0,169.0,-190.0,4.487,0.052,-0.208,14.697,290.84906,48.416012,KEPLER_CONFIRMED,10973664,1
10973814,K01307.01,Kepler-287 c,CONFIRMED,44.8520997,0.0001558,-0.0001558,780.8,26.2,-26.2,3.5729,0.0859,-0.0859,3.35,0.51,-0.42,1.071,0.163,-0.134,5514.0,74.0,-74.0,4.345,0.132,-0.108,14.775,290.92746,48.44355,KEPLER_CONFIRMED,10973814,1
10975146,K01300.01,Kepler-808 b,CONFIRMED,0.63133171,3.41e-07,-3.41e-07,434.5,6.0,-6.0,1.1487,0.0186,-0.0186,1.2,0.09,-0.1,0.53,0.038,-0.046,4441.0,133.0,-146.0,4.71,0.056,-0.032,14.285,291.59409,48.44561,KEPLER_CONFIRMED,10975146,1
10978763,K01931.03,Kepler-339 c,CONFIRMED,6.98800953,4.507e-05,-4.507e-05,193.2,12.2,-12.2,3.103,0.156,-0.156,1.39,0.19,-0.19,1.023,0.141,-0.141,5353.0,80.0,-72.0,4.358,0.137,-0.1,14.531,293.35172,48.444641,KEPLER_CONFIRMED,10978763,1
10982872,K00343.02,Kepler-142 b,CONFIRMED,2.024143568,2.059e-06,-2.059e-06,239.4,3.1,-3.1,2.5273,0.0291,-0.0291,1.94,0.31,-0.34,1.225,0.194,-0.213,5794.0,105.0,-117.0,4.263,0.156,-0.104,13.203,295.1189,48.481281,KEPLER_CONFIRMED,10982872,1
10984090,K00112.02,Kepler-466 c,CONFIRMED,3.709214104,6.536e-06,-6.536e-06,131.1,3.0,-3.0,2.6302,0.0427,-0.0427,1.16,0.17,-0.12,1.022,0.143,-0.107,5833.0,105.0,-117.0,4.407,0.085,-0.114,12.772,295.64871,48.49556,KEPLER_CONFIRMED,10984090,1
10987985,K00758.01,Kepler-665 b,CONFIRMED,16.01308419,4.854e-05,-4.854e-05,1121.9,39.4,-39.4,3.2554,0.0791,-0.0791,3.1,0.34,-0.31,0.826,0.091,-0.082,5015.0,164.0,-149.0,4.499,0.092,-0.115,15.39,297.02563,48.478588,KEPLER_CONFIRMED,10987985,1
10989274,K06233.01,Kepler-1645 b,CONFIRMED,16.17803,0.05099,-0.05099,449.0,2273.0,-2273.0,5.18,5.9,-5.9,2.25,0.7,-0.3,1.069,0.33,-0.141,5929.0,160.0,-196.0,4.413,0.07,-0.21,14.472,297.47946,48.418571,KEPLER_CONFIRMED,10989274,1
10990886,K00478.01,Kepler-568 b,CONFIRMED,11.023474798,7.634e-06,-7.634e-06,1795.5,27.4,-27.4,1.4814,0.0241,-0.0241,2.46,0.14,-0.19,0.537,0.03,-0.041,3744.0,75.0,-84.0,4.718,0.039,-0.021,14.273,298.10571,48.40115,KEPLER_CONFIRMED,10990886,1
10990917,K01643.01,Kepler-919 b,CONFIRMED,11.04605365,7.009e-05,-7.009e-05,308.3,15.0,-15.0,4.799,0.138,-0.138,1.8,0.61,-0.2,1.025,0.345,-0.115,6093.0,180.0,-217.0,4.429,0.072,-0.217,14.681,298.11478,48.4944,KEPLER_CONFIRMED,10990917,1
11014932,K01432.02,Kepler-299 d,CONFIRMED,15.0549356,0.0001168,-0.0001168,256.4,16.6,-16.6,4.801,0.195,-0.195,1.6,0.22,-0.19,0.999,0.142,-0.116,5616.0,101.0,-101.0,4.394,0.105,-0.105,15.017,283.20697,48.580502,KEPLER_CONFIRMED,11014932,1
11015108,K00344.01,Kepler-530 b,CONFIRMED,39.30944096,4.79e-05,-4.79e-05,1132.1,10.6,-10.6,5.77,0.0376,-0.0376,2.87,0.37,-0.14,0.863,0.112,-0.043,5607.0,101.0,-112.0,4.536,0.028,-0.112,13.4,283.34027,48.549042,KEPLER_CONFIRMED,11015108,1
11015323,K00479.01,Kepler-569 b,CONFIRMED,34.18884323,5.7e-05,-5.7e-05,1063.2,14.5,-14.5,5.3278,0.0482,-0.0482,2.97,0.35,-0.26,0.925,0.11,-0.08,5515.0,109.0,-109.0,4.453,0.076,-0.093,14.106,283.50726,48.552601,KEPLER_CONFIRMED,11015323,1
11017901,K01800.01,Kepler-447 b,CONFIRMED,7.794302043,1.963e-06,-1.963e-06,3387.4,28.3,-28.3,1.1081,0.0148,-0.0148,16.51,2.16,-1.76,0.982,0.128,-0.105,5494.0,82.0,-73.0,4.405,0.11,-0.09,12.394,285.26859,48.560009,KEPLER_CONFIRMED,11017901,1
11018648,K00759.02,Kepler-230 c,CONFIRMED,91.7732862,0.0007518,-0.0007518,652.0,36.2,-36.2,6.473,0.204,-0.204,2.12,0.48,-0.21,0.798,0.181,-0.077,5586.0,152.0,-152.0,4.56,0.05,-0.15,15.082,285.71854,48.505859,KEPLER_CONFIRMED,11018648,1
11019987,K03060.01,Kepler-1421 b,CONFIRMED,6.9131732,0.0001679,-0.0001679,39.1,3.8,-3.8,4.73,0.485,-0.485,0.91,0.16,-0.14,1.444,0.252,-0.227,6296.0,113.0,-126.0,4.21,0.125,-0.125,12.788,286.5806,48.544189,KEPLER_CONFIRMED,11019987,1
11027624,K01439.01,Kepler-849 b,CONFIRMED,394.6249514,0.0008171,-0.0008171,2013.3,10.1,-10.1,24.108,0.107,-0.107,7.79,1.27,-1.9,1.727,0.281,-0.422,5910.0,107.0,-119.0,4.03,0.196,-0.084,12.849,290.85178,48.521339,KEPLER_CONFIRMED,11027624,1
11030475,K02248.01,Kepler-1813 b,CONFIRMED,2.81814715,1.09e-05,-1.09e-05,278.6,19.0,-19.0,1.763,0.0974,-0.0974,1.3,0.09,-0.07,0.787,0.053,-0.043,5167.0,103.0,-103.0,4.555,0.036,-0.05,15.498,292.23993,48.51157,KEPLER_CONFIRMED,11030475,1
11030711,K01429.01,Kepler-1750 b,CONFIRMED,205.912735,0.001169,-0.001169,2378.8,53.9,-53.9,9.992,0.153,-0.153,4.68,0.68,-0.32,0.969,0.142,-0.066,5644.0,76.0,-84.0,4.457,0.051,-0.11,15.531,292.3515,48.511082,KEPLER_CONFIRMED,11030711,1
11032227,K01440.01,Kepler-850 b,CONFIRMED,7.19304935,3.6e-05,-3.6e-05,255.3,15.5,-15.5,3.407,0.108,-0.108,1.59,0.49,-0.17,0.991,0.306,-0.102,6185.0,174.0,-218.0,4.472,0.05,-0.2,15.451,293.08447,48.57539,KEPLER_CONFIRMED,11032227,1
11037335,K01435.01,Kepler-300 c,CONFIRMED,40.7150498,0.0001383,-0.0001383,563.9,10.6,-10.6,8.587,0.11,-0.11,2.2,0.65,-0.21,0.881,0.26,-0.081,5968.0,161.0,-179.0,4.534,0.036,-0.204,14.201,295.2887,48.59972,KEPLER_CONFIRMED,11037335,1
11037511,K02580.01,Kepler-1281 b,CONFIRMED,3.11604194,1.188e-05,-1.188e-05,345.2,21.1,-21.1,1.7763,0.099,-0.099,1.59,0.43,-0.11,0.86,0.237,-0.059,5591.0,175.0,-194.0,4.559,0.033,-0.187,15.79,295.35446,48.5154,KEPLER_CONFIRMED,11037511,1
11037818,K05856.01,Kepler-1638 b,CONFIRMED,259.34304,0.01256,-0.01256,349.7,30.3,-30.3,16.04,1.1,-1.1,6.04,1.02,-2.23,3.204,0.545,-1.18,5490.0,82.0,-82.0,3.629,0.262,-0.087,14.759,295.48242,48.524441,KEPLER_CONFIRMED,11037818,1
11043167,K01444.01,Kepler-852 b,CONFIRMED,44.9306706,0.0002611,-0.0002611,438.4,14.8,-14.8,6.539,0.123,-0.123,2.49,0.44,-0.15,1.164,0.207,-0.069,6121.0,97.0,-146.0,4.397,0.032,-0.128,13.949,297.3916,48.560692,KEPLER_CONFIRMED,11043167,1
11046025,K01646.01,Kepler-1759 b,CONFIRMED,3.72020708,1.761e-05,-1.761e-05,156.9,12.2,-12.2,1.892,0.118,-0.118,0.99,0.09,-0.11,0.797,0.078,-0.086,5017.0,151.0,-151.0,4.516,0.088,-0.088,14.293,298.46579,48.55941,KEPLER_CONFIRMED,11046025,1
11046458,K00214.01,Kepler-424 b,CONFIRMED,3.311864148,3.55e-07,-3.55e-07,5976.5,24.2,-24.2,1.4049,0.0139,-0.0139,9.06,1.16,-0.33,0.937,0.12,-0.034,5461.0,73.0,-82.0,4.499,0.023,-0.12,14.256,298.62488,48.57745,KEPLER_CONFIRMED,11046458,1
11069176,K02007.02,Kepler-1050 c,CONFIRMED,21.1285655,0.0001997,-0.0001997,176.7,15.5,-15.5,3.852,0.226,-0.226,2.88,0.36,-1.02,2.153,0.272,-0.76,5817.0,78.0,-78.0,3.877,0.293,-0.098,13.127,282.92499,48.626389,KEPLER_CONFIRMED,11069176,1
11073351,K00537.01,Kepler-592 b,CONFIRMED,2.820190603,3.592e-06,-3.592e-06,467.5,8.4,-8.4,2.554,0.0354,-0.0354,2.53,0.4,-0.27,1.121,0.178,-0.118,5831.0,78.0,-78.0,4.359,0.095,-0.116,14.665,285.79068,48.683262,KEPLER_CONFIRMED,11073351,1
11074178,K01889.02,Kepler-1001 c,CONFIRMED,9.18189122,6.36e-05,-6.36e-05,363.6,22.6,-22.6,4.343,0.239,-0.239,2.17,0.61,-0.2,0.846,0.236,-0.079,5741.0,155.0,-155.0,4.555,0.034,-0.195,15.338,286.27386,48.61871,KEPLER_CONFIRMED,11074178,1
11074541,K00345.01,Kepler-531 b,CONFIRMED,29.88487723,3.072e-05,-3.072e-05,1275.7,11.3,-11.3,4.5612,0.0413,-0.0413,2.81,0.12,-0.19,0.749,0.033,-0.051,4883.0,97.0,-97.0,4.549,0.06,-0.02,13.34,286.52481,48.683601,KEPLER_CONFIRMED,11074541,1
11074835,K02533.01,Kepler-1270 b,CONFIRMED,6.03355539,6.495e-05,-6.495e-05,89.5,3.8,-3.8,10.049,0.243,-0.243,3.34,0.71,-0.57,3.588,0.753,-0.616,4924.0,74.0,-66.0,3.356,0.14,-0.126,13.274,286.71564,48.645279,KEPLER_CONFIRMED,11074835,1
11075429,K02198.01,Kepler-1137 b,CONFIRMED,23.9210408,0.0001499,-0.0001499,158.3,8.2,-8.2,5.174,0.111,-0.111,3.01,0.65,-0.73,1.972,0.427,-0.475,7121.0,199.0,-249.0,4.031,0.192,-0.128,12.768,287.13028,48.665371,KEPLER_CONFIRMED,11075429,1
11075737,K00292.01,Kepler-97 b,CONFIRMED,2.586639524,2.709e-06,-2.709e-06,217.7,3.3,-3.3,2.253,0.0265,-0.0265,1.44,0.19,-0.16,0.966,0.131,-0.107,5780.0,103.0,-115.0,4.421,0.1,-0.1,12.872,287.32663,48.673431,KEPLER_CONFIRMED,11075737,1
11080405,K02442.02,Kepler-386 b,CONFIRMED,12.3101351,0.0001292,-0.0001292,263.7,22.8,-22.8,3.797,0.199,-0.199,1.51,0.07,-0.11,0.84,0.038,-0.063,5009.0,82.0,-75.0,4.491,0.077,-0.028,15.629,289.85889,48.693851,KEPLER_CONFIRMED,11080405,1
11086270,K00124.01,Kepler-110 b,CONFIRMED,12.69104387,2.298e-05,-2.298e-05,252.1,4.6,-4.6,3.7727,0.0452,-0.0452,2.57,0.4,-0.65,1.626,0.254,-0.413,5869.0,117.0,-117.0,4.024,0.21,-0.105,12.935,292.92914,48.60281,KEPLER_CONFIRMED,11086270,1
11090556,K02977.01,Kepler-1398 b,CONFIRMED,2.7881793,1.852e-05,-1.852e-05,55.8,3.4,-3.4,3.397,0.139,-0.139,1.02,0.18,-0.2,1.385,0.232,-0.283,5758.0,78.0,-86.0,4.168,0.182,-0.098,13.71,294.86618,48.638981,KEPLER_CONFIRMED,11090556,1
11090765,K00538.01,Kepler-593 b,CONFIRMED,21.21712312,6.192e-05,-6.192e-05,636.0,13.0,-13.0,5.89,0.16,-0.16,2.97,0.99,-0.33,1.007,0.335,-0.112,6191.0,169.0,-206.0,4.438,0.07,-0.21,14.56,294.95145,48.651192,KEPLER_CONFIRMED,11090765,1
11100383,K00346.01,Kepler-532 b,CONFIRMED,12.92489803,2.246e-05,-2.246e-05,959.0,22.2,-22.2,2.6811,0.0614,-0.0614,2.62,0.18,-0.11,0.768,0.054,-0.031,5103.0,102.0,-102.0,4.584,0.02,-0.056,13.524,298.66092,48.606369,KEPLER_CONFIRMED,11100383,1
11121752,K02333.02,Kepler-380 c,CONFIRMED,7.63008196,4.221e-05,-4.221e-05,124.0,7.3,-7.3,2.78,0.131,-0.131,1.39,0.22,-0.22,1.191,0.186,-0.186,6038.0,121.0,-121.0,4.284,0.15,-0.112,13.652,282.39462,48.75914,KEPLER_CONFIRMED,11121752,1
11122894,K01426.02,Kepler-297 c,CONFIRMED,74.92768653,6.28e-05,-6.28e-05,4119.2,28.6,-28.6,4.74,0.0776,-0.0776,6.39,0.7,-0.58,0.897,0.099,-0.081,5618.0,112.0,-112.0,4.46,0.081,-0.09,14.232,283.20917,48.777641,KEPLER_CONFIRMED,11122894,1
11125613,K02485.01,Kepler-1254 b,CONFIRMED,9.99115241,5.857e-05,-5.857e-05,391.7,25.5,-25.5,2.657,0.126,-0.126,1.68,0.05,-0.12,0.796,0.027,-0.054,4838.0,77.0,-77.0,4.524,0.063,-0.018,15.311,285.17334,48.770039,KEPLER_CONFIRMED,11125613,1
11125797,K03371.02,Kepler-1482 b,CONFIRMED,12.25384348,8.837e-05,-8.837e-05,147.7,14.3,-14.3,2.373,0.198,-0.198,1.0,0.13,-0.03,0.82,0.1,-0.027,5413.0,73.0,-81.0,4.579,0.011,-0.105,13.747,285.31381,48.72525,KEPLER_CONFIRMED,11125797,1
11126381,K01863.01,Kepler-1673 b,CONFIRMED,33.7888028,0.0001466,-0.0001466,649.2,20.6,-20.6,5.496,0.102,-0.102,2.71,0.89,-0.3,1.062,0.349,-0.116,6202.0,166.0,-203.0,4.436,0.054,-0.202,13.631,285.66711,48.719559,KEPLER_CONFIRMED,11126381,1
11127479,K02792.01,Kepler-1349 b,CONFIRMED,2.12821621,1.115e-05,-1.115e-05,25.9,1.3,-1.3,3.146,0.106,-0.106,0.7,0.02,-0.03,1.377,0.039,-0.062,5952.0,71.0,-83.0,4.227,0.014,-0.016,11.126,286.33835,48.744099,KEPLER_CONFIRMED,11127479,1
11129258,K02898.01,Kepler-1381 b,CONFIRMED,25.384175,0.0001936,-0.0001936,594.0,43.9,-43.9,3.576,0.186,-0.186,2.44,0.76,-0.26,0.994,0.312,-0.104,6137.0,171.0,-214.0,4.471,0.052,-0.208,15.535,287.53577,48.727791,KEPLER_CONFIRMED,11129258,1
11129738,K01427.01,Kepler-844 b,CONFIRMED,2.613020421,6.11e-06,-6.11e-06,599.7,22.3,-22.3,1.9588,0.0542,-0.0542,1.5,0.08,-0.13,0.517,0.029,-0.045,3883.0,70.0,-85.0,4.725,0.049,-0.025,15.84,287.85773,48.774109,KEPLER_CONFIRMED,11129738,1
11133306,K00276.01,Kepler-509 b,CONFIRMED,41.74598855,4.572e-05,-4.572e-05,421.8,4.5,-4.5,4.6125,0.038,-0.038,2.4,0.12,-0.13,1.171,0.06,-0.06,5978.0,71.0,-80.0,4.316,0.03,-0.03,11.854,289.6644,48.706211,KEPLER_CONFIRMED,11133306,1
11134879,K00480.01,Kepler-570 b,CONFIRMED,4.30165843,3.67e-06,-3.67e-06,739.4,9.8,-9.8,2.1055,0.0295,-0.0295,2.42,0.55,-0.24,0.865,0.198,-0.085,5480.0,164.0,-147.0,4.509,0.063,-0.147,14.332,290.43759,48.791882,KEPLER_CONFIRMED,11134879,1
11135308,K02805.01,Kepler-1352 b,CONFIRMED,1.877878538,7.377e-06,-7.377e-06,47.5,2.8,-2.8,2.39,0.101,-0.101,0.78,0.17,-0.1,1.115,0.244,-0.142,6324.0,150.0,-188.0,4.352,0.096,-0.144,13.295,290.69373,48.701481,KEPLER_CONFIRMED,11135308,1
11137180,K03027.01,Kepler-1895 b,CONFIRMED,6.07032548,3.174e-05,-3.174e-05,311.6,33.9,-33.9,1.341,0.14,-0.14,1.36,0.17,-0.09,0.763,0.099,-0.05,5076.0,166.0,-151.0,4.598,0.022,-0.088,15.489,291.6756,48.762562,KEPLER_CONFIRMED,11137180,1
11138155,K00760.01,Kepler-1976 b,CONFIRMED,4.959319244,5.15e-07,-5.15e-07,9802.0,20.0,-20.0,2.22739,0.0075,-0.0075,12.21,1.96,-1.46,1.082,0.173,-0.13,5712.0,77.0,-77.0,4.359,0.11,-0.11,15.263,292.16705,48.727589,KEPLER_CONFIRMED,11138155,1
11153121,K01647.01,Kepler-313 b,CONFIRMED,14.97031664,8.269e-05,-8.269e-05,290.5,10.7,-10.7,5.884,0.124,-0.124,2.53,0.39,-0.54,1.483,0.23,-0.316,5726.0,114.0,-103.0,4.123,0.182,-0.098,14.167,298.29495,48.775459,KEPLER_CONFIRMED,11153121,1
11153539,K00762.01,Kepler-666 b,CONFIRMED,4.49876511,1.777e-05,-1.777e-05,460.0,17.5,-17.5,3.7362,0.0934,-0.0934,2.1,0.65,-0.22,0.969,0.3,-0.1,6075.0,189.0,-210.0,4.486,0.052,-0.208,15.395,298.45685,48.791592,KEPLER_CONFIRMED,11153539,1
11176127,K01430.03,Kepler-298 d,CONFIRMED,77.4740991,0.0003593,-0.0003593,1543.6,60.9,-60.9,4.168,0.125,-0.125,2.63,0.18,-0.08,0.611,0.041,-0.019,4463.0,88.0,-88.0,4.677,0.013,-0.04,15.415,283.03979,48.825359,KEPLER_CONFIRMED,11176127,1
11176166,K05875.01,Kepler-1639 b,CONFIRMED,9.8788502,0.0003593,-0.0003593,454.7,38.4,-38.4,2.951,0.211,-0.211,2.64,0.83,-0.36,1.148,0.362,-0.155,6477.0,159.0,-250.0,4.361,0.087,-0.203,14.496,283.06863,48.802078,KEPLER_CONFIRMED,11176166,1
11177543,K01648.01,Kepler-1760 b,CONFIRMED,38.3262237,0.000273,-0.000273,392.1,30.2,-30.2,3.073,0.123,-0.123,2.43,0.15,-0.24,0.903,0.056,-0.088,5229.0,78.0,-78.0,4.441,0.105,-0.042,14.31,284.13263,48.825119,KEPLER_CONFIRMED,11177543,1
11177676,K03281.01,Kepler-1454 b,CONFIRMED,47.0320478,0.0007193,-0.0007193,367.8,31.2,-31.2,5.892,0.302,-0.302,1.98,0.42,-0.31,1.055,0.22,-0.165,5370.0,80.0,-80.0,4.337,0.145,-0.16,14.904,284.22333,48.831772,KEPLER_CONFIRMED,11177676,1
11177707,K01423.01,Kepler-841 b,CONFIRMED,124.4197175,0.0003491,-0.0003491,4107.0,118.0,-118.0,3.7197,0.082,-0.082,10.3,1.77,-5.3,1.659,0.285,-0.854,5066.0,70.0,-90.0,3.974,0.569,-0.1,15.74,284.25131,48.809608,KEPLER_CONFIRMED,11177707,1
11179076,K02497.01,Kepler-1261 b,CONFIRMED,48.4313003,0.0003548,-0.0003548,886.4,58.9,-58.9,4.03,0.192,-0.192,2.78,0.1,-0.19,0.805,0.028,-0.056,4891.0,78.0,-87.0,4.516,0.067,-0.018,15.605,285.23245,48.806721,KEPLER_CONFIRMED,11179076,1
11187436,K01804.01,Kepler-957 b,CONFIRMED,5.90741476,3.939e-05,-3.939e-05,5569.0,1136.0,-1136.0,1.016,0.281,-0.281,5.1,0.45,-0.51,0.69,0.062,-0.068,4963.0,149.0,-149.0,4.585,0.066,-0.039,15.625,290.15634,48.818989,KEPLER_CONFIRMED,11187436,1
11187837,K00252.01,Kepler-1663 b,CONFIRMED,17.60461401,2.499e-05,-2.499e-05,2292.1,33.5,-33.5,3.716,0.0836,-0.0836,2.64,0.15,-0.23,0.516,0.03,-0.046,3744.0,75.0,-83.0,4.737,0.046,-0.028,15.613,290.40149,48.82259,KEPLER_CONFIRMED,11187837,1
11189311,K03220.01,Kepler-1442 b,CONFIRMED,81.4160138,0.0004882,-0.0004882,762.3,16.1,-16.1,14.175,0.764,-0.764,4.63,0.87,-0.44,1.401,0.263,-0.132,6352.0,113.0,-139.0,4.267,0.063,-0.117,12.146,291.25562,48.846924,KEPLER_CONFIRMED,11189311,1
11192235,K02329.01,Kepler-1826 b,CONFIRMED,1.615357809,2.324e-06,-2.324e-06,499.6,20.7,-20.7,1.1435,0.0377,-0.0377,1.37,0.09,-0.13,0.486,0.034,-0.047,3821.0,76.0,-84.0,4.755,0.056,-0.028,15.655,292.76993,48.89962,KEPLER_CONFIRMED,11192235,1
11192998,K00481.01,Kepler-166 b,CONFIRMED,7.650243513,6.396e-06,-6.396e-06,981.4,10.7,-10.7,2.752,0.0222,-0.0222,2.3,0.45,-0.18,0.746,0.145,-0.058,5409.0,162.0,-146.0,4.609,0.03,-0.12,14.701,293.16016,48.881191,KEPLER_CONFIRMED,11192998,1
11193263,K01438.01,Kepler-848 b,CONFIRMED,6.91134223,2.477e-05,-2.477e-05,201.7,5.2,-5.2,5.6743,0.0788,-0.0788,1.9,0.35,-0.37,1.35,0.242,-0.266,5685.0,114.0,-103.0,4.194,0.162,-0.108,14.056,293.28827,48.811619,KEPLER_CONFIRMED,11193263,1
11194032,K00348.01,Kepler-533 b,CONFIRMED,28.51117639,2.651e-05,-2.651e-05,1844.6,14.7,-14.7,4.5941,0.0706,-0.0706,3.27,0.19,-0.13,0.69,0.039,-0.028,4687.0,93.0,-93.0,4.627,0.015,-0.039,13.933,293.68573,48.825142,KEPLER_CONFIRMED,11194032,1
11236244,K02460.01,Kepler-1246 b,CONFIRMED,11.32269749,9.54e-05,-9.54e-05,311.0,22.7,-22.7,3.517,0.134,-0.134,1.51,0.12,-0.13,0.642,0.051,-0.056,4563.0,123.0,-136.0,4.624,0.048,-0.028,15.006,287.65741,48.982159,KEPLER_CONFIRMED,11236244,1
11241912,K03346.01,Kepler-1473 b,CONFIRMED,14.42735088,9.101e-05,-9.101e-05,117.0,6.4,-6.4,4.857,0.16,-0.16,1.53,0.25,-0.13,1.04,0.171,-0.092,5929.0,106.0,-130.0,4.403,0.076,-0.123,13.359,290.63657,48.996078,KEPLER_CONFIRMED,11241912,1
11244137,K02994.01,Kepler-1402 b,CONFIRMED,2.03387483,1.408e-05,-1.408e-05,73.6,5.5,-5.5,3.097,0.164,-0.164,1.6,0.29,-0.28,1.899,0.339,-0.339,5282.0,84.0,-73.0,3.913,0.126,-0.103,14.621,291.84781,48.968128,KEPLER_CONFIRMED,11244137,1
11244682,K03933.01,Kepler-1699 b,CONFIRMED,3.490785878,6.042e-06,-6.042e-06,336.8,12.3,-12.3,1.4513,0.0465,-0.0465,1.32,0.23,-0.1,0.725,0.121,-0.056,5496.0,147.0,-163.0,4.618,0.035,-0.105,14.678,292.13733,48.917191,KEPLER_CONFIRMED,11244682,1
11250587,K00107.01,Kepler-464 b,CONFIRMED,7.256962446,5.839e-06,-5.839e-06,463.2,3.1,-3.1,4.9402,0.0238,-0.0238,3.53,0.21,-0.17,1.549,0.091,-0.074,5858.0,70.0,-79.0,4.112,0.024,-0.02,12.702,294.83517,48.982361,KEPLER_CONFIRMED,11250587,1
11253711,K01972.02,Kepler-1031 b,CONFIRMED,1.226223959,4.434e-06,-4.434e-06,56.1,3.6,-3.6,2.1689,0.0874,-0.0874,1.0,0.17,-0.22,1.34,0.221,-0.294,5855.0,79.0,-70.0,4.148,0.195,-0.105,13.8,296.08975,48.955372,KEPLER_CONFIRMED,11253711,1
11253827,K02672.01,Kepler-396 c,CONFIRMED,88.5122014,0.0002736,-0.0002736,2518.7,43.3,-43.3,6.8214,0.0958,-0.0958,4.7,0.61,-0.37,0.945,0.122,-0.075,5593.0,111.0,-111.0,4.45,0.068,-0.102,11.921,296.13281,48.977402,KEPLER_CONFIRMED,11253827,1
11254382,K01425.01,Kepler-843 b,CONFIRMED,2.05388477,3.356e-06,-3.356e-06,546.7,12.7,-12.7,2.1635,0.0445,-0.0445,2.74,0.42,-0.46,1.176,0.18,-0.198,5632.0,76.0,-76.0,4.282,0.156,-0.104,15.269,296.32199,48.971481,KEPLER_CONFIRMED,11254382,1
11259686,K00294.01,Kepler-512 b,CONFIRMED,34.4359387,9.569e-05,-9.569e-05,424.5,9.3,-9.3,5.82,0.0692,-0.0692,2.78,0.48,-0.48,1.363,0.236,-0.236,5929.0,107.0,-131.0,4.243,0.137,-0.125,12.674,298.26895,48.91674,KEPLER_CONFIRMED,11259686,1
11283615,K02816.01,Kepler-1355 b,CONFIRMED,1.289590179,3.841e-06,-3.841e-06,286.0,18.4,-18.4,1.3541,0.0848,-0.0848,1.38,0.28,-0.12,0.808,0.163,-0.07,5467.0,164.0,-164.0,4.578,0.034,-0.136,15.471,283.74142,49.067982,KEPLER_CONFIRMED,11283615,1
11284772,K04622.01,Kepler-441 b,CONFIRMED,207.24785,0.002627,-0.002627,809.2,64.7,-64.7,6.159,0.348,-0.348,1.56,0.09,-0.06,0.553,0.031,-0.022,4339.0,78.0,-87.0,4.711,0.02,-0.032,15.142,284.56689,49.01255,KEPLER_CONFIRMED,11284772,1
11285870,K03110.01,Kepler-1429 b,CONFIRMED,4.48494315,3.379e-05,-3.379e-05,134.9,12.7,-12.7,2.752,0.179,-0.179,1.23,0.41,-0.13,1.051,0.349,-0.116,6217.0,172.0,-216.0,4.437,0.056,-0.224,14.879,285.36624,49.044868,KEPLER_CONFIRMED,11285870,1
11288051,K00241.03,Kepler-124 b,CONFIRMED,3.41045981,1.361e-05,-1.361e-05,136.2,6.8,-6.8,2.866,0.1,-0.1,1.06,0.07,-0.04,0.651,0.044,-0.024,4983.0,100.0,-100.0,4.66,0.017,-0.052,14.139,286.75278,49.064911,KEPLER_CONFIRMED,11288051,1
11288505,K01433.01,Kepler-846 b,CONFIRMED,19.80787763,9.419e-05,-9.419e-05,616.3,35.6,-35.6,3.453,0.131,-0.131,2.08,0.52,-0.18,0.84,0.212,-0.071,5775.0,143.0,-172.0,4.558,0.032,-0.168,15.65,287.05701,49.046021,KEPLER_CONFIRMED,11288505,1
11295426,K00246.01,Kepler-68 b,CONFIRMED,5.398752862,1.947e-06,-1.947e-06,346.5,1.4,-1.4,3.4303,0.0154,-0.0154,2.21,0.12,-0.11,1.198,0.067,-0.061,5790.0,78.0,-78.0,4.279,0.03,-0.027,9.997,291.03232,49.040272,KEPLER_CONFIRMED,11295426,1
11297236,K01857.01,Kepler-1771 b,CONFIRMED,88.6440015,0.0002922,-0.0002922,625.5,12.2,-12.2,7.82,0.111,-0.111,2.51,0.33,-0.19,0.934,0.124,-0.072,5661.0,101.0,-112.0,4.471,0.056,-0.112,13.748,292.0134,49.019119,KEPLER_CONFIRMED,11297236,1
11298298,K01802.01,Kepler-956 b,CONFIRMED,5.248667607,6.064e-06,-6.064e-06,601.2,11.9,-11.9,1.917,0.0297,-0.0297,2.84,0.43,-0.2,1.012,0.154,-0.071,5807.0,78.0,-78.0,4.437,0.051,-0.119,13.345,292.53082,49.06171,KEPLER_CONFIRMED,11298298,1
11303322,K03345.01,Kepler-1472 b,CONFIRMED,38.1303324,0.0005845,-0.0005845,180.4,28.2,-28.2,6.53,1.1,-1.1,1.54,0.47,-0.19,1.106,0.336,-0.134,6370.0,160.0,-208.0,4.41,0.062,-0.188,14.633,294.85263,49.057468,KEPLER_CONFIRMED,11303322,1
11304958,K00764.01,Kepler-667 b,CONFIRMED,41.43958662,7.557e-05,-7.557e-05,2793.1,22.6,-22.6,10.5989,0.088,-0.088,5.5,1.57,-0.96,1.046,0.297,-0.183,5468.0,180.0,-164.0,4.367,0.153,-0.187,15.4,295.55505,49.017342,KEPLER_CONFIRMED,11304958,1
11308499,K02168.02,Kepler-366 c,CONFIRMED,12.51610549,8.369e-05,-8.369e-05,263.0,12.4,-12.4,4.853,0.146,-0.146,1.87,0.3,-0.23,1.162,0.19,-0.143,5859.0,79.0,-79.0,4.335,0.099,-0.11,14.842,296.85205,49.084438,KEPLER_CONFIRMED,11308499,1
11336883,K01445.01,Kepler-853 b,CONFIRMED,7.16893064,2.574e-05,-2.574e-05,112.8,3.4,-3.4,4.6766,0.0866,-0.0866,1.61,0.31,-0.28,1.458,0.281,-0.255,6221.0,113.0,-138.0,4.198,0.13,-0.13,12.32,283.9368,49.110329,KEPLER_CONFIRMED,11336883,1
11337141,K01649.01,Kepler-1761 b,CONFIRMED,4.04355245,1.255e-05,-1.255e-05,416.2,22.0,-22.0,1.965,0.16,-0.16,1.75,0.14,-0.09,0.532,0.042,-0.027,3871.0,77.0,-84.0,4.744,0.021,-0.053,14.963,284.13287,49.142609,KEPLER_CONFIRMED,11337141,1
11337372,K01650.02,Kepler-920 c,CONFIRMED,100.8276725,0.0007991,-0.0007991,1778.8,49.8,-49.8,8.39,0.18,-0.18,4.35,0.43,-0.57,0.977,0.096,-0.128,5301.0,85.0,-74.0,4.391,0.13,-0.07,15.28,284.29694,49.15868,KEPLER_CONFIRMED,11337372,1
11337566,K02632.01,Kepler-1298 b,CONFIRMED,7.12815163,6.195e-05,-6.195e-05,45.9,2.4,-2.4,5.522,0.199,-0.199,1.36,0.25,-0.34,1.994,0.371,-0.495,6311.0,113.0,-126.0,3.998,0.188,-0.116,11.392,284.42273,49.10622,KEPLER_CONFIRMED,11337566,1
11337833,K01651.01,Kepler-921 b,CONFIRMED,51.3011844,0.0006021,-0.0006021,498.9,30.1,-30.1,5.359,0.259,-0.259,2.07,0.65,-0.17,0.929,0.291,-0.078,6032.0,162.0,-180.0,4.508,0.052,-0.208,14.739,284.61621,49.190811,KEPLER_CONFIRMED,11337833,1
11342416,K02366.01,Kepler-1209 b,CONFIRMED,25.3690868,0.0001467,-0.0001467,110.1,5.8,-5.8,4.746,0.118,-0.118,1.67,0.29,-0.28,1.406,0.238,-0.238,6126.0,123.0,-136.0,4.224,0.13,-0.117,12.476,287.5849,49.154789,KEPLER_CONFIRMED,11342416,1
11348997,K02090.01,Kepler-1089 b,CONFIRMED,5.132486123,9.634e-06,-9.634e-06,908.4,31.0,-31.0,1.4575,0.0461,-0.0461,1.69,0.09,-0.08,0.578,0.032,-0.027,3879.0,77.0,-77.0,4.707,0.018,-0.036,15.535,291.09274,49.19006,KEPLER_CONFIRMED,11348997,1
11356260,K01441.01,Kepler-851 b,CONFIRMED,8.50698069,3.609e-05,-3.609e-05,295.5,16.5,-16.5,2.938,0.109,-0.109,1.9,0.53,-0.29,0.986,0.276,-0.148,5822.0,157.0,-192.0,4.428,0.087,-0.188,15.135,294.68027,49.14016,KEPLER_CONFIRMED,11356260,1
11358389,K02163.02,Kepler-365 c,CONFIRMED,17.7838298,0.0001314,-0.0001314,247.1,14.1,-14.1,3.997,0.143,-0.143,1.6,0.53,-0.21,1.021,0.333,-0.133,6014.0,190.0,-211.0,4.436,0.072,-0.217,14.651,295.62659,49.130428,KEPLER_CONFIRMED,11358389,1
11359879,K00128.01,Kepler-15 b,CONFIRMED,4.942783419,2.47e-07,-2.47e-07,11144.7,6.7,-6.7,3.25346,0.00605,-0.00605,10.62,1.44,-0.73,0.978,0.133,-0.067,5514.0,98.0,-109.0,4.459,0.051,-0.11,13.758,296.20059,49.140121,KEPLER_CONFIRMED,11359879,1
11360571,K02069.01,Kepler-1080 b,CONFIRMED,77.2550726,0.0003913,-0.0003913,589.5,15.2,-15.2,10.214,0.161,-0.161,3.7,1.14,-0.66,1.356,0.417,-0.243,6564.0,181.0,-250.0,4.255,0.128,-0.192,13.754,296.46448,49.182907,KEPLER_CONFIRMED,11360571,1
11360805,K02422.01,Kepler-1232 b,CONFIRMED,26.7838935,0.0001582,-0.0001582,365.3,19.4,-19.4,4.584,0.16,-0.16,1.59,0.12,-0.08,0.856,0.063,-0.046,5242.0,84.0,-73.0,4.512,0.05,-0.061,14.803,296.55005,49.102322,KEPLER_CONFIRMED,11360805,1
11361646,K00330.01,Kepler-524 b,CONFIRMED,7.97420583,2.174e-05,-2.174e-05,293.1,5.6,-5.6,5.3503,0.0622,-0.0622,1.85,0.28,-0.2,1.081,0.168,-0.112,5973.0,107.0,-131.0,4.386,0.08,-0.12,13.928,296.85922,49.162048,KEPLER_CONFIRMED,11361646,1
11389771,K01436.01,Kepler-301 b,CONFIRMED,2.508553286,7.668e-06,-7.668e-06,211.6,9.0,-9.0,2.2664,0.0736,-0.0736,1.28,0.36,-0.13,0.881,0.252,-0.084,5814.0,139.0,-156.0,4.523,0.05,-0.2,14.271,283.98297,49.23299,KEPLER_CONFIRMED,11389771,1
11391018,K00189.01,Kepler-486 b,CONFIRMED,30.360445359,4.602e-06,-4.602e-06,21124.7,21.9,-21.9,6.0134,0.0133,-0.0133,10.99,0.9,-1.11,0.765,0.063,-0.077,4939.0,148.0,-133.0,4.541,0.072,-0.044,14.388,284.87997,49.266991,KEPLER_CONFIRMED,11391018,1
11391957,K00765.01,Kepler-668 b,CONFIRMED,8.35389523,1.524e-05,-1.524e-05,1041.6,28.2,-28.2,2.2514,0.0518,-0.0518,2.52,0.54,-0.24,0.787,0.169,-0.073,5592.0,152.0,-152.0,4.582,0.036,-0.144,15.317,285.49924,49.277351,KEPLER_CONFIRMED,11391957,1
11394027,K00349.01,Kepler-1664 b,CONFIRMED,14.38682567,1.676e-05,-1.676e-05,569.6,10.9,-10.9,2.1417,0.0323,-0.0323,2.54,0.37,-0.34,1.072,0.158,-0.143,5725.0,104.0,-115.0,4.353,0.126,-0.103,13.586,286.85266,49.261681,KEPLER_CONFIRMED,11394027,1
11401182,K01428.01,Kepler-845 b,CONFIRMED,0.927859786,5.53e-07,-5.53e-07,515.3,6.5,-6.5,1.4279,0.0228,-0.0228,1.79,0.16,-0.05,0.699,0.065,-0.018,4815.0,76.0,-86.0,4.631,0.007,-0.06,14.631,290.95755,49.203812,KEPLER_CONFIRMED,11401182,1
11401755,K00277.02,Kepler-36 b,CONFIRMED,13.84984567,5.364e-05,-5.364e-05,84.6,2.6,-2.6,7.2783,0.0849,-0.0849,1.45,0.07,-0.07,1.585,0.071,-0.079,5919.0,62.0,-71.0,4.042,0.03,-0.03,11.866,291.25018,49.231834,KEPLER_CONFIRMED,11401755,1
11401767,K02195.02,Kepler-372 d,CONFIRMED,30.0899459,0.0003033,-0.0003033,242.6,15.4,-15.4,6.654,0.245,-0.245,2.25,0.38,-0.25,1.209,0.202,-0.134,6056.0,81.0,-90.0,4.332,0.08,-0.12,14.881,291.2562,49.258949,KEPLER_CONFIRMED,11401767,1
11402995,K00173.01,Kepler-481 b,CONFIRMED,10.06083238,1.495e-05,-1.495e-05,460.2,6.1,-6.1,4.5718,0.0508,-0.0508,2.58,0.41,-0.4,1.14,0.177,-0.177,5705.0,114.0,-103.0,4.297,0.156,-0.104,13.844,291.90704,49.262051,KEPLER_CONFIRMED,11402995,1
11403044,K00766.01,Kepler-669 b,CONFIRMED,4.125543472,3.133e-06,-3.133e-06,1487.3,13.3,-13.3,3.1744,0.0362,-0.0362,4.43,1.44,-0.51,1.103,0.358,-0.128,6174.0,173.0,-239.0,4.417,0.056,-0.21,15.506,291.93616,49.253979,KEPLER_CONFIRMED,11403044,1
11403339,K02143.01,Kepler-1117 b,CONFIRMED,4.79029482,1.966e-05,-1.966e-05,142.0,7.0,-7.0,2.7219,0.09,-0.09,1.01,0.11,-0.04,0.843,0.086,-0.033,5412.0,72.0,-80.0,4.562,0.017,-0.099,14.102,292.08478,49.23748,KEPLER_CONFIRMED,11403339,1
11403389,K02482.01,Kepler-1251 b,CONFIRMED,45.0909201,0.0004749,-0.0004749,436.3,34.2,-34.2,4.605,0.182,-0.182,2.44,0.7,-0.24,0.9,0.258,-0.086,5790.0,156.0,-190.0,4.528,0.036,-0.204,14.976,292.11517,49.256432,KEPLER_CONFIRMED,11403389,1
11403530,K03015.01,Kepler-1412 b,CONFIRMED,3.61460332,2.436e-05,-2.436e-05,43.9,3.3,-3.3,3.227,0.185,-0.185,0.9,0.15,-0.19,1.375,0.221,-0.295,5799.0,117.0,-105.0,4.161,0.188,-0.101,13.219,292.18011,49.20248,KEPLER_CONFIRMED,11403530,1
11410904,K02171.01,Kepler-1131 b,CONFIRMED,3.53232429,2.29e-05,-2.29e-05,224.2,20.0,-20.0,2.765,0.156,-0.156,1.43,0.21,-0.07,0.956,0.143,-0.048,5761.0,78.0,-78.0,4.492,0.022,-0.12,14.972,295.65149,49.261292,KEPLER_CONFIRMED,11410904,1
11413812,K01885.01,Kepler-998 b,CONFIRMED,5.65378163,1.105e-05,-1.105e-05,366.8,11.4,-11.4,1.9483,0.0489,-0.0489,1.82,0.58,-0.15,0.934,0.294,-0.078,5988.0,161.0,-179.0,4.507,0.039,-0.221,14.377,296.75415,49.20874,KEPLER_CONFIRMED,11413812,1
11414465,K02836.01,Kepler-1363 b,CONFIRMED,2.94194296,1.324e-05,-1.324e-05,278.0,18.5,-18.5,2.056,0.127,-0.127,1.22,0.1,-0.12,0.758,0.062,-0.075,4901.0,146.0,-146.0,4.544,0.07,-0.056,15.29,296.99655,49.25642,KEPLER_CONFIRMED,11414465,1
11414511,K00767.01,Kepler-670 b,CONFIRMED,2.816504904,1.65e-07,-1.65e-07,16813.7,11.0,-11.0,2.50587,0.00666,-0.00666,12.21,1.62,-0.87,0.955,0.127,-0.068,5532.0,74.0,-83.0,4.452,0.063,-0.108,15.052,297.01547,49.225288,KEPLER_CONFIRMED,11414511,1
11415243,K04036.01,Kepler-1544 b,CONFIRMED,168.81133,0.002102,-0.002102,614.4,47.1,-47.1,6.582,0.36,-0.36,1.69,0.1,-0.06,0.707,0.043,-0.025,4798.0,95.0,-95.0,4.62,0.015,-0.045,14.061,297.285,49.21246,KEPLER_CONFIRMED,11415243,1
11442793,K00351.05,Kepler-90 c,CONFIRMED,8.71980135,2.988e-05,-2.988e-05,160.4,7.4,-7.4,3.7454,0.074,-0.074,1.53,0.25,-0.2,1.2,0.195,-0.16,5970.0,107.0,-131.0,4.317,0.11,-0.121,13.804,284.4335,49.305161,KEPLER_CONFIRMED,11442793,1
11444514,K04371.01,Kepler-1596 b,CONFIRMED,66.373298,0.0007009,-0.0007009,415.0,31.9,-31.9,8.559,0.787,-0.787,1.99,0.64,-0.21,0.976,0.315,-0.105,6143.0,164.0,-200.0,4.47,0.056,-0.224,15.37,285.5575,49.33007,KEPLER_CONFIRMED,11444514,1
11446443,K00001.01,Kepler-1 b,CONFIRMED,2.470613377,2.7e-08,-2.7e-08,14230.9,4.2,-4.2,1.74319,0.00107,-0.00107,13.04,0.51,-0.51,0.964,0.038,-0.038,5820.0,78.0,-78.0,4.457,0.024,-0.024,11.338,286.80847,49.316399,KEPLER_CONFIRMED,11446443,1
11449844,K00125.01,Kepler-468 b,CONFIRMED,38.47876629,4.731e-06,-4.731e-06,23530.0,25.4,-25.4,5.04169,0.00343,-0.00343,13.26,1.78,-0.59,0.879,0.118,-0.039,5510.0,98.0,-109.0,4.539,0.019,-0.11,13.779,288.90222,49.370491,KEPLER_CONFIRMED,11449844,1
11450414,K01992.02,Kepler-347 c,CONFIRMED,27.3214242,0.0002665,-0.0002665,279.6,17.7,-17.7,4.836,0.275,-0.275,3.61,0.52,-0.85,1.451,0.211,-0.342,5592.0,75.0,-75.0,4.115,0.195,-0.09,14.513,289.19958,49.305721,KEPLER_CONFIRMED,11450414,1
11453592,K02705.01,Kepler-1319 b,CONFIRMED,2.8867624,3.741e-06,-3.741e-06,631.8,22.6,-22.6,0.9879,0.031,-0.031,1.24,0.17,-0.2,0.389,0.055,-0.061,3483.0,78.0,-78.0,4.875,0.06,-0.06,14.717,290.95615,49.366398,KEPLER_CONFIRMED,11453592,1
11455181,K03131.01,Kepler-1437 b,CONFIRMED,10.9294815,0.0001308,-0.0001308,196.9,15.9,-15.9,5.893,0.28,-0.28,1.21,0.36,-0.11,0.864,0.258,-0.081,5792.0,155.0,-172.0,4.547,0.036,-0.204,15.591,291.86493,49.32592,KEPLER_CONFIRMED,11455181,1
11455428,K03365.01,Kepler-1480 b,CONFIRMED,22.1270885,0.0002566,-0.0002566,418.2,38.6,-38.6,4.472,0.268,-0.268,3.94,1.19,-1.46,1.445,0.438,-0.536,5312.0,175.0,-159.0,4.103,0.406,-0.174,14.523,291.99976,49.301811,KEPLER_CONFIRMED,11455428,1
11457726,K02047.01,Kepler-1070 b,CONFIRMED,6.22161107,2.049e-05,-2.049e-05,165.0,6.4,-6.4,3.4117,0.0783,-0.0783,1.59,0.27,-0.09,1.097,0.186,-0.062,6277.0,75.0,-75.0,4.417,0.032,-0.12,13.977,293.19537,49.316502,KEPLER_CONFIRMED,11457726,1
11460018,K00769.01,Kepler-671 b,CONFIRMED,4.280963604,6.141e-06,-6.141e-06,750.8,14.1,-14.1,2.875,0.042,-0.042,2.3,0.58,-0.19,0.831,0.207,-0.069,5644.0,152.0,-169.0,4.564,0.032,-0.168,15.356,294.26581,49.314091,KEPLER_CONFIRMED,11460018,1
11460462,K02110.01,Kepler-1104 b,CONFIRMED,5.03728033,1.566e-05,-1.566e-05,76.3,4.3,-4.3,2.0619,0.0628,-0.0628,1.55,0.28,-0.17,1.381,0.253,-0.156,6387.0,115.0,-140.0,4.271,0.066,-0.123,12.189,294.46854,49.33102,KEPLER_CONFIRMED,11460462,1
11461433,K02399.01,Kepler-1222 b,CONFIRMED,1.916940872,6.033e-06,-6.033e-06,105.1,7.1,-7.1,1.4243,0.0837,-0.0837,0.89,0.05,-0.07,0.872,0.042,-0.072,5083.0,83.0,-76.0,4.468,0.083,-0.033,14.1,294.88965,49.379768,KEPLER_CONFIRMED,11461433,1
11461844,K02356.01,Kepler-1207 b,CONFIRMED,13.6823798,0.0001059,-0.0001059,179.6,12.2,-12.2,4.153,0.176,-0.176,1.43,0.44,-0.17,1.026,0.312,-0.125,6102.0,165.0,-220.0,4.457,0.054,-0.216,14.5,295.06424,49.35899,KEPLER_CONFIRMED,11461844,1
11465651,K04150.01,Kepler-1941 b,CONFIRMED,31.3351094,0.0003184,-0.0003184,264.9,18.3,-18.3,6.071,0.254,-0.254,1.99,0.57,-0.25,1.142,0.327,-0.14,6404.0,173.0,-192.0,4.393,0.06,-0.18,14.681,296.62704,49.353901,KEPLER_CONFIRMED,11465651,1
11465950,K02620.01,Kepler-1862 b,CONFIRMED,16.0573291,0.0001074,-0.0001074,575.0,37.8,-37.8,3.546,0.155,-0.155,2.27,0.51,-0.17,0.806,0.182,-0.061,5644.0,152.0,-152.0,4.575,0.036,-0.144,15.869,296.75339,49.378109,KEPLER_CONFIRMED,11465950,1
11493431,K01434.01,Kepler-847 b,CONFIRMED,2.343230566,7.67e-06,-7.67e-06,246.5,12.1,-12.1,2.0424,0.0822,-0.0822,1.18,0.04,-0.07,0.782,0.027,-0.05,4798.0,76.0,-86.0,4.533,0.06,-0.016,14.782,283.50479,49.451019,KEPLER_CONFIRMED,11493431,1
11495458,K02318.01,Kepler-1190 b,CONFIRMED,10.45839865,5.78e-05,-5.78e-05,306.8,19.3,-19.3,3.154,0.126,-0.126,1.25,0.04,-0.06,0.747,0.02,-0.04,4641.0,74.0,-83.0,4.557,0.049,-0.014,14.471,284.99963,49.47998,KEPLER_CONFIRMED,11495458,1
11497958,K01422.02,Kepler-296 d,CONFIRMED,19.85029495,5.525e-05,-5.525e-05,1607.5,50.7,-50.7,2.8407,0.0741,-0.0741,1.52,0.19,-0.23,0.383,0.048,-0.058,3526.0,71.0,-78.0,4.866,0.066,-0.044,15.921,286.54001,49.437328,KEPLER_CONFIRMED,11497958,1
11497977,K00483.01,Kepler-571 b,CONFIRMED,4.79860021,5.329e-06,-5.329e-06,817.4,10.6,-10.6,3.0384,0.0367,-0.0367,2.51,0.62,-0.2,0.847,0.207,-0.069,5631.0,152.0,-169.0,4.557,0.042,-0.168,14.675,286.55103,49.418739,KEPLER_CONFIRMED,11497977,1
11498128,K02296.01,Kepler-1177 b,CONFIRMED,106.247882,0.001904,-0.001904,397.4,18.7,-18.7,13.78,0.374,-0.374,2.01,0.27,-0.19,0.972,0.135,-0.09,5679.0,101.0,-112.0,4.435,0.076,-0.104,14.552,286.67145,49.406288,KEPLER_CONFIRMED,11498128,1
11499192,K03120.01,Kepler-1433 b,CONFIRMED,4.13592927,2.811e-05,-2.811e-05,156.2,12.1,-12.1,2.377,0.17,-0.17,1.43,0.23,-0.14,1.152,0.185,-0.118,5886.0,70.0,-88.0,4.345,0.084,-0.126,14.826,287.36328,49.45689,KEPLER_CONFIRMED,11499192,1
11499228,K02109.01,Kepler-1103 b,CONFIRMED,19.7919389,0.0001144,-0.0001144,383.7,18.8,-18.8,3.787,0.125,-0.125,2.58,0.86,-0.29,1.039,0.349,-0.116,6285.0,169.0,-206.0,4.441,0.056,-0.21,14.09,287.38208,49.452389,KEPLER_CONFIRMED,11499228,1
11502867,K00195.01,Kepler-426 b,CONFIRMED,3.217518511,1.75e-07,-1.75e-07,14319.4,14.2,-14.2,2.11481,0.007,-0.007,11.38,1.51,-0.93,0.903,0.12,-0.074,5720.0,77.0,-77.0,4.473,0.063,-0.108,14.835,289.43463,49.4734,KEPLER_CONFIRMED,11502867,1
11507101,K00773.01,Kepler-672 b,CONFIRMED,38.3775486,0.0001602,-0.0001602,724.2,23.4,-23.4,5.588,0.113,-0.113,2.82,0.37,-0.34,1.036,0.138,-0.124,5481.0,82.0,-74.0,4.369,0.121,-0.099,15.172,291.72202,49.480869,KEPLER_CONFIRMED,11507101,1
11508644,K03101.01,Kepler-1426 b,CONFIRMED,14.2563272,0.0001743,-0.0001743,206.1,16.8,-16.8,4.796,0.302,-0.302,1.73,0.58,-0.19,1.027,0.341,-0.114,6140.0,171.0,-236.0,4.455,0.056,-0.21,15.192,292.54575,49.416969,KEPLER_CONFIRMED,11508644,1
11509504,K04232.01,Kepler-1573 b,CONFIRMED,2.61576515,1.619e-05,-1.619e-05,120.4,9.4,-9.4,2.777,0.145,-0.145,1.06,0.31,-0.13,0.958,0.28,-0.12,6088.0,165.0,-201.0,4.446,0.084,-0.196,15.18,292.98834,49.48497,KEPLER_CONFIRMED,11509504,1
11512246,K00168.03,Kepler-23 b,CONFIRMED,7.10695741,1.74e-05,-1.74e-05,131.0,4.1,-4.1,5.1462,0.0519,-0.0519,1.72,0.11,-0.07,1.518,0.092,-0.061,5761.0,86.0,-69.0,4.091,0.018,-0.018,13.438,294.21893,49.479221,KEPLER_CONFIRMED,11512246,1
11513486,K04748.01,Kepler-1969 b,CONFIRMED,6.64754478,4.141e-05,-4.141e-05,289.3,28.1,-28.1,1.961,0.143,-0.143,1.72,0.54,-0.18,1.007,0.318,-0.106,6046.0,190.0,-211.0,4.478,0.054,-0.216,15.724,294.78433,49.4921,KEPLER_CONFIRMED,11513486,1
11517719,K01416.01,Kepler-840 b,CONFIRMED,2.495780169,1.818e-06,-1.818e-06,25070.0,172.0,-172.0,4.2721,0.0275,-0.0275,15.75,4.7,-2.02,0.992,0.296,-0.127,6039.0,163.0,-181.0,4.426,0.087,-0.203,14.152,296.50739,49.457291,KEPLER_CONFIRMED,11517719,1
11518142,K03762.01,Kepler-1519 b,CONFIRMED,240.7990472,0.0006333,-0.0006333,5022.9,35.5,-35.5,16.666,0.185,-0.185,10.31,1.73,-2.11,1.385,0.232,-0.283,5758.0,78.0,-86.0,4.168,0.182,-0.098,14.822,296.66791,49.461861,KEPLER_CONFIRMED,11518142,1
11519187,K04625.01,Kepler-1964 b,CONFIRMED,2.440839436,6.802e-06,-6.802e-06,509.5,44.6,-44.6,0.968,0.174,-0.174,21.29,2.26,-1.7,0.698,0.074,-0.056,4803.0,170.0,-170.0,4.623,0.032,-0.054,15.877,297.05902,49.4785,KEPLER_CONFIRMED,11519187,1
11521793,K00352.01,Kepler-143 c,CONFIRMED,27.08239734,8.69e-05,-8.69e-05,423.2,11.2,-11.2,5.0119,0.1,-0.1,3.25,0.52,-0.64,1.305,0.209,-0.256,5857.0,105.0,-117.0,4.204,0.176,-0.108,13.77,298.06769,49.412601,KEPLER_CONFIRMED,11521793,1
11547505,K01655.01,Kepler-922 b,CONFIRMED,0.938466959,9.39e-07,-9.39e-07,217.4,4.9,-4.9,1.3015,0.0284,-0.0284,1.58,0.24,-0.24,1.087,0.165,-0.165,5499.0,82.0,-74.0,4.323,0.15,-0.1,13.757,284.73145,49.533192,KEPLER_CONFIRMED,11547505,1
11547513,K00295.01,Kepler-134 b,CONFIRMED,5.317440164,6.376e-06,-6.376e-06,292.5,4.1,-4.1,2.9331,0.0378,-0.0378,1.94,0.3,-0.22,1.054,0.164,-0.12,5923.0,107.0,-131.0,4.377,0.099,-0.121,12.324,284.73904,49.5984,KEPLER_CONFIRMED,11547513,1
11551692,K01781.03,Kepler-411 d,CONFIRMED,58.0198583,0.0001432,-0.0001432,1286.6,34.8,-34.8,5.348,0.182,-0.182,3.46,0.29,-0.1,0.72,0.059,-0.022,4920.0,98.0,-98.0,4.62,0.01,-0.059,12.231,287.60559,49.523258,KEPLER_CONFIRMED,11551692,1
11554435,K00063.01,Kepler-63 b,CONFIRMED,9.43414171,2.136e-05,-2.136e-05,3977.0,116.0,-116.0,2.8112,0.0775,-0.0775,5.73,0.78,-0.33,0.886,0.12,-0.051,5578.0,100.0,-111.0,4.518,0.035,-0.105,11.582,289.22617,49.548199,KEPLER_CONFIRMED,11554435,1
11560897,K02365.02,Kepler-430 c,CONFIRMED,110.978266,0.003333,-0.003333,150.2,12.0,-12.0,11.312,0.65,-0.65,1.86,0.31,-0.38,1.529,0.256,-0.313,5883.0,79.0,-79.0,4.149,0.176,-0.095,13.848,292.80865,49.579441,KEPLER_CONFIRMED,11560897,1
11565924,K02837.01,Kepler-1364 b,CONFIRMED,13.32191461,8.415e-05,-8.415e-05,133.5,6.1,-6.1,6.213,0.136,-0.136,2.88,0.58,-0.81,2.274,0.462,-0.635,6995.0,194.0,-243.0,3.925,0.227,-0.122,13.228,295.15219,49.587601,KEPLER_CONFIRMED,11565924,1
11566064,K00353.02,Kepler-1717 b,CONFIRMED,30.6528935,0.0002234,-0.0002234,269.7,16.2,-16.2,4.99,0.161,-0.161,2.86,0.49,-0.6,1.64,0.281,-0.343,6200.0,124.0,-124.0,4.072,0.188,-0.101,13.374,295.21268,49.56218,KEPLER_CONFIRMED,11566064,1
11566256,K02361.01,Kepler-1831 b,CONFIRMED,5.78387049,1.538e-05,-1.538e-05,413.3,23.7,-23.7,1.3966,0.0681,-0.0681,2.07,0.62,-0.21,1.012,0.302,-0.101,6063.0,181.0,-217.0,4.476,0.048,-0.192,15.049,295.30255,49.589119,KEPLER_CONFIRMED,11566256,1
11568987,K00354.01,Kepler-534 b,CONFIRMED,15.95995611,2.466e-05,-2.466e-05,523.2,7.9,-7.9,4.3149,0.047,-0.047,2.27,0.32,-0.12,0.965,0.139,-0.05,5936.0,94.0,-130.0,4.501,0.019,-0.11,13.235,296.41855,49.5401,KEPLER_CONFIRMED,11568987,1
11569782,K02225.01,Kepler-1150 b,CONFIRMED,2.787874175,9.773e-06,-9.773e-06,197.4,10.7,-10.7,2.0348,0.098,-0.098,2.33,1.47,-1.33,1.727,1.086,-0.987,4827.0,144.0,-129.0,3.942,0.631,-0.34,14.435,296.72449,49.532711,KEPLER_CONFIRMED,11569782,1
11572193,K03109.01,Kepler-1428 b,CONFIRMED,10.6761592,0.0001071,-0.0001071,151.0,12.5,-12.5,4.594,0.23,-0.23,1.79,0.33,-0.14,1.434,0.259,-0.111,6460.0,116.0,-141.0,4.267,0.04,-0.128,13.688,297.64227,49.594978,KEPLER_CONFIRMED,11572193,1
11599038,K01437.01,Kepler-1751 b,CONFIRMED,7.01733571,5.169e-05,-5.169e-05,255.5,18.2,-18.2,3.567,0.18,-0.18,1.61,0.5,-0.2,0.967,0.304,-0.121,6052.0,163.0,-199.0,4.456,0.07,-0.21,15.28,284.84662,49.692402,KEPLER_CONFIRMED,11599038,1
11600889,K01442.01,Kepler-407 b,CONFIRMED,0.669310092,5.87e-07,-5.87e-07,131.8,2.1,-2.1,1.6274,0.0254,-0.0254,1.13,0.16,-0.09,1.003,0.137,-0.08,5475.0,109.0,-109.0,4.426,0.076,-0.104,12.521,286.03635,49.61451,KEPLER_CONFIRMED,11600889,1
11601584,K01831.02,Kepler-324 b,CONFIRMED,4.38536428,1.366e-05,-1.366e-05,198.5,8.5,-8.5,2.5126,0.0777,-0.0777,1.15,0.09,-0.07,0.826,0.061,-0.05,5191.0,103.0,-103.0,4.53,0.044,-0.055,14.122,286.47147,49.649021,KEPLER_CONFIRMED,11601584,1
11611275,K04234.01,Kepler-1574 b,CONFIRMED,6.94245216,5.042e-05,-5.042e-05,160.8,12.8,-12.8,3.491,0.147,-0.147,1.34,0.42,-0.14,1.03,0.324,-0.108,6108.0,193.0,-236.0,4.466,0.054,-0.216,15.158,292.15866,49.63776,KEPLER_CONFIRMED,11611275,1
11611600,K01424.01,Kepler-842 b,CONFIRMED,1.219568047,1.074e-06,-1.074e-06,494.9,9.1,-9.1,1.5681,0.026,-0.026,1.51,0.17,-0.1,0.701,0.076,-0.047,4838.0,130.0,-145.0,4.625,0.027,-0.059,15.127,292.32858,49.653542,KEPLER_CONFIRMED,11611600,1
11612280,K04304.01,Kepler-1587 b,CONFIRMED,9.4061364,0.0001239,-0.0001239,79.5,6.8,-6.8,4.882,0.312,-0.312,1.14,0.19,-0.2,1.268,0.207,-0.228,5855.0,105.0,-117.0,4.24,0.162,-0.108,14.09,292.67773,49.66391,KEPLER_CONFIRMED,11612280,1
11614617,K01990.01,Kepler-1041 b,CONFIRMED,24.7577652,0.0001215,-0.0001215,458.7,13.8,-13.8,6.998,0.13,-0.13,2.44,0.71,-0.24,0.966,0.285,-0.095,6106.0,163.0,-199.0,4.487,0.048,-0.192,14.49,293.88177,49.683151,KEPLER_CONFIRMED,11614617,1
11618601,K03022.02,Kepler-1894 c,CONFIRMED,5.05368985,5.076e-05,-5.076e-05,171.5,17.6,-17.6,2.514,0.219,-0.219,1.21,0.37,-0.11,0.901,0.275,-0.086,5772.0,156.0,-173.0,4.528,0.038,-0.212,15.4,295.58649,49.666851,KEPLER_CONFIRMED,11618601,1
11621223,K00355.01,Kepler-535 b,CONFIRMED,4.903321801,4.921e-06,-4.921e-06,334.5,4.6,-4.6,2.8887,0.028,-0.028,2.37,0.39,-0.36,1.298,0.216,-0.194,6045.0,121.0,-133.0,4.276,0.115,-0.126,13.174,296.56662,49.696251,KEPLER_CONFIRMED,11621223,1
11622600,K01876.01,Kepler-991 b,CONFIRMED,82.5341188,0.0002822,-0.0002822,1895.4,53.1,-53.1,4.8556,0.0891,-0.0891,2.45,0.11,-0.13,0.58,0.026,-0.029,4316.0,86.0,-86.0,4.678,0.028,-0.023,15.187,297.09067,49.626572,KEPLER_CONFIRMED,11622600,1
11623629,K00365.01,Kepler-538 b,CONFIRMED,81.737872,0.0001024,-0.0001024,628.8,5.1,-5.1,6.6923,0.0402,-0.0402,2.16,0.25,-0.15,0.873,0.1,-0.059,5559.0,110.0,-110.0,4.502,0.052,-0.09,11.195,297.48691,49.623451,KEPLER_CONFIRMED,11623629,1
11624249,K00356.01,Kepler-536 b,CONFIRMED,1.82708193,4.7e-07,-4.7e-07,1164.7,5.0,-5.0,1.96401,0.00799,-0.00799,5.95,3.57,-3.56,1.769,1.06,-1.06,5311.0,159.0,-159.0,3.864,0.749,-0.321,13.807,297.73639,49.63715,KEPLER_CONFIRMED,11624249,1
11650401,K04566.01,Kepler-1614 b,CONFIRMED,3.94660745,3.164e-05,-3.164e-05,309.4,28.1,-28.1,2.705,0.193,-0.193,1.4,0.26,-0.1,0.806,0.147,-0.063,5376.0,160.0,-160.0,4.576,0.03,-0.12,15.923,284.87134,49.775909,KEPLER_CONFIRMED,11650401,1
11651712,K03363.01,Kepler-1479 b,CONFIRMED,14.53260546,4.381e-05,-4.381e-05,328.9,13.3,-13.3,2.4212,0.071,-0.071,1.69,0.51,-0.17,0.932,0.279,-0.093,6003.0,161.0,-179.0,4.507,0.052,-0.208,13.785,285.71191,49.706661,KEPLER_CONFIRMED,11651712,1
11656246,K01532.01,Kepler-885 b,CONFIRMED,18.11473813,5.25e-05,-5.25e-05,241.5,5.3,-5.3,5.2706,0.0702,-0.0702,2.49,0.45,-0.36,1.36,0.244,-0.199,6109.0,110.0,-134.0,4.247,0.12,-0.12,12.841,288.66156,49.737209,KEPLER_CONFIRMED,11656246,1
11656721,K00541.01,Kepler-594 b,CONFIRMED,13.64617478,3.407e-05,-3.407e-05,633.0,16.6,-16.6,3.4098,0.0651,-0.0651,2.06,0.47,-0.16,0.829,0.187,-0.067,5569.0,149.0,-166.0,4.566,0.038,-0.152,14.748,288.92157,49.762032,KEPLER_CONFIRMED,11656721,1
11656918,K01945.01,Kepler-1023 b,CONFIRMED,62.1385979,0.0002087,-0.0002087,886.3,26.1,-26.1,4.2938,0.0907,-0.0907,5.14,0.83,-2.47,1.621,0.26,-0.779,5123.0,81.0,-81.0,3.992,0.535,-0.094,14.52,289.02975,49.769711,KEPLER_CONFIRMED,11656918,1
11657614,K03370.02,Kepler-1481 b,CONFIRMED,5.94228603,7.914e-05,-7.914e-05,250.0,40.6,-40.6,2.169,0.34,-0.34,1.23,0.04,-0.08,0.805,0.028,-0.056,4891.0,78.0,-78.0,4.516,0.068,-0.02,14.779,289.43896,49.73122,KEPLER_CONFIRMED,11657614,1
11657891,K01965.01,Kepler-1028 b,CONFIRMED,2.514628496,4.428e-06,-4.428e-06,228.4,8.2,-8.2,1.6239,0.0517,-0.0517,1.27,0.31,-0.11,0.84,0.207,-0.069,5662.0,152.0,-152.0,4.56,0.031,-0.168,14.325,289.59308,49.781158,KEPLER_CONFIRMED,11657891,1
11662184,K02791.01,Kepler-1348 b,CONFIRMED,27.5722144,0.0002237,-0.0002237,296.3,17.1,-17.1,5.256,0.205,-0.205,1.94,0.31,-0.17,1.09,0.174,-0.093,5912.0,70.0,-82.0,4.397,0.063,-0.117,14.718,292.08746,49.788761,KEPLER_CONFIRMED,11662184,1
11666881,K00167.01,Kepler-480 b,CONFIRMED,4.919584997,4.556e-06,-4.556e-06,425.7,3.8,-3.8,4.1988,0.0253,-0.0253,2.86,0.5,-0.36,1.378,0.241,-0.175,6236.0,111.0,-124.0,4.246,0.11,-0.121,13.273,294.4639,49.765041,KEPLER_CONFIRMED,11666881,1
11669125,K01535.01,Kepler-888 b,CONFIRMED,70.6981724,0.0003535,-0.0003535,357.7,11.0,-11.0,6.632,0.104,-0.104,1.63,0.22,-0.1,0.866,0.118,-0.05,5811.0,104.0,-116.0,4.536,0.03,-0.113,13.046,295.52121,49.738628,KEPLER_CONFIRMED,11669125,1
11669239,K00542.02,Kepler-180 b,CONFIRMED,13.81733587,9.263e-05,-9.263e-05,223.2,12.2,-12.2,4.261,0.119,-0.119,2.04,0.55,-0.37,1.028,0.279,-0.186,5735.0,155.0,-155.0,4.356,0.175,-0.193,14.35,295.57135,49.774578,KEPLER_CONFIRMED,11669239,1
11670125,K02355.01,Kepler-1206 b,CONFIRMED,1.217000383,2.865e-06,-2.865e-06,459.8,21.6,-21.6,1.3285,0.0701,-0.0701,1.58,0.11,-0.15,0.757,0.053,-0.072,4859.0,145.0,-145.0,4.545,0.072,-0.039,15.975,295.93842,49.791142,KEPLER_CONFIRMED,11670125,1
11671579,K04510.01,Kepler-1611 b,CONFIRMED,5.17624997,6.406e-05,-6.406e-05,78.7,6.8,-6.8,5.261,0.27,-0.27,1.31,0.21,-0.29,1.497,0.237,-0.326,5578.0,83.0,-66.0,4.088,0.195,-0.09,14.435,296.51205,49.72776,KEPLER_CONFIRMED,11671579,1
11673802,K01894.01,Kepler-1004 b,CONFIRMED,5.28790754,1.129e-05,-1.129e-05,343.9,4.3,-4.3,8.5274,0.0591,-0.0591,7.1,0.35,-0.96,3.818,0.185,-0.517,4994.0,52.0,-89.0,3.433,0.02,-0.024,13.427,297.35928,49.79755,KEPLER_CONFIRMED,11673802,1
11701407,K02376.01,Kepler-1214 b,CONFIRMED,18.8262877,0.0001114,-0.0001114,795.8,47.0,-47.0,2.344,0.115,-0.115,2.34,0.33,-0.3,0.845,0.12,-0.109,5215.0,184.0,-184.0,4.481,0.105,-0.115,15.279,285.14264,49.800671,KEPLER_CONFIRMED,11701407,1
11705004,K02199.01,Kepler-1806 b,CONFIRMED,9.03326435,8.042e-05,-8.042e-05,610.7,40.3,-40.3,2.857,0.187,-0.187,1.96,0.33,-0.16,0.788,0.132,-0.066,5311.0,175.0,-159.0,4.588,0.03,-0.112,15.901,287.53503,49.801659,KEPLER_CONFIRMED,11705004,1
11709124,K00435.01,Kepler-154 d,CONFIRMED,20.5498184,2.349e-05,-2.349e-05,1564.3,13.6,-13.6,5.5484,0.0746,-0.0746,4.04,0.54,-0.4,0.971,0.13,-0.095,5688.0,113.0,-101.0,4.415,0.1,-0.1,14.534,289.78052,49.89653,KEPLER_CONFIRMED,11709124,1
11709244,K01832.01,Kepler-325 b,CONFIRMED,4.544436472,6.76e-06,-6.76e-06,879.3,24.1,-24.1,1.8141,0.0444,-0.0444,3.0,0.34,-0.25,0.937,0.105,-0.078,5445.0,81.0,-81.0,4.458,0.072,-0.096,15.009,289.83542,49.82563,KEPLER_CONFIRMED,11709244,1
11714231,K03115.01,Kepler-1431 b,CONFIRMED,5.8660127,4.636e-05,-4.636e-05,183.0,12.8,-12.8,3.985,0.173,-0.173,1.45,0.45,-0.2,1.04,0.326,-0.14,6020.0,190.0,-232.0,4.427,0.07,-0.21,15.273,292.65839,49.865189,KEPLER_CONFIRMED,11714231,1
11718144,K02310.01,Kepler-1821 b,CONFIRMED,16.4581861,5.977e-05,-5.977e-05,435.8,23.4,-23.4,1.9637,0.0872,-0.0872,1.82,0.23,-0.09,0.884,0.112,-0.042,5475.0,73.0,-82.0,4.521,0.028,-0.105,14.64,294.52545,49.872471,KEPLER_CONFIRMED,11718144,1
11718389,K04444.01,Kepler-1956 b,CONFIRMED,5.94373492,2.99e-05,-2.99e-05,301.0,25.4,-25.4,1.847,0.124,-0.124,1.14,0.06,-0.1,0.682,0.032,-0.06,4391.0,118.0,-131.0,4.598,0.053,-0.018,15.583,294.62097,49.89415,KEPLER_CONFIRMED,11718389,1
11720424,K03116.01,Kepler-1432 b,CONFIRMED,23.9107056,0.0004387,-0.0004387,294.0,26.9,-26.9,4.996,0.345,-0.345,1.91,0.61,-0.21,1.091,0.353,-0.118,6338.0,172.0,-210.0,4.418,0.067,-0.202,15.376,295.52417,49.829552,KEPLER_CONFIRMED,11720424,1
11752632,K02492.01,Kepler-1258 b,CONFIRMED,0.984941669,3.073e-06,-3.073e-06,81.4,4.1,-4.1,1.9724,0.0763,-0.0763,1.49,0.23,-0.34,1.662,0.252,-0.378,5825.0,79.0,-79.0,4.046,0.196,-0.084,13.835,285.40494,49.99474,KEPLER_CONFIRMED,11752632,1
11752906,K00253.02,Kepler-2000 c,CONFIRMED,20.6180348,0.0001382,-0.0001382,769.5,52.1,-52.1,3.267,0.185,-0.185,1.57,0.06,-0.1,0.576,0.022,-0.036,3757.0,74.0,-82.0,4.681,0.039,-0.015,15.254,285.57434,49.962269,KEPLER_CONFIRMED,11752906,1
11754430,K03403.01,Kepler-1488 b,CONFIRMED,39.818832,0.00031,-0.00031,199.1,7.1,-7.1,10.757,0.191,-0.191,2.23,0.36,-0.49,1.524,0.244,-0.336,5710.0,114.0,-91.0,4.073,0.201,-0.093,13.102,286.64642,49.937778,KEPLER_CONFIRMED,11754430,1
11754553,K00775.03,Kepler-52 d,CONFIRMED,36.4454001,0.0001809,-0.0001809,1122.3,53.4,-53.4,4.007,0.126,-0.126,1.99,0.09,-0.09,0.615,0.027,-0.029,4126.0,82.0,-82.0,4.661,0.022,-0.022,15.095,286.73804,49.97575,KEPLER_CONFIRMED,11754553,1
11757451,K04745.01,Kepler-443 b,CONFIRMED,177.668663,0.003315,-0.003315,901.4,81.0,-81.0,9.298,0.463,-0.463,2.32,0.13,-0.09,0.701,0.039,-0.029,4721.0,75.0,-85.0,4.615,0.021,-0.036,15.891,288.61053,49.968632,KEPLER_CONFIRMED,11757451,1
11758544,K01883.01,Kepler-997 b,CONFIRMED,2.7073064,8.96e-06,-8.96e-06,69.5,2.5,-2.5,3.4378,0.0761,-0.0761,1.36,0.23,-0.32,1.629,0.281,-0.375,6045.0,121.0,-134.0,4.069,0.188,-0.101,11.894,289.23337,49.938931,KEPLER_CONFIRMED,11758544,1
11760231,K01841.01,Kepler-973 b,CONFIRMED,49.6075771,0.0001,-0.0001,626.7,16.2,-16.2,2.9575,0.0599,-0.0599,2.12,0.18,-0.09,0.774,0.065,-0.033,5187.0,103.0,-103.0,4.592,0.014,-0.072,13.218,290.16525,49.923859,KEPLER_CONFIRMED,11760231,1
11760860,K03892.01,Kepler-1525 b,CONFIRMED,2.41660149,5.23e-06,-5.23e-06,83.6,2.9,-2.9,1.9699,0.0554,-0.0554,0.92,0.15,-0.06,1.026,0.159,-0.068,5705.0,103.0,-125.0,4.444,0.04,-0.128,12.737,290.55951,49.943008,KEPLER_CONFIRMED,11760860,1
11764462,K01531.01,Kepler-884 b,CONFIRMED,5.69919592,1.367e-05,-1.367e-05,159.4,5.3,-5.3,2.3906,0.0603,-0.0603,1.16,0.16,-0.07,0.932,0.127,-0.054,5646.0,101.0,-113.0,4.493,0.04,-0.112,13.069,292.58444,49.923161,KEPLER_CONFIRMED,11764462,1
11768142,K02626.01,Kepler-1652 b,CONFIRMED,38.0970717,0.0003079,-0.0003079,913.3,59.1,-59.1,4.307,0.21,-0.21,1.58,0.2,-0.21,0.398,0.049,-0.054,3554.0,71.0,-80.0,4.867,0.055,-0.055,15.931,294.36609,49.915058,KEPLER_CONFIRMED,11768142,1
11769890,K01980.01,Kepler-1036 b,CONFIRMED,122.8799543,0.0006807,-0.0006807,717.7,19.7,-19.7,7.835,0.156,-0.156,2.7,0.28,-0.16,0.861,0.088,-0.051,5413.0,107.0,-107.0,4.51,0.052,-0.078,13.8,295.18164,49.945782,KEPLER_CONFIRMED,11769890,1
11771430,K02582.01,Kepler-1861 b,CONFIRMED,40.0306267,0.0003401,-0.0003401,214.5,12.8,-12.8,4.815,0.188,-0.188,2.01,0.35,-0.38,1.373,0.235,-0.259,5855.0,104.0,-116.0,4.227,0.143,-0.117,13.628,295.84653,49.936131,KEPLER_CONFIRMED,11771430,1
11773022,K00620.01,Kepler-51 b,CONFIRMED,45.15535633,2.431e-05,-2.431e-05,6208.7,24.7,-24.7,5.7845,0.0216,-0.0216,7.65,2.36,-0.79,0.972,0.3,-0.1,6046.0,162.0,-198.0,4.486,0.052,-0.221,14.669,296.47977,49.937679,KEPLER_CONFIRMED,11773022,1
11774991,K02173.02,Kepler-367 c,CONFIRMED,53.5783052,0.0004684,-0.0004684,224.9,15.8,-15.8,5.194,0.2,-0.2,1.16,0.09,-0.04,0.705,0.049,-0.025,4856.0,86.0,-106.0,4.624,0.012,-0.048,12.879,297.29242,49.981628,KEPLER_CONFIRMED,11774991,1
11802615,K00296.01,Kepler-513 b,CONFIRMED,28.86236571,6.235e-05,-6.235e-05,449.2,8.0,-8.0,5.4033,0.0637,-0.0637,2.53,0.37,-0.37,1.088,0.16,-0.16,5725.0,114.0,-103.0,4.326,0.137,-0.112,12.935,285.04169,50.075378,KEPLER_CONFIRMED,11802615,1
11804465,K00020.01,Kepler-12 b,CONFIRMED,4.437962934,1.71e-07,-1.71e-07,16387.6,5.3,-5.3,4.69813,0.00079,-0.00079,18.05,2.92,-3.57,1.415,0.229,-0.28,5953.0,105.0,-129.0,4.175,0.168,-0.112,13.438,286.24344,50.040379,KEPLER_CONFIRMED,11804465,1
11807274,K00262.02,Kepler-50 c,CONFIRMED,9.37663713,3.192e-05,-3.192e-05,118.4,6.2,-6.2,2.1033,0.0777,-0.0777,1.89,0.1,-0.1,1.543,0.084,-0.075,6237.0,62.0,-74.0,4.136,0.033,-0.03,10.421,288.10086,50.033718,KEPLER_CONFIRMED,11807274,1
11810124,K03344.01,Kepler-1471 c,CONFIRMED,11.6044881,0.000113,-0.000113,267.6,20.3,-20.3,3.409,0.209,-0.209,1.88,0.28,-0.34,1.166,0.174,-0.212,5533.0,83.0,-74.0,4.275,0.168,-0.112,15.254,289.66489,50.020039,KEPLER_CONFIRMED,11810124,1
11811193,K02260.01,Kepler-1163 b,CONFIRMED,6.11784972,2.782e-05,-2.782e-05,60.5,2.8,-2.8,3.458,0.112,-0.112,1.05,0.19,-0.15,1.333,0.238,-0.195,6226.0,112.0,-137.0,4.247,0.12,-0.12,12.168,290.23584,50.03009,KEPLER_CONFIRMED,11811193,1
11812062,K00776.01,Kepler-673 b,CONFIRMED,3.728732147,9.36e-07,-9.36e-07,5226.5,18.5,-18.5,2.683,0.035,-0.035,6.02,1.22,-0.52,0.809,0.164,-0.07,5497.0,166.0,-149.0,4.577,0.034,-0.136,15.523,290.78574,50.054119,KEPLER_CONFIRMED,11812062,1
11818607,K02467.01,Kepler-1839 b,CONFIRMED,5.05661302,3.069e-05,-3.069e-05,137.9,9.1,-9.1,3.926,0.144,-0.144,1.15,0.35,-0.11,0.939,0.282,-0.094,5926.0,176.0,-211.0,4.506,0.052,-0.208,14.63,294.22446,50.075588,KEPLER_CONFIRMED,11818607,1
11818872,K02581.01,Kepler-1860 b,CONFIRMED,12.7372371,0.0001298,-0.0001298,100.8,9.4,-9.4,3.358,0.225,-0.225,0.87,0.09,-0.05,0.868,0.09,-0.052,5420.0,108.0,-97.0,4.502,0.058,-0.078,13.463,294.35092,50.081089,KEPLER_CONFIRMED,11818872,1
11821363,K01494.01,Kepler-1754 b,CONFIRMED,8.19596647,3.998e-05,-3.998e-05,792.8,45.9,-45.9,2.824,0.13,-0.13,2.04,0.13,-0.19,0.747,0.046,-0.069,4723.0,167.0,-167.0,4.557,0.063,-0.032,15.858,295.45715,50.077171,KEPLER_CONFIRMED,11821363,1
11823054,K00543.01,Kepler-181 c,CONFIRMED,4.302139338,4.644e-06,-4.644e-06,747.2,12.9,-12.9,2.0289,0.0326,-0.0326,2.46,0.12,-0.19,0.857,0.041,-0.066,5041.0,83.0,-75.0,4.479,0.077,-0.033,14.707,296.1514,50.09581,KEPLER_CONFIRMED,11823054,1
11824786,K02371.01,Kepler-1212 b,CONFIRMED,12.94123564,7.239e-05,-7.239e-05,328.8,17.6,-17.6,4.636,0.133,-0.133,1.7,0.53,-0.17,0.938,0.288,-0.096,6119.0,182.0,-200.0,4.497,0.052,-0.208,15.012,296.85342,50.03735,KEPLER_CONFIRMED,11824786,1
11852982,K00247.01,Kepler-1712 b,CONFIRMED,13.81504449,2.515e-05,-2.515e-05,1032.6,26.1,-26.1,2.3244,0.0921,-0.0921,1.91,0.13,-0.19,0.509,0.034,-0.05,3732.0,75.0,-83.0,4.736,0.052,-0.024,14.216,284.9986,50.14679,KEPLER_CONFIRMED,11852982,1
11853255,K00778.01,Kepler-674 b,CONFIRMED,2.243380573,2.67e-06,-2.67e-06,821.7,25.6,-25.6,1.1196,0.0384,-0.0384,1.99,0.1,-0.12,0.564,0.03,-0.033,4149.0,82.0,-91.0,4.698,0.024,-0.027,15.135,285.17621,50.149818,KEPLER_CONFIRMED,11853255,1
11853878,K01833.02,Kepler-968 d,CONFIRMED,7.68433346,1.413e-05,-1.413e-05,1175.0,49.6,-49.6,1.4346,0.0709,-0.0709,2.58,0.23,-0.22,0.572,0.049,-0.049,4402.0,118.0,-144.0,4.682,0.045,-0.036,14.265,285.60254,50.112041,KEPLER_CONFIRMED,11853878,1
11853905,K00007.01,Kepler-4 b,CONFIRMED,3.213668926,1.09e-06,-1.09e-06,727.8,2.5,-2.5,3.98235,0.00911,-0.00911,4.13,0.26,-0.23,1.545,0.097,-0.087,5795.0,69.0,-77.0,4.101,0.033,-0.027,12.211,285.61533,50.13575,KEPLER_CONFIRMED,11853905,1
11860395,K03445.01,Kepler-1504 b,CONFIRMED,82.303914,0.00144,-0.00144,737.0,37.2,-37.2,15.404,0.466,-0.466,4.47,0.65,-0.98,1.425,0.208,-0.312,5602.0,84.0,-75.0,4.13,0.195,-0.09,15.654,289.71201,50.128208,KEPLER_CONFIRMED,11860395,1
11874577,K02779.01,Kepler-1875 b,CONFIRMED,34.4585495,0.0002173,-0.0002173,431.0,20.4,-20.4,7.434,0.148,-0.148,1.88,0.53,-0.17,0.862,0.243,-0.076,6161.0,166.0,-203.0,4.545,0.046,-0.196,14.936,296.77283,50.188419,KEPLER_CONFIRMED,11874577,1
11875734,K01828.01,Kepler-966 b,CONFIRMED,99.7468804,0.0003938,-0.0003938,1287.0,31.3,-31.3,6.804,0.16,-0.16,3.94,1.4,-0.75,0.974,0.346,-0.186,5620.0,169.0,-152.0,4.363,0.194,-0.237,14.422,297.27057,50.121811,KEPLER_CONFIRMED,11875734,1
11904151,K00072.01,Kepler-10 b,CONFIRMED,0.837491225,3.03e-07,-3.03e-07,190.4,1.2,-1.2,1.796,0.0104,-0.0104,1.43,0.08,-0.06,1.044,0.057,-0.042,5676.0,85.0,-68.0,4.347,0.03,-0.03,10.961,285.67938,50.241299,KEPLER_CONFIRMED,11904151,1
11905011,K00297.01,Kepler-514 b,CONFIRMED,5.65178922,1.357e-05,-1.357e-05,134.1,3.9,-3.9,3.0933,0.045,-0.045,2.03,0.36,-0.3,1.463,0.26,-0.213,6085.0,108.0,-145.0,4.218,0.12,-0.12,12.182,286.24719,50.242409,KEPLER_CONFIRMED,11905011,1
11918099,K00780.01,Kepler-675 b,CONFIRMED,2.337437946,1.951e-06,-1.951e-06,971.2,13.7,-13.7,1.9982,0.0271,-0.0271,2.34,0.17,-0.09,0.765,0.055,-0.028,5005.0,79.0,-79.0,4.595,0.012,-0.064,15.334,293.83331,50.23035,KEPLER_CONFIRMED,11918099,1
11923270,K00781.01,Kepler-676 b,CONFIRMED,11.59822233,1.407e-05,-1.407e-05,2804.5,46.3,-46.3,2.5237,0.052,-0.052,2.65,0.21,-0.29,0.473,0.037,-0.051,3688.0,73.0,-91.0,4.79,0.05,-0.045,15.937,296.22195,50.28722,KEPLER_CONFIRMED,11923270,1
11923284,K02026.01,Kepler-1061 b,CONFIRMED,2.757977384,9.28e-06,-9.28e-06,211.0,11.1,-11.1,2.1489,0.0853,-0.0853,1.69,0.25,-0.13,1.0,0.146,-0.079,5919.0,106.0,-130.0,4.435,0.063,-0.117,13.263,296.23001,50.27523,KEPLER_CONFIRMED,11923284,1
11954842,K01530.01,Kepler-883 b,CONFIRMED,12.98494603,3.249e-05,-3.249e-05,257.2,7.6,-7.6,3.4497,0.0649,-0.0649,1.64,0.24,-0.19,1.025,0.149,-0.122,5948.0,107.0,-119.0,4.384,0.11,-0.11,13.029,286.43365,50.300331,KEPLER_CONFIRMED,11954842,1
11960862,K00782.01,Kepler-677 b,CONFIRMED,6.575315881,3.726e-06,-3.726e-06,2793.3,14.9,-14.9,4.3084,0.0306,-0.0306,5.31,1.5,-0.81,0.989,0.28,-0.151,5992.0,162.0,-180.0,4.415,0.105,-0.195,15.312,290.09805,50.321609,KEPLER_CONFIRMED,11960862,1
11962284,K02647.01,Kepler-1302 b,CONFIRMED,8.83929462,4.929e-05,-4.929e-05,316.2,25.8,-25.8,1.719,0.117,-0.117,1.94,0.35,-0.21,0.87,0.157,-0.092,5330.0,159.0,-159.0,4.491,0.074,-0.126,15.102,290.98923,50.30806,KEPLER_CONFIRMED,11962284,1
11963206,K02820.01,Kepler-1357 b,CONFIRMED,3.00912491,1.464e-05,-1.464e-05,191.4,13.2,-13.2,2.228,0.126,-0.126,1.22,0.16,-0.04,0.893,0.114,-0.03,5713.0,68.0,-94.0,4.541,0.016,-0.099,15.273,291.5481,50.35331,KEPLER_CONFIRMED,11963206,1
11968463,K02433.02,Kepler-385 b,CONFIRMED,10.04378351,6.551e-05,-6.551e-05,437.9,16.6,-16.6,5.548,0.223,-0.223,2.94,1.03,-0.34,1.112,0.388,-0.129,6325.0,174.0,-261.0,4.409,0.058,-0.218,15.212,294.33847,50.33654,KEPLER_CONFIRMED,11968463,1
11974540,K00129.01,Kepler-470 b,CONFIRMED,24.669192732,7.569e-06,-7.569e-06,7382.3,13.7,-13.7,7.03515,0.00754,-0.00754,77.76,21.27,-31.9,9.327,2.551,-3.826,5313.0,328.0,-712.0,2.936,0.18,-0.18,13.224,297.00943,50.372318,KEPLER_CONFIRMED,11974540,1
12008872,K02729.01,Kepler-1327 b,CONFIRMED,14.8877665,7.764e-05,-7.764e-05,252.5,10.2,-10.2,4.981,0.131,-0.131,1.96,0.6,-0.33,1.116,0.344,-0.185,6143.0,164.0,-200.0,4.344,0.132,-0.198,13.914,289.06485,50.460972,KEPLER_CONFIRMED,12008872,1
12017109,K02106.01,Kepler-1679 b,CONFIRMED,9.75374033,4.46e-05,-4.46e-05,430.8,26.9,-26.9,2.348,0.111,-0.111,1.87,0.48,-0.17,0.899,0.229,-0.082,5806.0,157.0,-175.0,4.528,0.044,-0.187,15.158,293.90057,50.427052,KEPLER_CONFIRMED,12017109,1
12019440,K00186.01,Kepler-485 b,CONFIRMED,3.24325988,2.09e-07,-2.09e-07,16450.9,11.8,-11.8,3.03318,0.00154,-0.00154,12.91,2.11,-0.91,1.013,0.166,-0.071,5823.0,69.0,-87.0,4.438,0.051,-0.127,14.952,294.99631,50.470058,KEPLER_CONFIRMED,12019440,1
12020218,K01507.01,Kepler-870 b,CONFIRMED,21.3588236,0.0001094,-0.0001094,640.1,21.9,-21.9,5.823,0.114,-0.114,2.52,0.8,-0.27,0.992,0.316,-0.105,6170.0,170.0,-233.0,4.472,0.054,-0.216,15.259,295.40253,50.47863,KEPLER_CONFIRMED,12020218,1
12020329,K00783.01,Kepler-678 b,CONFIRMED,7.275040844,4.677e-06,-4.677e-06,3001.0,11.5,-11.5,7.5377,0.0681,-0.0681,4.86,1.05,-0.37,0.867,0.187,-0.067,5485.0,164.0,-180.0,4.556,0.028,-0.161,15.08,295.45529,50.49456,KEPLER_CONFIRMED,12020329,1
12021625,K02996.01,Kepler-1404 b,CONFIRMED,15.9314412,0.0001331,-0.0001331,556.7,47.3,-47.3,2.435,0.251,-0.251,1.77,0.3,-0.14,0.721,0.123,-0.057,5380.0,160.0,-160.0,4.616,0.035,-0.105,15.688,296.00943,50.498379,KEPLER_CONFIRMED,12021625,1
12024120,K00265.01,Kepler-507 b,CONFIRMED,3.568099612,7.167e-06,-7.167e-06,98.4,2.2,-2.2,3.2131,0.0489,-0.0489,1.36,0.23,-0.23,1.334,0.228,-0.228,6007.0,121.0,-121.0,4.232,0.143,-0.117,11.994,297.01883,50.408981,KEPLER_CONFIRMED,12024120,1
12055539,K03261.01,Kepler-1448 b,CONFIRMED,12.27057043,6.863e-05,-6.863e-05,295.5,18.2,-18.2,3.002,0.13,-0.13,1.67,0.54,-0.15,0.969,0.315,-0.084,6075.0,180.0,-198.0,4.486,0.054,-0.216,14.411,287.8674,50.595581,KEPLER_CONFIRMED,12055539,1
12056139,K03262.01,Kepler-1449 b,CONFIRMED,13.2274753,0.0001326,-0.0001326,229.8,16.1,-16.1,6.356,0.265,-0.265,1.94,0.63,-0.21,1.155,0.376,-0.125,6269.0,170.0,-227.0,4.405,0.054,-0.216,15.05,288.23175,50.567879,KEPLER_CONFIRMED,12056139,1
12058147,K02072.01,Kepler-1082 b,CONFIRMED,1.54320541,3.838e-06,-3.838e-06,91.2,3.0,-3.0,2.5779,0.0539,-0.0539,1.23,0.19,-0.25,1.282,0.207,-0.253,5866.0,105.0,-117.0,4.2,0.182,-0.112,13.38,289.35867,50.59848,KEPLER_CONFIRMED,12058147,1
12058204,K02218.01,Kepler-373 b,CONFIRMED,5.53533152,1.86e-05,-1.86e-05,260.6,10.4,-10.4,2.793,0.0792,-0.0792,1.75,0.26,-0.23,1.1,0.164,-0.147,5588.0,75.0,-75.0,4.331,0.132,-0.108,14.514,289.388,50.59705,KEPLER_CONFIRMED,12058204,1
12058931,K00546.01,Kepler-182 c,CONFIRMED,20.68420772,5.168e-05,-5.168e-05,858.5,15.3,-15.3,6.4415,0.0731,-0.0731,3.28,1.1,-0.37,1.092,0.365,-0.122,6246.0,167.0,-223.0,4.433,0.056,-0.224,14.896,289.83011,50.586239,KEPLER_CONFIRMED,12058931,1
12061222,K00484.01,Kepler-572 b,CONFIRMED,17.20522898,2.46e-05,-2.46e-05,1080.6,16.6,-16.6,3.6688,0.0405,-0.0405,2.22,0.33,-0.16,0.689,0.1,-0.05,5211.0,141.0,-141.0,4.643,0.03,-0.09,14.472,291.2211,50.581299,KEPLER_CONFIRMED,12061222,1
12061969,K02061.01,Kepler-2001 c,CONFIRMED,14.092583189,,,530.4,,,4.1536,,,1.82,0.23,-0.13,0.77,0.095,-0.055,5081.0,166.0,-136.0,4.596,0.028,-0.083,15.753,291.65952,50.583881,KEPLER_CONFIRMED,12061969,1
12066335,K00784.02,Kepler-231 b,CONFIRMED,10.06524317,1.49e-05,-1.49e-05,1053.3,39.2,-39.2,1.369,0.0393,-0.0393,1.91,0.1,-0.12,0.56,0.03,-0.034,4077.0,81.0,-81.0,4.702,0.027,-0.027,15.385,293.97336,50.53191,KEPLER_CONFIRMED,12066335,1
12066569,K03282.01,Kepler-1455 b,CONFIRMED,49.2768448,0.0003357,-0.0003357,1132.9,73.0,-73.0,3.787,0.171,-0.171,1.75,0.09,-0.13,0.529,0.028,-0.038,3899.0,78.0,-78.0,4.713,0.039,-0.021,15.855,294.08307,50.502769,KEPLER_CONFIRMED,12066569,1
12068975,K00623.03,Kepler-197 b,CONFIRMED,5.59931543,1.424e-05,-1.424e-05,84.8,2.2,-2.2,3.8944,0.0523,-0.0523,1.22,0.04,-0.04,1.109,0.036,-0.04,6003.0,96.0,-108.0,4.303,0.018,-0.014,11.811,295.22644,50.558979,KEPLER_CONFIRMED,12068975,1
12070811,K00785.01,Kepler-679 b,CONFIRMED,12.3935651,3.932e-05,-3.932e-05,916.6,29.1,-29.1,3.8896,0.0834,-0.0834,2.66,0.54,-0.23,0.75,0.152,-0.065,5557.0,166.0,-166.0,4.603,0.034,-0.128,15.505,296.02133,50.56778,KEPLER_CONFIRMED,12070811,1
12110942,K00786.01,Kepler-680 b,CONFIRMED,3.689920099,8.982e-06,-8.982e-06,426.7,13.8,-13.8,2.6557,0.0677,-0.0677,1.89,0.54,-0.2,0.917,0.262,-0.098,5880.0,157.0,-192.0,4.518,0.046,-0.196,15.242,291.62241,50.61824,KEPLER_CONFIRMED,12110942,1
12116380,K02155.01,Kepler-1123 b,CONFIRMED,4.3394569,1.07e-05,-1.07e-05,337.4,12.3,-12.3,2.3652,0.0607,-0.0607,2.11,0.29,-0.29,1.013,0.139,-0.139,5330.0,79.0,-79.0,4.366,0.132,-0.108,14.822,294.51767,50.670399,KEPLER_CONFIRMED,12116380,1
12116489,K00547.01,Kepler-595 b,CONFIRMED,25.30291816,2.886e-05,-2.886e-05,2105.7,19.5,-19.5,4.4903,0.0412,-0.0412,3.95,0.22,-0.37,0.888,0.049,-0.084,5121.0,84.0,-76.0,4.457,0.091,-0.039,14.773,294.5704,50.673019,KEPLER_CONFIRMED,12116489,1
12120307,K02597.02,Kepler-394 c,CONFIRMED,12.13070414,9.622e-05,-9.622e-05,211.2,15.1,-15.1,3.843,0.185,-0.185,1.61,0.54,-0.18,1.101,0.37,-0.123,6398.0,157.0,-224.0,4.411,0.056,-0.21,14.79,296.30197,50.672321,KEPLER_CONFIRMED,12120307,1
12120484,K02407.01,Kepler-1226 b,CONFIRMED,17.2922631,0.0001282,-0.0001282,203.1,9.9,-9.9,7.042,0.161,-0.161,2.13,0.35,-0.34,1.299,0.209,-0.209,5936.0,71.0,-79.0,4.261,0.137,-0.112,14.15,296.37692,50.621471,KEPLER_CONFIRMED,12120484,1
12121570,K02290.01,Kepler-1816 b,CONFIRMED,91.500873,0.0005231,-0.0005231,704.8,35.8,-35.8,4.842,0.126,-0.126,1.82,0.13,-0.07,0.706,0.047,-0.03,5051.0,111.0,-90.0,4.628,0.017,-0.052,14.447,296.85101,50.698929,KEPLER_CONFIRMED,12121570,1
12154526,K02004.02,Kepler-1047 c,CONFIRMED,3.18899015,1.97e-05,-1.97e-05,66.2,4.1,-4.1,2.722,0.151,-0.151,0.98,0.15,-0.13,1.176,0.182,-0.149,5700.0,114.0,-114.0,4.327,0.103,-0.115,13.351,288.64627,50.788979,KEPLER_CONFIRMED,12154526,1
12156174,K03260.01,Kepler-1447 b,CONFIRMED,56.6746666,0.0004151,-0.0004151,883.1,44.6,-44.6,5.516,0.17,-0.17,4.01,0.64,-0.85,1.295,0.206,-0.274,5541.0,83.0,-72.0,4.189,0.195,-0.105,14.682,289.64343,50.727089,KEPLER_CONFIRMED,12156174,1
12156347,K02588.01,Kepler-1687 b,CONFIRMED,5.77957133,2.378e-05,-2.378e-05,396.6,24.3,-24.3,2.5213,0.085,-0.085,1.5,0.08,-0.08,0.581,0.031,-0.031,4102.0,81.0,-81.0,4.687,0.022,-0.027,15.484,289.74277,50.787041,KEPLER_CONFIRMED,12156347,1
12159249,K01536.01,Kepler-889 b,CONFIRMED,3.74443645,1.45e-05,-1.45e-05,73.3,3.4,-3.4,2.9191,0.0876,-0.0876,1.1,0.18,-0.17,1.293,0.215,-0.196,5876.0,104.0,-116.0,4.269,0.125,-0.112,12.71,291.46732,50.75948,KEPLER_CONFIRMED,12159249,1
12164564,K02780.01,Kepler-1343 b,CONFIRMED,3.35184041,1.163e-05,-1.163e-05,345.3,20.4,-20.4,1.9855,0.0957,-0.0957,1.88,0.6,-0.19,1.005,0.326,-0.102,6198.0,175.0,-218.0,4.464,0.052,-0.208,15.526,294.29453,50.725368,KEPLER_CONFIRMED,12164564,1
12206313,K02714.03,Kepler-401 d,CONFIRMED,184.262741,0.002694,-0.002694,292.2,14.2,-14.2,11.94,0.233,-0.233,2.57,0.44,-0.43,1.291,0.216,-0.216,6115.0,122.0,-135.0,4.249,0.137,-0.112,13.312,290.08276,50.86348,KEPLER_CONFIRMED,12206313,1
12252424,K00153.01,Kepler-113 c,CONFIRMED,8.925079516,5.992e-06,-5.992e-06,977.5,8.0,-8.0,2.6766,0.0265,-0.0265,2.36,0.16,-0.08,0.693,0.049,-0.021,4728.0,94.0,-94.0,4.628,0.012,-0.048,13.461,287.99789,50.944328,KEPLER_CONFIRMED,12252424,1
12254378,K02387.01,Kepler-1217 b,CONFIRMED,2.032319072,5.327e-06,-5.327e-06,315.5,14.9,-14.9,1.6762,0.069,-0.069,1.87,0.61,-0.2,1.05,0.341,-0.114,6156.0,171.0,-236.0,4.443,0.054,-0.216,15.298,289.18668,50.937561,KEPLER_CONFIRMED,12254378,1
12254792,K01506.01,Kepler-869 b,CONFIRMED,40.4286676,0.0001805,-0.0001805,916.1,25.1,-25.1,7.102,0.179,-0.179,2.92,0.79,-0.26,0.833,0.225,-0.075,5813.0,145.0,-160.0,4.561,0.035,-0.196,14.982,289.42459,50.994122,KEPLER_CONFIRMED,12254792,1
12254909,K02372.01,Kepler-1213 b,CONFIRMED,5.349791,2.509e-05,-2.509e-05,88.8,4.4,-4.4,4.279,0.116,-0.116,1.29,0.21,-0.11,1.183,0.195,-0.097,6074.0,108.0,-145.0,4.368,0.051,-0.11,13.386,289.48581,50.94416,KEPLER_CONFIRMED,12254909,1
12256520,K02264.01,Kepler-1166 b,CONFIRMED,33.2407985,0.0002787,-0.0002787,341.9,18.3,-18.3,4.675,0.218,-0.218,1.51,0.16,-0.05,0.827,0.091,-0.028,5382.0,80.0,-80.0,4.571,0.015,-0.095,14.477,290.34851,50.902851,KEPLER_CONFIRMED,12256520,1
12266636,K01522.01,Kepler-879 b,CONFIRMED,33.3856176,0.0001409,-0.0001409,553.2,15.9,-15.9,5.0361,0.0934,-0.0934,2.48,0.7,-0.37,1.022,0.288,-0.155,5833.0,157.0,-175.0,4.407,0.101,-0.188,14.264,295.80658,50.909801,KEPLER_CONFIRMED,12266636,1
12301181,K02059.01,Kepler-1076 b,CONFIRMED,6.14728341,2.146e-05,-2.146e-05,119.7,4.8,-4.8,2.7645,0.0776,-0.0776,0.79,0.06,-0.03,0.746,0.049,-0.03,4997.0,100.0,-100.0,4.598,0.018,-0.053,12.906,287.59009,51.06057,KEPLER_CONFIRMED,12301181,1
12302530,K00438.02,Kepler-155 c,CONFIRMED,52.6615266,0.000136,-0.000136,1078.1,29.3,-29.3,3.1592,0.0745,-0.0745,1.87,0.11,-0.12,0.539,0.031,-0.035,3984.0,71.0,-86.0,4.72,0.03,-0.03,14.258,288.49582,51.08194,KEPLER_CONFIRMED,12302530,1
12306058,K02541.01,Kepler-391 b,CONFIRMED,7.41683033,7.9e-05,-7.9e-05,72.6,3.9,-3.9,7.274,0.225,-0.225,3.36,0.62,-0.56,3.324,0.613,-0.551,4938.0,69.0,-79.0,3.45,0.143,-0.13,13.007,290.62183,51.057301,KEPLER_CONFIRMED,12306058,1
12314973,K00279.03,Kepler-450 d,CONFIRMED,7.5143967,0.0001952,-0.0001952,36.3,4.1,-4.1,4.865,0.579,-0.579,0.96,0.06,-0.07,1.573,0.089,-0.111,6206.0,80.0,-74.0,4.159,0.048,-0.032,11.684,295.48651,51.0135,KEPLER_CONFIRMED,12314973,1
12352520,K03094.01,Kepler-1904 b,CONFIRMED,4.5770016,1.039e-05,-1.039e-05,710.0,53.3,-53.3,0.949,0.0769,-0.0769,1.33,0.08,-0.07,0.497,0.028,-0.028,3805.0,61.0,-76.0,4.767,0.025,-0.035,15.737,288.87436,51.154121,KEPLER_CONFIRMED,12352520,1
12356617,K00375.01,Kepler-1704 b,CONFIRMED,988.8811177,0.0009114,-0.0009114,5060.0,38.9,-38.9,5.9504,0.0444,-0.0444,10.81,2.66,-2.05,1.549,0.381,-0.294,5755.0,112.0,-112.0,4.101,0.145,-0.129,13.293,291.2012,51.144279,KEPLER_CONFIRMED,12356617,1
12365184,K01474.01,Kepler-419 b,CONFIRMED,69.72646639,2.38e-05,-2.38e-05,4491.2,17.4,-17.4,3.7177,0.0108,-0.0108,11.65,2.12,-2.12,1.731,0.315,-0.315,6430.0,77.0,-83.0,4.107,0.149,-0.122,13.005,295.41788,51.184761,KEPLER_CONFIRMED,12365184,1
12366084,K00787.01,Kepler-232 b,CONFIRMED,4.431238488,6.106e-06,-6.106e-06,1010.9,15.2,-15.2,3.15,0.0423,-0.0423,3.25,0.47,-0.25,1.015,0.148,-0.079,5714.0,77.0,-77.0,4.428,0.063,-0.117,15.367,295.81616,51.121738,KEPLER_CONFIRMED,12366084,1
12400538,K01503.01,Kepler-867 b,CONFIRMED,150.2412582,0.0005486,-0.0005486,2378.5,37.2,-37.2,10.849,0.126,-0.126,4.6,0.6,-0.4,0.943,0.123,-0.082,5604.0,111.0,-111.0,4.451,0.076,-0.102,14.827,287.28531,51.249981,KEPLER_CONFIRMED,12400538,1
12401863,K02331.01,Kepler-1193 b,CONFIRMED,2.832647249,8.329e-06,-8.329e-06,114.7,4.7,-4.7,2.306,0.0689,-0.0689,1.37,0.23,-0.22,1.272,0.207,-0.207,5865.0,105.0,-117.0,4.266,0.132,-0.12,13.467,288.14478,51.27562,KEPLER_CONFIRMED,12401863,1
12403119,K01478.01,Kepler-858 b,CONFIRMED,76.13622222,5.204e-05,-5.204e-05,2949.5,10.0,-10.0,7.9393,0.0329,-0.0329,4.78,0.6,-0.31,0.892,0.113,-0.057,5591.0,111.0,-111.0,4.494,0.053,-0.098,12.45,288.84863,51.209049,KEPLER_CONFIRMED,12403119,1
12404086,K00788.01,Kepler-681 b,CONFIRMED,26.39432897,5.724e-05,-5.724e-05,1510.9,36.3,-36.3,3.573,0.0643,-0.0643,3.07,0.41,-0.22,0.763,0.103,-0.055,5129.0,154.0,-154.0,4.595,0.03,-0.084,15.234,289.39972,51.25032,KEPLER_CONFIRMED,12404086,1
12404305,K00486.01,Kepler-573 b,CONFIRMED,22.18332255,4.401e-05,-4.401e-05,748.1,12.2,-12.2,5.1364,0.0539,-0.0539,2.78,0.38,-0.39,1.03,0.144,-0.144,5565.0,111.0,-100.0,4.361,0.138,-0.103,14.118,289.52115,51.237309,KEPLER_CONFIRMED,12404305,1
12404954,K00361.01,Kepler-537 b,CONFIRMED,3.247548814,5.908e-06,-5.908e-06,209.7,4.7,-4.7,2.5146,0.0444,-0.0444,1.41,0.2,-0.07,0.975,0.14,-0.047,5703.0,103.0,-125.0,4.498,0.021,-0.119,13.1,289.88065,51.277081,KEPLER_CONFIRMED,12404954,1
12405333,K03009.01,Kepler-1409 b,CONFIRMED,0.764863517,3.289e-06,-3.289e-06,150.2,14.2,-14.2,1.16,0.13,-0.13,1.04,0.15,-0.13,0.86,0.12,-0.109,5231.0,174.0,-142.0,4.476,0.09,-0.11,15.168,290.08478,51.208599,KEPLER_CONFIRMED,12405333,1
12406749,K01476.01,Kepler-1752 b,CONFIRMED,56.3587987,0.0002655,-0.0002655,2559.6,68.8,-68.8,6.927,0.268,-0.268,5.04,0.96,-0.52,0.821,0.157,-0.085,5446.0,162.0,-162.0,4.525,0.072,-0.126,15.792,290.85413,51.222809,KEPLER_CONFIRMED,12406749,1
12406807,K03091.01,Kepler-1903 b,CONFIRMED,17.067644,0.0002088,-0.0002088,262.4,20.3,-20.3,6.026,0.288,-0.288,1.62,0.53,-0.17,0.996,0.319,-0.106,6347.0,170.0,-207.0,4.464,0.054,-0.216,15.372,290.88831,51.248169,KEPLER_CONFIRMED,12406807,1
12416661,K03122.01,Kepler-1434 b,CONFIRMED,8.05337912,9.396e-05,-9.396e-05,38.3,3.0,-3.0,5.382,0.233,-0.233,1.28,0.24,-0.33,2.062,0.394,-0.525,6231.0,125.0,-125.0,3.976,0.18,-0.105,12.086,295.53839,51.202961,KEPLER_CONFIRMED,12416661,1
12418724,K01516.01,Kepler-873 b,CONFIRMED,20.55331441,7.507e-05,-7.507e-05,678.3,19.0,-19.0,5.3136,0.0975,-0.0975,3.19,1.02,-0.34,1.112,0.353,-0.118,6325.0,174.0,-217.0,4.409,0.065,-0.208,14.829,296.4032,51.271339,KEPLER_CONFIRMED,12418724,1
12453581,K02424.01,Kepler-1234 b,CONFIRMED,11.94019101,7.096e-05,-7.096e-05,631.7,45.7,-45.7,2.866,0.163,-0.163,1.86,0.24,-0.12,0.748,0.098,-0.049,5073.0,168.0,-152.0,4.607,0.024,-0.084,15.912,287.52203,51.375858,KEPLER_CONFIRMED,12453581,1
12454461,K02463.01,Kepler-1248 b,CONFIRMED,7.46718958,5.655e-05,-5.655e-05,75.7,4.6,-4.6,3.633,0.172,-0.172,1.04,0.17,-0.06,1.169,0.197,-0.07,6161.0,98.0,-147.0,4.399,0.032,-0.128,12.77,288.0593,51.35445,KEPLER_CONFIRMED,12454461,1
12456601,K02745.01,Kepler-1334 b,CONFIRMED,15.64588656,7.416e-05,-7.416e-05,572.1,23.9,-23.9,3.959,0.115,-0.115,2.18,0.67,-0.22,0.916,0.282,-0.094,5896.0,164.0,-184.0,4.518,0.05,-0.213,15.241,289.31149,51.320862,KEPLER_CONFIRMED,12456601,1
12459913,K00602.01,Kepler-620 b,CONFIRMED,12.91385906,4.319e-05,-4.319e-05,487.9,13.4,-13.4,5.3685,0.0952,-0.0952,2.49,0.68,-0.37,0.997,0.272,-0.147,6253.0,169.0,-206.0,4.41,0.105,-0.195,14.647,291.15939,51.334862,KEPLER_CONFIRMED,12459913,1
12469800,K02543.01,Kepler-1856 b,CONFIRMED,1.302017467,3.298e-06,-3.298e-06,290.5,16.6,-16.6,1.3692,0.0777,-0.0777,1.37,0.05,-0.09,0.816,0.031,-0.054,4948.0,79.0,-79.0,4.508,0.072,-0.023,15.351,295.90921,51.347939,KEPLER_CONFIRMED,12469800,1
12470844,K00790.02,Kepler-233 c,CONFIRMED,60.4189369,0.0005043,-0.0005043,931.3,49.6,-49.6,5.039,0.184,-0.184,2.36,0.34,-0.2,0.788,0.113,-0.066,5354.0,159.0,-159.0,4.587,0.032,-0.104,15.339,296.36652,51.319519,KEPLER_CONFIRMED,12470844,1
12470954,K00439.01,Kepler-554 b,CONFIRMED,1.902208647,4.14e-07,-4.14e-07,2343.5,7.3,-7.3,2.19877,0.00854,-0.00854,4.45,0.53,-0.33,0.937,0.113,-0.07,5400.0,107.0,-107.0,4.463,0.06,-0.097,14.313,296.40686,51.35815,KEPLER_CONFIRMED,12470954,1
12505076,K02154.01,Kepler-1799 b,CONFIRMED,11.92979348,6.659e-05,-6.659e-05,709.3,28.1,-28.1,6.152,0.122,-0.122,2.43,0.68,-0.24,0.921,0.256,-0.092,5831.0,157.0,-192.0,4.517,0.048,-0.204,15.844,288.30869,51.478291,KEPLER_CONFIRMED,12505076,1
12505503,K04190.01,Kepler-1563 b,CONFIRMED,3.4327371,2.772e-05,-2.772e-05,63.2,4.7,-4.7,4.001,0.2,-0.2,0.75,0.22,-0.07,0.881,0.26,-0.081,5757.0,138.0,-156.0,4.536,0.036,-0.204,13.583,288.57358,51.472752,KEPLER_CONFIRMED,12505503,1
12505654,K02353.01,Kepler-1829 b,CONFIRMED,5.186737262,7.369e-06,-7.369e-06,712.7,39.9,-39.9,0.8023,0.0521,-0.0521,2.4,0.38,-0.17,0.777,0.122,-0.056,5230.0,158.0,-158.0,4.594,0.032,-0.104,14.988,288.66449,51.498421,KEPLER_CONFIRMED,12505654,1
12506770,K01577.01,Kepler-895 b,CONFIRMED,2.806243488,7.519e-06,-7.519e-06,599.6,30.1,-30.1,1.6271,0.0701,-0.0701,1.41,0.06,-0.08,0.581,0.027,-0.03,4153.0,83.0,-91.0,4.684,0.023,-0.025,15.988,289.29065,51.40889,KEPLER_CONFIRMED,12506770,1
12557548,K03794.01,Kepler-1520 b,CONFIRMED,0.65355361,1.65e-07,-1.65e-07,4595.9,26.7,-26.7,1.63,0.0124,-0.0124,22.95,1.88,-1.88,0.66,0.054,-0.054,4550.0,136.0,-136.0,4.622,0.042,-0.032,15.692,290.96622,51.504719,KEPLER_CONFIRMED,12557548,1
12600735,K00548.01,Kepler-596 b,CONFIRMED,21.30020491,3.986e-05,-3.986e-05,659.8,12.2,-12.2,4.0852,0.0474,-0.0474,2.99,0.47,-0.28,1.168,0.186,-0.109,6008.0,77.0,-83.0,4.35,0.076,-0.123,14.02,289.50067,51.68573,KEPLER_CONFIRMED,12600735,1
12602568,K01583.01,Kepler-897 b,CONFIRMED,8.04727721,2.89e-05,-2.89e-05,486.0,15.1,-15.1,5.159,0.216,-0.216,2.33,0.65,-0.22,0.849,0.238,-0.079,5840.0,145.0,-174.0,4.553,0.036,-0.192,15.068,290.58685,51.69582,KEPLER_CONFIRMED,12602568,1
12644822,K00791.01,Kepler-682 b,CONFIRMED,12.611904345,6.65e-06,-6.65e-06,6105.6,27.6,-27.6,5.1497,0.0592,-0.0592,7.4,2.2,-0.73,0.919,0.273,-0.091,5795.0,156.0,-173.0,4.508,0.039,-0.208,15.14,289.11221,51.737381,KEPLER_CONFIRMED,12644822,1
12735740,K03663.01,Kepler-86 b,CONFIRMED,282.5253558,0.0001219,-0.0001219,9746.4,16.7,-16.7,10.7965,0.0292,-0.0292,8.98,1.31,-0.47,0.913,0.133,-0.048,5725.0,102.0,-113.0,4.506,0.038,-0.113,12.62,289.76361,51.962601,KEPLER_CONFIRMED,12735740,1
12735830,K03311.01,Kepler-1465 b,CONFIRMED,31.827649,0.0001355,-0.0001355,520.0,39.0,-39.0,1.639,0.115,-0.115,4.98,0.79,-3.15,1.954,0.309,-1.238,4774.0,57.0,-114.0,3.838,0.765,-0.128,14.41,289.81934,51.90485,KEPLER_CONFIRMED,12735830,1
12784167,K03848.01,Kepler-1522 b,CONFIRMED,1.847892736,2.457e-06,-2.457e-06,323.3,7.3,-7.3,1.8904,0.0359,-0.0359,1.51,0.35,-0.15,0.842,0.199,-0.08,5763.0,138.0,-155.0,4.557,0.042,-0.168,14.216,289.84323,52.07016,KEPLER_CONFIRMED,12784167,1
12785320,K00298.01,Kepler-515 b,CONFIRMED,19.96367208,5.002e-05,-5.002e-05,270.9,8.4,-8.4,2.6403,0.0572,-0.0572,1.5,0.09,-0.1,0.79,0.052,-0.052,5250.0,105.0,-105.0,4.541,0.05,-0.045,12.713,290.49426,52.055519,KEPLER_CONFIRMED,12785320,1
12834874,K00487.01,Kepler-574 b,CONFIRMED,7.65880048,1.326e-05,-1.326e-05,668.2,13.6,-13.6,3.0427,0.0459,-0.0459,2.19,0.56,-0.23,0.855,0.215,-0.092,5657.0,152.0,-152.0,4.508,0.069,-0.161,14.528,290.24704,52.149132,KEPLER_CONFIRMED,12834874,1
