,koi_duration,koi_depth,koi_prad,koi_ror,tce_duration,tce_depth,tce_prad,koi_steff,koi_srad,koi_smass,koi_slogg,tce_steff,tce_sradius,tce_slogg,koi_fpflag_nt,koi_fpflag_ss,koi_fpflag_co,koi_fpflag_ec,koi_model_snr,koi_max_mult_ev
0,2.9575,615.8,2.26,0.022344,,,,5455.0,0.927,0.919,4.467,,,,0.0,0.0,0.0,0.0,35.8,28.47082
1,4.507,874.8,2.83,0.027954,,,,5455.0,0.927,0.919,4.467,,,,0.0,0.0,0.0,0.0,25.8,20.109507
3,2.40641,8079.2,33.46,0.387394,,,,5805.0,0.791,0.836,4.564,,,,0.0,1.0,0.0,0.0,505.6,541.8951
4,1.6545,603.3,2.75,0.024064,,,,6031.0,1.046,1.095,4.438,,,,0.0,0.0,0.0,0.0,40.9,33.1919
5,4.5945,1517.5,3.9,0.036779,,,,6046.0,0.972,1.053,4.486,,,,0.0,0.0,0.0,0.0,66.5,55.204865
6,3.1402,686.0,2.77,0.026133,,,,6046.0,0.972,1.053,4.486,,,,0.0,0.0,0.0,0.0,40.2,33.546658
7,2.429,226.5,1.59,0.014983,,,,6046.0,0.972,1.053,4.486,,,,0.0,0.0,0.0,0.0,15.0,12.325094
8,5.022,233.7,39.21,0.183387,,,,6227.0,1.958,1.358,3.986,,,,0.0,1.0,1.0,0.0,47.7,46.15308
9,3.5347,4914.3,5.76,0.062161,,,,5031.0,0.848,0.801,4.485,,,,0.0,0.0,0.0,0.0,161.9,137.44981
10,1.74319,14230.9,13.04,0.123871,,,,5820.0,0.964,0.971,4.457,,,,0.0,0.0,0.0,0.0,4304.3,6468.04
11,3.88864,6674.7,16.1,0.075522,,,,6440.0,1.952,1.449,4.019,,,,0.0,1.0,0.0,0.0,5945.9,3862.1846
12,3.19843,9145.7,14.59,0.092086,,,,6225.0,1.451,1.132,4.169,,,,0.0,0.0,0.0,0.0,1741.5,1725.5824
13,2.6302,131.1,1.16,0.010424,,,,5833.0,1.022,0.974,4.407,,,,0.0,0.0,0.0,0.0,50.6,41.28873
14,3.6399,17984.3,150.51,1.625358,,,,5795.0,0.848,0.938,4.554,,,,0.0,1.0,0.0,0.0,622.1,628.3708
15,12.2155,8918.7,7.18,0.096729,,,,5043.0,0.68,0.657,4.591,,,,0.0,1.0,0.0,0.0,214.7,320.90817
16,4.79843,74284.0,49.29,0.476633,,,,6117.0,0.947,1.025,4.496,,,,0.0,1.0,0.0,0.0,2317.0,2174.4263
17,9.4378,10478.9,7.94,0.092509,,,,5152.0,0.786,0.741,4.517,,,,0.0,1.0,0.0,0.0,303.4,258.8247
18,3.2875,1288.3,2.47,0.032563,,,,4856.0,0.696,0.676,4.583,,,,0.0,0.0,0.0,0.0,87.2,71.48005
19,1.5821,1912.7,2.85,0.038838,,,,4537.0,0.672,0.761,4.648,,,,0.0,0.0,0.0,0.0,65.4,52.36939
20,3.6129,397.9,1.58,0.017673,,,,4989.0,0.819,0.781,4.504,,,,0.0,1.0,1.0,1.0,48.2,34.570904
21,3.0278,831.0,2.55,0.025706,,,,5185.0,0.91,0.831,4.44,,,,0.0,0.0,0.0,0.0,60.6,48.504196
22,2.5984,363.3,1.7,0.017105,,,,5185.0,0.91,0.831,4.44,,,,0.0,0.0,0.0,0.0,28.9,22.749151
23,3.596,217.4,1.3,0.013127,,,,5185.0,0.91,0.831,4.44,,,,0.0,0.0,0.0,0.0,14.1,9.776852
24,6.8057,24926.6,41.5,0.240528,,,,5543.0,1.58,1.103,4.081,,,,0.0,1.0,0.0,0.0,994.0,
25,3.4555,857.2,2.95,0.032666,,,,4954.0,0.828,0.791,4.5,,,,0.0,0.0,0.0,0.0,34.3,24.54073
26,2.1717,934.7,2.78,0.030014,,,,5339.0,0.847,0.931,4.552,,,,0.0,0.0,0.0,0.0,28.2,24.283327
27,2.875,750.8,2.3,0.025377,,,,5644.0,0.831,0.928,4.564,,,,0.0,0.0,0.0,0.0,61.8,52.913242
28,1.5155,2211.7,4.53,0.049899,,,,5714.0,0.831,0.926,4.563,,,,0.0,0.0,1.0,0.0,181.1,130.6654
29,53.412,18090.6,14.14,0.131705,,,,5520.0,0.983,1.03,4.466,,,,0.0,1.0,1.0,0.0,642.7,96.96236
30,7.633,5123.3,39.87,0.334628,,,,6144.0,1.091,1.093,4.402,,,,0.0,1.0,0.0,0.0,85.3,73.10389
31,5.588,724.2,2.82,0.024901,,,,5481.0,1.036,0.915,4.369,,,,0.0,0.0,0.0,0.0,34.7,31.946487
32,4.6297,2213.9,3.86,0.041693,,,,5031.0,0.848,0.801,4.485,,,,0.0,0.0,0.0,0.0,51.2,37.877567
33,2.5819,1036.9,2.65,0.028604,,,,5031.0,0.848,0.801,4.485,,,,0.0,0.0,0.0,0.0,47.1,35.96252
34,3.2554,1121.9,3.1,0.034369,,,,5015.0,0.826,0.785,4.499,,,,0.0,0.0,0.0,0.0,33.2,31.066507
35,4.7971,1804.8,3.36,0.03852,,,,5586.0,0.798,0.844,4.56,,,,0.0,0.0,0.0,0.0,80.0,61.372303
36,6.473,652.0,2.12,0.02432,,,,5586.0,0.798,0.844,4.56,,,,0.0,0.0,0.0,0.0,19.1,14.678595
37,2.22739,9802.0,12.21,0.103379,,,,5712.0,1.082,0.976,4.359,,,,0.0,0.0,0.0,0.0,696.5,670.4895
38,3.3827,860.4,6.54,0.06584,,,,5550.0,0.91,0.889,4.468,,,,0.0,1.0,1.0,0.0,48.3,39.745068
39,3.7362,460.0,2.1,0.019817,,,,6075.0,0.969,1.048,4.486,,,,0.0,0.0,0.0,0.0,29.5,26.501581
40,5.2514,11766.3,12.42,0.106953,,,,6074.0,1.063,1.014,4.391,,,,0.0,1.0,0.0,0.0,513.4,509.4985
41,2.9472,601.6,2.94,0.024775,,,,5779.0,1.087,0.941,4.339,,,,0.0,0.0,0.0,0.0,166.7,163.47614
42,10.5989,2793.1,5.5,0.048175,,,,5468.0,1.046,0.93,4.367,,,,0.0,0.0,0.0,0.0,141.1,124.52492
43,2.2514,1041.6,2.52,0.029305,,,,5592.0,0.787,0.862,4.582,,,,0.0,0.0,0.0,0.0,43.4,36.34974
44,3.1744,1487.3,4.43,0.036796,,,,6174.0,1.103,1.162,4.417,,,,0.0,0.0,0.0,0.0,128.6,94.70979
45,2.50587,16813.7,12.21,0.117059,,,,5532.0,0.955,0.941,4.452,,,,0.0,0.0,0.0,0.0,1406.8,1328.3038
46,14.561,8503.7,7.34,0.095386,,,,5040.0,0.705,0.782,4.628,,,,0.0,1.0,1.0,0.0,236.1,193.4089
47,2.6557,426.7,1.89,0.018878,,,,5880.0,0.917,1.01,4.518,,,,0.0,0.0,0.0,0.0,35.6,31.786789
48,3.15,1010.9,3.25,0.02933,,,,5714.0,1.015,1.007,4.428,,,,0.0,0.0,0.0,0.0,71.1,58.259056
49,2.6255,1023.5,3.95,0.035628,,,,5714.0,1.015,1.007,4.428,,,,0.0,0.0,0.0,0.0,37.9,29.930164
50,3.573,1510.9,3.07,0.03681,,,,5129.0,0.763,0.846,4.595,,,,0.0,0.0,0.0,0.0,48.2,41.269753
51,3.3539,511.7,2.64,0.023908,,,,5854.0,1.012,0.951,4.406,,,,0.0,0.0,0.0,0.0,88.4,76.76887
52,3.0014,192.4,1.79,0.01512,,,,5779.0,1.087,0.941,4.339,,,,0.0,0.0,0.0,0.0,47.1,39.793564
53,2.3078,24446.2,15.03,0.143936,,,,6108.0,0.956,0.981,4.469,,,,0.0,1.0,0.0,0.0,835.6,1044.7283
54,3.0249,1127.1,2.0,0.029758,,,,4126.0,0.615,0.633,4.661,,,,0.0,0.0,0.0,0.0,28.9,28.122635
55,2.0805,1306.1,2.16,0.03209,,,,4126.0,0.615,0.633,4.661,,,,0.0,0.0,0.0,0.0,38.7,41.450657
56,4.007,1122.3,1.99,0.029681,,,,4126.0,0.615,0.633,4.661,,,,0.0,0.0,0.0,0.0,21.7,19.803268
57,2.683,5226.5,6.02,0.068178,,,,5497.0,0.809,0.907,4.577,,,,0.0,0.0,0.0,0.0,345.2,360.1958
59,1.1196,821.7,1.99,0.032248,,,,4149.0,0.564,0.578,4.698,,,,0.0,0.0,0.0,0.0,38.9,30.578562
60,6.5036,14488.8,11.23,0.111248,,,,5746.0,0.924,0.77,4.393,,,,0.0,1.0,0.0,0.0,745.2,691.1691
61,1.9982,971.2,2.34,0.027998,,,,5005.0,0.765,0.85,4.595,,,,0.0,0.0,0.0,0.0,82.4,63.58795
64,2.5237,2804.5,2.65,0.051287,,,,3688.0,0.473,0.503,4.79,,,,0.0,0.0,0.0,0.0,71.0,62.376225
65,4.3084,2793.3,5.31,0.049152,,,,5992.0,0.989,0.927,4.415,,,,0.0,0.0,0.0,0.0,221.1,210.22159
66,7.5377,3001.0,4.86,0.051358,,,,5485.0,0.867,0.986,4.556,,,,0.0,0.0,0.0,0.0,312.1,234.95987
67,2.7594,1219.8,1.93,0.031585,,,,4077.0,0.56,0.576,4.702,,,,0.0,0.0,0.0,0.0,37.1,28.490973
68,1.369,1053.3,1.91,0.031153,,,,4077.0,0.56,0.576,4.702,,,,0.0,0.0,0.0,0.0,30.3,21.658537
69,3.8896,916.6,2.66,0.032536,,,,5557.0,0.75,0.832,4.603,,,,0.0,0.0,0.0,0.0,35.8,31.608551
70,6.802,615.2,2.87,0.025934,,,,5854.0,1.012,0.951,4.406,,,,0.0,0.0,0.0,0.0,83.7,65.59482
71,3.813,725.3,21.55,0.243351,,,,5295.0,0.811,0.853,4.551,,,,0.0,1.0,1.0,0.0,39.0,32.72262
72,2.1145,1620.6,32.43,0.305244,,,,5735.0,0.973,0.889,4.41,,,,0.0,0.0,1.0,0.0,103.6,45.885685
73,3.0099,837.5,3.12,0.026533,,,,6214.0,1.076,1.169,4.442,,,,0.0,0.0,0.0,0.0,64.5,48.726124
74,4.0491,950.4,3.32,0.028255,,,,6214.0,1.076,1.169,4.442,,,,0.0,0.0,0.0,0.0,51.5,40.04205
75,2.505,459.9,1.88,0.019561,,,,5799.0,0.878,0.975,4.539,,,,0.0,0.0,0.0,1.0,11.2,
76,2.7245,1123.5,2.59,0.030119,,,,5354.0,0.788,0.884,4.587,,,,0.0,0.0,0.0,0.0,47.6,39.867977
77,5.039,931.3,2.36,0.027422,,,,5354.0,0.788,0.884,4.587,,,,0.0,0.0,0.0,0.0,20.1,15.139797
78,5.1497,6105.6,7.4,0.073758,,,,5795.0,0.919,0.992,4.508,,,,0.0,0.0,0.0,0.0,277.2,207.6196
79,1.8868,1976.3,46.58,0.318591,,,,6017.0,1.339,1.083,4.22,,,,0.0,1.0,0.0,0.0,112.6,67.78838
80,3.836,871.7,28.59,0.247006,,,,5927.0,1.06,1.05,4.409,,,,0.0,1.0,1.0,0.0,38.2,34.775192
81,2.4282,382.1,2.06,0.017724,,,,5519.0,1.062,0.921,4.35,,,,0.0,0.0,0.0,0.0,38.9,34.037075
82,2.0844,1304.0,2.77,0.037414,,,,5653.0,0.679,0.767,4.656,,,,0.0,0.0,0.0,0.0,50.8,43.840405
83,2.0792,10967.4,27.51,0.396105,,,,5255.0,0.636,0.709,4.678,,,,0.0,1.0,1.0,1.0,299.7,277.1132
85,3.3203,1494.7,1.96,0.036455,,,,3950.0,0.493,0.502,4.754,,,,0.0,0.0,0.0,0.0,35.2,27.241827
86,4.758,1394.7,1.83,0.033974,,,,3950.0,0.493,0.502,4.754,,,,0.0,0.0,0.0,0.0,26.0,18.020908
87,5.351,104.0,1.31,0.011879,,,,5854.0,1.012,0.951,4.406,,,,0.0,0.0,0.0,0.0,17.1,10.87813
88,2.186,520.8,1.2,0.022312,,,,3950.0,0.493,0.502,4.754,,,,0.0,0.0,0.0,0.0,15.9,12.582854
89,2.3111,8544.8,7.34,0.08689,,,,5557.0,0.774,0.866,4.592,,,,0.0,0.0,0.0,0.0,370.8,375.5263
90,5.228,986.8,2.32,0.028938,,,,5395.0,0.734,0.821,4.615,,,,0.0,0.0,0.0,0.0,32.1,25.599396
91,2.38963,7969.0,9.73,0.080543,,,,5539.0,1.106,0.935,4.322,,,,0.0,0.0,0.0,0.0,799.7,712.5235
93,6.222,322.6,17.47,0.194187,,,,5657.0,0.824,0.919,4.567,,,,1.0,0.0,1.0,0.0,14.2,12.162734
94,3.1449,1019.8,2.57,0.028718,,,,5349.0,0.82,0.824,4.526,,,,0.0,0.0,0.0,0.0,53.9,47.37303
95,7.7915,16917.7,13.28,0.118805,,,,5627.0,1.024,0.874,4.359,,,,0.0,1.0,0.0,0.0,636.8,589.42316
96,8.9302,10565.7,8.9,0.094044,,,,5485.0,0.867,0.986,4.556,,,,0.0,0.0,0.0,0.0,138.8,115.57215
97,3.262,55.8,0.79,0.007192,,,,5854.0,1.012,0.951,4.406,,,,0.0,0.0,0.0,0.0,14.4,11.552998
98,6.6188,20280.4,12.19,0.128744,,,,5485.0,0.867,0.986,4.556,,,,0.0,0.0,0.0,0.0,347.2,323.38303
99,4.803,488.0,1.91,0.02018,,,,5485.0,0.867,0.986,4.556,,,,0.0,0.0,0.0,0.0,11.6,
100,2.1541,816.1,25.69,0.257087,,,,5663.0,0.915,1.034,4.53,,,,0.0,0.0,1.0,1.0,38.8,32.004185
101,5.414,589.2,1.7,0.021279,,,,4667.0,0.731,0.737,4.578,,,,0.0,0.0,1.0,1.0,48.5,35.481506
102,1.9604,15044.5,11.3,0.115879,,,,5934.0,0.893,0.901,4.491,,,,0.0,0.0,0.0,0.0,1009.3,1015.921
103,2.335,1008.7,2.5,0.028315,,,,5170.0,0.807,0.891,4.574,,,,0.0,0.0,0.0,0.0,70.6,57.638233
104,4.0595,2105.5,3.41,0.041039,,,,4905.0,0.761,0.739,4.544,,,,0.0,0.0,0.0,0.0,78.5,70.729904
105,1.9104,1632.6,2.03,0.037683,,,,3950.0,0.493,0.502,4.754,,,,0.0,0.0,0.0,0.0,71.6,58.181076
106,2.0067,1339.2,30.26,0.295115,,,,5926.0,0.939,1.03,4.506,,,,0.0,1.0,1.0,0.0,64.9,50.679256
107,4.4056,893.6,3.12,0.027096,,,,5775.0,1.053,1.026,4.405,,,,0.0,0.0,0.0,0.0,46.1,36.000114
108,4.1654,140.7,1.7,0.011136,,,,5847.0,1.402,1.113,4.191,,,,0.0,0.0,0.0,0.0,50.6,33.185894
109,4.793,418.0,2.76,0.024042,,,,5775.0,1.053,1.026,4.405,,,,0.0,0.0,0.0,0.0,28.5,24.258644
110,5.794,993.0,4.02,0.03498,,,,5775.0,1.053,1.026,4.405,,,,0.0,0.0,0.0,0.0,39.7,32.640865
111,2.59959,22335.0,11.58,0.13372,,,,5150.0,0.793,0.855,4.572,,,,0.0,0.0,0.0,0.0,1996.7,2078.4102
113,3.5957,2472.1,5.52,0.046615,,,,5973.0,1.085,1.181,4.439,,,,0.0,0.0,0.0,0.0,113.2,106.29421
114,3.827,1182.3,1.8,0.03141,,,,3747.0,0.524,0.536,4.728,,,,0.0,0.0,0.0,0.0,27.5,22.27284
115,1.3421,824.3,1.82,0.03178,,,,3747.0,0.524,0.536,4.728,,,,0.0,0.0,0.0,0.0,17.9,15.260293
116,2.2736,1558.0,2.1,0.037204,,,,3692.0,0.517,0.553,4.753,,,,0.0,0.0,0.0,0.0,56.4,45.585175
117,4.34617,82871.6,27.5,0.27018,,,,5575.0,0.932,1.051,4.521,,,,0.0,1.0,0.0,0.0,1300.0,1785.2972
119,5.0642,616.0,13.65,0.151387,,,,5514.0,0.826,0.926,4.569,,,,0.0,1.0,1.0,1.0,138.2,98.60031
120,6.0995,430.2,2.89,0.018864,,,,5847.0,1.402,1.113,4.191,,,,0.0,0.0,0.0,0.0,107.4,66.187065
121,4.3791,1175.4,3.38,0.030952,,,,5601.0,0.999,0.934,4.41,,,,0.0,0.0,0.0,0.0,37.8,31.21894
122,3.3148,15148.1,10.34,0.121984,,,,5690.0,0.776,0.852,4.588,,,,0.0,1.0,0.0,0.0,389.0,385.42834
124,3.3169,15337.0,11.01,0.12103,,,,4986.0,0.833,0.793,4.496,,,,0.0,0.0,0.0,0.0,166.0,170.02856
125,3.161,887.9,2.11,0.026361,,,,4861.0,0.732,0.733,4.574,,,,0.0,0.0,0.0,0.0,39.3,33.637074
126,2.506,417.5,1.46,0.018268,,,,4861.0,0.732,0.733,4.574,,,,0.0,0.0,0.0,0.0,21.3,16.489346
127,2.9721,780.7,2.44,0.026275,,,,5776.0,0.849,0.939,4.554,,,,0.0,0.0,0.0,0.0,70.8,58.17086
128,3.065,962.4,3.86,0.035468,,,,6108.0,0.997,1.072,4.471,,,,0.0,0.0,1.0,0.0,50.3,42.549767
129,4.7211,1177.9,26.25,0.278526,,,,5764.0,0.863,0.959,4.548,,,,0.0,0.0,1.0,1.0,110.2,98.78201
130,1.8411,10858.8,8.99,0.104023,,,,5035.0,0.791,0.754,4.519,,,,0.0,0.0,0.0,0.0,568.2,653.36066
131,3.897,3081.4,5.0,0.056,,,,5251.0,0.817,0.926,4.581,,,,0.0,0.0,0.0,0.0,86.6,84.09906
132,4.377,50.0,1.06,0.006915,,,,5847.0,1.402,1.113,4.191,,,,0.0,0.0,0.0,0.0,14.7,10.168395
133,5.176,5073.8,6.5,0.072904,,,,5251.0,0.817,0.926,4.581,,,,0.0,0.0,0.0,0.0,117.2,110.02644
134,3.831,16228.4,12.28,0.125229,,,,5810.0,0.898,0.989,4.526,,,,0.0,1.0,0.0,0.0,323.4,1224.3164
135,3.49949,44791.4,17.61,0.19639,,,,5670.0,0.821,0.82,4.523,,,,0.0,1.0,0.0,0.0,1671.1,1748.3405
136,2.1862,2453.9,31.44,0.331342,,,,6046.0,0.869,0.953,4.539,,,,0.0,1.0,0.0,0.0,117.2,110.66481
137,8.2183,3341.8,7.89,0.05219,,,,5739.0,1.384,1.083,4.191,,,,0.0,0.0,0.0,0.0,266.3,188.42673
138,6.7372,504.6,3.06,0.020278,,,,5739.0,1.384,1.083,4.191,,,,0.0,0.0,0.0,0.0,49.1,34.323593
139,4.9843,285.0,2.32,0.015336,,,,5739.0,1.384,1.083,4.191,,,,0.0,0.0,0.0,0.0,35.1,26.274458
140,3.388,115.9,1.62,0.010686,,,,5739.0,1.384,1.083,4.191,,,,0.0,0.0,0.0,0.0,19.9,14.88052
141,3.5797,120.3,1.53,0.009989,,,,5847.0,1.402,1.113,4.191,,,,0.0,0.0,0.0,0.0,50.4,34.970474
142,7.159,370.3,2.67,0.01767,,,,5739.0,1.384,1.083,4.191,,,,0.0,0.0,0.0,0.0,19.4,15.157462
143,2.9076,1037.3,2.35,0.028519,,,,4959.0,0.756,0.849,4.603,,,,0.0,0.0,0.0,0.0,48.9,39.560696
144,3.57,862.7,2.37,0.028683,,,,4959.0,0.756,0.849,4.603,,,,0.0,0.0,0.0,0.0,20.9,16.481398
145,3.0918,1268.1,17.06,0.222925,,,,4794.0,0.701,0.683,4.58,,,,0.0,1.0,1.0,1.0,50.5,44.634888
146,2.6312,875.4,2.25,0.026448,,,,4768.0,0.779,0.759,4.536,,,,0.0,0.0,0.0,0.0,38.4,31.887648
147,2.3421,391.8,1.48,0.017441,,,,4768.0,0.779,0.759,4.536,,,,0.0,0.0,0.0,0.0,22.8,18.548983
148,2.2757,6044.3,38.33,0.355227,,,,6072.0,0.988,1.05,4.47,,,,0.0,1.0,0.0,0.0,269.7,300.96277
149,2.5211,9768.0,8.24,0.095143,,,,5386.0,0.793,0.82,4.553,,,,0.0,0.0,0.0,0.0,482.3,488.70584
150,2.7055,3812.1,5.39,0.056287,,,,5815.0,0.877,0.973,4.54,,,,0.0,0.0,0.0,0.0,99.5,212.06973
151,3.5176,510.6,2.66,0.025656,,,,5653.0,0.949,0.974,4.472,,,,0.0,0.0,0.0,0.0,35.9,29.971922
152,2.9667,1024.4,3.01,0.033372,,,,5015.0,0.826,0.785,4.499,,,,0.0,0.0,0.0,0.0,54.4,44.777393
153,4.016,647.5,3.01,0.033377,,,,5015.0,0.826,0.785,4.499,,,,0.0,0.0,0.0,0.0,25.7,20.855698
154,2.75,655.9,2.19,0.024555,,,,5251.0,0.817,0.926,4.581,,,,0.0,0.0,0.0,0.0,24.8,24.029488
155,3.0957,1149.4,2.31,0.030871,,,,4702.0,0.686,0.67,4.592,,,,0.0,0.0,0.0,0.0,52.7,42.002544
156,4.3246,1563.8,2.64,0.035281,,,,4702.0,0.686,0.67,4.592,,,,0.0,0.0,0.0,0.0,51.7,39.547905
157,2.8589,2877.4,6.21,0.050076,,,,6073.0,1.135,1.163,4.392,,,,0.0,0.0,0.0,0.0,240.6,245.59174
158,3.0694,2020.3,4.35,0.040686,,,,5727.0,0.978,1.013,4.463,,,,0.0,0.0,0.0,0.0,116.1,88.43494
159,6.271,1187.5,3.75,0.034822,,,,5878.0,0.987,0.989,4.444,,,,0.0,0.0,0.0,0.0,74.6,63.15734
160,4.21587,25391.1,13.84,0.161479,,,,5862.0,0.785,0.865,4.584,,,,0.0,0.0,0.0,0.0,748.1,739.8864
161,11.195,3604.6,7.59,0.056129,,,,5510.0,1.238,0.932,4.222,,,,0.0,0.0,0.0,0.0,160.9,129.28693
162,2.9381,4357.2,26.82,0.348902,,,,4968.0,0.704,0.68,4.575,,,,0.0,1.0,1.0,0.0,122.1,126.34083
163,5.9409,269.6,2.29,0.015956,,,,5718.0,1.317,0.961,4.181,,,,0.0,0.0,0.0,0.0,62.0,48.44607
164,3.1775,750.6,2.47,0.024674,,,,5501.0,0.918,0.891,4.462,,,,0.0,0.0,0.0,0.0,49.2,43.478497
165,3.984,1442.4,3.68,0.040767,,,,5239.0,0.826,0.83,4.523,,,,0.0,0.0,0.0,0.0,62.6,56.866776
167,2.7297,1123.6,2.56,0.029843,,,,5103.0,0.787,0.823,4.562,,,,0.0,0.0,0.0,0.0,53.0,43.14732
168,4.7865,1572.6,3.03,0.035273,,,,5103.0,0.787,0.823,4.562,,,,0.0,0.0,0.0,0.0,45.5,28.587673
169,2.2641,812.4,2.32,0.026969,,,,5103.0,0.787,0.823,4.562,,,,0.0,0.0,0.0,0.0,22.6,16.755081
170,4.685,1626.0,1.94,0.036134,,,,3593.0,0.491,0.503,4.757,,,,0.0,0.0,0.0,0.0,27.4,19.2542
171,5.0264,22838.9,11.38,0.139516,,,,5522.0,0.747,0.786,4.586,,,,0.0,0.0,0.0,0.0,907.8,904.6437
173,2.5242,908.1,2.47,0.027348,,,,5237.0,0.826,0.927,4.572,,,,0.0,0.0,0.0,0.0,59.4,48.613644
174,11.3364,1646.2,8.2,0.036501,,,,5626.0,2.057,1.247,3.907,,,,0.0,0.0,0.0,0.0,355.7,250.00006
175,1.611,421.2,2.28,0.025305,,,,5237.0,0.826,0.927,4.572,,,,0.0,0.0,0.0,0.0,10.7,9.322174
177,2.743,1159.8,2.66,0.030416,,,,4947.0,0.802,0.769,4.516,,,,0.0,1.0,1.0,1.0,51.7,48.83681
178,1.8119,315.8,1.41,0.015942,,,,5265.0,0.81,0.91,4.58,,,,0.0,0.0,0.0,0.0,30.7,28.265633
179,3.11058,33003.6,14.62,0.166109,,,,5532.0,0.806,0.804,4.53,,,,0.0,1.0,0.0,0.0,1630.4,1762.9304
180,2.1814,781.2,2.62,0.025513,,,,5895.0,0.94,1.026,4.503,,,,0.0,0.0,0.0,0.0,64.8,55.665585
181,2.7251,1154.0,3.11,0.030716,,,,5527.0,0.927,0.956,4.484,,,,0.0,0.0,0.0,0.0,86.1,68.72953
182,4.556,840.9,2.69,0.026569,,,,5527.0,0.927,0.956,4.484,,,,0.0,0.0,0.0,0.0,37.8,29.427977
183,1.6585,569.1,2.67,0.026407,,,,5527.0,0.927,0.956,4.484,,,,0.0,0.0,0.0,0.0,21.1,17.335663
185,15.284,1141.7,7.78,0.034654,,,,5626.0,2.057,1.247,3.907,,,,0.0,0.0,0.0,0.0,139.3,95.55217
186,1.8832,1014.3,4.37,0.039171,,,,6126.0,1.021,1.09,4.458,,,,0.0,1.0,1.0,0.0,58.3,47.643787
187,3.9783,1843.5,3.91,0.038511,,,,5427.0,0.929,0.915,4.463,,,,0.0,0.0,0.0,0.0,88.0,67.97784
188,6.3994,3644.3,5.51,0.05435,,,,5427.0,0.929,0.915,4.463,,,,0.0,0.0,0.0,0.0,155.5,112.0813
189,2.9003,702.3,2.43,0.023909,,,,5427.0,0.929,0.915,4.463,,,,0.0,0.0,0.0,0.0,59.3,43.151917
190,1.8876,391.6,1.86,0.018369,,,,5427.0,0.929,0.915,4.463,,,,0.0,0.0,0.0,0.0,41.4,23.52045
191,4.1072,1772.5,3.07,0.037466,,,,5067.0,0.75,0.789,4.585,,,,0.0,0.0,0.0,0.0,62.4,47.644684
192,2.0642,488.2,1.69,0.019702,,,,5103.0,0.787,0.823,4.562,,,,0.0,0.0,0.0,0.0,30.5,19.364616
193,2.3254,961.4,1.73,0.027826,,,,4072.0,0.57,0.586,4.696,,,,0.0,0.0,0.0,0.0,62.8,55.492382
194,2.8606,881.3,1.65,0.026527,,,,4072.0,0.57,0.586,4.696,,,,0.0,0.0,0.0,0.0,51.8,42.23077
196,2.517,218.5,2.41,0.017424,,,,5670.0,1.264,0.937,4.206,,,,0.0,1.0,0.0,0.0,18.5,93.56568
197,4.4056,7425.9,8.46,0.083298,,,,5149.0,0.93,0.882,4.447,,,,0.0,0.0,0.0,0.0,247.9,173.7981
198,2.9004,450.7,1.97,0.019382,,,,5149.0,0.93,0.882,4.447,,,,0.0,0.0,0.0,0.0,29.2,16.790316
199,2.1024,451.6,2.36,0.019273,,,,5754.0,1.122,1.014,4.345,,,,0.0,0.0,0.0,0.0,39.7,34.36066
200,2.2607,755.9,2.35,0.02579,,,,4986.0,0.833,0.793,4.496,,,,0.0,0.0,0.0,0.0,60.8,52.078793
201,3.252,353.6,1.55,0.017042,,,,4986.0,0.833,0.793,4.496,,,,0.0,0.0,0.0,0.0,21.9,17.25928
202,3.0854,2260.0,2.62,0.046401,,,,3837.0,0.517,0.544,4.747,,,,0.0,0.0,0.0,0.0,157.8,134.46404
203,2.0488,20285.0,588.66,6.502574,,,,5612.0,0.829,0.926,4.566,,,,0.0,1.0,0.0,0.0,192.3,551.317
204,2.3892,1410.7,2.33,0.033728,,,,4261.0,0.633,0.64,4.641,,,,0.0,0.0,0.0,0.0,87.2,83.29438
205,2.7363,1250.6,2.18,0.031605,,,,4261.0,0.633,0.64,4.641,,,,0.0,0.0,0.0,0.0,57.6,51.105682
206,2.3734,439.0,1.42,0.020532,,,,4261.0,0.633,0.64,4.641,,,,0.0,0.0,0.0,0.0,14.9,12.130763
207,5.0683,401.1,63.66,0.242511,,,,6200.0,2.404,1.333,3.8,,,,0.0,1.0,1.0,1.0,76.8,60.319134
208,5.073,1200.7,3.16,0.040151,,,,4919.0,0.721,0.697,4.566,,,,0.0,0.0,0.0,0.0,53.3,45.141907
209,3.784,298.5,2.54,0.017836,,,,5945.0,1.302,1.009,4.213,,,,0.0,0.0,0.0,0.0,125.6,92.47206
210,3.035,1254.9,3.2,0.033023,,,,5121.0,0.888,0.822,4.457,,,,0.0,0.0,0.0,0.0,64.5,51.219067
211,1.1757,299.2,1.78,0.018305,,,,5121.0,0.888,0.822,4.457,,,,0.0,0.0,0.0,0.0,15.0,12.679447
212,5.012,549.4,2.66,0.025379,,,,6007.0,0.961,0.968,4.457,,,,0.0,0.0,0.0,0.0,45.1,37.416832
213,6.703,1590.7,4.68,0.046289,,,,5811.0,0.926,1.036,4.521,,,,0.0,1.0,1.0,1.0,60.4,69.78485
214,7.558,3136.4,4.53,0.055361,,,,5067.0,0.75,0.789,4.585,,,,0.0,0.0,0.0,0.0,46.8,32.135025
215,2.1958,24905.0,21.58,0.327759,,,,5209.0,0.603,0.602,4.657,,,,0.0,1.0,0.0,0.0,125.4,1443.2662
217,2.8979,3036.1,4.16,0.048953,,,,5097.0,0.779,0.891,4.597,,,,0.0,0.0,0.0,0.0,175.2,163.44994
218,3.8757,507.3,3.13,0.020288,,,,5644.0,1.411,1.053,4.162,,,,0.0,0.0,0.0,0.0,142.0,120.53189
219,2.8364,1382.4,2.92,0.034376,,,,5097.0,0.779,0.891,4.597,,,,0.0,0.0,0.0,0.0,52.7,45.383663
220,1.9616,516.3,1.74,0.020396,,,,5097.0,0.779,0.891,4.597,,,,0.0,0.0,0.0,0.0,41.6,30.771297
221,2.312,1333.6,1.72,0.03347,,,,3713.0,0.47,0.484,4.779,,,,0.0,0.0,0.0,0.0,48.5,28.916744
222,4.3224,759.2,1.29,0.025158,,,,3713.0,0.47,0.484,4.779,,,,0.0,0.0,0.0,0.0,31.0,16.535355
223,2.6333,767.3,1.3,0.025412,,,,3713.0,0.47,0.484,4.779,,,,0.0,0.0,0.0,0.0,18.2,12.355694
224,2.5242,620.5,2.45,0.024438,,,,5849.0,0.919,1.014,4.517,,,,0.0,0.0,0.0,0.0,50.4,42.620125
225,0.9967,1823.5,4.14,0.047993,,,,5472.0,0.79,0.718,4.499,,,,0.0,1.0,0.0,0.0,147.4,40.07125
226,2.07004,16053.4,10.51,0.114124,,,,5332.0,0.843,0.821,4.5,,,,0.0,0.0,0.0,0.0,388.2,474.02078
227,4.20241,6911.1,8.95,0.076211,,,,6214.0,1.076,1.169,4.442,,,,0.0,0.0,0.0,0.0,435.9,436.9255
228,5.344,936.1,3.52,0.032174,,,,6063.0,1.001,1.079,4.47,,,,0.0,0.0,0.0,0.0,71.9,59.281075
229,7.41287,9065.2,13.16,0.08815,,,,6823.0,1.367,1.386,4.308,,,,0.0,0.0,0.0,0.0,915.7,417.8653
232,4.2362,6932.3,6.96,0.077106,,,,5865.0,0.827,0.914,4.563,,,,0.0,0.0,0.0,0.0,431.4,435.91187
233,1.6485,724.2,1.85,0.026289,,,,4500.0,0.646,0.71,4.656,,,,0.0,0.0,0.0,0.0,42.6,32.73535
234,3.95,942.5,1.9,0.026973,,,,4500.0,0.646,0.71,4.656,,,,0.0,0.0,0.0,0.0,25.4,15.262756
235,3.7727,252.1,2.57,0.014487,,,,5869.0,1.626,1.019,4.024,,,,0.0,0.0,0.0,0.0,60.2,47.59951
236,3.8636,12861.0,10.95,0.10287,,,,5600.0,0.975,0.811,4.368,,,,0.0,1.0,0.0,0.0,85.8,735.74506
237,4.0374,2590.7,4.14,0.045252,,,,5191.0,0.837,0.937,4.564,,,,0.0,0.0,0.0,0.0,123.8,97.93863
238,2.9785,1328.5,2.96,0.032418,,,,5191.0,0.837,0.937,4.564,,,,0.0,0.0,0.0,0.0,86.2,70.14128
239,2.0778,14280.6,13.12,0.11123,,,,5855.0,1.08,1.049,4.393,,,,0.0,0.0,0.0,0.0,1072.1,943.8128
240,2.4517,1897.8,2.23,0.040133,,,,3906.0,0.509,0.508,4.73,,,,0.0,0.0,0.0,0.0,58.0,46.716137
241,2.153,1037.4,1.66,0.029936,,,,3906.0,0.509,0.508,4.73,,,,0.0,0.0,0.0,0.0,41.4,34.09852
242,6.5093,366.0,2.48,0.01746,,,,5945.0,1.302,1.009,4.213,,,,0.0,0.0,0.0,0.0,114.9,82.08292
243,4.154,1432.1,2.25,0.040437,,,,3906.0,0.509,0.508,4.73,,,,0.0,0.0,0.0,0.0,36.9,29.21815
244,2.1764,807.6,1.16,0.025862,,,,3561.0,0.411,0.44,4.855,,,,0.0,0.0,0.0,0.0,44.4,35.776676
245,1.8177,509.2,0.91,0.020275,,,,3561.0,0.411,0.44,4.855,,,,0.0,0.0,0.0,0.0,37.8,30.518122
246,2.4714,756.1,1.11,0.02471,,,,3561.0,0.411,0.44,4.855,,,,0.0,0.0,0.0,0.0,30.9,24.263742
247,3.048,1309.7,4.56,0.036595,,,,5942.0,1.142,1.009,4.327,,,,0.0,0.0,0.0,0.0,46.2,40.226162
248,2.5833,538.6,2.85,0.026123,,,,6077.0,0.999,1.077,4.471,,,,0.0,0.0,0.0,0.0,36.4,31.433712
249,8.593,685.4,3.43,0.031397,,,,6077.0,0.999,1.077,4.471,,,,0.0,0.0,0.0,0.0,15.4,10.855937
250,2.9993,1675.6,2.34,0.036303,,,,4201.0,0.591,0.609,4.682,,,,0.0,0.0,0.0,0.0,64.5,84.20755
251,1.915,362.3,1.18,0.018246,,,,4201.0,0.591,0.609,4.682,,,,0.0,0.0,0.0,0.0,14.2,19.236187
252,3.23015,17859.2,10.55,0.121652,,,,5655.0,0.794,0.886,4.581,,,,0.0,0.0,0.0,0.0,1669.1,1627.8156
254,5.083,895.5,1.85,0.026274,,,,4500.0,0.646,0.71,4.656,,,,0.0,0.0,0.0,0.0,21.6,13.00283
255,2.2618,575.8,1.62,0.023024,,,,4500.0,0.646,0.71,4.656,,,,0.0,0.0,0.0,0.0,28.1,18.39992
256,2.4283,634.1,1.75,0.024778,,,,4500.0,0.646,0.71,4.656,,,,0.0,0.0,0.0,0.0,21.4,14.958939
257,3.2496,1692.9,4.33,0.047975,,,,5865.0,0.827,0.914,4.563,,,,0.0,0.0,1.0,0.0,119.4,108.889015
258,2.5882,867.0,2.47,0.026979,,,,5029.0,0.838,0.798,4.494,,,,0.0,0.0,0.0,0.0,47.7,38.487896
259,2.0873,763.3,2.43,0.026581,,,,5029.0,0.838,0.798,4.494,,,,0.0,0.0,0.0,0.0,23.8,19.097145
260,2.535,175.2,1.08,0.011755,,,,5029.0,0.838,0.798,4.494,,,,0.0,0.0,0.0,0.0,12.9,10.764539
261,4.1575,973.5,2.72,0.028718,,,,5527.0,0.866,0.841,4.488,,,,0.0,0.0,0.0,0.0,55.9,43.083504
262,5.172,1015.8,3.14,0.03322,,,,5527.0,0.866,0.841,4.488,,,,0.0,0.0,0.0,0.0,44.8,32.87861
263,2.603,251.3,1.36,0.014349,,,,5527.0,0.866,0.841,4.488,,,,0.0,0.0,0.0,0.0,21.2,16.134592
264,4.819,363.4,3.09,0.017414,,,,5869.0,1.626,1.019,4.024,,,,0.0,0.0,0.0,0.0,63.1,50.201683
265,4.448,952.5,2.64,0.027879,,,,5527.0,0.866,0.841,4.488,,,,0.0,0.0,0.0,0.0,22.7,19.405544
266,3.16114,7912.7,10.6,0.080242,,,,5560.0,1.21,0.94,4.246,,,,0.0,0.0,0.0,0.0,633.4,619.7065
267,3.8449,4147.6,540.37,8.358793,,,,4187.0,0.592,0.58,4.656,,,,0.0,0.0,1.0,1.0,54.5,165.18489
268,2.9804,1151.4,2.68,0.030649,,,,5198.0,0.801,0.915,4.589,,,,0.0,0.0,0.0,0.0,77.4,66.02574
270,4.301,7163.3,9.66,0.079893,,,,6123.0,1.107,1.159,4.413,,,,0.0,0.0,0.0,0.0,502.3,478.5281
271,10.0134,1695.0,24.54,0.298444,,,,5525.0,0.753,0.843,4.603,,,,0.0,1.0,1.0,1.0,203.5,33.146595
272,3.2179,16652.7,13.61,0.119176,,,,6033.0,1.046,1.153,4.46,,,,0.0,0.0,0.0,0.0,1173.9,1321.7062
273,3.183,1030.9,3.57,0.033907,,,,5936.0,0.965,1.075,4.501,,,,0.0,0.0,1.0,1.0,90.1,74.89582
274,5.04169,23530.0,13.26,0.138123,,,,5510.0,0.879,0.973,4.539,,,,0.0,1.0,0.0,0.0,1077.8,1014.9963
275,8.30604,59130.1,27.22,0.227443,,,,6140.0,1.096,0.989,4.354,,,,0.0,1.0,0.0,0.0,1667.3,1668.1604
276,1.8007,1398.2,3.94,0.038195,,,,5609.0,0.944,0.983,4.481,,,,0.0,0.0,0.0,0.0,123.5,105.955894
277,3.0231,969.7,4.37,0.046245,,,,5931.0,0.866,0.825,4.479,,,,0.0,1.0,0.0,0.0,45.4,39.278458
278,6.5292,15663.8,10.98,0.111685,,,,5231.0,0.9,0.844,4.455,,,,0.0,0.0,0.0,0.0,690.3,487.53952
279,16.9422,66067.7,29.66,0.236829,,,,6257.0,1.147,1.233,4.41,,,,0.0,1.0,0.0,0.0,1843.8,1840.2819
280,3.4097,1144.9,2.6,0.033653,,,,5481.0,0.708,0.806,4.629,,,,0.0,0.0,0.0,0.0,49.9,43.653084
281,3.4366,1110.7,2.53,0.029849,,,,5196.0,0.775,0.869,4.593,,,,0.0,0.0,0.0,0.0,55.0,46.25013
282,4.2309,1506.9,2.95,0.034825,,,,5196.0,0.775,0.869,4.593,,,,0.0,0.0,0.0,0.0,60.7,49.64462
283,1.9012,426.1,1.7,0.020134,,,,5196.0,0.775,0.869,4.593,,,,0.0,0.0,0.0,0.0,25.6,23.37084
284,3.228,697.5,2.94,0.030415,,,,5431.0,0.884,0.816,4.457,,,,0.0,0.0,0.0,0.0,48.1,44.139656
285,11.4813,13494.4,20.7,0.105539,,,,5855.0,1.796,1.174,3.999,,,,0.0,1.0,0.0,0.0,529.9,1177.5599
286,3.4412,1240.2,3.13,0.032147,,,,5897.0,0.891,0.983,4.531,,,,0.0,0.0,0.0,0.0,79.7,64.83856
288,4.23479,40293.1,26.56,0.243941,,,,6108.0,0.997,1.072,4.471,,,,0.0,1.0,0.0,0.0,1398.8,1464.211
289,3.3129,1473.4,3.82,0.035047,,,,6007.0,0.998,1.072,4.47,,,,0.0,0.0,0.0,0.0,128.3,60.539154
290,3.81881,20953.1,44.04,0.436512,,,,6192.0,0.924,0.991,4.503,,,,0.0,1.0,1.0,0.0,547.8,586.5923
291,2.6849,280.1,2.11,0.015454,,,,5553.0,1.25,0.949,4.221,,,,0.0,0.0,0.0,0.0,30.6,25.538614
292,3.1915,273.6,2.06,0.015116,,,,5553.0,1.25,0.949,4.221,,,,0.0,0.0,0.0,0.0,25.2,19.003149
293,2.1888,159.6,1.57,0.011493,,,,5553.0,1.25,0.949,4.221,,,,0.0,0.0,0.0,0.0,22.7,17.345476
294,3.605,307.8,2.3,0.016847,,,,5553.0,1.25,0.949,4.221,,,,0.0,0.0,0.0,0.0,21.9,14.830292
295,4.6912,2090.3,3.18,0.04092,,,,5085.0,0.712,0.71,4.584,,,,0.0,0.0,0.0,0.0,293.7,276.2209
296,2.91089,11382.2,10.43,0.096067,,,,5524.0,0.994,0.95,4.421,,,,0.0,0.0,0.0,0.0,1838.4,1721.1887
297,3.119,1037.4,23.88,0.269659,,,,5450.0,0.811,0.857,4.552,,,,0.0,1.0,1.0,0.0,37.2,29.934076
298,2.9183,1539.1,4.09,0.035356,,,,5561.0,1.06,0.943,4.362,,,,0.0,0.0,0.0,0.0,81.1,61.85785
299,3.739,611.3,2.58,0.02227,,,,5561.0,1.06,0.943,4.362,,,,0.0,0.0,0.0,0.0,25.6,18.328804
300,3.895,796.8,3.05,0.026327,,,,5561.0,1.06,0.943,4.362,,,,0.0,0.0,0.0,0.0,26.7,19.490282
301,5.1937,1910.5,5.5,0.040067,,,,6035.0,1.257,0.958,4.22,,,,0.0,0.0,0.0,0.0,117.0,94.8957
302,6.1998,1719.3,5.22,0.038058,,,,6035.0,1.257,0.958,4.22,,,,0.0,0.0,0.0,0.0,78.7,62.296303
303,8.871,1009.6,4.0,0.029163,,,,6035.0,1.257,0.958,4.22,,,,0.0,0.0,0.0,0.0,37.5,28.801907
305,2.4327,2237.0,2.13,0.042684,,,,3582.0,0.458,0.491,4.807,,,,0.0,0.0,0.0,0.0,124.7,110.05442
306,1.0981,741.7,1.24,0.024717,,,,3582.0,0.458,0.491,4.807,,,,0.0,0.0,0.0,0.0,87.8,45.230915
307,3.25346,11144.7,10.62,0.099444,,,,5514.0,0.978,1.003,4.459,,,,0.0,0.0,0.0,0.0,2040.7,1927.6256
308,4.0454,988.4,2.74,0.028495,,,,5537.0,0.88,0.999,4.549,,,,0.0,0.0,0.0,0.0,45.1,38.21066
309,3.3862,994.5,3.12,0.028229,,,,5344.0,1.013,0.867,4.365,,,,0.0,0.0,0.0,0.0,51.0,42.55429
310,1.8955,213.0,1.45,0.013092,,,,5344.0,1.013,0.867,4.365,,,,0.0,0.0,0.0,0.0,25.3,20.171621
311,2.336,297.8,1.78,0.016046,,,,5344.0,1.013,0.867,4.365,,,,0.0,0.0,0.0,0.0,16.7,12.969576
312,15.735,1896.7,39.0,0.050162,,,,5047.0,7.119,2.15,3.066,,,,0.0,1.0,0.0,0.0,86.1,39.480255
313,5.073,446.8,3.43,0.025296,,,,5896.0,1.24,0.884,4.197,,,,0.0,0.0,0.0,0.0,32.2,24.346912
314,4.529,430.7,43.17,0.318792,,,,5896.0,1.24,0.884,4.197,,,,0.0,0.0,0.0,0.0,16.9,15.231214
315,3.282,174.0,2.07,0.015253,,,,5896.0,1.24,0.884,4.197,,,,0.0,0.0,0.0,0.0,15.1,12.186046
317,4.9427,824.9,2.32,0.026109,,,,5551.0,0.812,0.776,4.508,,,,0.0,0.0,0.0,0.0,97.1,87.12114
320,1.1784,574.4,1.84,0.022075,,,,5757.0,0.762,0.865,4.597,,,,0.0,0.0,0.0,0.0,32.2,25.57594
321,3.539,186.7,35.74,0.307625,,,,6167.0,1.064,1.149,4.444,,,,1.0,0.0,0.0,1.0,28.9,7.8959365
322,0.86896,1973.3,59.56,0.305894,,,,5075.0,1.783,0.905,3.892,,,,0.0,1.0,0.0,0.0,458.6,37.243492
323,2.78458,18541.0,23.6,0.235723,,,,6113.0,0.917,0.997,4.512,,,,0.0,1.0,0.0,0.0,534.5,560.0515
324,38.1939,128.4,5.06,0.013299,,,,6980.0,3.482,1.671,3.577,,,,1.0,0.0,0.0,0.0,91.7,13.385618
325,1.8248,4511.7,13.66,0.110483,,,,6224.0,1.132,0.998,4.33,,,,0.0,1.0,0.0,0.0,322.3,471.55078
328,2.1441,747.5,23.61,0.255581,,,,5582.0,0.846,0.819,4.497,,,,0.0,1.0,1.0,0.0,116.1,17.779419
329,4.0541,598.2,27.85,0.282709,,,,5758.0,0.902,0.887,4.475,,,,0.0,0.0,1.0,1.0,140.6,51.95045
330,6.7,,,,,,,,,,,,,,0.0,0.0,0.0,0.0,,
331,9.083,113.8,23.35,0.237273,,,,5948.0,0.901,0.954,4.508,,,,0.0,0.0,1.0,0.0,24.3,18.304235
332,2.0911,433.2,403.59,1.654364,,,,8090.0,2.234,1.828,4.002,,,,0.0,1.0,0.0,0.0,62.3,318.7812
333,11.1899,3487.5,7.67,0.056891,,,,5873.0,1.235,1.092,4.293,,,,0.0,0.0,0.0,0.0,235.7,153.20587
334,0.8774,321.5,1.25,0.016162,,,,4768.0,0.711,0.815,4.628,,,,0.0,1.0,1.0,0.0,19.6,13.76514
335,2.924,248.0,7.47,0.015428,,,,5772.0,4.434,1.657,3.364,,,,0.0,0.0,1.0,0.0,22.2,18.79983
336,3.6379,443.3,2.47,0.019228,,,,6049.0,1.176,1.14,4.353,,,,0.0,0.0,0.0,0.0,37.5,32.02532
337,4.158,178.5,1.62,0.012587,,,,6049.0,1.176,1.14,4.353,,,,0.0,0.0,0.0,0.0,10.9,9.3422165
338,4.32,250.2,17.12,0.184858,,,,5901.0,0.848,0.938,4.553,,,,1.0,0.0,1.0,0.0,37.5,13.277703
339,3.9835,640.9,13.92,0.026104,,,,4941.0,4.885,1.808,3.317,,,,0.0,0.0,0.0,0.0,41.0,33.45524
340,4.256,186.2,3.22,0.013481,,,,6215.0,2.188,1.233,3.849,,,,1.0,0.0,1.0,1.0,136.3,11.509193
341,3.442,118.6,1.19,0.010693,,,,6253.0,1.015,0.975,4.415,,,,0.0,0.0,1.0,1.0,27.0,23.055124
343,13.566,145.1,1.78,0.010989,,,,5676.0,1.487,1.016,4.1,,,,0.0,0.0,0.0,0.0,25.5,12.997601
344,11.284,110.4,1.55,0.009558,,,,5676.0,1.487,1.016,4.1,,,,0.0,0.0,0.0,0.0,23.6,13.00088
345,1.82542,30222.4,8.78,0.159864,,,,3807.0,0.503,0.534,4.762,,,,0.0,0.0,0.0,0.0,1252.5,1466.5692
347,5.9957,4399.1,7.48,0.066285,,,,6013.0,1.033,0.938,4.381,,,,0.0,1.0,1.0,1.0,270.1,746.497
350,3.5599,68.9,1.69,0.008919,,,,6202.0,1.733,1.162,4.026,,,,0.0,0.0,0.0,0.0,53.6,47.588837
351,6.7507,26900.0,78.54,0.418905,,,,7240.0,1.717,1.62,4.178,,,,0.0,1.0,0.0,0.0,184.3,536.976
352,3.158,570.6,14.71,0.240197,,,,3995.0,0.561,0.582,4.71,,,,0.0,0.0,1.0,0.0,35.6,30.408123
353,1.0801,324.6,1.45,0.016596,,,,5791.0,0.802,0.889,4.575,,,,0.0,1.0,1.0,1.0,63.6,31.05027
354,1.4647,340.9,1.41,0.016909,,,,5041.0,0.766,0.807,4.576,,,,0.0,0.0,0.0,0.0,73.5,38.508865
355,1.465,277.1,1.36,0.016317,,,,5041.0,0.766,0.807,4.576,,,,0.0,0.0,0.0,0.0,39.7,29.47321
356,3.1702,393.1,2.01,0.019,,,,6061.0,0.97,1.05,4.486,,,,0.0,0.0,0.0,0.0,29.8,27.037577
357,4.9658,2121.9,67.37,0.326603,,,,6266.0,1.889,1.089,3.923,,,,0.0,1.0,1.0,1.0,187.6,379.7398
358,2.3155,154.9,5.88,0.011027,,,,4941.0,4.885,1.808,3.317,,,,0.0,0.0,0.0,0.0,27.2,20.984596
359,2.5755,223.4,7.62,0.01428,,,,4941.0,4.885,1.808,3.317,,,,0.0,0.0,0.0,0.0,24.5,16.034977
360,7.46,,,,,,,,,,,,,,1.0,0.0,0.0,0.0,,
361,4.49,270.7,1.59,0.015161,,,,5982.0,0.96,1.047,4.493,,,,0.0,0.0,0.0,0.0,24.8,21.229187
362,3.733,399.6,1.81,0.019462,,,,5699.0,0.853,0.95,4.553,,,,0.0,0.0,1.0,1.0,20.1,17.754032
364,2.5903,17971.0,25.89,0.335281,,,,5534.0,0.707,0.786,4.629,,,,0.0,1.0,0.0,0.0,39.6,566.293
365,9.0419,15304.4,16.91,0.124793,,,,6715.0,1.241,1.256,4.347,,,,0.0,1.0,0.0,0.0,298.0,232.6138
366,5.9885,36348.0,56.44,0.317877,,,,5751.0,1.626,1.028,4.028,,,,0.0,1.0,1.0,1.0,154.6,1413.7612
367,11.1711,18847.8,11.36,0.132704,,,,5114.0,0.784,0.746,4.522,,,,0.0,1.0,0.0,0.0,882.6,753.4468
368,2.0141,2779.3,33.65,0.290399,,,,5555.0,1.061,0.975,4.375,,,,1.0,0.0,0.0,1.0,195.2,87.71438
369,7.012,1349.1,430.99,0.250431,,,,4283.0,15.76,0.931,2.012,,,,0.0,1.0,0.0,0.0,76.7,37.930855
370,24.249,867.5,71.39,0.258011,,,,6362.0,2.534,1.352,3.761,,,,1.0,0.0,0.0,0.0,249.3,105.717995
371,3.2797,625.6,2436.69,0.219949,,,,3598.0,101.451,1.679,0.65,,,,0.0,1.0,0.0,0.0,56.3,345.61978
372,2.6897,2144.4,68.02,0.321419,,,,8214.0,1.938,1.737,4.104,,,,0.0,1.0,0.0,0.0,221.1,271.87634
373,3.686,32.8,2.98,0.005126,,,,5066.0,5.324,1.372,3.122,,,,1.0,0.0,0.0,0.0,6.1,
374,5.5605,633.1,1.56,0.022007,,,,4506.0,0.651,0.654,4.626,,,,0.0,1.0,1.0,1.0,66.9,25.79307
375,12.249,4158.1,12.1,0.063536,,,,6038.0,1.744,1.341,4.082,,,,0.0,0.0,0.0,0.0,60.9,97.08831
376,4.645,568.9,2.54,0.021839,,,,5839.0,1.067,0.881,4.327,,,,0.0,0.0,0.0,0.0,29.8,24.106216
377,3.529,246.8,1.67,0.014341,,,,5839.0,1.067,0.881,4.327,,,,0.0,0.0,0.0,0.0,17.7,16.315655
378,7.358,507.8,2.39,0.02055,,,,5839.0,1.067,0.881,4.327,,,,0.0,0.0,0.0,0.0,15.5,12.3348
379,3.198,447.8,2.39,0.020505,,,,5839.0,1.067,0.881,4.327,,,,0.0,0.0,0.0,0.0,11.8,8.868775
380,1.7086,196.0,1.54,0.012766,,,,5553.0,1.107,0.933,4.32,,,,0.0,0.0,0.0,0.0,21.1,18.573778
381,8.733,570.3,2.33,0.021892,,,,6085.0,0.973,0.976,4.451,,,,0.0,0.0,0.0,0.0,35.2,28.379602
382,4.6142,414.5,2.48,0.018556,,,,5952.0,1.225,1.059,4.287,,,,0.0,0.0,0.0,0.0,42.2,34.323463
383,6.536,503.0,2.73,0.020442,,,,5952.0,1.225,1.059,4.287,,,,0.0,0.0,0.0,0.0,36.1,27.41206
384,2.926,400.9,25.2,0.216054,,,,5766.0,1.068,0.96,4.363,,,,0.0,0.0,1.0,1.0,24.0,20.831997
385,6.0175,270.6,2.03,0.014939,,,,5765.0,1.242,0.968,4.236,,,,0.0,0.0,0.0,0.0,38.7,31.18083
386,4.211,4843.9,8.96,0.082423,,,,6122.0,0.996,1.07,4.471,,,,0.0,1.0,1.0,0.0,115.3,153.25153
387,3.5734,1916.2,5.09,0.051164,,,,5778.0,0.911,1.028,4.531,,,,0.0,1.0,1.0,1.0,103.4,171.71877
388,1.8592,2547.4,19.0,0.316337,,,,3920.0,0.55,0.554,4.7,,,,0.0,1.0,1.0,1.0,182.2,34.32543
389,1.8946,2006.2,97.27,0.319369,,,,6261.0,2.789,1.378,3.686,,,,0.0,1.0,1.0,0.0,148.0,284.539
390,23.546,3414.4,34.14,0.366484,,,,5587.0,0.853,0.894,4.528,,,,0.0,1.0,1.0,0.0,103.4,78.88679
391,8.6388,2894.1,7.14,0.049363,,,,6198.0,1.324,1.101,4.237,,,,0.0,0.0,0.0,0.0,243.5,143.3882
392,7.694,780.4,7.41,0.039041,,,,7443.0,1.739,1.616,4.166,,,,0.0,0.0,0.0,0.0,24.2,
393,1.5693,790.1,2.29,0.025717,,,,5296.0,0.815,0.911,4.576,,,,0.0,0.0,0.0,0.0,19.4,116.715004
394,2.231,260.5,1.42,0.014608,,,,5346.0,0.892,0.799,4.44,,,,0.0,0.0,1.0,0.0,22.2,22.377123
395,3.0472,517.6,1.92,0.020743,,,,5251.0,0.849,0.821,4.494,,,,0.0,0.0,0.0,0.0,38.4,40.58191
396,7.158,445.9,1.75,0.018858,,,,5251.0,0.849,0.821,4.494,,,,0.0,0.0,0.0,0.0,17.4,12.8004465
397,2.9254,178.2,1.67,0.01238,,,,5873.0,1.235,1.092,4.293,,,,0.0,0.0,0.0,0.0,48.8,35.878597
398,3.568,78.7,15.33,0.008278,,,,5234.0,16.959,2.698,2.41,,,,1.0,0.0,0.0,0.0,8.6,
399,4.737,1269.9,38.6,0.285292,,,,5589.0,1.239,0.873,4.193,,,,0.0,1.0,1.0,1.0,59.2,70.08347
400,10.232,232.5,20.42,0.127275,,,,7117.0,1.469,1.18,4.176,,,,0.0,0.0,0.0,0.0,54.4,
401,2.8239,36.7,0.98,0.005894,,,,6802.0,1.521,1.069,4.103,,,,0.0,0.0,1.0,1.0,34.7,21.982012
402,5.4126,2931.6,40.15,0.335735,,,,6148.0,1.095,0.969,4.346,,,,0.0,1.0,1.0,0.0,58.1,49.256535
403,1.9826,182.6,1.68,0.015686,,,,5751.0,0.983,0.987,4.447,,,,0.0,0.0,0.0,0.0,38.0,32.216377
404,6.2877,148.1,3.51,0.011202,,,,6353.0,2.867,1.497,3.698,,,,0.0,0.0,0.0,0.0,38.9,24.66807
406,2.3145,58.0,0.65,0.006839,,,,5370.0,0.874,0.869,4.494,,,,0.0,0.0,0.0,1.0,27.2,22.17508
408,2.4904,1419.6,2.01,0.033251,,,,4362.0,0.554,0.59,4.722,,,,0.0,0.0,0.0,0.0,28.1,23.276466
410,2.335,531.5,1.23,0.020401,,,,4362.0,0.554,0.59,4.722,,,,0.0,0.0,0.0,0.0,14.9,12.624357
411,6.8491,747.5,3.63,0.025079,,,,6198.0,1.324,1.101,4.237,,,,0.0,0.0,0.0,0.0,79.3,49.846386
412,1.0246,200.9,1.21,0.012917,,,,5511.0,0.857,0.96,4.554,,,,0.0,0.0,0.0,0.0,41.0,41.68947
413,2.715,801.5,2.18,0.025572,,,,5095.0,0.78,0.816,4.566,,,,0.0,0.0,0.0,0.0,41.9,68.87667
414,3.587,764.2,2.82,0.033128,,,,5095.0,0.78,0.816,4.566,,,,0.0,0.0,0.0,0.0,26.3,34.57784
415,4.1135,9883.0,16.59,0.173832,,,,5619.0,0.874,0.956,4.536,,,,0.0,0.0,0.0,0.0,63.0,
416,2.0799,1145.5,2.92,0.030636,,,,5619.0,0.874,0.956,4.536,,,,0.0,0.0,1.0,1.0,121.1,94.88382
417,2.8021,7765.0,12.14,0.081878,,,,6063.0,1.358,1.227,4.261,,,,0.0,0.0,0.0,0.0,1225.3,1388.9977
418,0.9361,536.7,5.85,0.292493,,,,3337.0,0.183,0.164,5.126,,,,0.0,0.0,1.0,0.0,37.3,26.999758
419,1.3712,129.2,1.14,0.010229,,,,5366.0,1.02,0.875,4.363,,,,0.0,0.0,0.0,0.0,21.6,18.100561
420,6.3461,284.7,2.98,0.0187,,,,6021.0,1.458,0.96,4.093,,,,0.0,0.0,0.0,0.0,33.4,21.105242
421,4.66,124.5,1.7,0.010702,,,,6021.0,1.458,0.96,4.093,,,,0.0,0.0,0.0,0.0,20.9,16.059935
422,8.536,242.9,2.96,0.018577,,,,6021.0,1.458,0.96,4.093,,,,0.0,0.0,0.0,0.0,22.8,10.584614
423,2.288,48.3,0.62,0.006462,,,,5370.0,0.874,0.869,4.494,,,,0.0,0.0,1.0,0.0,16.5,16.048447
424,23.2842,66894.0,20.06,0.233128,,,,4889.0,0.788,0.839,4.569,,,,0.0,1.0,0.0,0.0,765.0,5430.748
425,4.47001,61625.1,53.25,0.470267,,,,5850.0,1.037,0.994,4.404,,,,0.0,1.0,0.0,0.0,930.3,6249.406
426,3.5289,2468.5,35.27,0.353039,,,,5705.0,0.915,0.865,4.452,,,,0.0,1.0,1.0,0.0,245.6,53.333557
427,1.4451,1907.4,32.11,0.314173,,,,5941.0,0.936,1.019,4.504,,,,0.0,1.0,0.0,0.0,185.0,37.517426
428,5.7401,2124.3,37.47,0.320114,,,,6110.0,1.072,0.944,4.352,,,,0.0,1.0,1.0,1.0,102.8,129.48871
429,5.668,1086.1,2.28,0.029542,,,,4736.0,0.708,0.791,4.624,,,,0.0,0.0,0.0,0.0,34.5,26.765734
430,2.95,564.6,24.17,0.214695,,,,6277.0,1.031,1.085,4.449,,,,0.0,0.0,0.0,1.0,64.8,
431,0.9267,563.1,1.01,0.021901,,,,3683.0,0.424,0.454,4.84,,,,0.0,0.0,0.0,0.0,19.6,16.614893
432,1.1899,376.2,1.16,0.017601,,,,4109.0,0.602,0.621,4.672,,,,0.0,0.0,0.0,0.0,22.6,13.5764885
433,5.0197,653.5,3.39,0.023452,,,,6198.0,1.324,1.101,4.237,,,,0.0,0.0,0.0,0.0,80.8,58.810806
434,6.122,910.0,3.7,0.03477,,,,5779.0,0.974,1.037,4.477,,,,0.0,0.0,0.0,0.0,25.3,21.641197
436,51.349,25457.2,175.98,0.150573,,,,5355.0,10.703,2.372,2.754,,,,0.0,0.0,0.0,0.0,1328.2,
437,2.0584,300.2,1.62,0.015945,,,,5547.0,0.933,0.897,4.451,,,,0.0,0.0,0.0,0.0,32.4,27.932955
438,5.678,398.6,2.41,0.018094,,,,5782.0,1.22,1.035,4.28,,,,0.0,0.0,0.0,0.0,26.2,22.90132
439,3.439,355.6,1.75,0.018296,,,,5830.0,0.876,0.97,4.54,,,,0.0,0.0,0.0,0.0,23.0,19.608992
440,5.234,115.4,1.74,0.010952,,,,6021.0,1.458,0.96,4.093,,,,0.0,0.0,0.0,0.0,15.7,9.742977
441,10.168,944.3,6.85,0.033104,,,,9651.0,1.895,2.219,4.229,,,,0.0,1.0,1.0,1.0,86.2,128.61981
442,6.057,434.4,2.02,0.019015,,,,5907.0,0.973,0.961,4.445,,,,0.0,0.0,0.0,0.0,28.3,23.559824
443,2.406,85.3,2.02,0.008928,,,,7839.0,2.069,1.878,4.08,,,,0.0,1.0,1.0,0.0,21.0,19.1527
444,5.5418,273106.0,102.08,0.590496,,,,6214.0,1.583,0.959,4.021,,,,0.0,1.0,0.0,0.0,3420.3,6984.414
445,4.999,20703.0,67.35,0.414215,,,,6424.0,1.489,1.243,4.186,,,,0.0,1.0,0.0,0.0,717.4,3460.628
446,3.1424,1138.5,65.25,0.294213,,,,8601.0,2.031,2.063,4.137,,,,0.0,1.0,1.0,1.0,253.4,372.38715
447,2.7361,473.0,1.85,0.019376,,,,5192.0,0.873,0.856,4.489,,,,0.0,0.0,0.0,0.0,115.4,83.910446
448,3.0122,2010.3,5.33,0.052382,,,,5887.0,0.931,0.998,4.499,,,,0.0,1.0,0.0,0.0,100.0,92.25623
449,22.695,778.9,3.6,0.03286,,,,5334.0,1.004,0.865,4.372,,,,0.0,1.0,1.0,1.0,55.9,34.874847
450,3.4045,611.4,2.26,0.022482,,,,5831.0,0.921,1.016,4.517,,,,0.0,0.0,0.0,0.0,34.1,27.617281
451,1.05299,1996.3,26.67,0.314771,,,,5496.0,0.776,0.869,4.592,,,,0.0,1.0,0.0,0.0,251.9,48.94539
452,3.68,802.8,21.81,0.246924,,,,5497.0,0.809,0.907,4.577,,,,0.0,0.0,1.0,0.0,48.2,38.012753
453,2.4546,903.9,67.17,0.286516,,,,6028.0,2.147,1.148,3.835,,,,0.0,1.0,1.0,0.0,86.1,77.46429
454,3.02,903.5,23.05,0.261231,,,,5628.0,0.808,0.903,4.575,,,,1.0,0.0,0.0,1.0,82.4,7.880389
455,3.902,864.3,3.29,0.033266,,,,5705.0,0.905,0.943,4.499,,,,0.0,0.0,0.0,0.0,37.0,31.579298
457,3.215,236.6,1.45,0.015111,,,,5830.0,0.876,0.97,4.54,,,,0.0,0.0,0.0,0.0,19.4,16.736902
459,14.581,1058.5,22.32,0.256824,,,,5372.0,0.796,0.892,4.584,,,,0.0,1.0,1.0,1.0,65.8,42.296284
460,14.755,2017.9,24.6,0.30359,,,,5198.0,0.742,0.813,4.604,,,,0.0,1.0,1.0,1.0,79.4,54.20952
461,17.573,5559.7,4.5,0.043076,,,,6052.0,0.956,0.923,4.442,,,,0.0,0.0,0.0,0.0,414.4,
462,2.4775,5144.4,27.36,0.112808,,,,5996.0,2.221,1.43,3.901,,,,0.0,1.0,0.0,0.0,175.9,292.2909
463,4.4085,20901.0,16.94,0.150191,,,,6210.0,1.033,1.093,4.45,,,,0.0,1.0,0.0,0.0,282.6,1090.1306
465,4.87326,43546.7,49.82,0.333723,,,,6025.0,1.367,1.18,4.237,,,,0.0,1.0,0.0,0.0,938.2,958.1763
466,3.1793,1223.7,14.35,0.043891,,,,5970.0,2.994,1.359,3.619,,,,0.0,1.0,1.0,1.0,73.9,54.69574
467,2.9385,1074.9,2.86,0.030316,,,,5074.0,0.863,0.809,4.474,,,,0.0,0.0,0.0,0.0,74.0,60.56746
468,3.727,224.1,1.39,0.013795,,,,5831.0,0.921,1.016,4.517,,,,0.0,0.0,0.0,0.0,10.7,10.879341
470,1.6191,197.6,1.16,0.012716,,,,5487.0,0.832,0.924,4.563,,,,0.0,0.0,0.0,0.0,82.6,24.318182
471,1.812,274.4,1.48,0.015988,,,,5093.0,0.847,0.794,4.483,,,,0.0,0.0,0.0,0.0,16.9,13.62336
472,2.7644,39043.0,20.05,0.206038,,,,5747.0,0.891,0.948,4.514,,,,0.0,1.0,0.0,0.0,349.2,2389.997
473,3.2917,7829.2,13.63,0.111651,,,,6289.0,1.118,1.164,4.407,,,,0.0,0.0,1.0,1.0,124.6,1057.6815
474,2.396,381.3,3.32,0.019666,,,,5570.0,1.548,1.019,4.066,,,,0.0,0.0,1.0,1.0,27.1,25.102118
475,1.5662,456.7,19.51,0.215255,,,,5958.0,0.83,0.917,4.561,,,,0.0,1.0,1.0,0.0,53.7,23.060286
476,5.731,597.8,3.42,0.023572,,,,6157.0,1.33,1.08,4.224,,,,0.0,0.0,0.0,0.0,31.3,26.200382
477,4.885,271.8,2.2,0.015115,,,,6157.0,1.33,1.08,4.224,,,,0.0,0.0,0.0,0.0,16.4,13.772278
478,7.381,471.2,3.02,0.020763,,,,6157.0,1.33,1.08,4.224,,,,0.0,0.0,0.0,0.0,18.5,15.469929
480,5.31,87750.0,36.14,0.273088,,,,6018.0,1.212,1.142,4.327,,,,0.0,1.0,0.0,0.0,704.5,806.9931
481,4.2647,1331.4,2.54,0.032537,,,,4987.0,0.716,0.749,4.602,,,,0.0,0.0,0.0,0.0,41.9,31.120844
482,2.708,931.5,2.18,0.027927,,,,4987.0,0.716,0.749,4.602,,,,0.0,0.0,0.0,0.0,14.0,13.270042
483,1.3078,82.2,0.82,0.00864,,,,6021.0,0.873,0.958,4.537,,,,0.0,0.0,1.0,0.0,33.1,25.669666
484,13.135,313.9,3.71,0.016213,,,,6207.0,2.097,1.472,3.963,,,,0.0,0.0,0.0,0.0,54.8,31.337997
485,1.6345,308.7,1.56,0.016558,,,,5074.0,0.863,0.809,4.474,,,,0.0,0.0,0.0,0.0,29.5,24.837725
487,3.6813,549.1,2.98,0.0211,,,,5529.0,1.294,0.947,4.19,,,,0.0,0.0,0.0,0.0,31.5,27.650803
488,8.042,1396.2,4.75,0.033622,,,,5529.0,1.294,0.947,4.19,,,,0.0,0.0,0.0,0.0,30.5,20.731815
490,4.9095,10624.3,37.15,0.390092,,,,5542.0,0.872,0.919,4.52,,,,0.0,1.0,1.0,1.0,146.3,319.5286
491,3.2641,952.7,2.63,0.027629,,,,5192.0,0.873,0.856,4.489,,,,0.0,0.0,0.0,0.0,178.0,134.0802
492,8.702,5450.0,29.55,0.35047,,,,5055.0,0.772,0.8,4.566,,,,1.0,0.0,1.0,1.0,63.2,118.214294
493,7.13,,,,,,,,,,,,,,1.0,0.0,1.0,1.0,,69.270386
494,3.9722,1345.8,43.98,0.29077,,,,6243.0,1.385,1.049,4.176,,,,1.0,0.0,1.0,0.0,117.7,15.544951
495,6.11,,,,,,,,,,,,,,1.0,0.0,1.0,1.0,,15.281442
496,3.685,628.7,2.73,0.025658,,,,5779.0,0.974,1.037,4.477,,,,0.0,0.0,0.0,0.0,23.0,18.86908
497,5.464,641.8,4.14,0.038915,,,,5779.0,0.974,1.037,4.477,,,,0.0,0.0,0.0,0.0,12.2,10.06212
498,6.344,340.1,2.0,0.01755,,,,6309.0,1.044,1.096,4.441,,,,0.0,0.0,0.0,0.0,28.0,23.695898
499,5.4566,395.9,5.99,0.017995,,,,5684.0,3.046,1.536,3.657,,,,0.0,0.0,0.0,0.0,38.6,29.92835
501,18.503,266.8,3.42,0.014948,,,,6207.0,2.097,1.472,3.963,,,,0.0,0.0,0.0,0.0,29.0,14.671156
502,1.8069,135.2,1.17,0.010446,,,,5405.0,1.022,0.902,4.374,,,,0.0,0.0,0.0,0.0,23.4,19.787588
503,7.5385,28066.3,40.35,0.151129,,,,5463.0,2.445,1.343,3.79,,,,0.0,1.0,0.0,0.0,425.6,555.9562
504,2.7391,2721.7,4.86,0.047309,,,,5751.0,0.94,1.038,4.508,,,,0.0,1.0,1.0,1.0,63.7,272.29364
505,8.4559,4634.9,5.17,0.060738,,,,5123.0,0.779,0.737,4.523,,,,0.0,0.0,0.0,0.0,155.0,123.23527
506,1.8596,219.2,1.29,0.013798,,,,5639.0,0.859,0.959,4.551,,,,0.0,0.0,1.0,1.0,45.5,16.501024
507,3.517,477.4,1.95,0.02174,,,,5676.0,0.82,0.865,4.548,,,,0.0,0.0,0.0,0.0,38.0,33.04488
508,2.394,104.1,1.25,0.009463,,,,5580.0,1.205,0.886,4.223,,,,0.0,1.0,1.0,1.0,19.3,13.162593
509,3.8077,12440.0,12.05,0.102677,,,,6322.0,1.075,1.124,4.426,,,,0.0,0.0,0.0,0.0,100.8,655.8089
510,1.9405,4702.6,18.66,0.073911,,,,6324.0,2.312,1.23,3.8,,,,0.0,0.0,1.0,0.0,269.8,1166.5054
511,3.4209,6496.0,15.25,0.290396,,,,4457.0,0.481,0.494,4.767,,,,1.0,0.0,0.0,0.0,63.4,67.65573
512,2.917,4456.8,35.8,0.356333,,,,5908.0,0.92,0.993,4.507,,,,0.0,1.0,1.0,0.0,78.7,85.956215
513,5.63,426.6,3.28,0.024717,,,,6506.0,1.217,1.171,4.336,,,,0.0,1.0,1.0,1.0,76.4,87.26203
514,0.8875,1038.1,97.36,0.283769,,,,5679.0,3.142,1.325,3.565,,,,0.0,1.0,0.0,0.0,202.2,27.437218
515,2.0295,643.4,1.38,0.023129,,,,3968.0,0.548,0.567,4.714,,,,0.0,0.0,0.0,0.0,20.8,17.514835
516,2.2911,417.4,1.58,0.018377,,,,5311.0,0.788,0.884,4.588,,,,0.0,0.0,0.0,0.0,27.9,24.505842
517,2.991,547.3,2.74,0.028601,,,,5815.0,0.877,0.973,4.54,,,,0.0,0.0,1.0,0.0,34.0,30.965673
518,3.0896,2318.9,4.56,0.042884,,,,5188.0,0.973,0.868,4.4,,,,0.0,0.0,0.0,0.0,116.2,104.35038
519,7.03515,7382.3,77.76,0.076351,,,,5313.0,9.327,2.736,2.936,,,,0.0,1.0,0.0,0.0,603.0,431.7975
520,1.8888,705.4,2.74,0.025814,,,,5188.0,0.973,0.868,4.4,,,,0.0,0.0,0.0,0.0,45.5,39.68937
521,2.8579,2398.8,5.34,0.050261,,,,5188.0,0.973,0.868,4.4,,,,0.0,0.0,0.0,0.0,56.7,51.427
522,2.006,1357.4,2.9,0.033306,,,,5177.0,0.798,0.91,4.59,,,,0.0,0.0,0.0,0.0,53.2,44.959515
523,3.41018,2269.7,4.91,0.042627,,,,5356.0,1.055,0.882,4.338,,,,0.0,0.0,0.0,0.0,437.5,366.27887
524,3.576,3472.0,19.68,0.337572,,,,3900.0,0.534,0.555,4.727,,,,0.0,1.0,0.0,0.0,37.5,38.135956
525,3.675,442.0,2.01,0.01917,,,,5922.0,0.961,1.002,4.474,,,,0.0,0.0,0.0,0.0,23.1,19.42022
526,4.1904,18904.0,38.98,0.173539,,,,5367.0,2.057,0.935,3.783,,,,1.0,0.0,0.0,0.0,66.7,164.4163
527,3.659,254.0,1.17,0.014236,,,,5037.0,0.751,0.727,4.547,,,,0.0,0.0,1.0,0.0,17.1,15.175163
528,5.0,,,,,,,,,,,,,,1.0,0.0,0.0,0.0,,
529,0.926,317.9,1.37,0.016876,,,,5409.0,0.746,0.835,4.609,,,,0.0,0.0,0.0,1.0,21.7,16.816261
530,3.6496,1479.0,3.93,0.038633,,,,5575.0,0.932,1.051,4.521,,,,0.0,0.0,0.0,0.0,302.2,
531,1.4598,1264.7,1.65,0.032813,,,,3789.0,0.46,0.467,4.781,,,,0.0,0.0,0.0,0.0,47.8,38.8198
532,1.3692,1632.3,2.05,0.040795,,,,3789.0,0.46,0.467,4.781,,,,0.0,0.0,0.0,0.0,39.6,29.299326
533,2.6657,1629.8,1.87,0.037174,,,,3789.0,0.46,0.467,4.781,,,,0.0,0.0,0.0,0.0,28.9,22.192923
534,2.3857,2017.7,26.35,0.286276,,,,5665.0,0.843,0.928,4.554,,,,0.0,0.0,0.0,0.0,170.0,
535,5.6897,555.3,2.0,0.02097,,,,5192.0,0.873,0.856,4.489,,,,0.0,0.0,0.0,0.0,66.8,44.07612
536,2.759,251.7,1.44,0.016528,,,,5970.0,0.796,0.847,4.564,,,,0.0,0.0,1.0,1.0,27.2,21.772808
538,2.1059,369.5,0.74,0.017457,,,,3569.0,0.389,0.4,4.861,,,,0.0,0.0,0.0,0.0,18.3,14.411312
539,2.957,79.8,1.19,0.008932,,,,6180.0,1.223,0.997,4.262,,,,0.0,0.0,1.0,1.0,26.7,22.632936
540,2.2753,777.7,2.31,0.024764,,,,5052.0,0.855,0.805,4.48,,,,0.0,0.0,0.0,0.0,50.7,42.125446
541,2.5048,1867.7,4.43,0.047945,,,,5330.0,0.847,0.819,4.495,,,,0.0,1.0,1.0,0.0,156.5,139.40195
542,5.985,537.4,2.4,0.021322,,,,6297.0,1.031,1.084,4.448,,,,0.0,0.0,0.0,0.0,27.3,19.885572
543,6.894,680.9,2.7,0.023993,,,,6297.0,1.031,1.084,4.448,,,,0.0,0.0,0.0,0.0,28.9,21.326845
544,3.447,1273.0,4.42,0.042256,,,,6014.0,0.958,1.043,4.494,,,,0.0,1.0,1.0,1.0,36.7,54.38567
545,7.53837,47302.6,19.81,0.202041,,,,6038.0,0.898,0.982,4.524,,,,0.0,1.0,0.0,0.0,2561.1,2130.468
546,2.3499,861.4,3.78,0.038794,,,,5741.0,0.893,0.901,4.491,,,,0.0,0.0,1.0,1.0,63.0,45.719135
547,1.252,714.1,19.07,0.229228,,,,5572.0,0.762,0.853,4.597,,,,0.0,1.0,0.0,0.0,93.3,12.037272
548,3.1518,1473.0,2.04,0.037282,,,,4719.0,0.502,0.52,4.753,,,,0.0,0.0,0.0,0.0,35.9,33.497635
549,4.4481,565.4,4.39,0.021623,,,,5897.0,1.86,1.204,3.98,,,,0.0,0.0,0.0,0.0,50.4,38.593414
550,2.1188,308.5,1.35,0.016192,,,,5222.0,0.763,0.717,4.528,,,,0.0,1.0,1.0,1.0,44.3,18.011961
552,2.591,418.3,1.67,0.018135,,,,4999.0,0.843,0.8,4.49,,,,0.0,0.0,0.0,0.0,19.0,15.91325
553,2.19,302.3,1.42,0.01546,,,,4999.0,0.843,0.8,4.49,,,,0.0,0.0,0.0,0.0,16.2,11.0181
554,1.2592,224.6,1.25,0.013587,,,,4999.0,0.843,0.8,4.49,,,,0.0,0.0,0.0,0.0,16.5,13.65327
555,5.046,182.3,2.07,0.013423,,,,6071.0,1.41,1.156,4.202,,,,0.0,0.0,0.0,0.0,27.7,23.003267
556,6.22,125.5,1.71,0.011085,,,,6071.0,1.41,1.156,4.202,,,,0.0,0.0,0.0,0.0,14.3,10.748279
557,1.29,,,,,,,,,,,,,,1.0,0.0,0.0,0.0,,
558,1.8361,76.7,0.9,0.007964,,,,5718.0,1.037,0.974,4.395,,,,0.0,0.0,0.0,0.0,38.7,29.277885
559,3.4167,210.2,1.22,0.013143,,,,5528.0,0.853,0.838,4.499,,,,0.0,0.0,0.0,0.0,36.7,29.555204
560,3.245,124.1,0.94,0.010073,,,,5528.0,0.853,0.838,4.499,,,,0.0,0.0,0.0,0.0,25.6,21.517443
561,3.6567,1585.1,1.83,0.036375,,,,3755.0,0.461,0.47,4.781,,,,0.0,0.0,0.0,0.0,53.8,45.70763
562,3.984,907.5,2.37,0.028979,,,,5474.0,0.749,0.831,4.605,,,,0.0,0.0,0.0,0.0,35.6,30.480999
563,5.41382,13714.8,21.95,0.112571,,,,6129.0,1.786,1.14,3.991,,,,0.0,1.0,0.0,0.0,1405.6,1312.7156
564,4.0168,1145.9,3.24,0.032795,,,,5997.0,0.904,0.991,4.522,,,,0.0,0.0,0.0,0.0,66.7,52.609734
566,3.4872,2141.4,4.18,0.043296,,,,4954.0,0.885,0.827,4.462,,,,0.0,0.0,0.0,0.0,116.2,103.2579
567,3.5252,3269.0,5.94,0.05159,,,,5356.0,1.055,0.882,4.338,,,,0.0,0.0,0.0,0.0,456.8,399.39264
568,3.585,157.9,2.36,0.011602,,,,5897.0,1.86,1.204,3.98,,,,0.0,0.0,0.0,0.0,19.0,15.518525
569,1.1264,712.4,2.93,0.035102,,,,5238.0,0.764,0.854,4.598,,,,0.0,0.0,1.0,0.0,43.0,36.521767
570,4.445,826.9,3.24,0.030722,,,,5568.0,0.966,0.882,4.413,,,,0.0,0.0,0.0,0.0,46.0,39.719036
571,2.76,158.7,37.99,0.163795,,,,5300.0,2.124,0.804,3.69,,,,0.0,0.0,1.0,0.0,17.4,14.4507
572,3.79,,,,,,,,,,,,,,1.0,0.0,0.0,0.0,,
573,3.548,325.8,1.52,0.016434,,,,5795.0,0.848,0.938,4.554,,,,0.0,0.0,0.0,0.0,21.6,18.445663
574,3.6895,2250.0,7.62,0.052355,,,,6968.0,1.333,1.333,4.31,,,,0.0,1.0,0.0,0.0,170.1,182.14682
575,1.3362,185.8,1.19,0.012855,,,,5668.0,0.849,0.938,4.552,,,,0.0,0.0,1.0,0.0,34.7,27.417156
576,1.84,306.8,0.9,0.016108,,,,3975.0,0.509,0.535,4.753,,,,0.0,0.0,0.0,0.0,12.6,12.748605
577,6.633,469.2,2.21,0.019867,,,,6036.0,1.017,0.939,4.396,,,,0.0,0.0,0.0,0.0,36.1,32.011665
578,4.0245,2133.0,36.87,0.298025,,,,6307.0,1.133,1.152,4.391,,,,0.0,1.0,1.0,1.0,238.6,61.257576
579,7.7643,956.9,4.32,0.028038,,,,5774.0,1.412,1.048,4.159,,,,0.0,0.0,0.0,0.0,200.0,170.09213
580,3.451,82670.0,14.45,0.27118,,,,3801.0,0.488,0.517,4.776,,,,0.0,1.0,1.0,0.0,314.1,4806.858
581,2.07171,33117.3,57.77,0.499997,,,,6340.0,1.058,1.106,4.434,,,,1.0,0.0,0.0,0.0,578.6,751.6766
583,6.6522,2936.6,25.54,0.326591,,,,5252.0,0.716,0.737,4.596,,,,0.0,0.0,1.0,1.0,549.5,592.01166
584,1.5261,3018.9,5.65,0.062711,,,,5337.0,0.825,0.76,4.486,,,,0.0,1.0,0.0,0.0,179.0,137.55992
585,3.9616,1140.8,3.05,0.031582,,,,4954.0,0.885,0.827,4.462,,,,0.0,0.0,0.0,0.0,41.9,34.598507
586,2.1979,1525.2,1.94,0.035599,,,,3731.0,0.498,0.509,4.75,,,,0.0,0.0,0.0,0.0,56.6,44.165905
587,2.3742,1367.6,1.83,0.0337,,,,3731.0,0.498,0.509,4.75,,,,0.0,0.0,0.0,0.0,44.8,31.796968
588,3.3002,1925.1,2.17,0.039959,,,,3731.0,0.498,0.509,4.75,,,,0.0,0.0,0.0,0.0,46.4,31.423384
589,1.6776,614.1,1.23,0.022623,,,,3731.0,0.498,0.509,4.75,,,,0.0,0.0,0.0,0.0,28.6,15.251865
590,0.6688,843.3,1.47,0.027073,,,,3731.0,0.498,0.509,4.75,,,,0.0,0.0,0.0,0.0,45.3,11.133046
591,6.4345,10510.4,38.81,0.283169,,,,6161.0,1.255,1.095,4.281,,,,0.0,1.0,0.0,0.0,628.1,570.40247
592,2.0543,639.7,18.93,0.242745,,,,5414.0,0.714,0.792,4.625,,,,0.0,0.0,1.0,1.0,42.9,11.876604
593,4.664,1006.2,2.7,0.028791,,,,5687.0,0.86,0.93,4.538,,,,0.0,0.0,0.0,0.0,29.5,25.10813
594,3.923,819.6,1.71,0.025159,,,,4502.0,0.621,0.662,4.668,,,,0.0,0.0,1.0,1.0,39.7,40.85747
595,1.8923,820.1,1.86,0.026906,,,,4252.0,0.632,0.637,4.64,,,,0.0,0.0,0.0,0.0,51.7,44.489746
596,1.9811,315.1,2.03,0.017643,,,,5356.0,1.055,0.882,4.338,,,,0.0,0.0,0.0,0.0,67.5,50.787594
597,1.1507,4993.8,26.93,0.349278,,,,5286.0,0.706,0.731,4.604,,,,0.0,1.0,1.0,0.0,272.0,85.14157
598,10.1289,8244.1,9.83,0.083303,,,,5822.0,1.081,0.957,4.351,,,,0.0,0.0,0.0,0.0,318.3,229.12724
599,2.6969,1843.4,5.1,0.043209,,,,5822.0,1.081,0.957,4.351,,,,0.0,0.0,0.0,0.0,90.1,81.52411
600,1.6477,4952.0,72.52,0.369981,,,,6089.0,1.795,1.299,4.044,,,,0.0,1.0,1.0,0.0,180.6,230.32713
601,19.292,7019.0,9.84,0.082932,,,,6384.0,1.086,1.129,4.419,,,,0.0,1.0,0.0,1.0,56.0,1117.0217
602,2.3808,2025.1,31.52,0.284068,,,,5973.0,1.016,1.099,4.465,,,,0.0,0.0,0.0,0.0,236.9,
603,6.551,1717.5,149.71,0.317424,,,,5438.0,4.319,1.807,3.424,,,,0.0,0.0,1.0,1.0,365.7,293.41263
604,6.788,402.5,2.08,0.018468,,,,6341.0,1.033,1.083,4.446,,,,0.0,0.0,1.0,1.0,30.7,22.512974
605,5.796,2486.6,5.4,0.056124,,,,5043.0,0.881,0.834,4.47,,,,0.0,0.0,0.0,0.0,61.9,58.213543
606,3.5641,1154.8,2.77,0.034865,,,,5333.0,0.728,0.813,4.62,,,,0.0,0.0,0.0,0.0,38.0,32.675938
607,3.7419,385.2,1.94,0.017666,,,,5334.0,1.004,0.865,4.372,,,,0.0,0.0,0.0,0.0,35.1,27.37242
608,2.7316,2608.1,4.66,0.046303,,,,5739.0,0.922,1.021,4.518,,,,0.0,0.0,0.0,0.0,166.3,152.47115
609,3.16877,4590.6,21.42,0.064717,,,,9107.0,3.031,2.466,3.867,,,,0.0,1.0,0.0,0.0,4061.9,6790.604
610,4.589,6536.0,10.63,0.074468,,,,6490.0,1.307,1.304,4.32,,,,0.0,0.0,0.0,0.0,794.3,782.15466
611,3.211,834.9,3.1,0.031988,,,,5926.0,0.887,0.978,4.532,,,,0.0,0.0,0.0,0.0,59.1,49.552048
612,4.9381,902.0,3.01,0.031099,,,,5926.0,0.887,0.978,4.532,,,,0.0,0.0,0.0,0.0,39.3,30.908642
613,5.317,1467.9,10.05,0.209206,,,,3687.0,0.44,0.459,4.813,,,,0.0,1.0,1.0,0.0,18.3,17.833073
614,3.319,283.5,34.0,0.182422,,,,5949.0,1.707,1.122,4.024,,,,0.0,0.0,1.0,1.0,35.4,31.484688
615,6.569,677.8,4.84,0.02967,,,,5821.0,1.494,1.043,4.108,,,,0.0,0.0,0.0,0.0,33.6,26.899374
616,2.235,492.1,2.79,0.020371,,,,6320.0,1.252,1.273,4.347,,,,0.0,0.0,0.0,0.0,19.3,16.374609
617,5.624,290.6,1.64,0.015571,,,,5959.0,0.966,0.983,4.46,,,,0.0,0.0,0.0,0.0,15.6,12.68478
618,3.6716,1360.1,3.07,0.036246,,,,4957.0,0.776,0.867,4.594,,,,0.0,0.0,0.0,0.0,249.7,218.05376
619,5.714,408.5,47.75,0.223797,,,,6151.0,1.954,1.158,3.92,,,,1.0,0.0,1.0,0.0,100.1,16.655014
620,4.7476,766.6,2.59,0.025279,,,,5957.0,0.937,1.026,4.506,,,,0.0,0.0,0.0,0.0,43.2,37.201897
623,7.033,401.9,2.36,0.025025,,,,5903.0,0.864,0.955,4.546,,,,0.0,0.0,0.0,0.0,28.3,
624,3.4967,798.9,2.28,0.025693,,,,5551.0,0.812,0.776,4.508,,,,0.0,0.0,0.0,0.0,147.2,132.78516
625,3.0822,421.6,2.41,0.021998,,,,5334.0,1.004,0.865,4.372,,,,0.0,0.0,0.0,0.0,24.6,20.159246
626,2.716,233.3,1.52,0.013899,,,,5334.0,1.004,0.865,4.372,,,,0.0,0.0,0.0,0.0,25.6,19.352438
627,11.5372,898.3,3.08,0.027275,,,,5751.0,1.034,0.852,4.34,,,,0.0,0.0,0.0,0.0,97.4,89.57583
628,1.771,352.3,1.92,0.01755,,,,5359.0,1.002,0.867,4.375,,,,0.0,0.0,0.0,0.0,34.7,29.484695
629,3.8633,529.8,2.45,0.021176,,,,6321.0,1.058,1.108,4.434,,,,0.0,0.0,0.0,0.0,54.3,45.437744
630,2.7144,2039.7,3.67,0.041502,,,,4743.0,0.81,0.786,4.516,,,,0.0,0.0,0.0,0.0,120.9,111.296486
631,8.2806,1444.4,31.01,0.29153,,,,6108.0,0.974,0.959,4.443,,,,0.0,0.0,1.0,0.0,139.5,42.96932
632,1.243,1300.7,2.53,0.032165,,,,4859.0,0.72,0.781,4.612,,,,0.0,0.0,0.0,0.0,60.0,96.205444
633,2.44093,36718.7,2.31,0.182308,,,,2661.0,0.116,0.094,5.283,,,,0.0,1.0,0.0,0.0,2981.3,6326.1567
634,6.37505,37545.0,15.61,0.181231,,,,5383.0,0.789,0.885,4.587,,,,0.0,1.0,0.0,0.0,1642.2,1526.5381
636,2.4894,5897.4,268.65,3.315613,,,,5415.0,0.742,0.806,4.603,,,,0.0,0.0,1.0,0.0,130.0,188.8726
637,3.3208,5811.5,14.49,0.081026,,,,6631.0,1.638,1.366,4.145,,,,0.0,1.0,1.0,0.0,603.4,1791.0647
638,6.9547,12992.2,23.76,0.118835,,,,6208.0,1.831,1.112,3.959,,,,0.0,1.0,0.0,0.0,2477.0,2029.0355
639,12.8164,2969.2,5.67,0.060156,,,,5873.0,0.863,0.954,4.547,,,,0.0,1.0,1.0,1.0,294.8,94.497665
640,6.5868,7240.1,24.19,0.125795,,,,7066.0,1.761,1.406,4.094,,,,0.0,1.0,0.0,0.0,445.7,362.06412
641,4.02,598.9,23.6,0.225166,,,,5982.0,0.96,1.047,4.493,,,,0.0,1.0,1.0,0.0,36.7,29.506588
642,3.6734,4653.6,8.19,0.061844,,,,5778.0,1.213,1.033,4.285,,,,0.0,0.0,0.0,0.0,54.7,55.328773
643,2.8437,451.1,1.45,0.018735,,,,4768.0,0.711,0.714,4.588,,,,1.0,0.0,1.0,1.0,52.4,19.317184
644,2.303,448.6,1.67,0.020993,,,,4983.0,0.728,0.836,4.617,,,,0.0,0.0,0.0,0.0,10.5,20.377878
645,6.221,536.4,4.12,0.030411,,,,5896.0,1.24,0.884,4.197,,,,0.0,0.0,0.0,0.0,31.7,26.762255
646,3.0137,363.0,2.0,0.018282,,,,5359.0,1.002,0.867,4.375,,,,0.0,0.0,0.0,0.0,28.6,22.859743
647,6.606,415.3,12.93,0.24661,,,,3682.0,0.48,0.512,4.786,,,,0.0,0.0,1.0,1.0,88.8,19.350386
648,1.7244,511.5,2.36,0.025075,,,,5357.0,0.863,0.854,4.498,,,,0.0,0.0,0.0,0.0,56.3,48.294144
649,2.7,61.4,0.68,0.007235,,,,5357.0,0.863,0.854,4.498,,,,0.0,0.0,0.0,0.0,11.4,9.91662
650,1.9374,503.0,2.8,0.025638,,,,6063.0,1.001,1.079,4.47,,,,0.0,0.0,0.0,0.0,20.8,18.007523
651,2.276,254.7,1.21,0.015329,,,,5346.0,0.725,0.81,4.621,,,,1.0,0.0,1.0,1.0,86.3,8.112607
652,0.5532,1821.0,0.78,0.048039,,,,3292.0,0.148,0.132,5.215,,,,0.0,0.0,0.0,0.0,111.4,70.81955
653,0.4445,1461.5,0.76,0.046729,,,,3292.0,0.148,0.132,5.215,,,,0.0,0.0,0.0,0.0,150.4,10.459189
654,4.4618,6165.2,13.95,0.099512,,,,6211.0,1.284,1.114,4.269,,,,0.0,1.0,0.0,0.0,806.5,734.361
655,0.4279,1124.8,0.66,0.040715,,,,3292.0,0.148,0.132,5.215,,,,0.0,0.0,0.0,0.0,56.9,33.096786
656,3.07626,6862.8,22.36,0.08215,,,,10816.0,2.493,2.76,4.086,,,,0.0,1.0,0.0,0.0,1293.1,5358.328
657,3.3208,71318.0,51.86,0.458805,,,,5730.0,1.035,1.018,4.417,,,,0.0,1.0,1.0,1.0,274.9,1292.6384
658,2.8502,3040.0,35.73,0.315234,,,,6184.0,1.038,1.1,4.448,,,,0.0,0.0,0.0,1.0,207.4,
659,2.4305,1926.6,33.01,0.315181,,,,5962.0,0.959,1.011,4.479,,,,0.0,1.0,1.0,0.0,137.5,64.74856
660,10.7381,1298.1,32.66,0.277993,,,,6306.0,1.076,1.126,4.426,,,,1.0,0.0,1.0,1.0,149.3,55.101536
661,6.8575,5536.0,9.73,0.082732,,,,5766.0,1.077,0.952,4.352,,,,0.0,1.0,1.0,1.0,157.8,262.10284
662,4.9699,1039.0,8.88,0.0882,,,,6038.0,0.922,1.0,4.508,,,,0.0,1.0,1.0,1.0,124.3,103.12402
663,1.0225,1057.7,27.21,0.380366,,,,5122.0,0.655,0.713,4.659,,,,0.0,1.0,0.0,0.0,56.3,26.984055
664,4.42,1346.6,2.83,0.034299,,,,5142.0,0.755,0.84,4.602,,,,0.0,0.0,0.0,0.0,40.8,32.536316
665,2.4184,831.3,2.32,0.028129,,,,5142.0,0.755,0.84,4.602,,,,0.0,0.0,0.0,0.0,29.3,25.364767
666,1.103,128.2,0.86,0.010487,,,,5142.0,0.755,0.84,4.602,,,,0.0,0.0,0.0,0.0,13.2,11.504973
667,4.8027,1419.1,2.19,0.033448,,,,4016.0,0.599,0.595,4.658,,,,0.0,0.0,0.0,0.0,51.8,41.289803
669,4.74,4119.2,6.39,0.06521,,,,5618.0,0.897,0.846,4.46,,,,0.0,0.0,0.0,0.0,161.5,135.41301
670,4.3823,4319.7,32.6,0.332851,,,,5618.0,0.897,0.846,4.46,,,,0.0,0.0,0.0,0.0,106.2,92.3644
671,1.9588,599.7,1.5,0.02652,,,,3883.0,0.517,0.516,4.725,,,,0.0,0.0,0.0,0.0,31.1,26.910467
672,1.4279,515.3,1.79,0.023395,,,,4815.0,0.699,0.799,4.631,,,,0.0,0.0,0.0,0.0,99.8,42.134464
673,9.992,2378.8,4.68,0.044194,,,,5644.0,0.969,0.981,4.457,,,,0.0,0.0,0.0,0.0,49.4,45.572163
674,5.1462,131.0,1.72,0.01039,,,,5761.0,1.518,1.036,4.091,,,,0.0,0.0,0.0,0.0,33.8,21.704592
677,2.0678,266.1,1.76,0.014957,,,,5534.0,1.08,0.926,4.338,,,,0.0,0.0,0.0,0.0,48.9,40.34683
678,0.9393,450.5,2.96,0.025102,,,,5534.0,1.08,0.926,4.338,,,,0.0,0.0,0.0,0.0,32.9,23.289696
679,11.721,409.3,11.64,0.024433,,,,4838.0,4.361,1.381,3.299,,,,0.0,0.0,0.0,0.0,60.9,27.981884
680,14.522,183.4,5.68,0.011923,,,,4838.0,4.361,1.381,3.299,,,,0.0,0.0,0.0,0.0,45.3,19.48658
681,2.0206,259.8,1.38,0.014432,,,,5114.0,0.878,0.817,4.463,,,,0.0,0.0,0.0,0.0,23.3,20.749485
682,2.909,202.6,1.21,0.01265,,,,5114.0,0.878,0.817,4.463,,,,0.0,0.0,0.0,0.0,14.3,11.189779
683,1.9139,210.9,1.2,0.013229,,,,5576.0,0.829,0.8,4.503,,,,0.0,0.0,0.0,0.0,22.1,17.918095
684,2.361,243.9,1.29,0.014245,,,,5576.0,0.829,0.8,4.503,,,,0.0,0.0,0.0,0.0,20.6,14.930003
685,2.661,253.2,1.31,0.014481,,,,5576.0,0.829,0.8,4.503,,,,0.0,0.0,0.0,0.0,17.4,11.950892
686,4.6919,716.4,3.11,0.025312,,,,5788.0,1.124,0.969,4.323,,,,0.0,0.0,0.0,0.0,109.3,95.65456
687,2.2746,442.7,2.18,0.02022,,,,5993.0,0.986,1.093,4.489,,,,0.0,0.0,0.0,0.0,26.4,23.153551
688,1.6408,379.8,2.03,0.018897,,,,5993.0,0.986,1.093,4.489,,,,0.0,0.0,0.0,0.0,15.2,11.391634
689,4.522,803.1,2.26,0.025636,,,,5296.0,0.808,0.821,4.538,,,,0.0,0.0,0.0,0.0,26.2,19.91233
690,3.0479,705.6,2.13,0.024103,,,,5296.0,0.808,0.821,4.538,,,,0.0,0.0,0.0,0.0,32.1,26.062698
691,2.3024,1070.7,2.11,0.031572,,,,4463.0,0.611,0.662,4.677,,,,0.0,0.0,0.0,0.0,40.3,32.21275
692,2.0831,908.9,2.08,0.03117,,,,4463.0,0.611,0.662,4.677,,,,0.0,0.0,0.0,0.0,21.3,16.82331
693,4.168,1543.6,2.63,0.039418,,,,4463.0,0.611,0.662,4.677,,,,0.0,0.0,0.0,0.0,27.5,21.88943
695,4.148,428.5,2.68,0.024611,,,,5616.0,0.999,0.903,4.394,,,,0.0,0.0,0.0,0.0,34.5,28.989138
697,1.7895,238.8,1.88,0.014604,,,,6358.0,1.181,1.125,4.346,,,,0.0,1.0,1.0,1.0,32.0,26.694933
698,4.6483,737.8,3.24,0.02533,,,,5746.0,1.173,0.927,4.266,,,,0.0,0.0,0.0,0.0,201.1,178.65834
699,2.7215,292.7,1.71,0.015724,,,,6092.0,0.998,1.074,4.471,,,,0.0,0.0,1.0,0.0,27.4,24.561169
700,5.5677,316.4,1.98,0.016377,,,,6387.0,1.105,1.145,4.41,,,,0.0,0.0,0.0,0.0,48.3,36.90624
701,4.014,394.0,1.81,0.019962,,,,5576.0,0.829,0.8,4.503,,,,0.0,0.0,0.0,0.0,14.6,9.017555
702,3.5729,780.8,3.35,0.02861,,,,5514.0,1.071,0.926,4.345,,,,0.0,0.0,0.0,0.0,33.0,27.30246
703,2.3351,564.6,2.88,0.024633,,,,5514.0,1.071,0.926,4.345,,,,0.0,0.0,0.0,0.0,28.7,23.735342
704,9.5574,1083.3,3.4,0.029761,,,,5657.0,1.046,0.921,4.364,,,,0.0,0.0,0.0,0.0,83.1,57.479816
705,5.5545,429.2,3.0,0.020294,,,,5655.0,1.354,0.947,4.152,,,,0.0,0.0,0.0,0.0,42.8,38.17304
706,3.751,707.9,2.11,0.023868,,,,5296.0,0.808,0.821,4.538,,,,0.0,0.0,0.0,0.0,27.8,22.088585
707,2.558,331.7,1.46,0.01657,,,,5296.0,0.808,0.821,4.538,,,,0.0,0.0,0.0,0.0,19.6,14.922149
708,2.1729,270.2,1.31,0.014804,,,,5296.0,0.808,0.821,4.538,,,,0.0,0.0,0.0,0.0,17.5,13.412409
709,1.3233,295.7,1.6,0.016766,,,,5650.0,0.876,0.993,4.551,,,,0.0,0.0,1.0,1.0,17.9,14.378395
710,4.6509,987.7,3.04,0.029607,,,,5798.0,0.941,1.038,4.507,,,,0.0,0.0,0.0,0.0,50.7,38.617783
711,4.801,256.4,1.6,0.014645,,,,5616.0,0.999,0.903,4.394,,,,0.0,0.0,0.0,0.0,16.6,14.513995
712,2.545,170.2,1.29,0.011806,,,,5616.0,0.999,0.903,4.394,,,,0.0,0.0,0.0,0.0,18.0,14.135632
713,6.512,322.8,1.77,0.01626,,,,5616.0,0.999,0.903,4.394,,,,0.0,0.0,0.0,0.0,15.0,11.1404295
714,3.453,616.3,2.08,0.022635,,,,5775.0,0.84,0.934,4.558,,,,0.0,0.0,0.0,0.0,20.1,19.597445
715,2.0424,246.5,1.18,0.01386,,,,4798.0,0.782,0.761,4.533,,,,0.0,0.0,0.0,0.0,23.9,18.235683
717,4.15886,20632.2,34.83,0.141141,,,,6520.0,2.26,1.3,3.844,,,,0.0,1.0,0.0,0.0,1454.3,3950.9128
718,4.2608,41924.0,19.91,0.208621,,,,5845.0,0.874,0.968,4.541,,,,0.0,1.0,0.0,0.0,396.8,1286.583
719,10.6141,51746.2,1177.65,12.009302,,,,6004.0,0.898,0.978,4.522,,,,0.0,1.0,0.0,0.0,898.4,1112.0742
720,1.7945,16185.0,45.05,0.41463,,,,6113.0,0.995,1.044,4.463,,,,0.0,1.0,1.0,1.0,272.3,417.58163
722,4.6677,288.7,3.07,0.015702,,,,6306.0,1.792,1.399,4.077,,,,0.0,0.0,0.0,0.0,50.6,36.0002
723,3.9622,451.2,4.23,0.022649,,,,5372.0,1.71,1.084,4.007,,,,0.0,0.0,0.0,0.0,31.7,27.225363
724,7.2487,630.8,6.63,0.023697,,,,6056.0,2.562,1.468,3.788,,,,0.0,0.0,0.0,0.0,54.9,46.45182
725,3.3153,249.6,2.04,0.014447,,,,6110.0,1.296,1.185,4.285,,,,0.0,0.0,0.0,0.0,25.8,22.47045
726,0.8907,143.8,1.52,0.014601,,,,5991.0,0.954,0.956,4.459,,,,0.0,1.0,1.0,0.0,48.2,10.736804
727,4.432,1109.8,3.88,0.03773,,,,5798.0,0.941,1.038,4.507,,,,0.0,0.0,0.0,0.0,29.1,22.053192
728,4.56904,7251.5,14.92,0.078272,,,,6290.0,1.746,1.319,4.074,,,,0.0,1.0,0.0,0.0,2486.5,2268.56
729,3.3759,636.3,2.08,0.024835,,,,5078.0,0.766,0.816,4.581,,,,0.0,0.0,0.0,0.0,100.3,87.53735
730,1.0258,334.8,1.55,0.016679,,,,5073.0,0.853,0.806,4.483,,,,0.0,0.0,0.0,0.0,53.8,36.96481
731,5.1095,7419.8,44.2,0.372668,,,,5714.0,1.086,0.94,4.34,,,,0.0,1.0,1.0,0.0,110.3,91.4856
732,2.6658,639.7,16.15,0.194118,,,,5758.0,0.762,0.848,4.596,,,,0.0,0.0,1.0,1.0,41.3,51.785847
733,8.587,563.9,2.2,0.022834,,,,5968.0,0.881,0.97,4.534,,,,0.0,0.0,0.0,0.0,56.4,46.191032
734,2.749,354.2,2.18,0.022657,,,,5968.0,0.881,0.97,4.534,,,,0.0,0.0,0.0,0.0,34.4,28.358614
735,2.2664,211.6,1.28,0.013262,,,,5814.0,0.881,0.944,4.523,,,,0.0,0.0,0.0,0.0,26.8,21.959381
736,3.853,348.5,1.66,0.01723,,,,5814.0,0.881,0.944,4.523,,,,0.0,0.0,0.0,0.0,24.6,20.443975
737,4.4788,895.2,269.98,0.237819,,,,5487.0,10.396,2.581,2.816,,,,1.0,0.0,1.0,0.0,203.6,86.12313
738,8.6068,2972.3,28.07,0.320559,,,,5203.0,0.802,0.75,4.504,,,,0.0,0.0,1.0,0.0,167.1,122.51739
739,2.6332,591.0,1.29,0.02196,,,,3980.0,0.54,0.56,4.722,,,,0.0,0.0,0.0,0.0,77.5,59.488434
740,5.9139,1974.1,4.4,0.040316,,,,5780.0,1.0,1.0,4.438,,,,0.0,0.0,1.0,0.0,95.5,61.00949
742,3.8552,3450.5,38.93,0.325317,,,,5874.0,1.096,0.954,4.338,,,,0.0,1.0,1.0,0.0,220.3,244.16704
743,8.653,160.6,4.26,0.01127,,,,4986.0,3.464,1.268,3.462,,,,0.0,0.0,0.0,0.0,36.9,22.157326
745,6.625,55.4,1.43,0.00812,,,,5855.0,1.613,1.266,4.125,,,,0.0,0.0,0.0,0.0,28.5,20.20837
747,4.2246,316.1,1.84,0.016083,,,,5657.0,1.046,0.921,4.364,,,,0.0,0.0,0.0,0.0,53.8,40.980724
748,3.2205,42086.0,58.56,0.601913,,,,5650.0,0.891,0.944,4.513,,,,0.0,1.0,0.0,0.0,300.6,1758.7235
749,2.8349,222.5,2.25,0.014736,,,,5611.0,1.4,0.995,4.144,,,,0.0,0.0,0.0,0.0,31.9,27.806568
750,2.2702,458.4,1.69,0.019546,,,,5679.0,0.794,0.886,4.581,,,,0.0,0.0,0.0,0.0,28.1,24.844032
751,1.756,261.2,1.45,0.015277,,,,5747.0,0.871,0.939,4.53,,,,0.0,1.0,1.0,0.0,56.9,19.69466
752,11.07,,,,,,,,,,,,,,1.0,0.0,0.0,0.0,,
753,2.5305,185.1,1.33,0.013594,,,,6063.0,0.899,0.893,4.481,,,,0.0,0.0,1.0,1.0,36.9,27.81583
754,1.9257,195.8,20.57,0.161113,,,,5687.0,1.169,0.979,4.293,,,,0.0,0.0,1.0,1.0,37.7,25.053722
755,2.3379,231.0,1.38,0.014334,,,,5814.0,0.881,0.944,4.523,,,,0.0,0.0,0.0,0.0,20.2,15.08037
756,3.567,255.5,1.61,0.015214,,,,6052.0,0.967,0.974,4.456,,,,0.0,0.0,0.0,0.0,15.5,12.549701
757,5.6743,201.7,1.9,0.01292,,,,5685.0,1.35,1.039,4.194,,,,0.0,0.0,0.0,0.0,44.0,33.104385
758,24.108,2013.3,7.79,0.041298,,,,5910.0,1.727,1.164,4.03,,,,0.0,0.0,0.0,0.0,234.6,77.076385
759,3.407,255.3,1.59,0.014669,,,,6185.0,0.991,1.06,4.472,,,,0.0,0.0,0.0,0.0,19.0,17.257557
760,4.2326,7311.6,9.4,0.07685,,,,5522.0,1.12,0.963,4.323,,,,0.0,0.0,0.0,0.0,241.9,214.94081
761,7.06,2828.4,5.3,0.054879,,,,5717.0,0.884,0.984,4.538,,,,0.0,0.0,0.0,0.0,96.8,83.923164
762,5.688,593.5,2.22,0.022987,,,,5717.0,0.884,0.984,4.538,,,,0.0,0.0,0.0,0.0,30.0,24.705685
763,4.192,1707.4,4.3,0.04452,,,,5717.0,0.884,0.984,4.538,,,,0.0,0.0,0.0,0.0,21.8,18.454786
764,4.5346,880.9,13.4,0.259398,,,,3755.0,0.473,0.485,4.774,,,,0.0,1.0,1.0,1.0,86.7,32.83695
765,3.4422,19761.5,44.22,0.417475,,,,6121.0,0.97,1.001,4.468,,,,0.0,1.0,0.0,0.0,376.5,826.91174
766,3.8828,29090.0,1069.01,12.407403,,,,5776.0,0.789,0.879,4.582,,,,0.0,1.0,0.0,0.0,257.8,294.42953
767,3.7769,13355.5,9.01,0.105491,,,,5127.0,0.782,0.872,4.589,,,,0.0,0.0,0.0,0.0,343.4,336.95108
768,2.0221,6227.5,33.34,0.367816,,,,5486.0,0.83,0.741,4.47,,,,0.0,1.0,0.0,0.0,392.2,469.62744
769,4.1073,16878.0,14.77,0.134419,,,,6181.0,1.006,1.074,4.464,,,,0.0,1.0,1.0,1.0,109.7,606.2019
770,4.012,2358.6,7.25,0.051603,,,,6018.0,1.286,1.09,4.257,,,,0.0,0.0,0.0,0.0,81.7,79.74445
771,4.568,254.2,49.96,0.213296,,,,7131.0,2.145,1.373,3.913,,,,0.0,0.0,1.0,0.0,32.9,27.41521
772,2.8823,194.3,3.07,0.014181,,,,6093.0,1.985,1.168,3.91,,,,0.0,1.0,1.0,1.0,37.6,34.60856
773,4.623,198.5,1.74,0.013526,,,,6096.0,1.176,1.155,4.358,,,,0.0,0.0,0.0,0.0,20.9,18.354597
774,6.0752,232.3,1.66,0.016082,,,,5687.0,0.943,0.83,4.408,,,,0.0,0.0,1.0,0.0,45.0,35.863037
775,1.9197,2807.1,49.25,0.334324,,,,6218.0,1.349,1.045,4.198,,,,0.0,1.0,0.0,0.0,250.8,1460.8717
776,3.651,510.6,3.26,0.020737,,,,6122.0,1.439,1.123,4.173,,,,0.0,0.0,0.0,0.0,107.1,85.64559
777,3.74464,50078.0,21.94,0.223972,,,,5952.0,0.897,0.851,4.462,,,,0.0,1.0,0.0,0.0,1555.4,2461.2927
778,6.2701,19836.9,59.19,0.415349,,,,6296.0,1.305,1.076,4.24,,,,0.0,1.0,0.0,0.0,334.8,1522.2762
779,5.6716,77474.5,21.58,0.255925,,,,5620.0,0.772,0.863,4.592,,,,0.0,1.0,0.0,0.0,3622.7,4301.102
780,2.2245,12072.0,187.73,0.113752,,,,5560.0,15.113,3.468,2.619,,,,0.0,1.0,0.0,0.0,104.5,349.56705
781,3.799,1210.5,47.7,0.030552,,,,4631.0,14.296,1.812,2.386,,,,0.0,1.0,1.0,1.0,31.8,16.799067
782,11.4997,5032.9,11.21,0.064443,,,,5588.0,1.593,1.031,4.047,,,,0.0,0.0,0.0,0.0,162.3,120.222275
783,2.3683,358.7,1.0,0.017039,,,,3980.0,0.54,0.56,4.722,,,,0.0,0.0,0.0,0.0,56.4,42.199
784,3.106,367.8,3.69,0.021229,,,,5588.0,1.593,1.031,4.047,,,,0.0,0.0,0.0,0.0,18.1,14.239111
785,3.4804,3070.8,4.19,0.049395,,,,5107.0,0.777,0.807,4.565,,,,0.0,0.0,1.0,1.0,93.6,122.1254
786,13.262,1414.4,24.1,0.285156,,,,4931.0,0.774,0.865,4.595,,,,0.0,1.0,1.0,1.0,62.5,49.232666
787,2.4108,6154.9,7.45,0.074711,,,,5926.0,0.913,1.004,4.519,,,,0.0,0.0,0.0,0.0,247.8,246.02412
788,2.0847,1381.3,27.16,0.283326,,,,5359.0,0.878,0.847,4.478,,,,0.0,1.0,1.0,0.0,169.0,20.874199
789,3.4062,2829.7,4.42,0.048571,,,,5813.0,0.833,0.925,4.561,,,,0.0,0.0,0.0,0.0,150.9,139.00804
790,2.2868,19981.1,24.02,0.226043,,,,5465.0,0.973,0.859,4.396,,,,0.0,1.0,0.0,0.0,1108.5,1147.6056
791,4.119,269.6,4.52,0.019721,,,,6020.0,2.097,1.162,3.86,,,,0.0,0.0,1.0,1.0,35.3,28.802832
792,6.222,800.3,18.11,0.200775,,,,5346.0,0.826,0.771,4.491,,,,0.0,1.0,1.0,1.0,19.3,14.437648
793,1.9603,35.6,0.58,0.005641,,,,5687.0,0.943,0.83,4.408,,,,0.0,0.0,1.0,0.0,20.8,14.8852005
794,2.4143,172.3,1.37,0.013022,,,,5637.0,0.96,0.924,4.439,,,,0.0,0.0,0.0,0.0,35.3,29.15205
795,1.9797,64.5,0.52,0.00709,,,,4699.0,0.676,0.756,4.637,,,,0.0,1.0,1.0,1.0,48.5,16.241411
796,4.3056,62929.0,28.41,0.247032,,,,6161.0,1.053,1.15,4.454,,,,0.0,1.0,0.0,0.0,456.6,2408.5974
797,3.6973,45982.0,23.53,0.197,,,,6185.0,1.094,1.083,4.396,,,,0.0,1.0,0.0,0.0,258.8,1821.1746
798,2.938,295.5,1.9,0.017613,,,,5822.0,0.986,0.951,4.428,,,,0.0,0.0,0.0,0.0,20.7,18.6186
799,6.26,311.4,6.17,0.023255,,,,8014.0,2.43,1.874,3.94,,,,0.0,1.0,1.0,1.0,46.9,35.82557
800,1.6274,131.8,1.13,0.010342,,,,5475.0,1.003,0.977,4.426,,,,0.0,0.0,0.0,0.0,75.3,21.097862
801,1.9742,248.2,62.11,0.167135,,,,5117.0,3.403,1.598,3.578,,,,0.0,1.0,1.0,0.0,39.3,28.775116
802,6.539,438.4,2.49,0.019559,,,,6121.0,1.164,1.233,4.397,,,,0.0,0.0,0.0,0.0,33.8,25.53434
803,4.0136,1033.0,3.02,0.033654,,,,5616.0,0.822,0.907,4.564,,,,0.0,0.0,0.0,0.0,40.1,33.003277
804,3.2551,437.2,25.72,0.270704,,,,5730.0,0.87,0.968,4.545,,,,0.0,1.0,1.0,1.0,74.5,19.843004
805,3.9908,915.6,1.48,0.027481,,,,3823.0,0.492,0.513,4.765,,,,0.0,0.0,0.0,0.0,58.0,45.465565
806,2.5128,522.5,61.63,0.664007,,,,6123.0,0.85,0.924,4.545,,,,0.0,1.0,1.0,0.0,33.6,31.756065
808,1.8136,271.2,31.77,0.139253,,,,6426.0,2.089,1.466,3.965,,,,0.0,1.0,1.0,0.0,104.5,17.290117
810,5.022,1112.5,2.85,0.029607,,,,5102.0,0.88,0.819,4.463,,,,0.0,0.0,0.0,0.0,32.6,30.042027
811,4.486,1048.1,19.78,0.261014,,,,4641.0,0.694,0.682,4.589,,,,0.0,1.0,1.0,1.0,43.0,33.64578
813,4.2902,709.1,4.0,0.024067,,,,5661.0,1.522,1.04,4.09,,,,0.0,0.0,0.0,0.0,36.3,30.262682
814,3.3411,46379.0,25.03,0.220219,,,,6250.0,1.041,1.013,4.411,,,,0.0,1.0,0.0,0.0,336.4,3035.8984
815,1.92102,36854.7,29.45,0.436347,,,,5211.0,0.618,0.612,4.644,,,,1.0,0.0,0.0,0.0,628.3,1920.8892
816,4.98308,50833.5,55.23,0.56769,,,,6077.0,0.891,0.974,4.526,,,,0.0,1.0,0.0,0.0,1309.3,1281.905
817,2.7884,876.5,2.38,0.027249,,,,5211.0,0.799,0.838,4.556,,,,0.0,0.0,0.0,0.0,93.6,84.771255
818,2.68228,18006.1,42.74,0.417737,,,,5912.0,0.937,0.939,4.467,,,,0.0,1.0,0.0,0.0,633.1,1758.8936
819,5.02319,60186.4,51.74,0.495144,,,,5934.0,0.957,0.991,4.473,,,,0.0,1.0,0.0,0.0,2065.8,2734.8323
820,4.6766,112.8,1.61,0.010094,,,,6221.0,1.458,1.225,4.198,,,,0.0,0.0,0.0,0.0,36.3,27.370365
823,2.7545,46148.0,48.79,0.427993,,,,6207.0,1.044,1.021,4.412,,,,0.0,1.0,0.0,0.0,292.7,2650.176
824,6.0203,159414.0,97.54,0.52822,,,,6594.0,1.691,1.174,4.051,,,,0.0,1.0,0.0,0.0,420.9,1974.3575
825,5.7777,12831.0,20.74,0.112311,,,,6594.0,1.691,1.174,4.051,,,,0.0,1.0,0.0,0.0,366.8,738.1443
826,2.7189,42122.0,24.39,0.186457,,,,5892.0,1.198,1.173,4.35,,,,0.0,1.0,0.0,0.0,91.6,844.7347
827,1.1816,865.4,2.41,0.028094,,,,5320.0,0.786,0.882,4.589,,,,0.0,0.0,0.0,0.0,59.0,41.12044
828,2.8971,1430.8,2.08,0.035355,,,,3980.0,0.54,0.56,4.722,,,,0.0,0.0,0.0,0.0,163.5,137.93265
829,2.2603,489.3,1.71,0.019868,,,,5320.0,0.786,0.882,4.589,,,,0.0,0.0,0.0,0.0,34.1,21.786615
831,3.3659,244.9,23.72,0.182103,,,,6449.0,1.193,1.069,4.316,,,,0.0,1.0,0.0,1.0,125.5,24.16605
832,5.595,1239.4,3.43,0.03618,,,,5668.0,0.868,0.963,4.545,,,,0.0,0.0,0.0,0.0,62.6,46.182766
833,3.431,217.6,2.22,0.013336,,,,5661.0,1.522,1.04,4.09,,,,0.0,0.0,0.0,0.0,17.4,13.949024
834,6.172,589.7,3.68,0.022163,,,,5661.0,1.522,1.04,4.09,,,,0.0,0.0,0.0,0.0,20.9,17.116478
835,2.721,299.6,1.37,0.017126,,,,5462.0,0.732,0.812,4.614,,,,0.0,0.0,1.0,1.0,59.1,40.967316
836,4.39,654.8,22.58,0.2427,,,,5421.0,0.852,0.969,4.564,,,,0.0,1.0,1.0,1.0,35.7,28.871054
837,4.2447,469.7,2.78,0.021706,,,,5881.0,1.171,1.032,4.315,,,,0.0,0.0,0.0,0.0,93.6,72.13723
838,9.6114,28450.4,15.57,0.159817,,,,6161.0,0.892,0.955,4.517,,,,0.0,1.0,0.0,0.0,1305.9,1048.8611
839,2.6428,23593.0,24.77,0.23804,,,,6060.0,0.953,1.036,4.495,,,,0.0,1.0,0.0,0.0,192.2,1435.2046
840,1.5497,9681.4,7.21,0.093903,,,,4368.0,0.703,0.706,4.593,,,,0.0,1.0,0.0,0.0,152.6,510.0253
841,1.8071,7609.5,18.75,0.17359,,,,6217.0,0.989,1.056,4.472,,,,0.0,1.0,0.0,0.0,202.1,481.54474
842,3.76,2647.7,4.48,0.051192,,,,5944.0,0.802,0.905,4.579,,,,0.0,0.0,1.0,0.0,125.6,83.22578
844,1.9265,4786.0,50.75,0.499217,,,,5592.0,0.931,0.883,4.445,,,,0.0,1.0,1.0,0.0,223.1,438.0961
845,15.1596,10537.0,379.63,4.104438,,,,6036.0,0.847,0.931,4.551,,,,0.0,1.0,0.0,0.0,297.0,1680.0522
847,5.2147,6331.2,8.99,0.07252,,,,5847.0,1.135,0.946,4.304,,,,0.0,0.0,0.0,0.0,392.3,340.98322
848,3.0942,8725.4,8.43,0.087025,,,,5569.0,0.887,1.009,4.546,,,,0.0,0.0,0.0,0.0,461.5,459.2871
849,18.003,2319.1,4.53,0.050753,,,,5305.0,0.818,0.753,4.489,,,,0.0,0.0,0.0,0.0,96.1,
850,6.3212,1119.3,3.88,0.030461,,,,5900.0,1.167,1.012,4.309,,,,0.0,0.0,0.0,0.0,99.5,91.00462
851,5.0394,617.9,2.57,0.02233,,,,5478.0,1.053,0.914,4.354,,,,0.0,0.0,0.0,0.0,47.7,40.07861
852,3.912,199.4,1.47,0.01276,,,,5478.0,1.053,0.914,4.354,,,,0.0,0.0,0.0,0.0,17.6,14.653385
853,2.1429,133.6,2.29,0.011349,,,,6134.0,1.851,1.179,3.975,,,,0.0,1.0,1.0,1.0,80.2,23.225883
854,10.914,1829.9,9.46,0.039937,,,,6505.0,2.17,1.613,3.973,,,,0.0,0.0,0.0,0.0,76.9,52.61262
855,3.802,445.3,2.33,0.019663,,,,6100.0,1.083,1.017,4.376,,,,0.0,0.0,0.0,0.0,26.6,22.117716
856,5.326,468.1,2.94,0.02484,,,,6100.0,1.083,1.017,4.376,,,,0.0,0.0,0.0,0.0,24.7,18.62881
857,5.246,550.0,2.92,0.024714,,,,6100.0,1.083,1.017,4.376,,,,0.0,0.0,0.0,0.0,19.0,14.215786
858,2.867,188.1,1.61,0.013643,,,,6100.0,1.083,1.017,4.376,,,,0.0,0.0,0.0,0.0,14.3,11.357054
859,1.2968,1225.0,2.47,0.031337,,,,4917.0,0.723,0.761,4.601,,,,0.0,1.0,1.0,1.0,39.8,58.371937
860,1.6493,1449.2,3.7,0.039196,,,,5477.0,0.865,0.983,4.557,,,,0.0,0.0,0.0,0.0,31.6,31.01034
861,2.2614,715.7,2.2,0.025332,,,,5207.0,0.795,0.84,4.561,,,,0.0,0.0,0.0,0.0,76.2,66.14145
862,3.1752,814.6,2.54,0.025799,,,,5616.0,0.903,1.006,4.529,,,,0.0,0.0,0.0,0.0,40.6,32.735558
863,2.523,327.4,1.62,0.016399,,,,5616.0,0.903,1.006,4.529,,,,0.0,0.0,0.0,0.0,19.6,15.119538
865,2.769,746.4,2.71,0.032176,,,,5196.0,0.772,0.726,4.524,,,,0.0,0.0,0.0,0.0,31.0,26.276468
868,6.973,319.7,3.45,0.020953,,,,6143.0,1.507,1.246,4.177,,,,0.0,0.0,0.0,0.0,26.8,21.42414
869,2.711,534.5,9.27,0.025524,,,,8040.0,3.325,2.053,3.707,,,,0.0,1.0,1.0,1.0,132.1,202.25903
870,3.001,476.0,3.01,0.020793,,,,6198.0,1.324,1.101,4.237,,,,0.0,0.0,0.0,0.0,19.4,12.769576
871,6.148,624.4,2.16,0.022674,,,,5600.0,0.872,0.793,4.455,,,,0.0,0.0,0.0,0.0,39.4,32.728817
872,4.5706,778.4,2.88,0.025235,,,,5657.0,1.046,0.921,4.364,,,,0.0,0.0,0.0,0.0,119.3,94.94626
873,6.43,791.7,2.45,0.025732,,,,5600.0,0.872,0.793,4.455,,,,0.0,0.0,0.0,0.0,40.5,31.948462
874,4.907,140.0,1.02,0.010738,,,,5600.0,0.872,0.793,4.455,,,,0.0,0.0,0.0,0.0,13.2,11.264972
875,5.425,162.7,1.1,0.011586,,,,5600.0,0.872,0.793,4.455,,,,0.0,0.0,0.0,0.0,13.3,11.99926
876,1.8604,259.7,1.28,0.014398,,,,5194.0,0.815,0.879,4.559,,,,0.0,0.0,0.0,0.0,30.1,24.998684
877,2.9247,232.7,1.47,0.014062,,,,5823.0,0.96,0.899,4.427,,,,0.0,0.0,0.0,0.0,31.3,26.349789
880,2.8084,263.0,2.28,0.015888,,,,5689.0,1.313,1.0,4.202,,,,0.0,0.0,0.0,0.0,26.7,22.689085
881,2.2441,888.7,3.0,0.031846,,,,5774.0,0.864,0.916,4.526,,,,0.0,0.0,0.0,0.0,38.1,33.193825
883,4.736,483.4,19.33,0.171402,,,,6406.0,1.033,1.061,4.436,,,,0.0,1.0,1.0,0.0,55.2,67.89688
884,2.1674,104.6,1.52,0.010042,,,,6899.0,1.386,1.321,4.273,,,,1.0,0.0,0.0,0.0,53.8,
885,3.981,512.9,2.24,0.020664,,,,6014.0,0.993,1.101,4.486,,,,0.0,0.0,0.0,0.0,27.8,24.798525
886,3.0331,995.3,1.67,0.028262,,,,3976.0,0.54,0.559,4.721,,,,0.0,0.0,0.0,0.0,33.2,26.414825
887,3.732,101.2,1.43,0.009909,,,,6309.0,1.32,1.046,4.217,,,,0.0,0.0,1.0,0.0,38.5,30.406467
888,4.022,277.1,1.85,0.015086,,,,5730.0,1.122,1.005,4.34,,,,0.0,0.0,0.0,0.0,18.5,15.954517
889,2.4551,107.1,1.44,0.00991,,,,5959.0,1.334,0.858,4.121,,,,0.0,1.0,1.0,1.0,43.9,19.094875
890,2.971,188.1,1.44,0.012577,,,,5776.0,1.047,0.875,4.34,,,,0.0,0.0,0.0,0.0,18.0,14.714512
891,8.045,241.3,3.14,0.0155,,,,5968.0,1.857,1.179,3.972,,,,0.0,0.0,0.0,0.0,49.1,37.068684
892,4.7892,335.8,1.94,0.016643,,,,5768.0,1.067,0.946,4.358,,,,0.0,0.0,0.0,0.0,55.2,42.90383
893,4.296,103.2,1.08,0.009238,,,,5768.0,1.067,0.946,4.358,,,,0.0,0.0,0.0,0.0,19.8,16.245525
894,3.6112,227.5,3.16,0.014675,,,,5743.0,1.971,1.077,3.881,,,,0.0,0.0,1.0,1.0,39.3,31.30928
895,2.493,496.6,1.88,0.020297,,,,5776.0,0.849,0.939,4.554,,,,0.0,0.0,0.0,0.0,20.4,17.370657
896,8.864,256.5,3.01,0.017519,,,,5977.0,1.571,1.081,4.08,,,,0.0,0.0,0.0,0.0,63.0,43.234566
897,1.4012,74.9,1.24,0.009671,,,,5881.0,1.171,1.032,4.315,,,,0.0,0.0,0.0,0.0,16.3,15.105959
898,2.563,124.8,1.58,0.010521,,,,6547.0,1.371,1.198,4.241,,,,0.0,0.0,1.0,1.0,20.6,18.182915
899,3.0083,230.7,1.84,0.013852,,,,5940.0,1.215,1.091,4.306,,,,0.0,0.0,0.0,0.0,28.4,24.762657
900,2.7282,176.0,1.29,0.012228,,,,6224.0,0.969,0.868,4.404,,,,0.0,0.0,0.0,0.0,25.6,21.186813
901,2.4566,299.6,1.77,0.016756,,,,6224.0,0.969,0.868,4.404,,,,0.0,0.0,0.0,0.0,27.4,21.606169
902,3.2208,781.3,1.26,0.025595,,,,3751.0,0.45,0.479,4.813,,,,0.0,0.0,0.0,0.0,25.9,21.387459
903,4.1988,425.7,2.86,0.019011,,,,6236.0,1.378,1.224,4.246,,,,0.0,0.0,0.0,0.0,132.0,85.9939
904,5.135,509.2,3.32,0.025962,,,,6311.0,1.172,1.253,4.398,,,,0.0,0.0,0.0,0.0,23.7,21.22158
905,4.1886,569.5,2.6,0.023554,,,,6244.0,1.009,1.069,4.46,,,,0.0,0.0,0.0,0.0,57.0,47.52569
906,4.77,70.1,0.72,0.007712,,,,5693.0,0.856,0.95,4.551,,,,1.0,0.0,0.0,0.0,6.8,
907,3.3094,510.6,1.36,0.022589,,,,3957.0,0.553,0.551,4.693,,,,0.0,0.0,0.0,0.0,32.5,25.620432
908,7.118,278.1,3.13,0.015448,,,,5968.0,1.857,1.179,3.972,,,,0.0,0.0,0.0,0.0,38.2,29.75981
909,4.2372,211.2,2.06,0.013138,,,,5800.0,1.435,1.195,4.202,,,,0.0,0.0,0.0,0.0,36.8,29.527637
910,3.663,99.8,1.19,0.009818,,,,6341.0,1.111,1.154,4.409,,,,0.0,0.0,1.0,1.0,27.5,23.218267
911,4.9595,314.7,1.74,0.016028,,,,5618.0,0.996,0.911,4.401,,,,0.0,0.0,0.0,0.0,42.5,36.15261
912,3.16,,,,,,,,,,,,,,1.0,0.0,0.0,0.0,,
913,2.6766,977.5,2.36,0.031128,,,,4728.0,0.693,0.768,4.628,,,,0.0,0.0,0.0,0.0,135.8,122.09825
914,5.7696,65.3,1.44,0.009433,,,,5774.0,1.395,0.907,4.106,,,,0.0,0.0,0.0,0.0,37.5,27.057947
915,3.06941,12152.1,88.51,0.396147,,,,6338.0,2.046,1.434,3.973,,,,0.0,1.0,0.0,1.0,441.7,2983.6934
916,5.4921,960.0,3.2,0.028022,,,,5657.0,1.046,0.921,4.364,,,,0.0,0.0,0.0,0.0,122.8,93.95543
917,1.9515,5079.6,7.09,0.07702,,,,5480.0,0.843,0.876,4.529,,,,0.0,1.0,0.0,0.0,138.9,10.726373
918,2.0909,2899.8,29.53,0.333884,,,,5546.0,0.81,0.907,4.575,,,,0.0,1.0,1.0,1.0,161.2,64.95317
919,3.0257,6120.1,32.12,0.363622,,,,5344.0,0.809,0.837,4.545,,,,0.0,1.0,0.0,0.0,166.3,189.43683
920,1.0134,138.5,1.39,0.011226,,,,6309.0,1.132,1.018,4.34,,,,0.0,0.0,1.0,1.0,25.4,20.48621
921,2.874,112.0,1.37,0.009999,,,,6060.0,1.257,0.972,4.227,,,,0.0,0.0,0.0,0.0,25.9,22.847801
922,2.3442,47100.0,46.4,0.43711,,,,5458.0,0.972,0.828,4.381,,,,0.0,0.0,0.0,0.0,520.6,
923,3.278,56545.0,42.99,0.440337,,,,5868.0,0.894,0.987,4.53,,,,0.0,1.0,0.0,0.0,24.7,5284.718
924,5.48509,30430.6,23.42,0.159345,,,,5945.0,1.346,1.039,4.196,,,,0.0,1.0,0.0,0.0,2294.1,2348.2366
925,3.8459,18377.0,225.25,2.485195,,,,5598.0,0.83,0.928,4.565,,,,0.0,1.0,0.0,0.0,157.2,787.046
926,2.611,700.8,2.94,0.031445,,,,5818.0,0.855,0.727,4.436,,,,0.0,0.0,0.0,0.0,30.8,25.015602
927,4.6672,659.5,2.77,0.024707,,,,6191.0,1.025,1.088,4.454,,,,0.0,0.0,0.0,0.0,42.6,36.716682
928,9.109,412.5,3.04,0.021172,,,,5988.0,1.314,1.196,4.278,,,,0.0,0.0,0.0,0.0,57.9,38.693222
929,9.117,200.4,1.55,0.016062,,,,5607.0,0.886,0.8,4.447,,,,0.0,0.0,0.0,0.0,32.7,22.816101
930,8.392,190.0,1.36,0.014029,,,,5607.0,0.886,0.8,4.447,,,,0.0,0.0,0.0,0.0,23.4,16.619741
931,6.538,224.1,1.74,0.017958,,,,5607.0,0.886,0.8,4.447,,,,0.0,0.0,0.0,0.0,17.2,12.932612
932,2.5561,133.6,1.91,0.012298,,,,5426.0,1.421,0.943,4.107,,,,0.0,0.0,0.0,0.0,24.4,19.20714
933,7.874,175.9,4.54,0.013612,,,,5010.0,3.051,1.414,3.62,,,,0.0,0.0,0.0,0.0,32.3,18.599192
934,11.233,141.5,3.66,0.010971,,,,5010.0,3.051,1.414,3.62,,,,0.0,0.0,0.0,0.0,24.1,13.911419
935,4.059,31.4,2.13,0.005229,,,,5055.0,3.733,1.429,3.443,,,,1.0,0.0,0.0,0.0,8.3,
936,5.62857,13063.5,10.66,0.116455,,,,5845.0,0.838,0.926,4.558,,,,0.0,1.0,0.0,0.0,1509.3,2522.4429
937,23.192,6721.2,52.51,0.397083,,,,6568.0,1.211,1.229,4.36,,,,0.0,1.0,0.0,0.0,647.1,2053.0015
938,5.8796,8506.6,10.36,0.088538,,,,6392.0,1.072,1.116,4.425,,,,0.0,0.0,0.0,0.0,212.5,200.66483
939,2.4078,4676.0,5.71,0.064413,,,,5284.0,0.812,0.804,4.523,,,,0.0,0.0,0.0,1.0,116.1,138.00688
940,4.3117,3822.9,38.2,0.371003,,,,6146.0,0.943,1.02,4.497,,,,0.0,1.0,0.0,0.0,172.9,168.28168
941,5.8574,1097.1,5.39,0.055411,,,,5897.0,0.891,0.778,4.429,,,,0.0,1.0,1.0,1.0,229.7,22.272017
942,1.7684,1502.5,29.29,0.27969,,,,5999.0,0.959,1.045,4.494,,,,0.0,0.0,1.0,0.0,94.3,79.45951
943,2.0467,4201.0,37.3,0.356551,,,,6014.0,0.958,1.043,4.494,,,,0.0,1.0,0.0,0.0,126.6,135.0635
944,3.354,660.7,3.84,0.029865,,,,6375.0,1.178,0.991,4.292,,,,0.0,0.0,1.0,0.0,68.4,63.54222
945,3.8762,27442.0,843.45,6.607286,,,,6440.0,1.169,1.196,4.38,,,,0.0,1.0,0.0,0.0,114.5,1759.6283
946,2.3621,3425.0,43.73,0.340826,,,,5916.0,1.175,0.995,4.296,,,,0.0,1.0,1.0,1.0,291.1,467.91693
947,6.223,1318.6,2.96,0.041704,,,,5030.0,0.651,0.705,4.658,,,,0.0,1.0,1.0,1.0,86.3,68.66461
948,9.0191,12389.5,12.37,0.101632,,,,5933.0,1.115,0.998,4.342,,,,0.0,0.0,0.0,0.0,544.7,167.6314
949,3.482,429.8,2.67,0.021969,,,,5933.0,1.115,0.998,4.342,,,,0.0,0.0,0.0,0.0,23.4,18.697369
950,6.0633,415.2,3.06,0.018486,,,,5761.0,1.518,1.036,4.091,,,,0.0,0.0,0.0,0.0,95.4,64.19754
951,3.237,32.1,2.24,0.005568,,,,7516.0,3.685,2.218,3.651,,,,0.0,1.0,0.0,0.0,36.1,31.986753
952,2.0646,35262.0,58.02,0.447207,,,,6286.0,1.188,1.051,4.312,,,,0.0,0.0,0.0,0.0,413.9,
953,4.2721,25070.0,15.75,0.145407,,,,6039.0,0.992,0.959,4.426,,,,0.0,1.0,0.0,0.0,171.4,1486.8234
954,1.881,11355.5,517.43,5.886209,,,,5761.0,0.805,0.893,4.573,,,,0.0,1.0,0.0,0.0,183.0,188.63396
955,1.8014,9695.0,836.31,9.139057,,,,5447.0,0.838,0.928,4.559,,,,0.0,1.0,0.0,0.0,89.7,154.93022
957,9.1713,83298.0,49.52,0.31234,,,,5323.0,1.452,0.934,4.085,,,,0.0,1.0,0.0,0.0,885.9,1305.529
958,2.1064,20739.0,16.89,0.18861,,,,5665.0,0.82,0.916,4.568,,,,0.0,1.0,0.0,0.0,142.7,2422.5334
959,2.5714,17846.0,12.07,0.138476,,,,5319.0,0.798,0.737,4.501,,,,0.0,1.0,0.0,0.0,424.6,1846.5966
960,2.5394,748.7,2.0,0.026463,,,,4728.0,0.693,0.768,4.628,,,,0.0,0.0,0.0,0.0,141.4,129.67842
961,2.5,,,,,,,,,,,,,,1.0,0.0,0.0,0.0,,307.91992
962,24.9393,7343.4,57.54,0.077087,,,,5019.0,6.836,1.663,2.99,,,,0.0,1.0,0.0,0.0,527.8,104.95686
963,6.255,779.8,5.35,0.038435,,,,6739.0,1.275,1.283,4.332,,,,0.0,1.0,1.0,1.0,72.7,60.218052
964,3.59385,10558.7,13.06,0.092633,,,,5640.0,1.291,1.047,4.236,,,,0.0,0.0,0.0,0.0,3003.8,2986.2598
965,4.2817,1376.1,4.12,0.036106,,,,5657.0,1.046,0.921,4.364,,,,0.0,0.0,0.0,0.0,128.0,102.289505
966,2.1626,697.7,31.24,0.356666,,,,6089.0,0.802,0.862,4.566,,,,0.0,1.0,0.0,0.0,79.6,52.634834
967,4.20416,32634.0,21.65,0.175634,,,,5821.0,1.129,0.922,4.297,,,,0.0,1.0,0.0,0.0,2590.6,5772.035
968,5.4993,607.3,26.56,0.244198,,,,5739.0,0.996,0.98,4.433,,,,0.0,0.0,1.0,1.0,92.2,32.634186
969,5.2637,3425.8,8.49,0.053923,,,,5671.0,1.442,1.017,4.128,,,,0.0,0.0,0.0,0.0,81.8,79.500046
972,2.2599,1397.9,2.66,0.03411,,,,4769.0,0.714,0.799,4.622,,,,0.0,0.0,0.0,0.0,63.9,51.430588
973,1.7458,904.6,2.68,0.030988,,,,4989.0,0.791,0.878,4.585,,,,0.0,0.0,0.0,0.0,178.6,177.66934
974,1.7419,2204.3,35.19,0.333253,,,,6119.0,0.967,0.982,4.46,,,,0.0,1.0,1.0,0.0,150.0,79.33387
977,1.8734,1336.3,1.38,0.033032,,,,3526.0,0.383,0.394,4.866,,,,0.0,0.0,0.0,0.0,41.1,33.209076
978,2.8407,1607.5,1.52,0.036352,,,,3526.0,0.383,0.394,4.866,,,,0.0,0.0,0.0,0.0,34.4,25.069052
979,6.0765,206.7,2.17,0.013073,,,,5761.0,1.518,1.036,4.091,,,,0.0,0.0,0.0,0.0,40.3,31.076239
980,7.0813,2691.1,2.92,0.046145,,,,4260.0,0.58,0.565,4.663,,,,0.0,0.0,1.0,1.0,35.3,73.681496
981,9.3537,18563.3,16.26,0.170803,,,,5316.0,0.872,0.834,4.477,,,,0.0,1.0,0.0,0.0,508.4,475.8069
982,1.5878,1132.7,7.12,0.043929,,,,7021.0,1.485,1.514,4.275,,,,0.0,1.0,1.0,0.0,67.0,34.94365
983,2.2858,435.7,11.52,0.122228,,,,6084.0,0.863,0.944,4.542,,,,0.0,0.0,1.0,0.0,38.7,18.882895
984,3.2551,508.4,21.79,0.231182,,,,5764.0,0.863,0.959,4.548,,,,0.0,1.0,1.0,1.0,50.4,43.582928
985,2.781,265.4,2.36,0.020135,,,,6371.0,1.072,1.117,4.426,,,,0.0,0.0,1.0,1.0,37.8,16.354301
986,2.013,1462.5,2.15,0.033903,,,,4141.0,0.582,0.596,4.684,,,,0.0,0.0,0.0,0.0,42.1,35.173687
987,5.506,1105.1,1.87,0.029388,,,,4141.0,0.582,0.596,4.684,,,,0.0,0.0,0.0,0.0,18.0,10.743563
988,14.9066,946.7,12.41,0.027341,,,,4976.0,4.157,1.352,3.331,,,,0.0,0.0,0.0,0.0,116.2,57.70616
989,1.1487,434.5,1.2,0.020758,,,,4441.0,0.53,0.526,4.71,,,,0.0,0.0,0.0,0.0,95.8,17.12007
990,2.9899,797.4,2.62,0.027241,,,,5291.0,0.882,0.875,4.489,,,,0.0,0.0,0.0,0.0,30.4,25.154327
991,2.6277,779.5,1.92,0.024586,,,,4769.0,0.714,0.799,4.622,,,,0.0,0.0,0.0,0.0,30.7,25.053642
992,1.9985,371.7,1.33,0.017009,,,,4769.0,0.714,0.799,4.622,,,,0.0,0.0,0.0,0.0,19.9,15.45596
993,1.6795,316.7,1.23,0.015717,,,,4769.0,0.714,0.799,4.622,,,,0.0,0.0,0.0,0.0,19.6,14.618407
994,5.5556,1357.5,3.19,0.034349,,,,5986.0,0.85,0.886,4.527,,,,0.0,0.0,0.0,0.0,55.2,47.76845
996,1.853,748.7,1.14,0.027366,,,,3526.0,0.383,0.394,4.866,,,,0.0,0.0,0.0,0.0,16.8,12.358445
997,3.7197,4107.0,10.3,0.056842,,,,5066.0,1.659,0.945,3.974,,,,0.0,0.0,0.0,0.0,39.9,40.269047
998,1.5681,494.9,1.51,0.01975,,,,4838.0,0.701,0.778,4.625,,,,0.0,0.0,0.0,0.0,65.9,51.330387
999,2.1635,546.7,2.74,0.021331,,,,5632.0,1.176,0.965,4.282,,,,0.0,0.0,0.0,0.0,50.0,40.152252
1000,6.0573,1004.9,2.81,0.028726,,,,5618.0,0.897,0.846,4.46,,,,0.0,0.0,0.0,0.0,73.4,55.260147
1001,8.491,778.8,5.47,0.029539,,,,6366.0,1.697,1.164,4.045,,,,0.0,0.0,0.0,0.0,58.4,23.64805
1002,6.74,396.0,3.82,0.020619,,,,6366.0,1.697,1.164,4.045,,,,0.0,0.0,0.0,0.0,45.9,26.122381
1003,8.559,598.0,3.2,0.027453,,,,6781.0,1.067,1.097,4.422,,,,0.0,0.0,0.0,0.0,44.9,12.819767
1004,3.15,,,,,,,,,,,,,,0.0,0.0,0.0,0.0,,
1005,4.6577,2053.9,38.86,0.342462,,,,6022.0,1.039,1.116,4.453,,,,0.0,1.0,1.0,1.0,58.0,72.012405
1006,6.9592,514.2,2.18,0.020659,,,,5936.0,0.965,1.075,4.501,,,,0.0,0.0,0.0,0.0,44.0,35.511765
1007,5.303,935.0,2.68,0.027815,,,,5291.0,0.882,0.875,4.489,,,,0.0,0.0,0.0,0.0,28.9,24.432262
1008,7.316,853.0,3.13,0.029803,,,,5949.0,0.962,1.05,4.493,,,,0.0,0.0,0.0,0.0,48.3,38.47574
1009,6.3794,588.8,2.52,0.022055,,,,5657.0,1.046,0.921,4.364,,,,0.0,0.0,0.0,0.0,59.0,40.456486
1011,2.909,313.0,1.69,0.016167,,,,5999.0,0.959,1.045,4.494,,,,0.0,0.0,0.0,0.0,17.0,14.917146
1012,5.908,252.9,2.53,0.014328,,,,5557.0,1.616,1.035,4.037,,,,0.0,0.0,0.0,0.0,21.8,18.558228
1013,2.8264,171.9,1.31,0.012175,,,,6201.0,0.989,1.058,4.472,,,,0.0,0.0,0.0,0.0,32.9,27.30037
1014,5.3737,24012.0,15.4,0.14202,,,,6014.0,0.993,1.101,4.486,,,,0.0,1.0,0.0,0.0,1266.2,1235.1017
1015,3.612,1063.5,15.33,0.050904,,,,5754.0,2.758,1.209,3.639,,,,0.0,0.0,1.0,0.0,39.2,44.320175
1016,1.362,382.9,24.03,0.188082,,,,5956.0,1.17,1.053,4.324,,,,0.0,1.0,0.0,0.0,22.0,17.977749
1017,1.3988,436.3,1.22,0.019474,,,,4198.0,0.574,0.587,4.689,,,,0.0,0.0,0.0,0.0,33.8,28.085926
1018,7.426,296.0,2.29,0.020157,,,,5868.0,1.042,0.915,4.363,,,,0.0,0.0,0.0,0.0,33.9,25.757719
1019,2.5574,343.0,1.55,0.016458,,,,4929.0,0.861,0.817,4.481,,,,0.0,0.0,0.0,0.0,32.6,26.790169
1020,3.2645,238.4,2.43,0.018973,,,,5610.0,1.171,1.034,4.316,,,,0.0,0.0,0.0,0.0,21.7,17.930645
1021,9.556,961.1,3.39,0.028764,,,,6127.0,1.08,0.964,4.356,,,,0.0,0.0,0.0,0.0,37.2,27.712896
1022,1.5485,807.2,2.32,0.025401,,,,5155.0,0.836,0.849,4.523,,,,0.0,0.0,0.0,0.0,45.1,37.11104
1023,3.9475,831.9,2.24,0.026678,,,,5180.0,0.769,0.86,4.597,,,,0.0,0.0,0.0,0.0,34.3,27.321852
1024,8.545,293.6,3.05,0.015149,,,,4951.0,1.843,0.931,3.876,,,,0.0,0.0,1.0,1.0,77.1,26.819674
1025,2.1978,550.5,2.15,0.022587,,,,5258.0,0.873,0.797,4.458,,,,0.0,0.0,0.0,0.0,35.3,27.554878
1026,2.9423,462.4,20.03,0.222063,,,,5717.0,0.826,0.917,4.564,,,,0.0,1.0,1.0,1.0,118.2,10.002772
1027,1.8268,1745.7,2.81,0.037296,,,,4723.0,0.691,0.76,4.628,,,,0.0,0.0,0.0,0.0,114.7,119.19753
1028,2.9029,1308.6,2.41,0.031946,,,,4723.0,0.691,0.76,4.628,,,,0.0,0.0,0.0,0.0,63.1,57.264797
1029,1.1165,965.9,2.33,0.030923,,,,4723.0,0.691,0.76,4.628,,,,0.0,0.0,0.0,0.0,37.7,33.973896
1030,3.2027,671.4,2.19,0.023478,,,,5632.0,0.853,0.952,4.554,,,,0.0,0.0,0.0,0.0,66.5,91.12792
1031,1.4259,258.9,1.09,0.014494,,,,4723.0,0.691,0.76,4.628,,,,0.0,0.0,0.0,0.0,22.2,20.58173
1032,1.7732,276.7,1.4,0.014971,,,,5430.0,0.858,0.961,4.555,,,,0.0,0.0,0.0,0.0,40.9,33.823353
1033,1.9398,191.2,2.0,0.013235,,,,6116.0,1.383,1.005,4.158,,,,0.0,0.0,1.0,0.0,26.6,24.846485
1034,4.2642,206.9,1.66,0.01313,,,,5903.0,1.156,0.974,4.3,,,,0.0,0.0,0.0,0.0,34.3,29.118622
1035,4.894,168.1,1.61,0.01279,,,,5903.0,1.156,0.974,4.3,,,,0.0,0.0,0.0,0.0,20.3,15.556038
1036,5.7047,440.8,2.03,0.019191,,,,5997.0,0.971,1.004,4.466,,,,0.0,0.0,0.0,0.0,43.4,36.333233
1037,5.514,1043.8,3.59,0.039578,,,,5243.0,0.831,0.887,4.547,,,,0.0,0.0,0.0,0.0,21.2,18.527948
1038,6.118,675.8,3.68,0.023543,,,,5339.0,1.433,0.933,4.096,,,,0.0,0.0,0.0,0.0,27.2,22.120796
1039,4.28889,9655.7,13.43,0.089546,,,,5803.0,1.373,0.937,4.134,,,,0.0,0.0,0.0,0.0,1245.7,1185.7482
1040,7.491,322.8,1.63,0.017825,,,,5822.0,0.837,0.92,4.557,,,,0.0,0.0,0.0,0.0,22.9,19.304756
1041,6.888,993.4,3.63,0.03337,,,,6108.0,0.997,1.072,4.471,,,,0.0,0.0,0.0,0.0,31.9,29.14388
1042,9.059,507.6,3.28,0.025642,,,,6418.0,1.171,1.241,4.395,,,,0.0,0.0,1.0,1.0,42.4,29.411352
1043,2.824,792.8,2.04,0.025049,,,,4723.0,0.747,0.734,4.557,,,,0.0,0.0,0.0,0.0,20.2,17.202415
1044,5.0478,867.7,2.74,0.027042,,,,5900.0,0.929,0.995,4.5,,,,0.0,0.0,0.0,0.0,49.2,41.834026
1045,3.4449,1037.0,2.59,0.033885,,,,4802.0,0.701,0.686,4.582,,,,0.0,0.0,0.0,0.0,59.4,51.238586
1046,2.2348,3758.6,53.72,0.539433,,,,5921.0,0.912,0.923,4.484,,,,0.0,1.0,0.0,0.0,66.3,61.747883
1047,2.4657,7589.6,10.68,0.103288,,,,6132.0,0.947,0.98,4.479,,,,0.0,1.0,0.0,0.0,148.1,165.29753
1048,4.2427,566.6,1.4,0.021006,,,,4489.0,0.609,0.621,4.662,,,,0.0,1.0,1.0,1.0,108.8,24.474972
1050,2.0718,2121.3,6.28,0.066386,,,,5931.0,0.866,0.825,4.479,,,,0.0,1.0,0.0,0.0,50.5,50.46327
1051,2.4623,586.0,25.48,0.258133,,,,5997.0,0.904,0.991,4.522,,,,0.0,0.0,0.0,1.0,44.4,15.3658285
1052,1.6339,120.1,1.09,0.010498,,,,5975.0,0.949,0.935,4.453,,,,0.0,0.0,1.0,0.0,31.7,23.7931
1053,1.262,30.7,0.69,0.005276,,,,6139.0,1.194,1.016,4.291,,,,0.0,0.0,0.0,0.0,23.2,21.635609
1054,4.25,77.3,1.31,0.009192,,,,6099.0,1.308,0.974,4.193,,,,0.0,0.0,0.0,0.0,28.4,21.97962
1055,2.2959,3456.7,76.51,0.349955,,,,6378.0,2.002,1.104,3.878,,,,0.0,1.0,1.0,0.0,292.1,563.29205
1056,2.2608,14431.2,10.07,0.108759,,,,5167.0,0.848,0.883,4.527,,,,0.0,0.0,0.0,0.0,1549.0,1567.476
1057,1.6484,107.5,1.16,0.009466,,,,5992.0,1.125,1.122,4.385,,,,0.0,0.0,0.0,0.0,37.6,45.450558
1058,4.929,770.9,3.29,0.031088,,,,6018.0,0.969,0.986,4.46,,,,0.0,0.0,0.0,0.0,33.2,29.249092
1059,1.8915,1472.7,1.6,0.034764,,,,3609.0,0.422,0.452,4.843,,,,0.0,0.0,0.0,0.0,49.2,73.38995
1060,4.981,811.6,2.0,0.025141,,,,4827.0,0.729,0.817,4.615,,,,0.0,0.0,0.0,0.0,88.0,71.70658
1061,10.065,3529.2,5.12,0.057313,,,,5774.0,0.818,0.907,4.567,,,,0.0,0.0,0.0,0.0,109.8,88.690445
1062,4.4157,11449.0,70.11,0.409477,,,,7238.0,1.568,1.491,4.221,,,,0.0,1.0,0.0,0.0,69.9,592.3904
1063,1.2216,269.5,1.52,0.015613,,,,5776.0,0.889,0.97,4.527,,,,0.0,1.0,1.0,1.0,28.9,11.872462
1064,3.9988,532.9,2.98,0.022847,,,,6213.0,1.195,1.27,4.387,,,,0.0,0.0,0.0,0.0,36.6,30.119083
1065,2.965,171.5,1.62,0.01238,,,,6213.0,1.195,1.27,4.387,,,,0.0,0.0,0.0,0.0,15.8,13.30873
1066,4.3031,728.1,2.35,0.024336,,,,5440.0,0.885,0.782,4.438,,,,0.0,0.0,0.0,0.0,71.5,58.517822
1068,2.637,101.9,0.89,0.009191,,,,5440.0,0.885,0.782,4.438,,,,0.0,0.0,0.0,0.0,12.1,10.959013
1069,2.93,1328.6,3.24,0.037656,,,,5103.0,0.787,0.823,4.562,,,,0.0,0.0,0.0,0.0,51.9,40.321964
1070,3.613,1033.9,3.21,0.037401,,,,5103.0,0.787,0.823,4.562,,,,0.0,0.0,0.0,0.0,34.7,27.025053
1071,2.143,453.6,1.7,0.019789,,,,5103.0,0.787,0.823,4.562,,,,0.0,0.0,0.0,0.0,20.6,15.503878
1072,2.398,996.8,2.56,0.029747,,,,5103.0,0.787,0.823,4.562,,,,0.0,0.0,0.0,0.0,20.4,13.798911
1073,3.93144,25026.7,17.19,0.152118,,,,6197.0,1.035,1.096,4.449,,,,0.0,1.0,0.0,0.0,1131.7,1803.5532
1074,2.6239,131.6,1.66,0.01259,,,,6026.0,1.207,1.113,4.321,,,,0.0,0.0,0.0,0.0,28.9,20.91329
1075,3.372,28.4,0.82,0.004888,,,,6250.0,1.543,1.326,4.184,,,,0.0,0.0,0.0,0.0,12.4,18.173906
1077,5.3357,164.6,2.41,0.011737,,,,6065.0,1.877,1.197,3.97,,,,0.0,0.0,0.0,0.0,46.1,32.23092
1079,4.5716,463.0,2.02,0.022945,,,,5662.0,0.806,0.808,4.532,,,,0.0,0.0,0.0,0.0,51.3,38.49001
1081,4.995,987.5,2.42,0.028621,,,,5654.0,0.774,0.865,4.59,,,,0.0,0.0,0.0,0.0,27.1,21.455402
1083,4.3855,19938.9,14.39,0.131379,,,,6147.0,1.003,1.064,4.463,,,,0.0,1.0,0.0,0.0,929.0,875.46204
1084,5.253,645.2,2.72,0.023218,,,,6090.0,1.071,1.173,4.447,,,,0.0,0.0,0.0,0.0,22.1,17.33398
1085,2.4005,341.9,1.64,0.016517,,,,5185.0,0.911,0.837,4.442,,,,0.0,0.0,1.0,1.0,38.8,33.38515
1086,2.046,499.4,1.57,0.019867,,,,4831.0,0.724,0.706,4.568,,,,0.0,0.0,0.0,0.0,30.8,23.59866
1087,1.531,433.8,1.57,0.018916,,,,5198.0,0.759,0.843,4.6,,,,0.0,0.0,1.0,0.0,37.0,31.572254
1088,3.339,283.5,5.76,0.020096,,,,6093.0,2.623,1.372,3.737,,,,0.0,0.0,1.0,1.0,46.5,41.449924
1089,10.849,2378.5,4.6,0.044645,,,,5604.0,0.943,0.916,4.451,,,,0.0,0.0,0.0,0.0,72.3,69.35844
1090,5.3091,3437.0,5.82,0.053288,,,,5919.0,1.0,1.114,4.485,,,,0.0,0.0,0.0,0.0,119.5,110.02427
1091,1.3956,796.1,20.43,0.218533,,,,5791.0,0.856,0.946,4.549,,,,0.0,1.0,1.0,1.0,103.6,8.796906
1092,2.081,347.4,1.42,0.018093,,,,5394.0,0.72,0.805,4.622,,,,0.0,0.0,1.0,0.0,17.1,13.080097
1093,2.9153,864.9,2.14,0.027225,,,,4955.0,0.721,0.774,4.61,,,,0.0,0.0,0.0,0.0,48.2,38.200813
1094,2.5137,446.5,1.82,0.023132,,,,4955.0,0.721,0.774,4.61,,,,0.0,0.0,0.0,0.0,28.2,21.927835
1095,2.7292,1011.8,5.75,0.029321,,,,6068.0,1.797,1.294,4.04,,,,0.0,0.0,0.0,0.0,31.3,25.841604
1096,2.285,424.5,3.7,0.018858,,,,6068.0,1.797,1.294,4.04,,,,0.0,0.0,0.0,0.0,15.9,12.756395
1097,3.4444,480.7,2.62,0.020906,,,,6243.0,1.149,1.226,4.406,,,,0.0,0.0,0.0,0.0,47.1,41.21705
1098,6.0134,21124.7,10.99,0.131544,,,,4939.0,0.765,0.74,4.541,,,,0.0,0.0,0.0,0.0,1126.2,1091.1238
1099,2.1418,132.7,1.51,0.011829,,,,5836.0,1.166,1.1,4.347,,,,0.0,0.0,0.0,0.0,26.4,23.284727
1100,2.2136,168.1,1.07,0.011622,,,,5251.0,0.847,0.91,4.541,,,,0.0,0.0,0.0,0.0,32.9,27.731834
1102,3.036,415.4,2.41,0.018403,,,,5619.0,1.199,0.962,4.264,,,,0.0,0.0,0.0,0.0,20.7,16.84438
1103,1.449,677.3,36.9,0.361005,,,,5578.0,0.936,0.974,4.484,,,,0.0,1.0,0.0,0.0,20.8,17.007568
1104,3.792,601.7,2.2,0.022247,,,,5754.0,0.905,1.021,4.534,,,,0.0,0.0,0.0,0.0,20.1,16.678694
1105,3.689,217.8,1.35,0.013457,,,,5447.0,0.917,0.928,4.481,,,,0.0,0.0,0.0,0.0,23.6,20.465412
1106,3.4874,428.6,22.22,0.23097,,,,5947.0,0.881,0.86,4.482,,,,0.0,1.0,1.0,1.0,93.0,41.979595
1107,4.213,439.1,2.53,0.025553,,,,5970.0,0.908,0.996,4.521,,,,0.0,0.0,0.0,0.0,26.3,23.779182
1108,7.102,916.1,2.92,0.032104,,,,5813.0,0.833,0.925,4.561,,,,0.0,0.0,0.0,0.0,40.9,31.592804
1109,5.823,640.1,2.52,0.023225,,,,6170.0,0.992,1.063,4.472,,,,0.0,0.0,0.0,0.0,33.2,26.81022
1110,5.22,804.8,3.05,0.02939,,,,5900.0,0.951,1.065,4.509,,,,0.0,0.0,0.0,0.0,29.7,26.71752
1111,23.568,857.5,43.41,0.266267,,,,6273.0,1.493,1.095,4.129,,,,0.0,1.0,0.0,0.0,176.5,99.38497
1112,4.269,800.0,2.23,0.028301,,,,4955.0,0.721,0.774,4.61,,,,0.0,0.0,0.0,0.0,34.8,27.02667
1113,5.902,1051.6,2.75,0.034889,,,,4955.0,0.721,0.774,4.61,,,,0.0,0.0,0.0,0.0,28.9,22.303108
1114,1.4577,338.5,1.51,0.017433,,,,5708.0,0.795,0.883,4.578,,,,0.0,0.0,1.0,0.0,34.2,26.506721
1115,2.8831,1215.6,2.81,0.036806,,,,4802.0,0.699,0.738,4.616,,,,0.0,0.0,0.0,0.0,36.8,31.185875
1116,3.4617,721.7,3.31,0.029391,,,,6108.0,1.03,1.132,4.466,,,,0.0,0.0,0.0,0.0,57.4,47.97676
1118,3.1381,109.7,1.85,0.012245,,,,6056.0,1.381,1.148,4.217,,,,0.0,0.0,0.0,0.0,27.7,23.504114
1119,4.561,472.2,1.9,0.019489,,,,5246.0,0.891,0.854,4.47,,,,0.0,0.0,0.0,0.0,17.9,13.979327
1120,2.2369,530.7,1.7,0.020967,,,,5068.0,0.743,0.833,4.608,,,,0.0,0.0,0.0,0.0,22.4,19.680035
1123,3.05409,23915.3,14.18,0.1589,,,,5465.0,0.817,0.897,4.566,,,,0.0,1.0,0.0,0.0,742.2,843.1109
1124,13.321,1250.6,2637.6,0.247961,,,,3626.0,97.41,1.673,0.684,,,,0.0,1.0,1.0,1.0,57.6,92.80495
1126,4.2854,10344.6,12.63,0.093464,,,,5972.0,1.237,1.148,4.313,,,,0.0,0.0,0.0,0.0,1955.1,1973.1324
1128,2.3581,334.3,1.63,0.017525,,,,5743.0,0.853,0.949,4.553,,,,0.0,0.0,0.0,0.0,36.7,32.87804
1129,2.789,783.4,3.24,0.035901,,,,5237.0,0.826,0.927,4.572,,,,0.0,1.0,1.0,0.0,34.5,30.428164
1130,6.6751,443.4,3.49,0.021046,,,,6325.0,1.518,1.296,4.188,,,,0.0,0.0,0.0,0.0,71.7,53.19904
1131,1.8261,396.8,24.03,0.213426,,,,6258.0,1.031,1.087,4.449,,,,0.0,1.0,1.0,1.0,65.9,12.28706
1132,3.4479,19550.0,12.86,0.134097,,,,5907.0,0.878,0.929,4.519,,,,0.0,1.0,0.0,0.0,123.3,1656.2042
1133,4.634,549.4,22.76,0.236028,,,,5955.0,0.883,0.972,4.534,,,,0.0,0.0,1.0,0.0,47.7,32.33942
1134,4.4617,813.4,2.99,0.027603,,,,6170.0,0.992,1.063,4.472,,,,0.0,0.0,0.0,0.0,53.1,46.059982
1135,3.2245,2090.8,4.22,0.041991,,,,6086.0,0.921,1.003,4.511,,,,0.0,0.0,0.0,0.0,123.9,91.72884
1137,3.198,196.4,1.72,0.016263,,,,5778.0,0.968,1.038,4.483,,,,0.0,0.0,0.0,0.0,15.4,13.1556225
1138,4.799,308.3,1.8,0.016086,,,,6093.0,1.025,1.025,4.429,,,,0.0,0.0,0.0,0.0,24.3,22.176304
1139,1.941,4572.0,34.68,0.360488,,,,5749.0,0.881,0.772,4.436,,,,0.0,1.0,0.0,0.0,24.3,192.8367
1140,1.892,156.9,0.99,0.011348,,,,5017.0,0.797,0.76,4.516,,,,0.0,0.0,0.0,0.0,15.0,14.020479
1141,4.7366,11310.9,28.29,0.110513,,,,5372.0,2.344,1.295,3.81,,,,0.0,1.0,0.0,0.0,560.2,620.94885
1142,2.563,1117.0,2.92,0.029843,,,,5211.0,0.895,0.817,4.447,,,,0.0,0.0,0.0,0.0,70.9,61.405857
1143,2.454,1131.8,2.97,0.030358,,,,5211.0,0.895,0.817,4.447,,,,0.0,0.0,0.0,0.0,44.7,27.840118
1144,1.0348,469.3,1.64,0.020166,,,,5532.0,0.745,0.833,4.607,,,,0.0,0.0,1.0,0.0,27.0,21.955296
1145,2.1878,16456.0,14.16,0.130153,,,,6122.0,0.996,1.07,4.471,,,,0.0,0.0,0.0,0.0,113.5,1089.1381
1146,2.236,255.7,2.57,0.014946,,,,6050.0,1.572,1.24,4.137,,,,0.0,0.0,0.0,0.0,19.8,22.03249
1147,1.8305,206.4,1.0,0.012581,,,,4502.0,0.728,0.722,4.572,,,,0.0,0.0,1.0,0.0,22.7,17.877892
1148,1.4727,312.3,0.87,0.016332,,,,4042.0,0.49,0.505,4.761,,,,0.0,0.0,0.0,0.0,42.8,35.267838
1149,1.0406,481.7,1.23,0.022906,,,,4042.0,0.49,0.505,4.761,,,,0.0,0.0,0.0,0.0,27.2,20.562792
1150,5.3136,678.3,3.19,0.026301,,,,6325.0,1.112,1.157,4.409,,,,0.0,0.0,0.0,0.0,40.6,33.71081
1151,5.8875,970.9,3.1,0.028574,,,,6026.0,0.992,0.924,4.411,,,,0.0,0.0,0.0,0.0,62.0,47.246983
1152,12.0355,4850.0,12.28,0.06617,,,,5597.0,1.699,0.969,3.963,,,,0.0,0.0,0.0,0.0,230.6,196.19203
1153,16.942,1061.2,6.47,0.034854,,,,5597.0,1.699,0.969,3.963,,,,0.0,0.0,0.0,0.0,36.8,27.220509
1155,6.158,1120.6,294.02,3.451933,,,,5286.0,0.78,0.872,4.59,,,,0.0,1.0,1.0,0.0,26.4,24.034557
1156,2.7719,825.3,3.01,0.02789,,,,5511.0,0.987,0.947,4.426,,,,0.0,0.0,0.0,0.0,69.3,57.242867
1157,5.884,290.5,2.53,0.015631,,,,5726.0,1.483,1.066,4.123,,,,0.0,0.0,0.0,0.0,28.9,23.425465
1158,8.622,223.9,2.31,0.01424,,,,5726.0,1.483,1.066,4.123,,,,0.0,0.0,0.0,0.0,17.9,11.423345
1160,3.073,392.1,2.43,0.02464,,,,5229.0,0.903,0.821,4.441,,,,0.0,0.0,0.0,0.0,15.0,12.92448
1161,1.965,416.2,1.75,0.030112,,,,3871.0,0.532,0.573,4.744,,,,0.0,0.0,0.0,0.0,21.2,17.655901
1163,2.826,491.0,2.25,0.02055,,,,5334.0,1.004,0.865,4.372,,,,0.0,0.0,0.0,0.0,20.7,17.317513
1164,3.176,351.9,1.91,0.017427,,,,5334.0,1.004,0.865,4.372,,,,0.0,0.0,0.0,0.0,12.7,10.845035
1165,1.2762,933.5,3.8,0.029978,,,,6392.0,1.162,1.232,4.399,,,,0.0,1.0,0.0,0.0,19.5,16.372225
1166,1.2137,438.5,2.09,0.021683,,,,5985.0,0.883,0.94,4.519,,,,0.0,0.0,1.0,0.0,55.6,42.253517
1167,5.907,580.7,2.58,0.026833,,,,5783.0,0.88,0.977,4.539,,,,0.0,0.0,0.0,0.0,30.7,27.182098
1168,2.703,310.7,1.55,0.015692,,,,5157.0,0.904,0.83,4.445,,,,0.0,0.0,0.0,0.0,20.2,17.12765
1169,3.3703,535.3,2.5,0.024147,,,,5311.0,0.948,0.859,4.419,,,,0.0,0.0,0.0,0.0,41.5,34.93317
1170,4.045,569.7,1.95,0.022458,,,,5167.0,0.796,0.891,4.585,,,,0.0,0.0,0.0,0.0,31.6,24.828281
1171,5.2472,301.2,1.78,0.015768,,,,5706.0,1.034,0.94,4.382,,,,0.0,0.0,0.0,0.0,54.4,43.052994
1172,3.0401,662.0,2.71,0.025138,,,,5511.0,0.987,0.947,4.426,,,,0.0,0.0,0.0,0.0,51.2,43.509666
1173,2.69382,18136.5,12.73,0.121923,,,,5561.0,0.956,0.859,4.411,,,,0.0,0.0,0.0,0.0,2833.1,2803.75
1175,1.6271,599.6,1.41,0.022156,,,,4153.0,0.581,0.595,4.684,,,,0.0,0.0,0.0,0.0,22.4,17.98488
1176,5.383,149.0,1.12,0.011986,,,,5788.0,0.856,0.856,4.506,,,,0.0,0.0,1.0,0.0,36.8,19.963707
1177,2.9674,744.1,49.34,0.234114,,,,7530.0,1.93,1.633,4.08,,,,0.0,0.0,1.0,0.0,91.2,80.6308
1178,3.3351,771.9,3.09,0.028965,,,,5301.0,0.977,0.856,4.391,,,,0.0,0.0,0.0,0.0,39.6,32.68434
1179,5.359,498.9,2.07,0.020447,,,,6032.0,0.929,1.014,4.508,,,,0.0,0.0,0.0,0.0,19.6,16.529358
1180,1.6738,38946.0,16.07,0.440466,,,,3497.0,0.334,0.339,4.92,,,,0.0,1.0,0.0,0.0,83.5,1356.9958
1181,1.3015,217.4,1.58,0.013337,,,,5499.0,1.087,0.906,4.323,,,,0.0,0.0,0.0,0.0,54.4,41.280567
1183,2.11481,14319.4,11.38,0.115425,,,,5720.0,0.903,0.882,4.473,,,,0.0,0.0,0.0,0.0,1287.4,1264.7878
1184,2.757,1630.6,3.86,0.037636,,,,5729.0,0.939,1.051,4.514,,,,0.0,0.0,0.0,0.0,28.2,213.7086
1185,2.834,1003.0,3.48,0.033946,,,,5729.0,0.939,1.051,4.514,,,,0.0,0.0,0.0,0.0,10.5,80.44857
1186,2.89,2018.1,3.47,0.04418,,,,4920.0,0.72,0.822,4.62,,,,0.0,0.0,0.0,0.0,246.6,238.17216
1187,2.0747,691.6,2.2,0.027938,,,,4920.0,0.72,0.822,4.62,,,,0.0,0.0,0.0,0.0,115.1,134.81491
1188,5.0361,553.2,2.48,0.022235,,,,5833.0,1.022,0.974,4.407,,,,0.0,0.0,0.0,0.0,37.1,32.242672
1189,6.249,259.7,1.71,0.014903,,,,5401.0,1.05,0.93,4.364,,,,0.0,0.0,1.0,1.0,22.7,18.904547
1190,1.188,114.5,0.86,0.009657,,,,5199.0,0.811,0.807,4.527,,,,0.0,0.0,1.0,0.0,11.5,8.643481
1191,4.5871,233.9,4.65,0.016382,,,,6900.0,2.599,1.714,3.843,,,,0.0,0.0,0.0,0.0,33.3,31.662823
1192,3.686,163.0,1.71,0.01451,,,,6240.0,1.079,1.135,4.426,,,,0.0,0.0,0.0,0.0,18.0,16.398657
1193,19.359,556.1,3.18,0.025739,,,,6218.0,1.131,1.219,4.417,,,,0.0,1.0,1.0,1.0,35.4,21.90635
1194,13.902,879.9,3.15,0.035889,,,,5510.0,0.803,0.877,4.572,,,,0.0,0.0,0.0,0.0,39.5,31.4297
1195,16.599,1035.2,3.06,0.034847,,,,5510.0,0.803,0.877,4.572,,,,0.0,0.0,0.0,0.0,27.1,19.9715
1197,5.159,486.0,2.33,0.025096,,,,5840.0,0.849,0.942,4.553,,,,0.0,0.0,0.0,0.0,36.1,30.786917
1198,2.5736,505.6,1.44,0.021514,,,,4166.0,0.612,0.624,4.66,,,,0.0,0.0,0.0,0.0,23.2,19.516884
1199,4.1223,14638.1,10.89,0.112441,,,,5422.0,0.887,0.874,4.484,,,,0.0,0.0,0.0,0.0,812.6,695.00134
1200,4.139,403.3,2.51,0.018587,,,,6572.0,1.238,1.298,4.365,,,,0.0,0.0,0.0,0.0,18.8,15.492322
1202,1.7645,11306.0,45.58,0.328908,,,,6302.0,1.269,0.895,4.183,,,,0.0,1.0,0.0,0.0,103.9,1297.9481
1203,0.7773,352.2,1.55,0.017196,,,,5435.0,0.824,0.937,4.578,,,,0.0,1.0,0.0,0.0,28.2,21.225487
1205,3.0946,251.1,2.47,0.015742,,,,6122.0,1.439,1.123,4.173,,,,0.0,0.0,0.0,0.0,32.0,25.692062
1206,1.1315,4518.1,19.31,0.355752,,,,3752.0,0.497,0.503,4.747,,,,0.0,1.0,0.0,0.0,163.4,29.723516
1207,7.507,3616.7,5.14,0.060851,,,,5367.0,0.773,0.854,4.59,,,,0.0,1.0,1.0,1.0,108.9,191.25253
1208,2.8419,6084.4,27.43,0.357845,,,,4859.0,0.702,0.789,4.626,,,,0.0,1.0,0.0,0.0,165.3,206.1693
1209,5.241,5367.0,38.04,0.348356,,,,5780.0,1.0,1.0,4.438,,,,0.0,1.0,1.0,1.0,44.8,33.648304
1211,1.591,190.0,0.93,0.012443,,,,5229.0,0.688,0.765,4.643,,,,0.0,0.0,0.0,0.0,26.2,22.076683
1212,4.605,213.9,1.58,0.014377,,,,6296.0,1.006,1.066,4.46,,,,0.0,0.0,0.0,0.0,23.3,20.901041
1213,4.653,101.9,1.09,0.009947,,,,6296.0,1.006,1.066,4.46,,,,0.0,0.0,0.0,0.0,13.9,12.777316
1214,3.4497,257.2,1.64,0.01467,,,,5948.0,1.025,0.93,4.384,,,,0.0,0.0,0.0,0.0,38.4,33.825256
1215,5.78725,13051.7,13.32,0.107197,,,,6434.0,1.138,1.169,4.394,,,,0.0,1.0,0.0,0.0,1640.0,1341.889
1216,5.144,752.8,2.4,0.024928,,,,5767.0,0.881,0.979,4.538,,,,0.0,0.0,0.0,0.0,34.3,28.67196
1217,2.1568,555.4,1.95,0.023477,,,,4847.0,0.761,0.86,4.606,,,,0.0,0.0,0.0,0.0,36.3,29.367743
1219,1.5639,532.8,1.42,0.023021,,,,4132.0,0.564,0.578,4.699,,,,0.0,0.0,0.0,0.0,52.6,42.818226
1220,4.608,119.6,1.7,0.011969,,,,5861.0,1.304,1.01,4.212,,,,0.0,0.0,0.0,0.0,20.1,17.594885
1222,8.378,437.5,3.38,0.019179,,,,6309.0,1.614,1.358,4.154,,,,0.0,0.0,0.0,0.0,40.2,30.7175
1223,3.72,894.8,2.31,0.030574,,,,4564.0,0.691,0.683,4.593,,,,0.0,0.0,0.0,0.0,23.8,20.278923
1225,11.5521,22771.7,33.63,0.141743,,,,6340.0,2.173,1.174,3.833,,,,0.0,1.0,0.0,0.0,1171.2,426.68494
1226,3.5234,2104.8,207.71,2.216856,,,,5482.0,0.858,0.853,4.502,,,,0.0,0.0,1.0,1.0,97.2,178.31566
1229,3.6705,866.7,22.9,0.236655,,,,5566.0,0.886,0.975,4.532,,,,0.0,1.0,1.0,1.0,78.8,28.725586
1230,4.624,122.0,1.82,0.010721,,,,6495.0,1.554,1.182,4.128,,,,0.0,1.0,1.0,1.0,36.0,27.892395
1231,2.3906,159.4,1.16,0.011409,,,,5646.0,0.932,0.986,4.493,,,,0.0,0.0,0.0,0.0,35.3,29.82373
1232,5.2706,241.5,2.49,0.016794,,,,6109.0,1.36,1.194,4.247,,,,0.0,0.0,0.0,0.0,51.3,39.39738
1233,3.0998,163.7,1.6,0.011618,,,,5810.0,1.259,1.026,4.25,,,,0.0,0.0,0.0,0.0,30.8,26.684687
1234,6.22,189.3,1.78,0.012581,,,,6119.0,1.299,1.157,4.274,,,,0.0,0.0,0.0,0.0,34.7,26.788187
1235,4.473,446.7,2.86,0.023183,,,,6036.0,1.131,0.987,4.326,,,,0.0,0.0,0.0,0.0,37.7,27.92319
1236,5.676,460.5,3.15,0.025515,,,,6036.0,1.131,0.987,4.326,,,,0.0,0.0,0.0,0.0,33.6,25.269482
1237,5.038,472.6,2.56,0.020758,,,,6036.0,1.131,0.987,4.326,,,,0.0,0.0,0.0,0.0,25.3,19.267315
1238,3.128,159.1,1.6,0.012939,,,,6036.0,1.131,0.987,4.326,,,,0.0,0.0,0.0,0.0,16.7,13.353382
1239,6.0,362.1,2.29,0.018527,,,,6036.0,1.131,0.987,4.326,,,,0.0,0.0,0.0,0.0,16.7,13.444004
1240,3.0089,558.3,2.92,0.021433,,,,5565.0,1.246,1.008,4.251,,,,0.0,0.0,0.0,0.0,25.6,21.926264
1241,2.0744,665.4,2.25,0.023206,,,,5422.0,0.887,0.874,4.484,,,,0.0,0.0,0.0,0.0,69.1,52.920734
1243,3.328,105.0,0.88,0.009622,,,,5706.0,0.834,0.93,4.561,,,,0.0,0.0,1.0,1.0,17.1,14.619732
1245,4.558,268.3,1.78,0.015881,,,,5962.0,1.028,1.039,4.431,,,,0.0,0.0,0.0,0.0,21.7,23.985239
1246,7.297,1426.7,4.54,0.041943,,,,5951.0,0.991,0.983,4.439,,,,0.0,0.0,1.0,1.0,92.8,75.38631
1247,5.1231,571.1,2.23,0.021681,,,,5637.0,0.943,0.813,4.399,,,,0.0,0.0,0.0,0.0,97.9,82.31395
1248,4.4228,1534.4,5.33,0.049191,,,,6109.0,0.993,0.95,4.422,,,,0.0,1.0,1.0,0.0,138.4,125.11345
1249,4.2572,1785.9,4.3,0.04136,,,,5900.0,0.951,1.065,4.509,,,,0.0,0.0,0.0,0.0,59.7,51.55364
1250,2.173,590.9,2.33,0.024527,,,,5730.0,0.87,0.968,4.545,,,,0.0,0.0,1.0,1.0,46.0,36.901245
1251,3.957,71.7,1.12,0.007869,,,,6119.0,1.299,1.157,4.274,,,,0.0,0.0,0.0,0.0,16.6,13.585505
1252,6.632,357.7,1.63,0.017221,,,,5811.0,0.866,0.94,4.536,,,,0.0,0.0,0.0,0.0,37.7,31.932688
1253,2.9191,73.3,1.1,0.007798,,,,5876.0,1.293,1.132,4.269,,,,0.0,0.0,0.0,0.0,25.4,20.18704
1255,6.66929,112642.0,53.19,0.310843,,,,6168.0,1.567,1.061,4.074,,,,0.0,1.0,0.0,0.0,1241.4,5181.257
1256,4.4127,71867.0,29.8,0.254092,,,,5767.0,1.074,0.9,4.33,,,,0.0,1.0,0.0,0.0,202.0,2277.222
1259,1.796,266.9,1.34,0.015115,,,,4915.0,0.812,0.781,4.512,,,,0.0,0.0,0.0,0.0,17.0,13.413105
1261,3.226,843.2,2.83,0.035083,,,,5288.0,0.74,0.828,4.613,,,,0.0,0.0,0.0,0.0,25.5,20.412176
1262,2.6901,1688.4,57.62,0.353656,,,,6340.0,1.492,1.379,4.23,,,,0.0,1.0,0.0,0.0,54.6,92.928764
1263,6.653,922.4,3.46,0.027996,,,,6461.0,1.131,1.162,4.396,,,,0.0,0.0,0.0,0.0,45.0,38.209057
1264,4.23,,,,,,,,,,,,,,1.0,0.0,0.0,0.0,,
1265,2.1763,455.5,1.65,0.019407,,,,4841.0,0.779,0.756,4.533,,,,0.0,0.0,0.0,0.0,30.6,25.984106
1266,2.6077,101.5,1.62,0.009158,,,,5843.0,1.615,1.115,4.069,,,,0.0,0.0,0.0,0.0,27.0,20.263723
1267,2.8617,828.3,2.85,0.029409,,,,5418.0,0.886,0.978,4.534,,,,0.0,0.0,0.0,0.0,126.1,135.83038
1268,6.7504,4674.7,6.31,0.06161,,,,5584.0,0.938,0.966,4.478,,,,0.0,0.0,0.0,0.0,142.8,143.4172
1270,3.7177,4491.2,11.65,0.061648,,,,6430.0,1.731,1.398,4.107,,,,0.0,0.0,0.0,0.0,300.7,177.54475
1271,1.6067,728.5,1.57,0.023817,,,,4224.0,0.603,0.609,4.662,,,,0.0,0.0,0.0,0.0,35.3,29.158415
1272,2.9497,1169.4,1.99,0.030147,,,,4224.0,0.603,0.609,4.662,,,,0.0,0.0,0.0,0.0,31.9,24.001974
1273,2.234,434.3,1.22,0.018507,,,,4224.0,0.603,0.609,4.662,,,,0.0,0.0,0.0,0.0,14.6,10.887242
1274,2.36255,4315.8,4.82,0.057823,,,,4778.0,0.763,0.83,4.591,,,,0.0,0.0,0.0,0.0,862.3,2034.6268
1275,4.69813,16387.6,18.05,0.116814,,,,5953.0,1.415,1.093,4.175,,,,0.0,0.0,0.0,0.0,3535.6,3302.585
1276,10.3939,1023.3,4.24,0.029861,,,,6226.0,1.299,1.129,4.264,,,,0.0,0.0,0.0,0.0,155.3,117.66725
1277,3.5802,49720.0,38.59,0.443443,,,,5601.0,0.797,0.791,4.533,,,,0.0,1.0,0.0,0.0,205.9,2296.5215
1278,3.1729,48434.0,25.74,0.20283,,,,6392.0,1.162,1.232,4.399,,,,0.0,1.0,0.0,0.0,538.0,2697.4727
1279,7.487,831.5,23.61,0.237548,,,,5585.0,0.91,0.773,4.409,,,,0.0,0.0,1.0,0.0,59.7,50.595158
1280,2.75,515.2,2.08,0.020883,,,,5896.0,0.914,1.0,4.516,,,,0.0,0.0,0.0,0.0,18.3,16.746252
1281,3.815,550.5,2.14,0.021393,,,,5896.0,0.914,1.0,4.516,,,,0.0,0.0,0.0,0.0,18.4,15.541253
1282,1.644,331.2,1.82,0.017318,,,,6153.0,0.962,1.036,4.487,,,,0.0,0.0,1.0,0.0,39.3,32.953247
1283,5.2096,732.0,3.11,0.024334,,,,5509.0,1.169,0.918,4.265,,,,0.0,0.0,0.0,0.0,40.3,34.499313
1285,2.184,84.2,0.84,0.008661,,,,5418.0,0.886,0.978,4.534,,,,0.0,0.0,0.0,0.0,18.0,17.796751
1286,1.5017,815.9,10.77,0.115663,,,,5596.0,0.853,0.906,4.533,,,,0.0,1.0,0.0,0.0,59.5,48.45203
1287,2.9118,286.5,1.54,0.017584,,,,5044.0,0.804,0.764,4.511,,,,0.0,0.0,0.0,0.0,31.1,25.630995
1288,1.1598,82.5,2.61,0.008574,,,,6546.0,2.784,1.852,3.817,,,,0.0,1.0,0.0,0.0,20.5,39.570023
1289,6.927,2559.6,5.04,0.056204,,,,5446.0,0.821,0.824,4.525,,,,0.0,0.0,0.0,0.0,44.4,39.809235
1290,12.808,340.3,1.73,0.016782,,,,5637.0,0.943,0.813,4.399,,,,0.0,0.0,0.0,0.0,23.2,18.011978
1292,7.9393,2949.5,4.78,0.049061,,,,5591.0,0.892,0.904,4.494,,,,0.0,0.0,0.0,0.0,339.4,280.73087
1293,9.142,638.2,2.59,0.028768,,,,5819.0,0.823,0.91,4.565,,,,0.0,0.0,1.0,0.0,52.9,34.12135
1294,6.1614,25480.0,19.84,0.154998,,,,6812.0,1.172,1.103,4.343,,,,0.0,1.0,0.0,0.0,261.3,118.66748
1295,4.7136,25886.2,37.09,0.14653,,,,5758.0,2.318,1.258,3.808,,,,0.0,1.0,0.0,0.0,408.5,1801.702
1296,3.15998,24627.2,49.86,0.430772,,,,6203.0,1.06,1.091,4.427,,,,0.0,1.0,0.0,0.0,423.9,1805.1306
1297,3.88962,17219.2,12.62,0.120663,,,,6200.0,0.958,1.029,4.488,,,,0.0,1.0,0.0,0.0,990.3,876.2924
1299,2.6302,406.5,0.99,0.018295,,,,3883.0,0.496,0.518,4.762,,,,0.0,0.0,0.0,0.0,26.4,23.104864
1300,3.81,1210.2,1.87,0.034493,,,,3883.0,0.496,0.518,4.762,,,,0.0,0.0,0.0,0.0,22.6,16.511694
1301,3.03318,16450.9,12.91,0.116687,,,,5823.0,1.013,1.027,4.438,,,,0.0,0.0,0.0,0.0,1586.2,1636.7843
1303,5.961,1091.8,3.22,0.035104,,,,5497.0,0.839,0.952,4.57,,,,0.0,0.0,0.0,0.0,70.0,56.980606
1304,7.474,658.8,2.64,0.028851,,,,5497.0,0.839,0.952,4.57,,,,0.0,0.0,0.0,0.0,37.9,30.277075
1305,1.2635,841.0,1.0,0.033564,,,,3364.0,0.274,0.26,4.978,,,,0.0,0.0,0.0,0.0,47.7,28.219137
1306,3.0069,670.0,3.17,0.027287,,,,5692.0,1.064,0.946,4.36,,,,0.0,0.0,0.0,0.0,42.1,36.83864
1307,6.501,437.8,2.8,0.023842,,,,6249.0,1.076,1.13,4.428,,,,0.0,0.0,0.0,0.0,21.1,18.253088
1308,1.9046,278.7,1.77,0.019017,,,,5238.0,0.851,0.784,4.472,,,,0.0,0.0,0.0,0.0,56.7,40.189835
1309,9.877,982.3,4.01,0.036533,,,,5792.0,1.005,0.875,4.375,,,,0.0,0.0,0.0,0.0,28.7,21.122614
1310,3.7922,1597.1,3.16,0.035772,,,,4883.0,0.808,0.779,4.515,,,,0.0,0.0,0.0,0.0,46.8,38.09962
1312,2.595,894.6,2.84,0.027246,,,,5869.0,0.954,1.001,4.479,,,,0.0,0.0,0.0,0.0,55.1,45.956264
1313,4.091,879.4,312.48,2.74095,,,,6273.0,1.044,1.099,4.442,,,,0.0,1.0,1.0,1.0,27.7,30.637863
1314,2.289,1105.2,2.4,0.029549,,,,4922.0,0.744,0.726,4.555,,,,0.0,0.0,1.0,0.0,8.3,37.087746
1316,2.8056,6897.8,11.61,0.159601,,,,4765.0,0.666,0.717,4.642,,,,0.0,1.0,0.0,0.0,164.4,617.2113
1318,24.42,1743.4,5.8,0.040914,,,,6226.0,1.299,1.129,4.264,,,,0.0,0.0,0.0,0.0,78.6,28.84485
1319,3.04,2658.5,28.63,0.309919,,,,5741.0,0.846,0.938,4.555,,,,0.0,1.0,1.0,0.0,228.9,241.85098
1320,5.2482,11427.0,12.88,0.117961,,,,5919.0,1.0,1.114,4.485,,,,0.0,1.0,1.0,0.0,163.7,270.9085
1321,2.312,186.5,1.4,0.015266,,,,5497.0,0.839,0.952,4.57,,,,0.0,0.0,0.0,0.0,14.9,12.670836
1322,8.839,363.4,2.9,0.027361,,,,5823.0,0.972,1.02,4.472,,,,0.0,0.0,0.0,0.0,24.5,19.429487
1323,3.644,388.4,24.89,0.23938,,,,6075.0,0.952,1.033,4.495,,,,0.0,1.0,1.0,0.0,22.8,18.797474
1324,6.253,273.1,1.97,0.016746,,,,5534.0,1.08,0.926,4.338,,,,0.0,0.0,0.0,0.0,36.5,30.358961
1325,11.64,417.8,2.75,0.023333,,,,5534.0,1.08,0.926,4.338,,,,0.0,0.0,0.0,0.0,28.7,23.093313
1327,5.607,566.5,2.07,0.021372,,,,5422.0,0.887,0.874,4.484,,,,0.0,0.0,0.0,0.0,24.8,13.80781
1328,3.898,800.6,1.9,0.025721,,,,5350.0,0.678,0.758,4.647,,,,0.0,0.0,0.0,0.0,26.7,23.57028
1329,3.778,765.1,2.19,0.02478,,,,4998.0,0.808,0.806,4.53,,,,0.0,0.0,0.0,0.0,22.7,19.036667
1330,2.3726,545.8,1.34,0.02144,,,,4198.0,0.574,0.587,4.689,,,,0.0,0.0,0.0,0.0,32.2,26.83875
1331,2.4233,462.5,1.35,0.019013,,,,4478.0,0.651,0.637,4.615,,,,0.0,1.0,1.0,1.0,60.9,25.151985
1332,7.1545,8088.6,12.04,0.093207,,,,5733.0,1.183,0.974,4.281,,,,0.0,0.0,0.0,0.0,148.1,116.552216
1333,4.5718,460.2,2.58,0.020765,,,,5705.0,1.14,0.939,4.297,,,,0.0,0.0,0.0,0.0,86.4,68.921616
1334,5.879,974.9,3.65,0.028292,,,,5733.0,1.183,0.974,4.281,,,,0.0,0.0,0.0,0.0,37.9,29.34237
1335,6.794,268.6,38.42,0.156318,,,,6634.0,2.251,1.253,3.831,,,,0.0,0.0,1.0,1.0,39.2,38.558693
1337,6.6517,5805.8,8.76,0.070522,,,,6228.0,1.137,1.221,4.413,,,,0.0,0.0,0.0,0.0,265.4,237.59964
1338,6.0325,1071.5,27.04,0.282065,,,,5995.0,0.878,0.964,4.536,,,,0.0,1.0,1.0,1.0,119.6,15.842242
1339,5.525,1216.8,3.25,0.03173,,,,5665.0,0.938,0.773,4.381,,,,0.0,1.0,1.0,1.0,28.8,82.42111
1340,5.628,10188.0,40.18,0.383715,,,,6141.0,0.959,0.982,4.468,,,,0.0,1.0,0.0,0.0,99.5,142.11705
1341,7.253,334.0,2.03,0.016741,,,,5616.0,1.111,0.957,4.327,,,,0.0,0.0,0.0,0.0,22.8,16.694304
1342,4.3311,224.8,2.47,0.016517,,,,6297.0,1.369,1.247,4.26,,,,0.0,0.0,0.0,0.0,45.4,32.16319
1343,9.557,244.8,2.8,0.018714,,,,6297.0,1.369,1.247,4.26,,,,0.0,0.0,0.0,0.0,41.6,23.974123
1344,3.6765,776.8,3.12,0.030625,,,,5964.0,0.933,0.968,4.484,,,,0.0,0.0,0.0,0.0,22.5,29.285742
1345,3.6577,861.3,2.55,0.029932,,,,4847.0,0.781,0.772,4.54,,,,0.0,0.0,0.0,0.0,34.7,26.913803
1346,1.375,169.5,2.08,0.012317,,,,5821.0,1.547,1.092,4.097,,,,0.0,0.0,0.0,0.0,26.2,22.375027
1347,2.5996,370.0,1.57,0.018716,,,,5064.0,0.769,0.806,4.572,,,,0.0,0.0,0.0,0.0,32.8,27.847147
1348,1.7752,1375.1,3.26,0.034342,,,,5668.0,0.868,0.963,4.545,,,,0.0,0.0,0.0,0.0,35.0,38.35937
1349,1.614,504.9,2.25,0.023982,,,,5461.0,0.858,0.957,4.552,,,,0.0,0.0,0.0,0.0,8.6,69.970215
1350,2.4553,755.6,1.8,0.030498,,,,3757.0,0.539,0.552,4.718,,,,0.0,0.0,0.0,0.0,27.6,23.186045
1351,3.987,690.6,2.11,0.02369,,,,5338.0,0.816,0.875,4.557,,,,0.0,0.0,0.0,0.0,22.4,44.9959
1352,9.0636,832.1,3.43,0.026201,,,,5818.0,1.2,0.991,4.276,,,,0.0,0.0,0.0,0.0,57.2,52.910034
1353,3.45188,10091.4,16.91,0.091563,,,,5927.0,1.691,1.161,4.046,,,,0.0,0.0,0.0,0.0,1429.9,1341.4701
1354,6.804,1287.0,3.94,0.037015,,,,5620.0,0.974,0.797,4.363,,,,0.0,0.0,0.0,0.0,45.6,38.439476
1355,2.5997,2940.7,30.0,0.332581,,,,5381.0,0.826,0.858,4.538,,,,0.0,1.0,0.0,0.0,47.6,47.546577
1356,3.0039,9763.3,7.94,0.094404,,,,5215.0,0.77,0.792,4.564,,,,0.0,0.0,0.0,0.0,707.3,749.69366
1357,4.1445,108.5,1.75,0.010024,,,,6180.0,1.603,1.275,4.133,,,,0.0,0.0,0.0,0.0,48.0,43.779842
1358,3.9851,762.6,2.18,0.024767,,,,4891.0,0.805,0.776,4.516,,,,0.0,0.0,0.0,0.0,39.0,30.497955
1359,2.928,298.4,1.35,0.015322,,,,4891.0,0.805,0.776,4.516,,,,0.0,0.0,0.0,0.0,18.3,14.762491
1360,5.907,1372.6,3.54,0.038618,,,,5662.0,0.84,0.937,4.56,,,,0.0,0.0,0.0,0.0,35.0,28.120026
1361,4.4073,234.3,2.17,0.014445,,,,5808.0,1.374,1.054,4.185,,,,0.0,0.0,0.0,0.0,38.2,32.74615
1362,1.8707,120.5,0.91,0.010107,,,,5435.0,0.824,0.937,4.578,,,,0.0,0.0,0.0,0.0,40.9,39.49102
1364,5.27958,69850.7,45.18,0.474443,,,,6003.0,0.872,0.952,4.536,,,,0.0,1.0,0.0,0.0,2145.1,2789.1543
1366,1.6239,228.4,1.27,0.013835,,,,5662.0,0.84,0.937,4.56,,,,0.0,0.0,0.0,0.0,33.3,28.595043
1367,5.3694,3120.4,7.79,0.052128,,,,6002.0,1.369,1.073,4.196,,,,0.0,0.0,0.0,0.0,373.0,393.82916
1368,2.272,334.3,1.05,0.01791,,,,3757.0,0.539,0.552,4.718,,,,0.0,0.0,0.0,0.0,14.8,12.475944
1369,2.69,1836.9,4.28,0.042132,,,,5029.0,0.93,0.847,4.429,,,,0.0,0.0,0.0,0.0,20.2,29.859983
1371,3.751,365.6,1.69,0.017763,,,,5435.0,0.873,0.87,4.495,,,,0.0,0.0,0.0,0.0,28.5,21.758528
1372,3.2861,812.0,2.22,0.025421,,,,5180.0,0.8,0.825,4.548,,,,0.0,0.0,0.0,0.0,51.8,45.19574
1373,6.343,1025.4,2.6,0.028842,,,,5191.0,0.826,0.844,4.53,,,,0.0,0.0,0.0,0.0,56.8,46.575012
1374,2.5126,198.5,1.15,0.012779,,,,5191.0,0.826,0.844,4.53,,,,0.0,0.0,0.0,0.0,25.9,21.772156
1375,5.1691,183.2,1.1,0.012235,,,,5191.0,0.826,0.844,4.53,,,,0.0,0.0,0.0,0.0,11.6,10.421222
1376,1.2325,356.1,1.97,0.021836,,,,5191.0,0.826,0.844,4.53,,,,0.0,0.0,0.0,0.0,17.1,11.698665
1377,2.1004,232.9,1.29,0.014177,,,,6068.0,0.831,0.931,4.565,,,,0.0,0.0,0.0,0.0,40.8,36.35022
1378,8.5274,343.9,7.1,0.017041,,,,4994.0,3.818,1.441,3.433,,,,0.0,0.0,0.0,0.0,90.6,49.242104
1379,2.2906,1320.3,1.87,0.03274,,,,4347.0,0.524,0.537,4.73,,,,0.0,0.0,0.0,0.0,21.8,30.910906
1380,2.829,1562.8,2.04,0.035589,,,,4347.0,0.524,0.537,4.73,,,,0.0,0.0,0.0,0.0,20.3,25.287598
1381,2.691,1262.0,1.84,0.032079,,,,4347.0,0.524,0.537,4.73,,,,0.0,0.0,0.0,0.0,11.8,13.92513
1382,4.843,574.5,3.17,0.025906,,,,6214.0,1.122,1.101,4.382,,,,0.0,0.0,0.0,0.0,38.5,29.686596
1383,2.323,279.2,1.57,0.021644,,,,4766.0,0.664,0.723,4.645,,,,0.0,0.0,0.0,0.0,35.1,29.340645
1384,2.9884,568.1,3.15,0.026351,,,,6310.0,1.095,1.143,4.417,,,,0.0,0.0,0.0,0.0,39.9,32.66846
1385,5.474,829.4,3.26,0.02826,,,,5730.0,1.056,1.008,4.394,,,,0.0,0.0,0.0,0.0,34.0,27.110012
1386,2.7509,693.4,2.57,0.0246,,,,5774.0,0.958,0.937,4.447,,,,0.0,0.0,0.0,0.0,26.9,23.871181
1387,7.105,925.7,2.89,0.027646,,,,5774.0,0.958,0.937,4.447,,,,0.0,0.0,0.0,0.0,23.3,19.515469
1388,4.301,430.8,1.88,0.019678,,,,5435.0,0.873,0.87,4.495,,,,0.0,0.0,0.0,0.0,30.0,19.935074
1389,4.364,197.8,1.39,0.014619,,,,5435.0,0.873,0.87,4.495,,,,0.0,0.0,0.0,0.0,11.4,8.255046
1390,5.76,174.1,1.19,0.012512,,,,5435.0,0.873,0.87,4.495,,,,0.0,0.0,0.0,0.0,9.9,8.67766
1391,2.5342,259.0,1.48,0.01453,,,,5594.0,0.934,0.981,4.489,,,,0.0,0.0,0.0,0.0,26.1,25.909443
1392,1.755,532.9,3.09,0.028415,,,,5618.0,0.996,0.911,4.401,,,,0.0,0.0,0.0,0.0,27.1,22.337149
1393,1.8141,879.3,3.0,0.029367,,,,5445.0,0.937,0.919,4.458,,,,0.0,0.0,0.0,0.0,42.5,45.03802
1394,2.0688,653.8,3.18,0.03105,,,,5445.0,0.937,0.919,4.458,,,,0.0,0.0,0.0,0.0,17.4,19.995342
1395,3.441,694.8,2.62,0.025654,,,,5445.0,0.937,0.919,4.458,,,,0.0,0.0,0.0,0.0,16.2,18.331856
1396,6.459,210.8,2.6,0.014093,,,,5927.0,1.691,1.161,4.046,,,,0.0,1.0,1.0,0.0,25.9,17.729378
1397,1.7744,763.3,1.74,0.027871,,,,4402.0,0.572,0.575,4.682,,,,0.0,0.0,0.0,0.0,33.9,49.29686
1398,6.2226,4676.5,13.08,0.062872,,,,6332.0,1.905,1.373,4.016,,,,0.0,0.0,0.0,0.0,653.4,569.9242
1399,2.4384,190.9,1.87,0.015491,,,,5727.0,1.104,0.946,4.328,,,,0.0,0.0,0.0,0.0,41.2,33.229843
1400,3.9097,392.5,2.81,0.021935,,,,6327.0,1.175,1.064,4.327,,,,0.0,0.0,0.0,0.0,35.3,31.456211
1401,2.1397,430.1,1.15,0.018775,,,,4325.0,0.56,0.547,4.68,,,,0.0,0.0,0.0,0.0,36.4,33.10402
1402,6.866,476.0,3.56,0.019774,,,,5818.0,1.647,1.149,4.065,,,,0.0,0.0,0.0,0.0,36.6,25.212389
1403,3.794,935.5,2.26,0.027084,,,,5026.0,0.763,0.875,4.604,,,,0.0,0.0,0.0,0.0,26.8,25.250687
1405,1.5151,645.3,1.49,0.02297,,,,4484.0,0.594,0.58,4.654,,,,0.0,0.0,0.0,0.0,30.3,28.622519
1406,2.2647,3657.8,10.3,0.066543,,,,6131.0,1.417,0.862,4.071,,,,0.0,1.0,1.0,1.0,102.2,698.0131
1407,1.4049,5976.5,9.06,0.088567,,,,5461.0,0.937,1.012,4.499,,,,0.0,0.0,0.0,0.0,448.2,436.30713
1409,2.5613,1871.8,3.55,0.039181,,,,5598.0,0.83,0.928,4.565,,,,0.0,0.0,0.0,0.0,423.7,399.3786
1410,8.689,658.7,3.55,0.023284,,,,5808.0,1.397,1.058,4.172,,,,0.0,0.0,0.0,0.0,35.6,23.548868
1411,4.1864,1125.3,3.4,0.031414,,,,5786.0,0.99,1.044,4.465,,,,0.0,0.0,0.0,0.0,40.8,32.034893
1412,2.5482,648.0,2.01,0.026032,,,,4650.0,0.706,0.704,4.589,,,,0.0,0.0,0.0,0.0,32.1,25.446098
1413,2.097,308.3,1.38,0.015995,,,,5103.0,0.789,0.82,4.558,,,,0.0,0.0,0.0,0.0,49.8,35.994656
1414,2.0361,263.2,1.25,0.014461,,,,5103.0,0.789,0.82,4.558,,,,0.0,0.0,0.0,0.0,59.7,44.245068
1415,1.7062,249.3,1.31,0.015191,,,,5103.0,0.789,0.82,4.558,,,,0.0,0.0,0.0,0.0,29.7,22.271885
1416,4.7679,635.0,2.37,0.026045,,,,5201.0,0.834,0.948,4.573,,,,0.0,0.0,0.0,0.0,38.9,39.367767
1417,2.151,1147.0,2.73,0.038278,,,,4334.0,0.653,0.646,4.618,,,,0.0,0.0,0.0,0.0,9.9,36.20435
1418,1.922,2363.0,15.9,0.324187,,,,3645.0,0.449,0.46,4.797,,,,0.0,1.0,0.0,0.0,28.2,24.076408
1419,3.176,254.3,1.3,0.015366,,,,4987.0,0.773,0.742,4.531,,,,0.0,0.0,0.0,0.0,24.9,30.03955
1420,2.4168,296.1,1.21,0.0154,,,,4955.0,0.721,0.774,4.61,,,,0.0,0.0,0.0,0.0,32.5,30.694172
1422,2.2792,1221.0,1.75,0.031169,,,,3597.0,0.514,0.522,4.734,,,,0.0,0.0,0.0,0.0,38.3,33.785835
1423,3.792,1269.6,3.04,0.032089,,,,5403.0,0.868,0.868,4.5,,,,0.0,0.0,0.0,0.0,30.1,23.831078
1424,3.8573,659.8,2.4,0.02342,,,,5895.0,0.94,1.026,4.503,,,,0.0,0.0,0.0,0.0,34.6,29.601961
1425,3.3091,788.4,2.37,0.024936,,,,5094.0,0.87,0.813,4.469,,,,0.0,0.0,0.0,0.0,40.1,33.63076
1426,1.6165,384.6,1.69,0.024006,,,,4500.0,0.646,0.71,4.656,,,,0.0,0.0,0.0,0.0,22.3,25.269794
1427,1.973,150.4,0.79,0.011162,,,,4500.0,0.646,0.71,4.656,,,,0.0,0.0,0.0,0.0,11.8,11.42809
1428,4.046,458.0,1.5,0.019502,,,,4650.0,0.706,0.704,4.589,,,,0.0,0.0,0.0,0.0,14.1,11.474611
1429,15.955,293.4,3.26,0.015456,,,,5511.0,1.93,1.115,3.914,,,,0.0,0.0,0.0,0.0,61.5,33.028297
1430,3.4117,165.0,1.59,0.013264,,,,6277.0,1.097,1.148,4.417,,,,0.0,0.0,0.0,0.0,29.0,24.55109
1431,2.1094,750.5,2.12,0.024584,,,,5149.0,0.791,0.811,4.551,,,,0.0,0.0,0.0,0.0,29.0,25.766874
1432,2.7803,147.2,1.68,0.011031,,,,5821.0,1.395,1.054,4.172,,,,0.0,0.0,0.0,0.0,48.7,37.942986
1433,3.452,544.6,3.93,0.021503,,,,5476.0,1.673,0.819,3.904,,,,0.0,0.0,0.0,0.0,40.0,40.48698
1434,3.514,836.7,4.67,0.034474,,,,5846.0,1.24,1.064,4.278,,,,0.0,0.0,0.0,0.0,48.6,39.687874
1435,2.9575,626.7,2.12,0.025127,,,,5187.0,0.774,0.858,4.592,,,,0.0,0.0,0.0,0.0,44.9,40.47373
1436,2.6194,822.1,3.08,0.027911,,,,5602.0,1.009,0.941,4.404,,,,0.0,0.0,0.0,0.0,23.6,31.661684
1437,2.9987,8510.5,14.31,0.087453,,,,6056.0,1.498,1.268,4.191,,,,0.0,0.0,0.0,0.0,856.3,913.0406
1438,3.1293,494.1,1.34,0.020536,,,,4213.0,0.598,0.609,4.669,,,,0.0,0.0,0.0,0.0,33.2,27.182327
1439,3.2848,8538.0,10.96,0.085668,,,,6311.0,1.172,1.253,4.398,,,,0.0,0.0,0.0,0.0,80.8,482.27795
1440,3.952,387.2,1.16,0.017719,,,,4213.0,0.598,0.609,4.669,,,,0.0,0.0,0.0,0.0,21.0,15.767821
1441,4.1828,187.9,1.49,0.012453,,,,5782.0,1.095,0.957,4.34,,,,0.0,0.0,0.0,0.0,41.7,32.72165
1442,3.1441,112.0,1.15,0.00962,,,,5782.0,1.095,0.957,4.34,,,,0.0,0.0,0.0,0.0,32.7,25.334806
1443,1.6919,695.1,3.09,0.028261,,,,6032.0,1.001,1.065,4.465,,,,0.0,0.0,0.0,0.0,38.4,31.28787
1444,2.4453,833.7,3.37,0.030835,,,,6032.0,1.001,1.065,4.465,,,,0.0,0.0,0.0,0.0,28.6,23.321205
1445,1.3115,143.5,1.38,0.012781,,,,5815.0,0.992,1.038,4.461,,,,0.0,0.0,0.0,0.0,36.8,30.774206
1446,7.835,717.7,2.7,0.028739,,,,5413.0,0.861,0.875,4.51,,,,0.0,0.0,0.0,0.0,41.9,28.170069
1447,2.034,679.6,2.45,0.023483,,,,5568.0,0.957,1.053,4.499,,,,0.0,0.0,0.0,0.0,17.4,27.71851
1448,2.7645,119.7,0.79,0.009757,,,,4997.0,0.746,0.806,4.598,,,,0.0,0.0,0.0,0.0,26.8,21.83112
1449,1.0237,706.7,2.13,0.027766,,,,4786.0,0.704,0.686,4.579,,,,0.0,0.0,0.0,0.0,33.5,28.339994
1450,4.4408,599.4,2.75,0.026053,,,,6091.0,0.967,1.045,4.487,,,,0.0,0.0,0.0,0.0,28.8,24.68519
1451,2.61366,3868.7,6.62,0.055812,,,,5392.0,1.087,0.888,4.314,,,,0.0,0.0,0.0,0.0,480.7,455.0805
1452,4.4302,285.8,1.56,0.018345,,,,5667.0,0.781,0.873,4.587,,,,0.0,0.0,0.0,0.0,30.0,23.920347
1453,1.7807,660.7,1.57,0.027522,,,,3706.0,0.522,0.555,4.747,,,,0.0,0.0,0.0,0.0,45.0,40.03304
1455,1.7901,403.2,3.97,0.021783,,,,4883.0,1.667,0.951,3.972,,,,0.0,0.0,0.0,0.0,56.3,44.915237
1456,1.132,748.3,10.69,0.058714,,,,4883.0,1.667,0.951,3.972,,,,0.0,0.0,0.0,0.0,43.2,30.207308
1457,4.4557,965.8,2.65,0.027896,,,,5329.0,0.869,0.786,4.455,,,,0.0,0.0,0.0,0.0,53.3,43.310688
1458,2.7727,167.6,1.59,0.013257,,,,5782.0,1.095,0.957,4.34,,,,0.0,0.0,0.0,0.0,21.3,19.200647
1459,4.8251,699.3,2.44,0.02559,,,,5083.0,0.872,0.815,4.468,,,,0.0,0.0,0.0,0.0,38.2,27.756182
1460,1.7948,733.8,3.14,0.03095,,,,5445.0,0.929,1.017,4.51,,,,0.0,0.0,0.0,0.0,31.8,30.750694
1461,3.0788,203.9,1.49,0.015422,,,,5448.0,0.883,0.877,4.489,,,,0.0,0.0,0.0,0.0,38.2,35.991123
1462,3.372,684.0,4.41,0.024576,,,,5015.0,1.643,0.955,3.987,,,,0.0,0.0,0.0,0.0,26.2,29.305529
1463,3.7591,9207.9,41.62,0.405464,,,,5750.0,0.94,0.808,4.4,,,,0.0,1.0,0.0,0.0,273.0,278.8515
1464,4.1,388.7,2.67,0.022444,,,,6232.0,1.09,1.174,4.432,,,,0.0,0.0,0.0,0.0,31.5,27.015203
1465,1.071,623.6,2.24,0.027905,,,,4931.0,0.734,0.794,4.605,,,,0.0,0.0,0.0,0.0,45.5,41.952225
1466,5.499,1532.1,3.61,0.040286,,,,5159.0,0.821,0.868,4.548,,,,0.0,0.0,0.0,0.0,33.7,27.866648
1467,1.4083,270.4,3.21,0.01638,,,,4777.0,1.795,0.953,3.909,,,,0.0,0.0,0.0,0.0,57.8,45.290287
1468,6.908,619.5,2.66,0.022795,,,,5739.0,1.069,1.002,4.381,,,,0.0,0.0,0.0,0.0,38.0,33.93693
1469,4.753,182.3,1.45,0.012457,,,,5739.0,1.069,1.002,4.381,,,,0.0,0.0,0.0,0.0,14.1,13.435833
1470,2.877,114.7,0.88,0.00976,,,,5598.0,0.83,0.928,4.565,,,,0.0,0.0,0.0,0.0,21.6,16.764023
1472,3.6138,196.9,1.99,0.014262,,,,6140.0,1.277,1.094,4.265,,,,0.0,0.0,0.0,0.0,32.7,27.209827
1473,7.222,505.5,3.33,0.025794,,,,5938.0,1.184,1.097,4.331,,,,0.0,0.0,0.0,0.0,47.6,38.522243
1474,1.8334,952.9,2.94,0.030765,,,,5269.0,0.874,0.87,4.494,,,,0.0,0.0,0.0,0.0,46.1,39.4025
1475,3.3601,402.8,2.17,0.018791,,,,5907.0,1.058,1.014,4.395,,,,0.0,0.0,0.0,0.0,49.8,40.4234
1476,1.813,553.9,2.26,0.022136,,,,5988.0,0.934,1.021,4.507,,,,0.0,0.0,0.0,0.0,37.1,40.748875
1477,4.957,313.6,2.72,0.016277,,,,6283.0,1.531,1.15,4.129,,,,0.0,0.0,0.0,0.0,30.4,34.133038
1478,4.0144,260.8,3.07,0.01552,,,,5878.0,1.812,1.212,4.005,,,,0.0,0.0,0.0,0.0,41.2,33.815254
1479,4.6395,323.9,2.42,0.017394,,,,5865.0,1.272,1.088,4.266,,,,0.0,0.0,0.0,0.0,42.6,26.140358
1480,10.8474,5671.1,10.6,0.069067,,,,6163.0,1.406,1.102,4.185,,,,0.0,0.0,0.0,0.0,508.8,376.44238
1481,4.3206,271.2,2.08,0.014963,,,,5865.0,1.272,1.088,4.266,,,,0.0,0.0,0.0,0.0,52.0,32.263363
1482,2.55,63.3,1.01,0.007277,,,,5865.0,1.272,1.088,4.266,,,,0.0,0.0,0.0,0.0,20.2,16.003586
1483,10.328,584.8,2.28,0.021853,,,,5646.0,0.954,0.929,4.447,,,,0.0,0.0,0.0,0.0,34.7,21.656965
1484,6.998,458.7,2.44,0.023093,,,,6106.0,0.966,1.043,4.487,,,,0.0,0.0,0.0,0.0,37.6,31.792923
1485,6.401,336.6,2.88,0.01815,,,,5592.0,1.451,1.0,4.115,,,,0.0,0.0,0.0,0.0,38.2,31.15827
1486,3.1683,911.6,1.67,0.02728,,,,4777.0,0.561,0.561,4.689,,,,0.0,0.0,0.0,0.0,37.6,31.41136
1487,5.941,695.2,2.45,0.025468,,,,5974.0,0.881,0.904,4.504,,,,0.0,0.0,0.0,0.0,35.5,28.735064
1488,3.0643,133.2,1.6,0.011477,,,,6140.0,1.277,1.094,4.265,,,,0.0,0.0,0.0,0.0,34.3,28.70658
1489,3.5317,540.6,2.56,0.021018,,,,5509.0,1.116,0.924,4.308,,,,0.0,0.0,0.0,0.0,37.4,29.641619
1490,5.0137,500.1,2.07,0.020516,,,,6060.0,0.925,1.008,4.509,,,,0.0,0.0,0.0,0.0,33.8,25.298313
1491,2.1604,401.2,1.12,0.018129,,,,3974.0,0.564,0.581,4.7,,,,0.0,0.0,0.0,0.0,28.5,26.828835
1492,1.4796,364.7,1.26,0.022705,,,,3746.0,0.51,0.516,4.736,,,,0.0,0.0,0.0,0.0,34.1,26.808985
1493,2.82038,7563.0,9.0,0.078185,,,,5574.0,1.054,1.025,4.403,,,,0.0,0.0,0.0,0.0,1457.8,1401.7281
1494,7.007,432.2,2.4,0.020987,,,,6028.0,1.047,1.149,4.459,,,,0.0,0.0,0.0,0.0,51.7,39.420227
1495,6.571,541.6,2.5,0.025125,,,,5550.0,0.911,0.906,4.476,,,,0.0,0.0,0.0,0.0,50.0,37.634098
1497,7.82,625.5,2.51,0.024607,,,,5661.0,0.934,0.941,4.471,,,,0.0,0.0,0.0,0.0,57.6,38.35715
1498,2.868,436.7,2.97,0.023595,,,,5872.0,1.153,1.041,4.332,,,,0.0,0.0,0.0,0.0,34.0,27.80376
1499,2.9052,644.9,2.03,0.023913,,,,5483.0,0.779,0.865,4.589,,,,0.0,0.0,0.0,0.0,40.9,33.874874
1500,6.5047,377.5,3.71,0.017862,,,,6384.0,1.904,1.412,4.029,,,,0.0,0.0,0.0,0.0,49.8,34.956825
1501,2.0944,392.8,2.38,0.019224,,,,5741.0,1.136,1.01,4.331,,,,0.0,0.0,0.0,0.0,43.1,35.474197
1503,2.165,453.3,1.78,0.019155,,,,5411.0,0.85,0.879,4.523,,,,0.0,0.0,0.0,0.0,34.3,30.212036
1504,2.6215,520.3,2.5,0.020933,,,,6246.0,1.092,1.18,4.433,,,,0.0,0.0,0.0,0.0,33.6,28.430346
1505,3.1488,5368.1,6.24,0.066137,,,,5064.0,0.864,0.811,4.474,,,,0.0,0.0,0.0,0.0,226.8,198.6218
1506,3.0715,991.1,2.45,0.03051,,,,5448.0,0.734,0.815,4.613,,,,0.0,0.0,0.0,0.0,31.2,24.82197
1507,2.713,197.2,2.46,0.012663,,,,5129.0,1.781,0.887,3.884,,,,0.0,0.0,0.0,0.0,17.3,25.780085
1508,3.208,251.1,2.05,0.017825,,,,5931.0,1.053,1.023,4.403,,,,0.0,0.0,0.0,0.0,15.7,22.670963
1510,6.854,1267.1,3.33,0.032114,,,,5578.0,0.95,0.905,4.44,,,,0.0,0.0,0.0,0.0,26.4,23.204792
1511,4.4078,156.1,1.77,0.011651,,,,5636.0,1.39,0.988,4.147,,,,0.0,0.0,0.0,0.0,35.7,27.768732
1512,10.214,589.5,3.7,0.024976,,,,6564.0,1.356,1.212,4.255,,,,0.0,0.0,0.0,0.0,44.0,22.165401
1513,2.0808,127.8,0.93,0.010442,,,,5272.0,0.813,0.902,4.574,,,,0.0,0.0,0.0,0.0,24.3,20.862171
1514,7.025,1586.3,3.26,0.035703,,,,5354.0,0.835,0.868,4.533,,,,0.0,0.0,0.0,0.0,31.5,34.19719
1516,3.3422,581.1,2.71,0.024241,,,,5670.0,1.022,0.949,4.397,,,,0.0,0.0,0.0,0.0,61.0,45.591755
1517,4.1808,538.1,2.61,0.023354,,,,5670.0,1.022,0.949,4.397,,,,0.0,0.0,0.0,0.0,45.5,32.03609
1518,2.6326,216.7,1.61,0.01442,,,,5670.0,1.022,0.949,4.397,,,,0.0,0.0,0.0,0.0,29.3,22.377825
1519,4.141,28.7,1.35,0.005188,,,,5799.0,2.377,1.339,3.813,,,,0.0,1.0,1.0,0.0,21.5,14.853027
1520,3.128,123.3,1.11,0.011473,,,,5455.0,0.888,0.902,4.497,,,,0.0,0.0,0.0,0.0,30.0,27.269234
1521,7.5235,2431.4,7.39,0.048106,,,,6163.0,1.406,1.102,4.185,,,,0.0,0.0,0.0,0.0,282.3,224.41634
1522,4.08,,,,,,,,,,,,,,0.0,0.0,0.0,0.0,,
1523,7.3702,658.7,2.59,0.023298,,,,5798.0,1.019,0.976,4.411,,,,0.0,0.0,0.0,0.0,53.1,38.719246
1524,5.6725,141.8,1.89,0.01176,,,,5683.0,1.472,1.014,4.108,,,,0.0,0.0,0.0,0.0,45.1,31.918997
1525,7.105,351.1,2.58,0.021887,,,,5910.0,1.078,0.982,4.364,,,,0.0,0.0,1.0,1.0,37.3,31.598454
1526,6.5272,346.2,2.56,0.019925,,,,5700.0,1.176,1.071,4.327,,,,0.0,0.0,0.0,0.0,35.6,28.219707
1527,4.3591,529.7,1.48,0.023135,,,,4461.0,0.585,0.571,4.661,,,,0.0,0.0,0.0,0.0,39.9,31.725658
1528,1.7292,262.5,0.81,0.014934,,,,3758.0,0.496,0.528,4.769,,,,0.0,0.0,0.0,0.0,34.0,31.888021
1529,4.662,185.1,2.94,0.01252,,,,5817.0,2.153,1.276,3.877,,,,0.0,0.0,0.0,0.0,17.6,18.763317
1530,5.9288,4033.5,10.52,0.072121,,,,5791.0,1.336,0.996,4.185,,,,0.0,0.0,0.0,0.0,149.9,163.9393
1532,15.168,8052.3,48.04,0.085729,,,,4648.0,5.132,0.95,2.996,,,,0.0,1.0,0.0,0.0,210.9,141.52931
1533,6.593,7320.0,6.99,0.081484,,,,5808.0,0.786,0.871,4.583,,,,0.0,0.0,0.0,0.0,124.4,109.69163
1534,5.9189,5904.3,5.76,0.06781,,,,4855.0,0.778,0.769,4.542,,,,0.0,0.0,0.0,0.0,111.3,110.04745
1536,2.0243,10184.5,13.25,0.099872,,,,5742.0,1.215,1.068,4.297,,,,0.0,1.0,0.0,0.0,1654.9,1733.5951
1537,4.7381,580.0,2.37,0.021706,,,,5534.0,1.001,0.88,4.381,,,,0.0,0.0,0.0,0.0,47.7,39.83727
1538,5.496,649.2,2.71,0.023375,,,,6202.0,1.062,1.122,4.436,,,,0.0,0.0,0.0,0.0,36.0,31.054008
1539,4.365,158.0,1.54,0.015061,,,,5541.0,0.934,0.942,4.472,,,,0.0,0.0,0.0,0.0,53.3,39.750046
1540,4.8069,80.7,1.39,0.008673,,,,5683.0,1.472,1.014,4.108,,,,0.0,0.0,0.0,0.0,40.8,28.208708
1541,7.3419,199.2,2.38,0.012888,,,,5951.0,1.693,1.086,4.017,,,,0.0,0.0,0.0,0.0,62.5,37.881386
1542,8.7682,184.4,2.3,0.012424,,,,5951.0,1.693,1.086,4.017,,,,0.0,0.0,0.0,0.0,48.9,31.818357
1543,10.306,238.5,2.61,0.014103,,,,5951.0,1.693,1.086,4.017,,,,0.0,0.0,0.0,0.0,50.5,29.388895
1544,6.18,81.7,1.56,0.008438,,,,5951.0,1.693,1.086,4.017,,,,0.0,0.0,0.0,0.0,29.4,18.664501
1545,2.5719,287.3,1.75,0.015682,,,,5353.0,1.023,0.87,4.358,,,,0.0,0.0,0.0,0.0,27.5,27.2562
1546,3.852,176.7,2.88,0.012237,,,,5817.0,2.153,1.276,3.877,,,,0.0,0.0,0.0,0.0,12.5,15.73313
1547,4.642,263.8,7.14,0.021816,,,,6655.0,2.995,1.42,3.638,,,,0.0,1.0,0.0,0.0,10.9,19.486044
1548,2.845,286.7,1.42,0.015061,,,,5064.0,0.864,0.811,4.474,,,,0.0,0.0,0.0,0.0,19.4,14.684393
1550,6.2732,350.3,3.25,0.017211,,,,6369.0,1.729,1.337,4.088,,,,0.0,0.0,0.0,0.0,37.5,26.849998
1551,6.474,5128.7,7.7,0.06946,,,,5970.0,1.015,1.089,4.463,,,,0.0,0.0,0.0,0.0,103.7,112.924736
1552,2.35672,10570.1,10.05,0.097147,,,,5657.0,0.947,0.903,4.441,,,,0.0,1.0,0.0,0.0,1853.8,1905.775
1554,1.3261,4843.0,56.83,0.671549,,,,5813.0,0.775,0.855,4.589,,,,0.0,1.0,0.0,0.0,32.0,144.2503
1555,3.7386,908.0,2.25,0.027823,,,,4925.0,0.742,0.778,4.588,,,,0.0,0.0,0.0,0.0,118.8,88.49196
1556,6.214,1362.2,3.18,0.033268,,,,5534.0,0.875,0.914,4.515,,,,0.0,0.0,0.0,0.0,40.6,29.1751
1557,1.6999,495.1,1.11,0.020119,,,,3716.0,0.506,0.513,4.74,,,,0.0,0.0,0.0,0.0,43.7,35.08392
1558,1.5871,1110.0,2.04,0.036995,,,,3716.0,0.506,0.513,4.74,,,,0.0,0.0,0.0,0.0,37.0,27.163033
1559,2.098,430.0,1.04,0.018794,,,,3716.0,0.506,0.513,4.74,,,,0.0,0.0,0.0,0.0,29.3,22.204264
1560,1.6679,1287.2,1.93,0.034334,,,,3826.0,0.516,0.54,4.744,,,,0.0,0.0,0.0,0.0,42.6,36.35685
1561,3.366,194.2,1.41,0.012634,,,,5353.0,1.023,0.87,4.358,,,,0.0,0.0,0.0,0.0,14.6,12.907277
1563,3.103,193.2,1.39,0.012445,,,,5353.0,1.023,0.87,4.358,,,,0.0,0.0,0.0,0.0,17.1,16.144896
1564,6.617,322.7,3.36,0.016692,,,,6642.0,1.846,1.421,4.057,,,,0.0,0.0,0.0,0.0,15.9,35.568695
1565,6.341,845.6,3.28,0.027082,,,,5393.0,1.11,0.895,4.299,,,,0.0,0.0,0.0,0.0,39.7,34.77833
1566,2.0261,130.0,1.68,0.010978,,,,6388.0,1.402,1.259,4.244,,,,0.0,0.0,0.0,0.0,25.2,23.796177
1567,5.333,767.7,2.4,0.025958,,,,5818.0,0.848,0.937,4.554,,,,0.0,0.0,0.0,0.0,27.0,26.359308
1568,1.2701,191.0,0.97,0.012299,,,,4507.0,0.724,0.715,4.573,,,,0.0,0.0,0.0,0.0,30.0,33.052593
1569,1.9559,704.5,24.3,0.251698,,,,5708.0,0.884,0.963,4.529,,,,0.0,1.0,0.0,0.0,42.6,34.02757
1570,4.1107,257.0,1.95,0.017299,,,,6108.0,1.03,1.132,4.466,,,,0.0,0.0,0.0,0.0,39.8,31.381016
1571,1.8303,3732.9,39.93,0.353935,,,,6210.0,1.033,1.093,4.45,,,,0.0,1.0,0.0,0.0,183.3,202.95676
1572,1.8419,11974.0,56.05,0.537502,,,,6045.0,0.955,1.038,4.494,,,,0.0,1.0,0.0,0.0,36.2,302.623
1573,1.1081,3387.4,16.51,0.153996,,,,5494.0,0.982,0.893,4.405,,,,0.0,0.0,0.0,0.0,159.2,296.13614
1574,3.13,1355.9,3.11,0.033083,,,,5345.0,0.86,0.802,4.473,,,,0.0,0.0,0.0,0.0,16.5,65.03483
1575,1.917,601.2,2.84,0.02569,,,,5807.0,1.012,1.021,4.437,,,,0.0,0.0,0.0,0.0,59.5,94.72536
1576,1.5342,746.0,2.44,0.024538,,,,5185.0,0.91,0.831,4.44,,,,0.0,0.0,0.0,0.0,44.3,38.43388
1577,6.83,1257.5,2.81,0.038187,,,,4580.0,0.675,0.748,4.641,,,,0.0,0.0,0.0,0.0,43.3,31.68297
1578,2.2874,20823.9,14.48,0.130256,,,,5624.0,1.018,1.021,4.432,,,,0.0,1.0,0.0,0.0,1176.6,2002.626
1580,8.813,2138.0,4.94,0.042352,,,,6194.0,1.069,1.161,4.445,,,,0.0,0.0,0.0,0.0,43.4,33.802612
1582,2.0791,3596.2,37.58,0.347304,,,,5895.0,0.991,1.105,4.489,,,,0.0,1.0,0.0,0.0,44.9,39.888443
1583,1.4325,388.2,1.71,0.021233,,,,4575.0,0.737,0.726,4.564,,,,0.0,0.0,0.0,0.0,89.3,46.490364
1584,6.065,862.8,2.37,0.027419,,,,5162.0,0.791,0.826,4.559,,,,0.0,0.0,0.0,0.0,53.4,40.56374
1585,2.5995,729.6,1.96,0.02444,,,,5395.0,0.734,0.821,4.615,,,,0.0,0.0,0.0,0.0,25.3,29.437103
1586,1.654,172.1,1.18,0.011933,,,,5637.0,0.909,0.914,4.482,,,,0.0,0.0,0.0,0.0,11.6,28.85266
1587,4.858,483.3,2.11,0.021247,,,,5657.0,0.911,0.762,4.401,,,,0.0,0.0,0.0,0.0,24.7,21.811472
1588,4.1847,889.4,2.66,0.027205,,,,5853.0,0.895,0.99,4.529,,,,0.0,0.0,0.0,0.0,34.2,26.002214
1589,2.8213,21340.5,12.78,0.13191,,,,5543.0,0.887,0.997,4.54,,,,0.0,0.0,0.0,0.0,1315.8,1576.37
1590,12.831,1283.2,2.11,0.035366,,,,4441.0,0.546,0.538,4.695,,,,0.0,0.0,0.0,0.0,42.1,33.038105
1592,1.8899,825.0,2.96,0.030784,,,,5527.0,0.88,0.875,4.491,,,,0.0,0.0,0.0,0.0,43.1,80.585655
1593,3.94738,10458.0,7.31,0.090661,,,,4941.0,0.738,0.79,4.599,,,,0.0,0.0,0.0,0.0,871.4,785.51996
1594,3.856,570.2,2.08,0.021609,,,,5527.0,0.88,0.875,4.491,,,,0.0,0.0,0.0,0.0,21.6,27.72263
1595,2.2375,341.6,1.76,0.01828,,,,5527.0,0.88,0.875,4.491,,,,0.0,0.0,0.0,0.0,25.6,39.210094
1596,3.7965,1251.5,1.93,0.032436,,,,4156.0,0.545,0.559,4.712,,,,0.0,0.0,0.0,0.0,41.2,35.19044
1597,2.1362,505.5,1.24,0.020845,,,,4156.0,0.545,0.559,4.712,,,,0.0,0.0,0.0,0.0,20.6,18.00418
1598,3.2241,457.9,2.85,0.021657,,,,5539.0,1.207,0.932,4.244,,,,0.0,0.0,0.0,0.0,38.8,22.779016
1599,4.8556,1895.4,2.45,0.038637,,,,4316.0,0.58,0.584,4.678,,,,0.0,0.0,0.0,0.0,40.1,38.038925
1600,4.13,343.6,1.75,0.022072,,,,4975.0,0.724,0.818,4.614,,,,0.0,0.0,0.0,0.0,35.1,32.348045
1601,1.5929,884.7,1.71,0.026796,,,,4302.0,0.586,0.573,4.661,,,,0.0,0.0,0.0,0.0,32.7,26.289675
1604,1.3777,189.5,1.36,0.012883,,,,6198.0,0.97,1.024,4.475,,,,0.0,0.0,1.0,0.0,41.2,34.119396
1605,3.474,1122.1,2.67,0.031398,,,,5251.0,0.778,0.869,4.592,,,,0.0,0.0,0.0,0.0,43.5,34.495014
1606,2.5014,499.3,2.59,0.022196,,,,5771.0,1.068,0.984,4.374,,,,0.0,0.0,0.0,0.0,23.3,25.758984
1607,2.0111,558.4,1.7,0.021335,,,,5063.0,0.728,0.813,4.617,,,,0.0,0.0,0.0,0.0,27.2,25.24445
1608,2.518,412.1,1.92,0.018387,,,,5741.0,0.956,1.035,4.492,,,,0.0,0.0,0.0,0.0,8.9,30.503193
1609,3.209,402.7,1.9,0.018189,,,,5741.0,0.956,1.035,4.492,,,,0.0,0.0,0.0,0.0,6.8,23.213758
1610,3.784,621.9,2.4,0.022536,,,,5442.0,0.974,0.887,4.409,,,,0.0,0.0,0.0,0.0,27.7,22.137232
1611,10.041,539.8,2.62,0.024183,,,,5504.0,0.993,0.943,4.418,,,,0.0,0.0,0.0,0.0,37.5,28.888874
1612,4.0104,868.3,3.81,0.02697,,,,6071.0,1.295,1.061,4.239,,,,0.0,0.0,0.0,0.0,43.5,66.16097
1613,2.2805,398.7,2.2,0.021118,,,,5772.0,0.956,1.022,4.487,,,,0.0,0.0,0.0,0.0,62.2,54.010967
1614,2.7757,225.5,1.46,0.014007,,,,5772.0,0.956,1.022,4.487,,,,0.0,0.0,0.0,0.0,65.6,52.813473
1615,18.257,1604.9,70.11,0.304131,,,,7700.0,2.111,1.692,4.018,,,,1.0,0.0,0.0,0.0,118.9,75.81712
1616,1.42246,1384.3,63.55,0.287836,,,,5872.0,2.022,1.256,3.926,,,,0.0,1.0,0.0,0.0,329.7,263.38788
1617,2.1649,585.4,2.54,0.027327,,,,5371.0,0.852,0.864,4.513,,,,0.0,0.0,0.0,0.0,54.1,55.311665
1618,3.158,436.1,3.44,0.024227,,,,6183.0,1.3,1.241,4.301,,,,0.0,0.0,0.0,0.0,39.3,34.757805
1619,2.1727,3157.4,3.34,0.054067,,,,3828.0,0.565,0.6,4.712,,,,0.0,0.0,0.0,0.0,48.5,42.776005
1620,1.0907,578.4,1.28,0.021882,,,,3951.0,0.535,0.561,4.73,,,,0.0,0.0,0.0,0.0,83.7,35.55345
1621,5.17249,14522.9,17.85,0.111211,,,,6365.0,1.47,1.312,4.22,,,,0.0,1.0,0.0,0.0,1765.2,2739.5085
1622,3.0535,6998.2,12.4,0.077925,,,,5763.0,1.457,1.093,4.15,,,,0.0,0.0,0.0,0.0,775.0,736.81085
1623,6.287,194.8,1.49,0.012745,,,,5771.0,1.068,0.984,4.374,,,,0.0,0.0,1.0,1.0,17.7,12.588083
1624,4.2938,886.3,5.14,0.029043,,,,5123.0,1.621,0.941,3.992,,,,0.0,0.0,0.0,0.0,36.1,29.333271
1627,5.949,1492.8,27.64,0.287022,,,,5215.0,0.882,0.808,4.455,,,,0.0,1.0,1.0,0.0,30.6,31.536983
1628,5.8919,391.2,3.29,0.020563,,,,6188.0,1.465,1.111,4.152,,,,0.0,0.0,0.0,0.0,43.5,29.971197
1629,6.613,362.2,2.8,0.01751,,,,6188.0,1.465,1.111,4.152,,,,0.0,0.0,0.0,0.0,38.1,24.600788
1630,5.3,143.3,1.81,0.011323,,,,6188.0,1.465,1.111,4.152,,,,0.0,0.0,0.0,0.0,19.9,12.07518
1631,2.1489,211.0,1.69,0.015478,,,,5919.0,1.0,0.994,4.435,,,,0.0,0.0,0.0,0.0,22.5,32.95179
1632,3.88584,51256.5,14.81,0.205493,,,,5190.0,0.66,0.732,4.66,,,,0.0,1.0,0.0,0.0,1281.9,1241.321
1633,5.762,501.4,17.38,0.020773,,,,6327.0,7.663,2.646,3.092,,,,0.0,0.0,0.0,0.0,54.0,63.108162
1634,1.1926,794.6,5.12,0.026786,,,,4854.0,1.749,0.97,3.939,,,,0.0,0.0,0.0,0.0,94.6,78.26885
1635,4.1206,17860.5,15.86,0.152059,,,,5671.0,0.955,1.054,4.501,,,,0.0,1.0,0.0,0.0,335.2,612.295
1637,3.7917,818.4,2.54,0.026718,,,,5497.0,0.872,0.901,4.512,,,,0.0,0.0,0.0,0.0,43.1,48.815918
1638,2.3462,523.9,1.96,0.021488,,,,5365.0,0.834,0.873,4.537,,,,0.0,0.0,0.0,0.0,20.8,43.550297
1639,4.5839,1160.2,2.93,0.030268,,,,5132.0,0.886,0.82,4.457,,,,0.0,0.0,0.0,0.0,42.1,35.768566
1640,2.029,314.4,2.13,0.016172,,,,5714.0,1.208,0.999,4.274,,,,0.0,0.0,0.0,0.0,37.1,30.711094
1641,3.4378,69.5,1.36,0.007624,,,,6045.0,1.629,1.133,4.069,,,,0.0,0.0,0.0,0.0,31.7,34.166622
1644,7.061,2053.2,3.44,0.041515,,,,5383.0,0.759,0.851,4.603,,,,0.0,0.0,0.0,0.0,33.6,29.753767
1645,4.2713,294.1,1.88,0.015473,,,,5616.0,1.111,0.957,4.327,,,,0.0,0.0,0.0,0.0,34.6,29.24046
1647,6.315,324.0,2.04,0.016826,,,,5616.0,1.111,0.957,4.327,,,,0.0,0.0,0.0,0.0,24.4,20.440506
1648,3.748,116.0,1.18,0.009719,,,,5616.0,1.111,0.957,4.327,,,,0.0,0.0,0.0,0.0,16.0,14.557533
1649,6.083,1455.6,3.19,0.034581,,,,5642.0,0.846,0.91,4.542,,,,0.0,0.0,0.0,0.0,29.8,27.801964
1650,5.439,1028.8,3.19,0.034562,,,,5642.0,0.846,0.91,4.542,,,,0.0,0.0,0.0,0.0,23.2,22.671307
1651,2.174,300.4,1.61,0.019073,,,,5208.0,0.772,0.796,4.563,,,,0.0,0.0,0.0,0.0,17.5,24.665836
1652,2.951,147.7,0.92,0.010883,,,,5208.0,0.772,0.796,4.563,,,,0.0,0.0,0.0,0.0,13.6,17.228306
1653,1.9254,637.3,1.67,0.023226,,,,4458.0,0.658,0.645,4.611,,,,0.0,0.0,0.0,0.0,24.2,22.242569
1654,2.4973,358.5,1.63,0.017003,,,,5390.0,0.876,0.883,4.499,,,,0.0,0.0,0.0,0.0,47.9,50.629402
1655,1.7242,124.4,0.97,0.010095,,,,5390.0,0.876,0.883,4.499,,,,0.0,0.0,0.0,0.0,22.3,23.63809
1656,8.6797,659.9,4.37,0.02302,,,,5504.0,1.737,1.099,3.999,,,,0.0,0.0,0.0,0.0,70.6,51.390972
1657,3.1029,191.8,1.62,0.013709,,,,6015.0,1.081,0.998,4.37,,,,0.0,0.0,0.0,0.0,77.4,54.74985
1658,2.5123,146.3,1.57,0.01326,,,,6015.0,1.081,0.998,4.37,,,,0.0,0.0,0.0,0.0,76.1,53.33878
1659,1.9483,366.8,1.82,0.017893,,,,5988.0,0.934,1.021,4.507,,,,0.0,0.0,0.0,0.0,37.8,32.973896
1660,1.7215,186.3,2.75,0.014875,,,,6157.0,1.695,1.173,4.049,,,,0.0,0.0,0.0,0.0,32.1,36.45288
1661,11.637,886.0,4.54,0.028322,,,,6469.0,1.467,1.406,4.253,,,,0.0,0.0,0.0,0.0,46.1,29.110292
1662,4.535,863.4,3.05,0.033025,,,,5741.0,0.846,0.938,4.555,,,,0.0,0.0,0.0,0.0,37.5,29.050053
1663,4.343,363.6,2.17,0.023538,,,,5741.0,0.846,0.938,4.555,,,,0.0,0.0,0.0,0.0,18.2,13.234464
1665,1.5043,1052.6,3.15,0.035096,,,,4922.0,0.823,0.79,4.505,,,,0.0,0.0,0.0,0.0,38.0,31.687073
1666,4.389,134.2,2.32,0.010628,,,,6109.0,1.997,1.406,3.985,,,,0.0,0.0,0.0,0.0,21.8,16.829338
1667,3.503,298.8,1.72,0.015865,,,,6170.0,0.992,1.063,4.472,,,,0.0,0.0,0.0,0.0,22.0,18.914751
1668,2.6675,490.8,1.81,0.020226,,,,5774.0,0.818,0.907,4.567,,,,0.0,0.0,0.0,0.0,23.5,20.173883
1669,2.642,226.3,0.79,0.01362,,,,4275.0,0.533,0.525,4.704,,,,0.0,0.0,1.0,0.0,14.7,16.048523
1670,2.2128,834.0,2.14,0.027616,,,,5093.0,0.709,0.707,4.586,,,,0.0,0.0,0.0,0.0,21.8,18.844692
1671,5.155,560.5,2.72,0.025433,,,,5640.0,0.978,0.977,4.447,,,,0.0,0.0,0.0,0.0,21.3,18.156345
1672,1.1596,287.5,1.12,0.015039,,,,4670.0,0.682,0.761,4.635,,,,0.0,0.0,0.0,0.0,20.4,19.742798
1674,2.7868,180.6,1.62,0.012192,,,,5794.0,1.216,1.032,4.282,,,,0.0,0.0,0.0,0.0,22.3,17.353693
1675,1.3596,360.5,1.31,0.019577,,,,4229.0,0.615,0.625,4.655,,,,0.0,0.0,0.0,0.0,23.9,22.526714
1676,5.885,1583.0,2.95,0.035869,,,,5303.0,0.753,0.734,4.55,,,,0.0,0.0,0.0,0.0,20.2,15.990341
1677,2.8473,152.0,1.26,0.011173,,,,5579.0,1.029,0.945,4.389,,,,0.0,0.0,0.0,0.0,26.5,22.322142
1678,1.5262,1134.3,2.65,0.034227,,,,5303.0,0.708,0.785,4.63,,,,0.0,0.0,0.0,0.0,113.7,98.39862
1679,1.458,466.9,2.41,0.019923,,,,6153.0,1.109,1.077,4.382,,,,0.0,0.0,0.0,0.0,45.5,37.689274
1680,4.662,286.4,1.21,0.015706,,,,4856.0,0.705,0.79,4.624,,,,0.0,0.0,0.0,0.0,22.4,19.441452
1681,5.194,224.9,1.16,0.015126,,,,4856.0,0.705,0.79,4.624,,,,0.0,0.0,0.0,0.0,15.4,18.636635
1683,4.163,825.2,2.05,0.029482,,,,4245.0,0.637,0.649,4.641,,,,0.0,0.0,0.0,0.0,16.3,11.431209
1684,2.042,382.2,1.71,0.024589,,,,4245.0,0.637,0.649,4.641,,,,0.0,0.0,0.0,0.0,10.5,11.702103
1685,2.7186,1198.6,2.02,0.034061,,,,4175.0,0.544,0.561,4.715,,,,0.0,0.0,0.0,0.0,31.2,27.54635
1686,5.418,578.3,2.05,0.021865,,,,5225.0,0.859,0.861,4.505,,,,0.0,0.0,0.0,0.0,24.1,21.8976
1687,1.8832,665.8,2.46,0.023339,,,,5516.0,0.967,0.856,4.399,,,,0.0,0.0,0.0,0.0,19.4,15.443105
1688,3.458,60.5,1.05,0.007241,,,,6226.0,1.333,1.143,4.247,,,,0.0,0.0,0.0,0.0,25.8,22.091854
1689,2.2029,206.0,1.11,0.013018,,,,5143.0,0.778,0.803,4.561,,,,0.0,0.0,0.0,0.0,27.3,20.612434
1690,2.447,274.1,1.47,0.014831,,,,5344.0,0.907,0.884,4.469,,,,0.0,0.0,0.0,0.0,21.4,17.893642
1691,2.019,101.6,3.52,0.013418,,,,5975.0,2.399,1.194,3.755,,,,0.0,0.0,1.0,0.0,20.4,15.740138
1692,5.823,97.9,1.51,0.009046,,,,5798.0,1.525,0.899,4.025,,,,0.0,0.0,0.0,0.0,23.4,18.291643
1694,1.5534,234.8,0.98,0.013601,,,,4496.0,0.658,0.725,4.65,,,,0.0,0.0,0.0,0.0,21.7,18.01519
1695,2.6192,161.6,1.25,0.011701,,,,5985.0,0.981,1.03,4.468,,,,0.0,0.0,0.0,0.0,25.4,21.660759
1696,2.348,430.8,1.87,0.019066,,,,5806.0,0.899,0.996,4.528,,,,0.0,0.0,0.0,0.0,18.9,17.274105
1697,5.807,715.5,2.55,0.023917,,,,5325.0,0.975,0.852,4.39,,,,0.0,0.0,0.0,0.0,20.7,18.805635
1698,9.357,692.3,3.06,0.025029,,,,6119.0,1.119,1.027,4.353,,,,0.0,0.0,0.0,0.0,34.7,26.047709
1699,3.787,383.7,2.58,0.022714,,,,6285.0,1.039,1.084,4.441,,,,0.0,0.0,0.0,0.0,22.8,22.440235
1700,10.068,254.1,3.2,0.01474,,,,5508.0,1.988,1.136,3.897,,,,0.0,0.0,0.0,0.0,39.2,23.146439
1701,6.831,791.0,2.5,0.02681,,,,5052.0,0.855,0.805,4.48,,,,0.0,0.0,0.0,0.0,22.6,17.591223
1702,2.4076,944.9,1.59,0.027799,,,,3825.0,0.524,0.561,4.749,,,,0.0,0.0,0.0,0.0,27.3,24.328325
1703,1.1102,613.1,1.42,0.024752,,,,3825.0,0.524,0.561,4.749,,,,0.0,0.0,0.0,0.0,27.0,21.688448
1704,3.6796,5448.7,26.96,0.365731,,,,4602.0,0.675,0.733,4.637,,,,0.0,1.0,0.0,0.0,83.7,74.31422
1705,4.654,797.9,3.27,0.026947,,,,5997.0,1.11,1.037,4.364,,,,0.0,0.0,0.0,0.0,108.6,83.48201
1707,6.678,309.5,1.91,0.016258,,,,6249.0,1.076,1.13,4.428,,,,0.0,0.0,0.0,0.0,26.5,19.811733
1708,4.675,341.9,1.51,0.01668,,,,5382.0,0.827,0.928,4.571,,,,0.0,0.0,0.0,0.0,20.4,17.635292
1709,4.274,103.2,2.27,0.009965,,,,6208.0,2.088,1.256,3.898,,,,0.0,0.0,1.0,1.0,25.9,20.244244
1710,4.509,292.5,1.94,0.017654,,,,6136.0,1.005,0.956,4.414,,,,0.0,0.0,0.0,0.0,21.4,17.602406
1711,6.307,689.1,2.69,0.029427,,,,5726.0,0.838,0.93,4.559,,,,0.0,0.0,0.0,0.0,23.8,18.835445
1712,1.1451,297.4,0.99,0.015848,,,,3814.0,0.57,0.576,4.687,,,,0.0,0.0,0.0,0.0,50.9,31.676039
1713,7.625,747.7,2.94,0.025021,,,,6096.0,1.077,1.054,4.397,,,,0.0,0.0,0.0,0.0,20.8,16.812538
1714,1.3394,300.5,1.98,0.018374,,,,5325.0,0.985,0.857,4.384,,,,0.0,0.0,0.0,0.0,23.6,30.415829
1715,2.0619,76.3,1.55,0.010281,,,,6387.0,1.381,1.306,4.271,,,,0.0,0.0,0.0,0.0,20.9,20.589466
1716,2.3274,234.9,1.37,0.013779,,,,5463.0,0.91,0.937,4.492,,,,0.0,0.0,0.0,0.0,27.0,19.873373
1717,1.4972,402.0,2.19,0.02206,,,,5463.0,0.91,0.937,4.492,,,,0.0,0.0,0.0,0.0,23.8,18.709436
1718,3.4894,1093.7,2.62,0.029718,,,,5376.0,0.806,0.897,4.576,,,,0.0,0.0,0.0,0.0,34.3,29.598806
1719,4.376,1004.5,2.64,0.034114,,,,5303.0,0.708,0.785,4.63,,,,0.0,0.0,0.0,0.0,43.9,33.63907
1720,1.6758,441.5,2.11,0.022688,,,,5420.0,0.85,0.945,4.555,,,,0.0,0.0,0.0,0.0,22.7,18.907585
1721,2.807,342.1,3.22,0.017657,,,,5109.0,1.671,0.929,3.96,,,,0.0,0.0,0.0,0.0,12.0,17.047945
1722,3.0555,850.2,2.31,0.026597,,,,5477.0,0.794,0.876,4.578,,,,0.0,0.0,0.0,0.0,26.4,22.876215
1723,3.431,401.6,2.04,0.019553,,,,5569.0,0.954,0.955,4.459,,,,0.0,0.0,0.0,0.0,19.7,18.81096
1724,3.106,207.1,1.35,0.012971,,,,5569.0,0.954,0.955,4.459,,,,0.0,0.0,0.0,0.0,20.0,17.950302
1725,1.4361,491.1,1.6,0.019769,,,,4949.0,0.741,0.715,4.552,,,,0.0,0.0,0.0,0.0,25.2,20.559895
1726,0.9817,389.5,2.55,0.01832,,,,6521.0,1.276,1.334,4.352,,,,0.0,1.0,1.0,0.0,36.4,33.34368
1727,5.457,879.6,2.13,0.026492,,,,5162.0,0.736,0.817,4.611,,,,0.0,0.0,0.0,0.0,23.7,20.842255
1729,2.314,59.7,0.93,0.007118,,,,6213.0,1.195,1.27,4.387,,,,0.0,0.0,0.0,0.0,11.8,14.305465
1730,4.4726,1321.9,4.14,0.036172,,,,6228.0,1.049,1.107,4.441,,,,0.0,0.0,0.0,0.0,167.3,101.53744
1731,3.252,352.8,1.68,0.017115,,,,5806.0,0.899,0.996,4.528,,,,0.0,0.0,0.0,0.0,19.2,17.77157
1732,3.391,48.9,1.58,0.006628,,,,6197.0,2.188,1.198,3.837,,,,0.0,0.0,0.0,0.0,24.5,18.317858
1733,3.7295,39.5,1.39,0.005805,,,,6197.0,2.188,1.198,3.837,,,,0.0,0.0,0.0,0.0,32.2,23.317818
1734,2.0378,37.3,1.49,0.006235,,,,6197.0,2.188,1.198,3.837,,,,0.0,0.0,0.0,0.0,18.2,14.519956
1735,3.0664,872.2,2.34,0.026543,,,,5376.0,0.806,0.897,4.576,,,,0.0,0.0,0.0,0.0,28.3,26.103512
1736,2.1229,684.0,2.19,0.028726,,,,4299.0,0.697,0.713,4.604,,,,0.0,0.0,0.0,0.0,31.9,28.934011
1737,3.8284,1313.1,2.69,0.032661,,,,5332.0,0.755,0.824,4.597,,,,0.0,0.0,0.0,0.0,32.7,29.69453
1738,2.1472,200.0,2.44,0.013107,,,,5907.0,1.705,1.165,4.041,,,,0.0,0.0,0.0,0.0,40.5,25.040089
1739,2.788,699.9,1.84,0.024481,,,,4500.0,0.688,0.768,4.638,,,,0.0,0.0,0.0,0.0,21.3,18.731478
1740,9.551,367.1,2.09,0.018409,,,,5878.0,1.041,0.912,4.363,,,,0.0,0.0,0.0,0.0,26.5,20.560215
1744,2.0572,460.2,1.15,0.019043,,,,3867.0,0.552,0.581,4.718,,,,0.0,0.0,0.0,0.0,21.1,18.348387
1745,3.7,988.4,2.48,0.028075,,,,5265.0,0.81,0.91,4.58,,,,0.0,0.0,0.0,0.0,24.1,19.314867
1746,2.1448,634.4,2.04,0.023204,,,,5216.0,0.804,0.896,4.58,,,,0.0,0.0,0.0,0.0,70.9,62.67986
1747,2.9698,166.0,2.67,0.011979,,,,7216.0,2.043,1.462,3.983,,,,0.0,0.0,0.0,0.0,27.1,39.161354
1748,2.6297,246.8,2.39,0.01667,,,,5845.0,1.314,0.998,4.2,,,,0.0,0.0,0.0,0.0,24.5,21.586357
1749,4.046,81.0,1.18,0.00824,,,,5845.0,1.314,0.998,4.2,,,,0.0,0.0,0.0,0.0,17.7,14.886244
1750,8.704,411.9,4.43,0.019847,,,,6160.0,2.046,1.443,3.976,,,,0.0,0.0,0.0,0.0,31.8,21.514553
1751,3.985,765.2,2.2,0.030937,,,,4983.0,0.651,0.715,4.66,,,,0.0,0.0,0.0,0.0,75.3,64.584526
1752,3.0898,136.4,1.3,0.01379,,,,6191.0,0.865,0.961,4.546,,,,0.0,0.0,1.0,0.0,18.9,19.203114
1753,1.3966,413.3,2.07,0.018724,,,,6063.0,1.012,1.117,4.476,,,,0.0,0.0,0.0,0.0,20.7,16.521729
1754,1.751,771.8,2.5,0.028916,,,,5080.0,0.793,0.792,4.538,,,,0.0,0.0,0.0,0.0,17.7,14.295716
1755,1.1267,242.1,1.65,0.017056,,,,5132.0,0.886,0.82,4.457,,,,0.0,0.0,0.0,0.0,38.2,40.98029
1756,2.2245,239.6,1.75,0.017677,,,,5146.0,0.905,0.832,4.445,,,,0.0,0.0,0.0,0.0,22.3,22.719732
1757,2.1533,294.8,1.74,0.01542,,,,5362.0,1.032,0.873,4.352,,,,0.0,0.0,0.0,0.0,21.5,19.142262
1758,6.344,427.4,5.37,0.018542,,,,5443.0,2.652,1.41,3.74,,,,0.0,0.0,0.0,0.0,31.0,24.910862
1759,3.451,533.8,2.19,0.021147,,,,6036.0,0.949,1.018,4.491,,,,0.0,0.0,0.0,0.0,26.6,22.977419
1760,5.0066,2232.1,5.65,0.043414,,,,6038.0,1.191,0.995,4.284,,,,0.0,0.0,0.0,0.0,304.6,236.76962
1761,1.2167,587.0,1.53,0.021561,,,,4478.0,0.651,0.637,4.615,,,,0.0,0.0,0.0,0.0,34.6,25.818338
1762,4.309,293.7,1.75,0.016908,,,,5670.0,0.95,0.802,4.387,,,,0.0,0.0,0.0,0.0,24.0,19.560694
1763,7.173,305.4,2.63,0.019945,,,,6056.0,1.209,1.147,4.332,,,,0.0,0.0,0.0,0.0,26.9,22.644096
1764,1.6686,325.4,1.69,0.018398,,,,5431.0,0.843,0.945,4.563,,,,0.0,0.0,0.0,0.0,20.1,16.098915
1765,5.385,287.6,2.0,0.015459,,,,5949.0,1.184,1.027,4.303,,,,0.0,0.0,0.0,0.0,25.5,18.630243
1766,3.479,155.3,1.54,0.011945,,,,5949.0,1.184,1.027,4.303,,,,0.0,0.0,0.0,0.0,16.0,12.33673
1767,4.965,1164.4,4.53,0.033353,,,,5624.0,1.244,0.931,4.218,,,,0.0,0.0,0.0,0.0,23.7,22.805443
1768,1.0243,109.6,0.93,0.010351,,,,5173.0,0.822,0.874,4.55,,,,0.0,0.0,0.0,0.0,28.7,17.038412
1769,2.4921,214.4,2.13,0.01332,,,,5862.0,1.463,1.097,4.148,,,,0.0,0.0,0.0,0.0,22.4,19.705582
1770,2.393,318.2,1.53,0.016427,,,,5766.0,0.853,0.874,4.517,,,,0.0,0.0,0.0,0.0,16.9,15.912708
1771,4.635,545.7,2.64,0.024936,,,,6075.0,0.969,1.048,4.486,,,,0.0,0.0,0.0,0.0,22.0,18.041595
1772,5.394,301.4,1.51,0.021282,,,,4983.0,0.651,0.715,4.66,,,,0.0,0.0,0.0,0.0,23.2,20.53855
1775,2.3607,907.6,26.5,0.249402,,,,6032.0,0.973,1.055,4.485,,,,0.0,1.0,1.0,0.0,65.2,54.96573
1777,5.389,570.1,2.98,0.027068,,,,6244.0,1.009,1.069,4.46,,,,0.0,0.0,0.0,0.0,25.9,19.423765
1778,2.734,1130.7,2.12,0.031409,,,,4818.0,0.618,0.607,4.639,,,,0.0,0.0,0.0,0.0,30.4,27.055878
1779,3.897,1540.3,25.42,0.289221,,,,5485.0,0.805,0.891,4.574,,,,0.0,1.0,1.0,0.0,26.3,24.466516
1780,5.577,771.5,44.41,0.288236,,,,6056.0,1.411,1.096,4.179,,,,0.0,1.0,0.0,0.0,25.0,19.212767
1781,1.4122,173.5,1.14,0.011791,,,,5237.0,0.887,0.907,4.5,,,,0.0,0.0,0.0,0.0,34.8,32.83322
1782,2.2874,189.6,2.09,0.012793,,,,6455.0,1.496,1.087,4.125,,,,0.0,0.0,0.0,0.0,20.7,18.126743
1783,2.236,1041.7,2.78,0.033194,,,,4973.0,0.768,0.741,4.537,,,,0.0,0.0,0.0,0.0,18.0,15.811826
1785,3.745,616.5,16.37,0.243775,,,,4098.0,0.615,0.634,4.662,,,,0.0,1.0,1.0,0.0,20.9,17.57639
1786,4.093,1032.9,2.79,0.029502,,,,5861.0,0.865,0.957,4.546,,,,0.0,0.0,0.0,0.0,24.0,21.172686
1787,4.33931,309490.0,88.62,0.593216,,,,6158.0,1.368,0.969,4.152,,,,1.0,0.0,0.0,0.0,2036.3,6993.098
1788,6.789,3522.5,32.77,0.34292,,,,5544.0,0.875,0.761,4.435,,,,0.0,1.0,1.0,1.0,141.4,376.30072
1789,3.056,532.6,2.21,0.020897,,,,5468.0,0.968,0.913,4.427,,,,0.0,0.0,0.0,0.0,21.5,17.771389
1790,0.8023,712.7,2.4,0.028314,,,,5230.0,0.777,0.873,4.594,,,,0.0,0.0,0.0,0.0,25.7,17.147388
1792,1.3285,459.8,1.58,0.019082,,,,4859.0,0.757,0.734,4.545,,,,0.0,0.0,0.0,0.0,26.5,23.326597
1793,4.153,179.6,1.43,0.012774,,,,6102.0,1.026,1.099,4.457,,,,0.0,0.0,0.0,0.0,17.0,13.931851
1795,3.3781,286.3,1.77,0.015488,,,,6142.0,1.046,1.143,4.456,,,,0.0,0.0,0.0,0.0,27.0,22.175014
1796,2.309,871.5,1.7,0.026549,,,,3967.0,0.587,0.593,4.674,,,,0.0,0.0,0.0,0.0,19.5,17.439074
1797,4.564,349.4,2.31,0.017363,,,,6643.0,1.216,1.235,4.357,,,,0.0,0.0,0.0,0.0,26.8,19.547129
1798,5.276,548.4,3.04,0.025186,,,,5390.0,1.104,0.893,4.303,,,,0.0,0.0,0.0,0.0,21.9,17.687275
1799,11.261,396.8,14.93,0.021978,,,,4604.0,6.221,1.218,2.936,,,,0.0,0.0,0.0,0.0,63.6,27.74473
1800,1.4116,58.9,0.97,0.00784,,,,5821.0,1.132,0.995,4.328,,,,0.0,0.0,0.0,0.0,21.9,20.373524
1801,3.8314,364.8,2.27,0.017485,,,,6038.0,1.191,0.995,4.284,,,,0.0,0.0,0.0,0.0,65.6,47.71693
1802,8.262,186.7,2.72,0.013531,,,,5528.0,1.839,0.962,3.892,,,,0.0,0.0,0.0,0.0,24.7,20.559645
1803,1.6043,402.2,1.68,0.020322,,,,4895.0,0.759,0.817,4.589,,,,0.0,0.0,0.0,0.0,23.7,19.46216
1804,4.2354,440.3,3.64,0.02359,,,,5559.0,1.412,0.974,4.127,,,,0.0,0.0,0.0,0.0,28.3,24.467686
1805,2.1072,128.5,0.98,0.013459,,,,4657.0,0.67,0.748,4.641,,,,0.0,0.0,0.0,0.0,18.1,15.470267
1807,4.81,325.0,2.28,0.016583,,,,6053.0,1.26,1.098,4.279,,,,0.0,0.0,0.0,0.0,21.1,16.83565
1808,4.842,704.8,1.82,0.023662,,,,5051.0,0.706,0.786,4.628,,,,0.0,0.0,0.0,0.0,22.6,18.661327
1809,4.298,797.9,2.68,0.026848,,,,5316.0,0.915,0.878,4.459,,,,0.0,0.0,0.0,0.0,23.2,19.371254
1810,1.6663,174.1,0.97,0.012262,,,,5242.0,0.722,0.684,4.556,,,,0.0,0.0,0.0,0.0,20.2,18.053844
1812,2.839,269.7,2.95,0.017647,,,,5883.0,1.529,1.205,4.149,,,,0.0,0.0,0.0,0.0,21.0,18.063833
1813,4.746,110.1,1.67,0.0109,,,,6126.0,1.406,1.212,4.224,,,,0.0,0.0,0.0,0.0,21.6,17.536955
1814,1.725,82.0,1.35,0.008563,,,,6164.0,1.446,1.286,4.227,,,,0.0,0.0,0.0,0.0,17.3,15.924351
1815,4.372,507.9,2.54,0.020615,,,,5852.0,1.129,1.048,4.353,,,,0.0,0.0,0.0,0.0,23.8,20.131565
1816,1.68668,2482.1,44.67,0.330932,,,,6366.0,1.236,1.257,4.352,,,,0.0,1.0,0.0,0.0,303.7,298.34207
1817,9.133,375.5,2.47,0.017841,,,,6178.0,1.267,1.085,4.269,,,,0.0,0.0,0.0,0.0,36.2,22.96327
1818,3.682,197.6,5.07,0.014151,,,,6153.0,3.279,1.55,3.597,,,,0.0,0.0,1.0,1.0,26.2,19.778193
1819,2.4461,265.4,1.28,0.014655,,,,5311.0,0.8,0.796,4.532,,,,0.0,0.0,0.0,0.0,24.9,21.028004
1820,1.814,349.2,1.6,0.018881,,,,5178.0,0.778,0.732,4.521,,,,0.0,0.0,0.0,0.0,23.9,19.846106
1821,1.7389,318.6,1.29,0.015785,,,,4816.0,0.748,0.836,4.608,,,,0.0,0.0,0.0,0.0,20.4,17.161512
1822,61.2018,348.0,28.78,0.209167,,,,5974.0,1.26,0.953,4.216,,,,0.0,0.0,1.0,0.0,90.4,22.847235
1823,2.054,615.1,2.21,0.022658,,,,5530.0,0.892,0.773,4.425,,,,0.0,0.0,0.0,0.0,18.2,15.966751
1825,3.272,374.9,1.7,0.017431,,,,5523.0,0.891,0.972,4.526,,,,0.0,0.0,0.0,0.0,22.2,17.912304
1828,13.78,397.4,2.01,0.01889,,,,5679.0,0.972,0.938,4.435,,,,0.0,0.0,0.0,0.0,24.0,19.08947
1829,3.4559,646.5,2.6,0.023076,,,,5767.0,1.03,0.963,4.396,,,,0.0,0.0,0.0,0.0,93.4,76.45331
1830,4.636,328.8,1.7,0.016629,,,,6119.0,0.938,1.01,4.497,,,,0.0,0.0,0.0,0.0,22.1,18.872335
1831,4.279,88.8,1.29,0.00997,,,,6074.0,1.183,1.197,4.368,,,,0.0,0.0,0.0,0.0,23.3,19.153894
1833,3.244,194.5,1.95,0.013665,,,,5587.0,1.309,0.963,4.188,,,,0.0,0.0,0.0,0.0,20.3,17.530895
1834,2.3161,306.3,3.14,0.02198,,,,5587.0,1.309,0.963,4.188,,,,0.0,0.0,0.0,0.0,15.2,13.138888
1835,7.3,95.2,2.33,0.009353,,,,9565.0,2.286,2.335,4.088,,,,0.0,0.0,0.0,0.0,29.9,24.207443
1836,5.513,684.8,2.26,0.02375,,,,5730.0,0.87,0.968,4.545,,,,0.0,0.0,0.0,0.0,27.7,22.457796
1837,2.7219,142.0,1.01,0.011014,,,,5412.0,0.843,0.945,4.562,,,,0.0,0.0,0.0,0.0,23.1,19.510805
1838,5.532,599.3,2.45,0.024605,,,,5432.0,0.913,0.801,4.42,,,,0.0,0.0,0.0,0.0,25.2,21.972872
1839,5.483,267.9,1.8,0.016452,,,,6057.0,1.0,1.024,4.45,,,,0.0,0.0,0.0,0.0,27.2,23.312294
1840,2.793,260.6,1.75,0.014566,,,,5588.0,1.1,0.946,4.331,,,,0.0,0.0,0.0,0.0,27.5,22.891153
1841,2.708,194.9,1.56,0.01301,,,,5588.0,1.1,0.946,4.331,,,,0.0,0.0,0.0,0.0,11.6,9.14335
1842,4.4968,336.8,2.18,0.016798,,,,6038.0,1.191,0.995,4.284,,,,0.0,0.0,0.0,0.0,34.0,22.406319
1843,0.9269,273.3,1.23,0.015786,,,,4901.0,0.716,0.807,4.618,,,,0.0,0.0,0.0,0.0,23.4,18.972502
1844,3.2532,142.5,1.79,0.010816,,,,5640.0,1.515,1.024,4.087,,,,0.0,0.0,0.0,0.0,24.4,17.39639
1845,3.366,147.4,1.38,0.011202,,,,6047.0,1.129,1.021,4.343,,,,0.0,0.0,0.0,0.0,19.8,16.698652
1847,1.431,987.9,27.45,0.23474,,,,6090.0,1.071,1.173,4.447,,,,0.0,0.0,0.0,0.0,22.1,17.792856
1848,1.0473,252.7,1.46,0.016076,,,,5266.0,0.829,0.765,4.484,,,,0.0,0.0,0.0,0.0,28.9,23.684656
1849,5.557,273.4,1.71,0.016086,,,,6205.0,0.973,0.906,4.419,,,,0.0,0.0,0.0,0.0,22.4,18.93551
1850,2.5779,91.2,1.23,0.008754,,,,5866.0,1.282,0.95,4.2,,,,0.0,0.0,0.0,0.0,35.2,28.826073
1851,5.772,965.2,2.49,0.027578,,,,4954.0,0.828,0.791,4.5,,,,0.0,0.0,0.0,0.0,27.8,22.268452
1852,2.7048,530.6,1.92,0.02122,,,,4954.0,0.828,0.791,4.5,,,,0.0,0.0,0.0,0.0,28.1,24.047394
1853,2.0728,759.6,2.51,0.027757,,,,4954.0,0.828,0.791,4.5,,,,0.0,0.0,0.0,0.0,21.8,17.46432
1854,3.6337,9969.2,48.73,0.377855,,,,6248.0,1.181,1.078,4.328,,,,0.0,1.0,0.0,0.0,222.3,1487.8179
1855,2.0311,358.3,1.48,0.016815,,,,4983.0,0.807,0.771,4.512,,,,0.0,0.0,0.0,0.0,29.3,25.901522
1856,4.782,395.2,2.01,0.018061,,,,5757.0,1.017,1.016,4.431,,,,0.0,0.0,0.0,0.0,25.9,22.91786
1857,3.2747,836.1,2.42,0.026057,,,,5022.0,0.849,0.804,4.485,,,,0.0,0.0,0.0,0.0,74.3,56.046688
1858,6.205,178.5,1.83,0.01206,,,,5711.0,1.391,1.173,4.221,,,,0.0,0.0,0.0,0.0,32.3,23.378767
1859,4.73,132.5,1.59,0.0105,,,,5711.0,1.391,1.173,4.221,,,,0.0,0.0,0.0,0.0,25.8,19.102755
1860,3.526,181.3,2.03,0.012294,,,,5640.0,1.515,1.024,4.087,,,,0.0,0.0,0.0,0.0,26.1,20.093796
1861,2.7114,132.4,1.73,0.010464,,,,5640.0,1.515,1.024,4.087,,,,0.0,0.0,0.0,0.0,27.2,22.647596
1862,4.576,326.7,1.87,0.016923,,,,6082.0,1.014,1.041,4.445,,,,0.0,0.0,0.0,0.0,22.6,19.41287
1864,1.0458,469.1,1.6,0.019518,,,,5002.0,0.753,0.723,4.543,,,,0.0,0.0,0.0,0.0,35.3,31.016354
1865,3.485,138.3,1.6,0.010904,,,,6688.0,1.347,1.336,4.304,,,,0.0,0.0,0.0,0.0,15.9,17.813854
1866,3.307,324.8,1.64,0.016441,,,,5911.0,0.914,1.006,4.519,,,,0.0,0.0,0.0,0.0,21.4,18.547466
1867,3.476,737.4,2.64,0.02592,,,,5841.0,0.931,1.047,4.52,,,,0.0,0.0,0.0,0.0,17.6,14.200886
1868,1.0579,329.2,1.03,0.016697,,,,3862.0,0.563,0.566,4.69,,,,0.0,1.0,0.0,0.0,46.1,17.206907
1869,1.2058,593.4,3.03,0.032359,,,,5290.0,0.858,0.887,4.519,,,,0.0,1.0,0.0,0.0,24.2,21.589361
1870,3.154,144.0,1.28,0.01076,,,,5392.0,1.087,0.888,4.314,,,,0.0,0.0,0.0,0.0,15.3,12.109904
1871,4.645,1166.8,3.13,0.038586,,,,5136.0,0.744,0.827,4.607,,,,0.0,0.0,0.0,0.0,28.4,25.621601
1872,2.596,65.5,1.44,0.009704,,,,6084.0,1.358,1.076,4.204,,,,0.0,0.0,0.0,0.0,23.2,27.193575
1873,6.864,884.3,3.21,0.029059,,,,6063.0,1.012,1.117,4.476,,,,0.0,0.0,0.0,0.0,33.6,25.147776
1874,3.1136,1009.5,2.14,0.030522,,,,4243.0,0.641,0.651,4.637,,,,0.0,0.0,0.0,0.0,23.8,26.569523
1875,3.227,64.8,1.14,0.007519,,,,5711.0,1.391,1.173,4.221,,,,0.0,0.0,0.0,0.0,14.9,11.107825
1876,5.439,97.8,1.87,0.010455,,,,6154.0,1.636,1.287,4.12,,,,0.0,0.0,0.0,0.0,25.5,21.455776
1877,6.596,758.9,29.33,0.286358,,,,5942.0,0.938,1.028,4.506,,,,0.0,0.0,0.0,0.0,30.1,22.479414
1878,2.5693,110.0,2.05,0.009635,,,,5957.0,1.953,0.983,3.849,,,,0.0,1.0,1.0,0.0,26.2,29.119204
1879,7.083,488.7,2.35,0.019889,,,,5520.0,1.08,0.928,4.339,,,,0.0,0.0,0.0,0.0,25.7,19.753057
1880,2.9095,191.2,1.48,0.014249,,,,5709.0,0.95,1.014,4.489,,,,0.0,0.0,0.0,0.0,24.0,21.66317
1882,2.0348,197.4,2.33,0.012361,,,,4827.0,1.727,0.952,3.942,,,,0.0,0.0,0.0,0.0,22.2,20.83751
1883,6.7751,403.7,2.39,0.018389,,,,6038.0,1.191,0.995,4.284,,,,0.0,0.0,0.0,0.0,37.8,24.713478
1885,4.5568,509.8,2.79,0.020998,,,,6086.0,1.216,1.013,4.274,,,,0.0,0.0,0.0,0.0,64.1,54.0081
1886,6.324,755.8,2.55,0.026795,,,,5712.0,0.87,0.944,4.534,,,,0.0,0.0,0.0,0.0,20.8,17.590773
1887,6.811,523.1,2.49,0.022119,,,,6319.0,1.032,1.084,4.447,,,,0.0,0.0,0.0,0.0,23.1,19.289253
1888,1.9637,435.8,1.82,0.018826,,,,5475.0,0.884,0.946,4.521,,,,0.0,0.0,0.0,0.0,22.4,20.33015
1892,1.6197,49.3,0.83,0.00636,,,,5457.0,1.196,0.903,4.239,,,,0.0,0.0,0.0,0.0,28.9,23.578821
1893,6.21,955.4,2.95,0.028709,,,,5910.0,0.94,1.032,4.505,,,,0.0,0.0,0.0,0.0,24.7,18.74674
1894,2.471,818.9,2.96,0.028882,,,,5910.0,0.94,1.032,4.505,,,,0.0,0.0,0.0,0.0,20.5,17.713583
1896,3.438,360.6,2.59,0.01735,,,,5866.0,1.367,1.02,4.175,,,,0.0,0.0,0.0,0.0,27.3,22.957582
1897,7.588,282.4,2.81,0.018577,,,,6103.0,1.383,1.109,4.202,,,,0.0,0.0,0.0,0.0,25.2,20.807398
1898,7.073,140.3,1.73,0.011447,,,,6103.0,1.383,1.109,4.202,,,,0.0,0.0,0.0,0.0,19.3,14.109142
1899,6.152,709.3,2.43,0.0242,,,,5831.0,0.921,1.016,4.517,,,,0.0,0.0,0.0,0.0,27.8,24.496864
1901,2.3652,337.4,2.11,0.019041,,,,5330.0,1.013,0.869,4.366,,,,0.0,0.0,0.0,0.0,31.6,27.19655
1902,0.7051,1402.9,1.66,0.035061,,,,3731.0,0.433,0.463,4.83,,,,0.0,0.0,0.0,0.0,33.3,23.920094
1903,5.746,588.7,3.93,0.028896,,,,5565.0,1.246,1.008,4.251,,,,0.0,0.0,0.0,0.0,22.0,18.524363
1904,53.5887,687.3,39.16,0.211178,,,,6711.0,1.698,1.32,4.097,,,,1.0,0.0,0.0,0.0,82.1,19.214346
1905,3.927,783.0,2.54,0.025764,,,,5570.0,0.904,0.882,4.471,,,,0.0,0.0,0.0,0.0,19.1,15.237783
1906,2.591,26.5,0.98,0.004734,,,,6258.0,1.896,1.14,3.939,,,,0.0,0.0,1.0,0.0,25.0,18.982355
1907,4.366,1502.9,3.87,0.034853,,,,5492.0,1.016,0.921,4.389,,,,0.0,0.0,0.0,0.0,25.7,23.235922
1908,5.065,428.5,2.83,0.025677,,,,5700.0,1.008,0.894,4.382,,,,0.0,0.0,1.0,1.0,83.9,49.504898
1909,2.205,488.0,2.14,0.020172,,,,5957.0,0.971,1.083,4.498,,,,0.0,0.0,0.0,0.0,19.3,16.923792
1910,3.4701,588.0,2.67,0.025771,,,,6103.0,0.949,1.028,4.496,,,,0.0,0.0,0.0,0.0,28.5,24.992212
1911,2.049,654.6,1.76,0.022996,,,,5165.0,0.702,0.782,4.633,,,,0.0,0.0,0.0,0.0,16.3,14.530282
1912,6.416,362.1,2.05,0.017456,,,,6218.0,1.077,1.114,4.421,,,,0.0,0.0,0.0,0.0,25.4,22.688374
1913,4.576,132.6,1.4,0.010567,,,,6086.0,1.216,1.013,4.274,,,,0.0,0.0,0.0,0.0,13.4,10.90227
1914,1.8264,267.0,2.53,0.019674,,,,5887.0,1.177,0.985,4.29,,,,0.0,0.0,0.0,0.0,25.0,25.244616
1915,2.7455,1286.0,2.0,0.032005,,,,4090.0,0.571,0.591,4.696,,,,0.0,0.0,0.0,0.0,112.5,92.90064
1916,2.1557,874.2,3.02,0.027507,,,,5229.0,1.005,0.878,4.378,,,,0.0,0.0,0.0,0.0,23.3,34.077755
1917,4.368,145.0,1.64,0.011502,,,,5862.0,1.307,0.973,4.194,,,,0.0,0.0,0.0,0.0,27.2,23.60095
1918,4.141,180.6,1.84,0.012857,,,,5862.0,1.307,0.973,4.194,,,,0.0,0.0,0.0,0.0,29.6,23.89117
1919,2.8521,81.6,2.82,0.010314,,,,5343.0,2.506,1.33,3.764,,,,0.0,0.0,0.0,0.0,22.8,20.322367
1921,1.3705,101.5,1.33,0.011196,,,,5716.0,1.091,0.955,4.343,,,,0.0,0.0,1.0,0.0,20.5,20.149292
1922,6.693,348.4,2.89,0.021247,,,,5795.0,1.247,1.042,4.265,,,,0.0,0.0,0.0,0.0,25.0,19.35162
1924,7.989,338.2,1.68,0.016727,,,,5678.0,0.921,0.794,4.409,,,,0.0,0.0,0.0,0.0,24.3,20.233814
1925,4.391,648.0,4.22,0.031224,,,,5500.0,1.238,0.922,4.218,,,,0.0,0.0,0.0,0.0,21.8,19.336584
1926,3.289,327.5,2.5,0.018511,,,,5500.0,1.238,0.922,4.218,,,,0.0,0.0,0.0,0.0,14.0,11.8480015
1927,7.218,578.4,2.81,0.021656,,,,5561.0,1.19,0.946,4.263,,,,0.0,0.0,0.0,0.0,23.9,17.667221
1928,8.114,348.8,2.22,0.017091,,,,6038.0,1.191,0.995,4.284,,,,0.0,0.0,0.0,0.0,29.7,20.353767
1929,1.1966,284.2,0.86,0.01543,,,,3810.0,0.513,0.543,4.753,,,,0.0,0.0,0.0,0.0,25.2,25.171762
1930,2.808,143.4,1.23,0.010833,,,,5560.0,1.04,0.943,4.379,,,,0.0,0.0,0.0,0.0,18.2,14.822822
1931,3.154,306.8,1.25,0.015375,,,,4641.0,0.747,0.734,4.557,,,,0.0,0.0,0.0,0.0,18.6,16.679808
1932,2.059,192.5,1.56,0.012695,,,,6000.0,1.126,1.068,4.363,,,,0.0,0.0,0.0,0.0,21.3,17.391918
1933,7.489,487.4,2.37,0.020097,,,,6002.0,1.081,1.135,4.424,,,,0.0,0.0,0.0,0.0,21.6,17.0924
1936,3.015,130.9,1.69,0.011851,,,,5862.0,1.307,0.973,4.194,,,,0.0,0.0,0.0,0.0,15.9,12.407433
1937,4.901,157.3,1.44,0.012395,,,,5865.0,1.066,1.024,4.393,,,,0.0,0.0,0.0,0.0,20.9,25.366087
1938,1.4575,908.4,1.69,0.026773,,,,3879.0,0.578,0.619,4.707,,,,0.0,0.0,0.0,0.0,35.4,30.17181
1939,3.2201,755.7,2.12,0.025421,,,,5191.0,0.764,0.85,4.597,,,,0.0,0.0,0.0,0.0,32.7,25.702608
1940,5.118,1626.6,5.14,0.044886,,,,6228.0,1.049,1.107,4.441,,,,0.0,0.0,0.0,0.0,30.2,26.954376
1941,3.159,292.6,1.76,0.015773,,,,6014.0,1.021,1.037,4.436,,,,0.0,0.0,0.0,0.0,25.3,21.737331
1942,2.7466,286.2,1.65,0.015347,,,,5364.0,0.982,0.872,4.394,,,,0.0,0.0,0.0,0.0,25.1,21.682825
1943,2.88,2975.0,5.81,0.049237,,,,5646.0,1.08,0.996,4.37,,,,0.0,0.0,0.0,0.0,362.1,361.97925
1944,3.816,1350.7,3.36,0.033006,,,,5480.0,0.931,0.966,4.485,,,,0.0,0.0,0.0,0.0,19.5,14.842745
1945,3.891,777.3,5.09,0.031817,,,,5596.0,1.466,0.998,4.105,,,,0.0,0.0,0.0,0.0,27.8,20.40939
1946,1.705,433.8,2.31,0.019138,,,,6174.0,1.103,1.162,4.417,,,,0.0,0.0,0.0,0.0,17.6,15.025204
1947,1.9425,386.0,1.94,0.021444,,,,5569.0,0.829,0.928,4.566,,,,0.0,0.0,0.0,0.0,25.1,22.947691
1948,4.054,252.6,2.34,0.014547,,,,6172.0,1.471,1.25,4.198,,,,0.0,0.0,0.0,0.0,27.6,22.708656
1949,4.749,370.7,2.45,0.020478,,,,5912.0,1.094,0.96,4.342,,,,0.0,0.0,0.0,0.0,23.2,19.984657
1950,3.433,184.3,1.33,0.012286,,,,5649.0,0.992,0.923,4.411,,,,0.0,0.0,0.0,0.0,22.3,19.004755
1951,0.8069,270.7,1.57,0.016977,,,,5123.0,0.847,0.828,4.501,,,,0.0,0.0,0.0,0.0,36.0,17.859703
1952,2.6508,329.2,1.73,0.01622,,,,5288.0,0.978,0.858,4.391,,,,0.0,0.0,0.0,0.0,22.8,20.543076
1953,4.515,697.1,2.42,0.024063,,,,5831.0,0.921,1.016,4.517,,,,0.0,0.0,0.0,0.0,22.3,19.676186
1954,1.1435,499.6,1.37,0.025766,,,,3821.0,0.486,0.49,4.755,,,,0.0,0.0,0.0,0.0,31.2,17.095778
1955,2.8354,1453.3,4.59,0.034594,,,,5794.0,1.216,1.032,4.282,,,,0.0,0.0,0.0,0.0,145.9,127.45385
1956,4.685,1124.9,4.0,0.034909,,,,6228.0,1.049,1.107,4.441,,,,0.0,0.0,0.0,0.0,31.6,27.369154
1958,3.4197,816.7,1.6,0.025596,,,,4090.0,0.571,0.591,4.696,,,,0.0,0.0,0.0,0.0,54.1,42.359932
1959,5.907,632.4,3.44,0.031124,,,,5330.0,1.013,0.869,4.366,,,,0.0,0.0,0.0,0.0,26.0,19.70963
1960,1.862,200.7,1.5,0.012886,,,,5806.0,1.064,1.037,4.4,,,,0.0,0.0,0.0,0.0,28.4,20.247503
1962,2.917,191.0,1.6,0.012619,,,,5859.0,1.162,1.064,4.335,,,,0.0,0.0,0.0,0.0,24.5,20.456705
1963,4.853,263.0,1.87,0.014724,,,,5859.0,1.162,1.064,4.335,,,,0.0,0.0,0.0,0.0,22.6,18.74572
1964,2.1328,86.0,0.92,0.010028,,,,5450.0,0.842,0.944,4.563,,,,0.0,0.0,0.0,0.0,21.0,23.081842
1965,2.056,59.9,0.68,0.007398,,,,5450.0,0.842,0.944,4.563,,,,0.0,0.0,0.0,0.0,18.6,18.000952
1966,2.3226,175.7,0.79,0.011751,,,,4487.0,0.612,0.601,4.644,,,,0.0,0.0,0.0,0.0,20.8,17.457829
1967,1.763,278.6,1.3,0.015134,,,,5167.0,0.787,0.812,4.555,,,,0.0,0.0,0.0,0.0,16.5,18.685446
1970,4.2285,3218.5,5.31,0.061323,,,,6190.0,0.793,0.704,4.487,,,,0.0,1.0,1.0,1.0,184.3,763.6449
1971,2.306,114.7,1.37,0.009889,,,,5865.0,1.272,1.088,4.266,,,,0.0,0.0,0.0,0.0,27.5,23.108788
1972,5.408,68.6,1.24,0.008108,,,,5423.0,1.404,0.915,4.105,,,,0.0,0.0,0.0,0.0,29.8,22.710674
1973,2.932,101.4,1.2,0.009264,,,,6038.0,1.191,0.995,4.284,,,,0.0,0.0,0.0,0.0,22.0,18.521324
1974,2.78,124.0,1.39,0.010695,,,,6038.0,1.191,0.995,4.284,,,,0.0,0.0,0.0,0.0,18.6,15.944297
1975,2.5462,262.3,1.51,0.014927,,,,5547.0,0.925,0.9,4.46,,,,0.0,0.0,0.0,0.0,20.6,17.879112
1976,3.064,553.2,1.94,0.021757,,,,5052.0,0.816,0.773,4.503,,,,0.0,0.0,0.0,0.0,23.6,21.394451
1977,5.522,396.4,2.06,0.018557,,,,6250.0,1.019,1.038,4.44,,,,0.0,0.0,0.0,0.0,19.1,16.360394
1978,6.423,244.6,2.26,0.01637,,,,6429.0,1.262,1.011,4.241,,,,0.0,0.0,0.0,0.0,30.5,23.225899
1979,8.422,656.9,3.37,0.024047,,,,5779.0,1.284,1.039,4.238,,,,0.0,0.0,0.0,0.0,23.8,20.047245
1980,2.2759,180.4,1.22,0.012297,,,,5984.0,0.906,0.993,4.521,,,,0.0,0.0,0.0,0.0,24.6,20.392012
1981,2.113,48.9,0.64,0.006951,,,,5450.0,0.842,0.944,4.563,,,,0.0,0.0,0.0,0.0,13.7,13.706386
1983,2.765,224.2,1.43,0.013699,,,,5761.0,0.956,1.035,4.492,,,,0.0,0.0,0.0,0.0,12.8,18.387432
1984,5.1008,5237.7,12.36,0.07857,,,,6501.0,1.441,1.236,4.212,,,,0.0,1.0,1.0,1.0,181.6,1196.2297
1985,2.3421,4787.3,37.24,0.388365,,,,5408.0,0.878,0.842,4.476,,,,0.0,1.0,0.0,0.0,101.1,224.04196
1986,3.743,821.5,3.41,0.031855,,,,5738.0,0.981,0.936,4.426,,,,0.0,0.0,0.0,0.0,22.2,25.988503
1989,4.765,86.5,1.09,0.008561,,,,6084.0,1.169,1.037,4.319,,,,0.0,0.0,0.0,0.0,12.4,16.728004
1990,4.956,264.8,1.5,0.014897,,,,5529.0,0.925,0.893,4.457,,,,0.0,0.0,0.0,0.0,18.7,15.720275
1991,2.829,281.3,1.31,0.017456,,,,5096.0,0.689,0.719,4.618,,,,0.0,0.0,1.0,1.0,15.1,11.803603
1992,70.3707,385.4,46.43,0.221351,,,,6440.0,1.921,1.299,3.984,,,,1.0,0.0,0.0,0.0,130.0,16.121702
1993,3.267,769.5,1.57,0.024893,,,,3757.0,0.576,0.581,4.681,,,,0.0,0.0,0.0,0.0,16.3,12.288935
1994,4.283,758.9,2.42,0.029059,,,,5623.0,0.763,0.853,4.596,,,,0.0,0.0,0.0,0.0,18.0,15.501348
1995,7.532,63.5,2.04,0.008612,,,,5979.0,2.164,1.219,3.854,,,,0.0,0.0,0.0,0.0,16.2,12.016888
1996,2.679,36.3,0.59,0.005515,,,,5854.0,0.979,1.03,4.469,,,,0.0,0.0,0.0,0.0,11.9,15.536409
1997,1.0852,400.4,1.42,0.01816,,,,5255.0,0.716,0.776,4.617,,,,0.0,0.0,0.0,0.0,68.3,22.317495
1998,10.51,,,,,,,,,,,,,,1.0,0.0,0.0,0.0,,
1999,2.7306,1180.1,4.75,0.03461,,,,6267.0,1.258,1.097,4.28,,,,0.0,0.0,0.0,0.0,485.5,422.22046
2000,7.98,,,,,,,,,,,,,,0.0,0.0,0.0,0.0,,
2001,4.526,784.2,3.21,0.030548,,,,5903.0,0.961,0.922,4.437,,,,0.0,0.0,0.0,0.0,22.9,19.686432
2002,2.644,259.2,9.48,0.021013,,,,5002.0,4.131,1.375,3.344,,,,0.0,0.0,1.0,0.0,20.7,14.080627
2003,3.28,412.4,1.49,0.018884,,,,4513.0,0.722,0.712,4.574,,,,0.0,0.0,0.0,0.0,21.2,16.946104
2004,5.925,143.9,1.47,0.010983,,,,5753.0,1.222,0.863,4.2,,,,0.0,0.0,0.0,0.0,19.5,14.96292
2005,2.657,391.7,1.68,0.019277,,,,4838.0,0.796,0.771,4.524,,,,0.0,0.0,0.0,0.0,16.7,13.291759
2007,8.198,374.7,3.1,0.01758,,,,5843.0,1.615,1.115,4.069,,,,0.0,0.0,0.0,0.0,21.4,18.845905
2008,1.967,400.8,50.6,0.018924,,,,4094.0,24.488,0.925,1.627,,,,0.0,1.0,0.0,0.0,20.6,135.50293
2009,2.0371,2054.8,2.64,0.044983,,,,3879.0,0.537,0.537,4.708,,,,0.0,0.0,0.0,0.0,68.6,53.37347
2010,7.495,701.1,31.18,0.278578,,,,6117.0,1.025,1.095,4.457,,,,1.0,0.0,1.0,0.0,58.5,22.613558
2011,3.455,114.5,1.21,0.010094,,,,5806.0,1.101,0.996,4.353,,,,0.0,0.0,0.0,0.0,19.2,16.452356
2013,2.569,77.4,0.77,0.008203,,,,6075.0,0.858,0.934,4.541,,,,0.0,0.0,0.0,0.0,17.2,16.056055
2015,1.1968,303.0,1.5,0.01576,,,,5420.0,0.871,0.849,4.487,,,,0.0,0.0,0.0,0.0,19.8,15.191005
2020,4.077,360.1,1.47,0.018653,,,,4513.0,0.722,0.712,4.574,,,,0.0,0.0,0.0,0.0,13.7,11.031231
2021,6.179,142.9,1.3,0.010811,,,,5610.0,1.104,0.889,4.301,,,,0.0,0.0,0.0,0.0,22.2,17.997093
2022,4.858,162.9,1.61,0.013356,,,,5610.0,1.104,0.889,4.301,,,,0.0,0.0,0.0,0.0,15.9,12.821955
2023,2.9878,461.8,2.12,0.019706,,,,6123.0,0.987,1.053,4.472,,,,0.0,0.0,0.0,0.0,26.1,22.985737
2024,2.409,340.7,1.77,0.016855,,,,5966.0,0.961,1.049,4.493,,,,0.0,0.0,0.0,0.0,9.3,11.781019
2025,2.3244,1032.6,1.91,0.034399,,,,3732.0,0.509,0.515,4.736,,,,0.0,0.0,0.0,0.0,46.7,41.48566
2026,4.298,108.1,1.5,0.010188,,,,5945.0,1.346,1.039,4.196,,,,0.0,0.0,0.0,0.0,19.4,16.569988
2027,3.691,463.5,1.82,0.019616,,,,5776.0,0.849,0.939,4.554,,,,0.0,0.0,0.0,0.0,25.3,22.701654
2028,2.194,771.7,1.88,0.024534,,,,4703.0,0.701,0.686,4.582,,,,0.0,0.0,0.0,0.0,17.8,17.026577
2029,2.4141,266.2,1.48,0.015027,,,,5806.0,0.899,0.996,4.528,,,,0.0,0.0,0.0,0.0,23.3,20.38139
2030,2.931,181.2,1.33,0.0126,,,,6106.0,0.966,1.043,4.487,,,,0.0,0.0,1.0,0.0,13.1,11.855235
2031,6.735,141.4,1.34,0.010955,,,,6384.0,1.121,1.046,4.361,,,,0.0,0.0,0.0,0.0,17.6,14.569964
2032,10.532,214.2,4.96,0.013335,,,,5734.0,3.405,1.648,3.591,,,,0.0,0.0,0.0,0.0,21.3,15.739848
2033,5.248,275.4,2.15,0.020811,,,,5884.0,0.944,0.985,4.481,,,,0.0,0.0,1.0,0.0,27.9,18.51607
2034,5.951,71.4,0.86,0.008074,,,,5575.0,0.98,0.81,4.363,,,,0.0,0.0,1.0,1.0,22.2,17.629189
2035,1.848,615.2,2.46,0.022798,,,,5887.0,0.989,1.102,4.49,,,,0.0,0.0,1.0,0.0,13.4,13.457208
2036,1.72722,36911.9,10.6,0.170837,,,,3793.0,0.568,0.587,4.697,,,,0.0,0.0,0.0,0.0,1341.6,1514.2845
2037,2.008,296.9,1.35,0.015633,,,,5354.0,0.788,0.884,4.587,,,,0.0,0.0,0.0,0.0,15.8,15.25862
2038,1.0567,277.3,1.24,0.014827,,,,4791.0,0.767,0.747,4.541,,,,0.0,0.0,1.0,0.0,31.5,19.927898
2039,1.007,278.0,1.82,0.016508,,,,5387.0,1.009,0.89,4.38,,,,0.0,0.0,1.0,1.0,11.5,17.060822
2040,4.023,495.8,16.99,0.222839,,,,5271.0,0.698,0.773,4.636,,,,1.0,0.0,1.0,0.0,85.2,19.188797
2041,5.959,1161.5,2.89,0.039415,,,,4551.0,0.672,0.669,4.609,,,,0.0,0.0,0.0,0.0,22.8,17.269434
2042,3.5255,401.6,2.53,0.018412,,,,6267.0,1.258,1.097,4.28,,,,0.0,0.0,0.0,0.0,274.5,222.45161
2043,7.464,751.0,1.68,0.0332,,,,3576.0,0.463,0.482,4.791,,,,0.0,0.0,0.0,0.0,15.1,11.653137
2044,3.534,586.8,3.41,0.028013,,,,6165.0,1.115,1.048,4.365,,,,0.0,0.0,0.0,0.0,16.8,14.043629
2045,4.125,210.4,1.64,0.013087,,,,5557.0,1.151,0.936,4.288,,,,0.0,0.0,0.0,0.0,20.3,17.48328
2046,1.9724,81.4,1.49,0.008209,,,,5825.0,1.662,1.121,4.046,,,,0.0,0.0,0.0,0.0,22.9,18.198313
2047,1.1522,322.7,1.6,0.019059,,,,5172.0,0.767,0.878,4.6,,,,0.0,0.0,0.0,0.0,35.3,29.192568
2048,6.805,217.5,2.33,0.014589,,,,5862.0,1.463,1.097,4.148,,,,0.0,0.0,0.0,0.0,20.5,15.927306
2049,1.6192,126.4,4.91,0.014029,,,,5988.0,3.204,1.469,3.594,,,,0.0,0.0,1.0,0.0,33.5,29.884254
2050,1.393,84.3,0.91,0.008438,,,,6014.0,0.992,1.029,4.459,,,,0.0,0.0,1.0,0.0,12.7,10.598918
2051,7.453,193.9,1.33,0.01264,,,,5695.0,0.961,0.868,4.411,,,,0.0,0.0,1.0,1.0,23.3,18.483387
2052,1.8717,507.0,1.21,0.020559,,,,3879.0,0.537,0.537,4.708,,,,0.0,0.0,0.0,0.0,38.2,22.25087
2056,1.719,316.2,1.94,0.020396,,,,5330.0,0.87,0.855,4.491,,,,0.0,0.0,0.0,0.0,14.8,12.429709
2057,1.0703,145.2,1.88,0.011358,,,,6414.0,1.519,1.256,4.173,,,,0.0,1.0,1.0,0.0,24.7,14.677425
2058,2.851,180.6,1.2,0.012323,,,,5853.0,0.895,0.99,4.529,,,,0.0,0.0,0.0,0.0,15.7,13.309786
2059,4.208,498.5,1.14,0.020074,,,,3765.0,0.521,0.526,4.725,,,,0.0,0.0,0.0,0.0,11.5,10.0909195
2060,1.716,359.3,1.0,0.017602,,,,3765.0,0.521,0.526,4.725,,,,0.0,0.0,0.0,0.0,11.2,8.993365
2062,4.584,365.3,1.59,0.017057,,,,5242.0,0.856,0.869,4.512,,,,0.0,0.0,0.0,0.0,20.9,18.662968
2063,6.656,373.1,2.32,0.018205,,,,6499.0,1.169,1.191,4.378,,,,0.0,0.0,0.0,0.0,17.1,16.393923
2064,2.866,631.7,1.86,0.022753,,,,5073.0,0.748,0.856,4.607,,,,0.0,0.0,0.0,0.0,15.6,14.769549
2065,3.06,83.1,1.1,0.008609,,,,6453.0,1.17,1.053,4.326,,,,0.0,0.0,1.0,1.0,22.5,18.492785
2066,4.03,886.4,2.78,0.03163,,,,4891.0,0.805,0.776,4.516,,,,0.0,0.0,0.0,0.0,17.3,13.4371195
2067,2.5418,1765.9,2.25,0.038237,,,,3834.0,0.539,0.541,4.708,,,,0.0,0.0,0.0,0.0,101.1,82.67765
2068,2.591,92.9,0.73,0.008644,,,,5168.0,0.769,0.793,4.566,,,,0.0,0.0,0.0,0.0,14.4,12.782846
2069,2.357,418.5,2.45,0.019126,,,,6418.0,1.171,1.241,4.395,,,,0.0,0.0,1.0,0.0,12.8,11.577439
2070,1.672,115.8,2.11,0.01042,,,,6063.0,1.855,1.058,3.926,,,,0.0,1.0,1.0,0.0,20.0,16.127527
2071,1.9817,2651.8,23.45,0.313479,,,,5316.0,0.685,0.658,4.585,,,,0.0,1.0,0.0,0.0,88.7,44.80835
2072,1.5789,259.1,1.32,0.01472,,,,5547.0,0.82,0.918,4.571,,,,0.0,0.0,1.0,1.0,45.2,21.799551
2073,2.233,151.0,1.03,0.011165,,,,5370.0,0.845,0.771,4.471,,,,0.0,0.0,1.0,0.0,14.0,13.973922
2076,1.7075,1112.6,2.35,0.030114,,,,5262.0,0.714,0.786,4.623,,,,0.0,0.0,0.0,1.0,23.8,17.614754
2077,4.047,2312.8,2.47,0.044275,,,,3780.0,0.511,0.531,4.746,,,,0.0,0.0,0.0,0.0,106.5,84.951836
2078,6.271,389.0,2.94,0.024747,,,,5392.0,1.087,0.888,4.314,,,,0.0,0.0,0.0,0.0,21.3,16.902508
2079,5.438,336.4,1.75,0.017929,,,,5853.0,0.895,0.99,4.529,,,,0.0,0.0,0.0,0.0,15.4,13.206011
2080,2.116,369.6,1.83,0.0174,,,,5495.0,0.961,0.932,4.442,,,,0.0,0.0,0.0,0.0,15.7,14.116614
2081,2.61,75.8,0.7,0.007855,,,,5481.0,0.815,0.914,4.574,,,,0.0,0.0,0.0,0.0,16.3,14.0594635
2082,2.231,199.1,1.15,0.013311,,,,5485.0,0.788,0.716,4.5,,,,0.0,0.0,1.0,0.0,15.0,12.935102
2083,4.466,610.4,1.9,0.022303,,,,5437.0,0.781,0.829,4.571,,,,0.0,0.0,0.0,0.0,179.5,175.61543
2084,3.699,525.8,2.11,0.021927,,,,5328.0,0.883,0.796,4.447,,,,0.0,1.0,1.0,1.0,20.5,16.26874
2085,1.793,259.6,17.94,0.22532,,,,5632.0,0.729,0.816,4.616,,,,0.0,0.0,1.0,0.0,18.3,15.419067
2086,3.902,184.9,0.96,0.011998,,,,4825.0,0.732,0.785,4.603,,,,0.0,0.0,0.0,0.0,21.9,17.049992
2087,4.369,661.8,2.34,0.023227,,,,5681.0,0.923,1.038,4.524,,,,0.0,0.0,0.0,0.0,23.3,17.465052
2088,4.48,86.3,29.27,0.088515,,,,6534.0,3.028,1.484,3.647,,,,0.0,1.0,1.0,1.0,28.7,23.182957
2089,2.864,301.6,1.79,0.015997,,,,6117.0,1.027,1.008,4.42,,,,0.0,0.0,0.0,0.0,19.9,17.404188
2090,2.942,371.0,1.93,0.018314,,,,6122.0,0.964,1.041,4.487,,,,0.0,0.0,0.0,0.0,14.7,13.063752
2091,2.721,145.6,1.53,0.011314,,,,5887.0,1.235,1.09,4.292,,,,0.0,0.0,0.0,0.0,18.4,14.404189
2092,1.7763,345.2,1.59,0.016885,,,,5591.0,0.86,0.977,4.559,,,,0.0,0.0,0.0,0.0,18.8,16.305918
2093,1.9033,1537.7,2.13,0.036335,,,,3879.0,0.537,0.537,4.708,,,,0.0,0.0,0.0,0.0,32.4,24.248087
2094,3.358,100.8,0.87,0.009176,,,,5420.0,0.868,0.874,4.502,,,,0.0,0.0,0.0,0.0,12.9,11.28038
2095,4.815,214.5,2.01,0.013429,,,,5855.0,1.373,1.161,4.227,,,,0.0,0.0,0.0,0.0,19.5,16.049892
2096,1.2188,240.7,1.4,0.014073,,,,5440.0,0.913,0.942,4.491,,,,0.0,0.0,0.0,0.0,36.7,31.984018
2097,10.7643,110990.0,46.07,0.499257,,,,5931.0,0.845,0.933,4.554,,,,0.0,1.0,0.0,0.0,534.5,1372.7269
2098,16.9895,29840.8,24.4,0.168735,,,,5989.0,1.324,1.063,4.221,,,,0.0,1.0,0.0,0.0,897.0,938.0211
2100,4.064,3859.0,5.97,0.054672,,,,5780.0,1.0,1.0,4.438,,,,0.0,0.0,0.0,0.0,9.7,
2101,6.8214,2518.7,4.7,0.045589,,,,5593.0,0.945,0.918,4.45,,,,0.0,0.0,0.0,0.0,63.1,61.356983
2102,3.395,258.6,1.5,0.014437,,,,5406.0,0.95,0.893,4.433,,,,0.0,0.0,1.0,0.0,17.4,15.206182
2103,3.028,650.8,1.91,0.023783,,,,5062.0,0.735,0.789,4.601,,,,0.0,0.0,0.0,0.0,4.6,
2104,3.401,636.6,1.85,0.023111,,,,5395.0,0.734,0.821,4.615,,,,0.0,0.0,0.0,0.0,15.8,12.803437
2105,7.332,479.8,3.12,0.025685,,,,6325.0,1.112,1.157,4.409,,,,0.0,0.0,0.0,0.0,28.5,19.017454
2106,5.548,437.9,2.94,0.024216,,,,6325.0,1.112,1.157,4.409,,,,0.0,0.0,0.0,0.0,28.8,23.985958
2108,2.457,188.7,1.13,0.012288,,,,5009.0,0.84,0.797,4.491,,,,0.0,0.0,0.0,0.0,19.4,15.526697
2109,2.1801,1387.2,2.13,0.036155,,,,3834.0,0.539,0.541,4.708,,,,0.0,0.0,0.0,0.0,57.4,42.68845
2110,10.262,535.8,18.13,0.201507,,,,5435.0,0.824,0.937,4.578,,,,0.0,0.0,1.0,0.0,24.7,18.712393
2111,2.054,153.6,1.09,0.011502,,,,5762.0,0.867,0.859,4.495,,,,0.0,1.0,1.0,0.0,15.7,13.811562
2112,1.774,42.4,0.6,0.005931,,,,5640.0,0.921,0.962,4.492,,,,0.0,0.0,0.0,0.0,15.6,12.880582
2113,3.577,70.5,0.95,0.007643,,,,5767.0,1.135,0.91,4.287,,,,0.0,0.0,0.0,0.0,19.2,15.339475
2114,1.8061,269.4,1.66,0.014975,,,,5845.0,1.013,1.102,4.469,,,,0.0,0.0,0.0,0.0,22.9,19.88047
2115,9.568,168.7,1.13,0.011943,,,,6058.0,0.867,0.95,4.54,,,,0.0,0.0,0.0,0.0,15.7,13.311803
2116,2.5213,396.6,1.5,0.023676,,,,4102.0,0.581,0.599,4.687,,,,0.0,0.0,0.0,0.0,18.9,16.683186
2119,5.882,181.0,2.08,0.017606,,,,5791.0,1.083,1.03,4.381,,,,0.0,0.0,0.0,0.0,20.4,16.824768
2120,9.88,67.9,2.57,0.009567,,,,5192.0,2.46,1.309,3.773,,,,0.0,1.0,0.0,0.0,5.7,11.411535
2121,4.016,499.5,2.39,0.020538,,,,6245.0,1.065,1.049,4.406,,,,0.0,0.0,0.0,0.0,16.7,14.250783
2122,9.745,719.1,29.55,0.288798,,,,5930.0,0.937,0.988,4.489,,,,0.0,1.0,1.0,1.0,23.6,20.772655
2123,3.817,249.1,2.6,0.029185,,,,5836.0,0.816,0.884,4.561,,,,0.0,0.0,1.0,0.0,14.9,12.355037
2124,5.762,891.6,2.59,0.026709,,,,5418.0,0.888,1.005,4.543,,,,0.0,0.0,0.0,0.0,20.4,15.94036
2125,3.8763,87.3,0.72,0.008442,,,,5437.0,0.781,0.829,4.571,,,,0.0,0.0,0.0,0.0,32.4,29.897533
2126,3.829,137.6,1.93,0.012475,,,,6150.0,1.417,1.23,4.223,,,,0.0,0.0,0.0,0.0,16.4,13.618851
2128,1.843,542.4,28.47,0.251685,,,,6347.0,1.036,1.032,4.423,,,,0.0,0.0,0.0,0.0,20.2,17.672268
2129,2.381,139.1,1.33,0.010865,,,,6306.0,1.121,1.166,4.405,,,,0.0,0.0,1.0,0.0,14.2,13.067234
2131,1.3672,114.6,1.21,0.012523,,,,5580.0,0.886,0.989,4.538,,,,0.0,0.0,0.0,0.0,16.9,16.33386
2132,1.0925,212.6,1.19,0.013695,,,,5178.0,0.797,0.896,4.585,,,,0.0,0.0,0.0,0.0,20.9,17.469727
2133,4.043,36.7,1.01,0.005592,,,,6440.0,1.655,1.204,4.081,,,,0.0,0.0,0.0,0.0,12.5,
2135,2.632,1298.6,12.94,0.039601,,,,6244.0,2.992,1.482,3.657,,,,0.0,0.0,0.0,0.0,132.7,235.59987
2136,1.2335,275.3,51.34,0.014924,,,,4448.0,31.5,1.789,1.694,,,,0.0,1.0,0.0,0.0,16.7,13.803261
2137,1.8464,2338.0,2.54,0.045876,,,,3808.0,0.508,0.534,4.754,,,,0.0,0.0,0.0,0.0,132.1,141.97963
2138,1.1168,242.1,0.79,0.016787,,,,3605.0,0.433,0.47,4.837,,,,0.0,0.0,0.0,0.0,20.7,16.621637
2139,3.171,756.7,2.66,0.031071,,,,5151.0,0.785,0.758,4.528,,,,0.0,0.0,0.0,0.0,15.0,13.1382675
2140,1.2232,22462.0,6.51,0.135797,,,,3440.0,0.439,0.465,4.82,,,,0.0,1.0,0.0,0.0,172.2,110.819664
2141,1.35,54.7,0.73,0.0069,,,,6046.0,0.972,1.053,4.486,,,,0.0,0.0,1.0,0.0,13.0,10.087545
2143,1.021,245.5,1.51,0.014449,,,,6045.0,0.955,1.038,4.494,,,,0.0,0.0,1.0,0.0,22.1,17.523087
2144,2.388,453.0,1.8,0.020167,,,,5402.0,0.816,0.901,4.568,,,,0.0,1.0,1.0,0.0,24.5,19.44362
2145,4.222,290.1,1.92,0.01566,,,,6321.0,1.125,1.207,4.417,,,,0.0,0.0,0.0,0.0,25.2,21.030302
2146,2.296,143.8,1.32,0.010894,,,,5688.0,1.111,0.969,4.333,,,,0.0,0.0,0.0,0.0,17.1,14.634054
2147,4.52,116.6,0.81,0.009839,,,,5138.0,0.756,0.717,4.536,,,,0.0,0.0,1.0,0.0,23.0,18.046244
2148,4.62,481.2,1.95,0.021238,,,,5009.0,0.84,0.797,4.491,,,,0.0,0.0,0.0,0.0,18.0,16.161253
2149,4.912,227.0,24.2,0.197356,,,,6386.0,1.123,1.161,4.402,,,,0.0,0.0,0.0,1.0,65.3,21.570005
2151,2.344,357.3,1.75,0.021621,,,,4769.0,0.742,0.724,4.557,,,,0.0,0.0,0.0,0.0,17.7,14.789656
2152,1.5997,852.8,1.57,0.0267,,,,3834.0,0.539,0.541,4.708,,,,0.0,0.0,0.0,0.0,63.6,48.26403
2153,4.718,763.8,2.64,0.029051,,,,4996.0,0.831,0.791,4.497,,,,0.0,0.0,0.0,0.0,21.4,18.937853
2154,5.613,56.1,0.98,0.006866,,,,6175.0,1.307,1.244,4.299,,,,0.0,0.0,0.0,0.0,22.4,13.230062
2155,4.759,433.4,2.42,0.019863,,,,5995.0,1.118,1.022,4.351,,,,0.0,0.0,0.0,0.0,17.0,15.20904
2156,4.318,87.6,1.24,0.008634,,,,6194.0,1.314,1.098,4.242,,,,0.0,0.0,0.0,0.0,20.3,14.468613
2157,5.266,72.8,1.12,0.007832,,,,6194.0,1.314,1.098,4.242,,,,0.0,0.0,0.0,0.0,15.2,11.76338
2158,31.28,1704.1,30.39,0.305437,,,,5778.0,0.911,1.028,4.531,,,,1.0,0.0,1.0,1.0,38.1,26.97966
2159,4.726,1120.1,3.32,0.032127,,,,5593.0,0.945,0.918,4.45,,,,0.0,0.0,0.0,0.0,34.1,78.22098
2160,2.0674,487.4,2.63,0.020209,,,,6139.0,1.193,1.19,4.359,,,,0.0,0.0,0.0,0.0,35.4,165.79648
2161,2.7468,45034.0,44.14,0.457262,,,,5717.0,0.884,0.984,4.538,,,,0.0,1.0,0.0,0.0,92.0,523.9879
2162,11.106,2575.6,9.52,0.05206,,,,5616.0,1.674,1.032,4.004,,,,0.0,0.0,0.0,0.0,175.2,125.39901
2163,6.106,76.8,1.5,0.008182,,,,5616.0,1.674,1.032,4.004,,,,0.0,0.0,0.0,0.0,17.0,12.301436
2164,3.989,68.0,1.36,0.007455,,,,5616.0,1.674,1.032,4.004,,,,0.0,0.0,0.0,0.0,25.5,19.553331
2165,3.343,102.6,1.01,0.009257,,,,5772.0,1.003,0.824,4.351,,,,0.0,0.0,0.0,0.0,18.5,15.718208
2166,3.381,92.9,1.0,0.009122,,,,5772.0,1.003,0.824,4.351,,,,0.0,0.0,0.0,0.0,12.7,11.67936
2167,4.385,771.5,2.53,0.027989,,,,5569.0,0.829,0.928,4.566,,,,0.0,0.0,0.0,0.0,17.2,17.103079
2169,3.733,12.2,0.27,0.003223,,,,5417.0,0.772,0.803,4.567,,,,0.0,0.0,0.0,0.0,7.4,
2170,2.933,28.7,0.83,0.005248,,,,6057.0,1.457,0.95,4.088,,,,0.0,1.0,1.0,0.0,21.7,15.700155
2171,1.885,366.7,1.94,0.021379,,,,4996.0,0.831,0.791,4.497,,,,0.0,0.0,0.0,0.0,15.2,13.456439
2172,1.0273,224.9,1.25,0.015587,,,,4847.0,0.737,0.756,4.581,,,,0.0,0.0,0.0,0.0,20.6,15.014907
2173,4.521,573.3,2.88,0.024587,,,,5514.0,1.071,0.926,4.345,,,,0.0,0.0,0.0,0.0,18.9,16.700882
2174,7.336,297.3,2.41,0.015658,,,,5842.0,1.41,1.072,4.17,,,,0.0,0.0,0.0,0.0,15.4,14.687093
2175,4.878,773.6,1.95,0.024537,,,,4806.0,0.729,0.709,4.564,,,,0.0,0.0,0.0,0.0,15.7,11.2587805
2176,3.32,187.5,1.52,0.012616,,,,6398.0,1.101,1.141,4.411,,,,0.0,0.0,0.0,0.0,15.6,13.853771
2177,3.843,211.2,1.61,0.013392,,,,6398.0,1.101,1.141,4.411,,,,0.0,0.0,0.0,0.0,15.3,11.730205
2178,2.905,162.3,1.41,0.011749,,,,6398.0,1.101,1.141,4.411,,,,0.0,0.0,0.0,0.0,15.2,12.560768
2180,3.565,123.3,1.19,0.010297,,,,5774.0,1.054,0.903,4.347,,,,0.0,0.0,1.0,1.0,14.0,15.864739
2181,7.005,413.6,1.62,0.020582,,,,5383.0,0.72,0.769,4.609,,,,0.0,1.0,1.0,1.0,23.4,18.615725
2182,2.344,795.8,2.34,0.025362,,,,5215.0,0.845,0.787,4.481,,,,0.0,0.0,0.0,0.0,19.9,16.32204
2184,2.866,136.2,1.06,0.014889,,,,4983.0,0.651,0.715,4.66,,,,0.0,0.0,0.0,0.0,22.5,19.187426
2185,2.013,163.4,1.19,0.011605,,,,5629.0,0.937,0.864,4.43,,,,0.0,0.0,0.0,0.0,14.3,12.08894
2186,3.5374,912.8,3.28,0.035168,,,,5052.0,0.855,0.805,4.48,,,,0.0,0.0,0.0,0.0,26.7,21.142654
2188,4.031,326.0,1.86,0.016896,,,,5518.0,1.008,0.932,4.4,,,,0.0,0.0,0.0,0.0,21.6,18.114197
2189,1.639,458.1,2.01,0.01917,,,,5263.0,0.961,0.852,4.404,,,,0.0,1.0,0.0,0.0,16.9,13.83129
2190,1.913,168.9,1.33,0.012319,,,,5992.0,0.985,0.852,4.382,,,,0.0,0.0,1.0,0.0,12.2,12.768257
2191,18.43,68.4,0.87,0.007583,,,,6154.0,1.053,1.049,4.416,,,,0.0,0.0,0.0,0.0,6.9,
2192,1.6449,85.4,0.55,0.008438,,,,4239.0,0.6,0.611,4.667,,,,0.0,0.0,0.0,0.0,19.1,15.193795
2193,1.2667,778.6,3.28,0.034126,,,,5982.0,0.879,0.967,4.535,,,,0.0,0.0,0.0,0.0,20.1,16.464874
2194,3.83,1023.8,2.75,0.036114,,,,4652.0,0.697,0.734,4.617,,,,0.0,0.0,0.0,0.0,21.2,18.140097
2195,2.3052,813.8,1.53,0.025959,,,,3834.0,0.539,0.541,4.708,,,,0.0,0.0,0.0,0.0,27.6,20.641129
2196,1.768,245.3,0.8,0.014483,,,,3808.0,0.508,0.534,4.754,,,,0.0,0.0,0.0,0.0,11.8,12.358115
2197,4.735,128.2,1.64,0.010939,,,,5864.0,1.369,1.08,4.199,,,,0.0,0.0,1.0,0.0,42.9,20.16172
2198,2.756,240.6,1.58,0.01398,,,,5550.0,1.032,0.941,4.384,,,,0.0,0.0,0.0,0.0,16.5,14.501732
2201,3.616,582.3,20.75,0.185777,,,,6237.0,1.023,0.964,4.403,,,,0.0,1.0,1.0,0.0,20.2,18.288544
2203,4.758,258.5,1.35,0.015075,,,,5616.0,0.822,0.907,4.564,,,,0.0,0.0,1.0,1.0,15.7,14.021101
2204,1.0896,39.7,1.38,0.006034,,,,8621.0,2.094,2.018,4.101,,,,0.0,1.0,1.0,0.0,21.6,12.858594
2205,2.845,177.8,1.56,0.012063,,,,5657.0,1.182,0.975,4.282,,,,0.0,0.0,0.0,0.0,17.7,15.337785
2207,3.363,145.6,1.04,0.011738,,,,5482.0,0.813,0.833,4.539,,,,0.0,1.0,0.0,1.0,17.6,14.511017
2208,1.023,305.7,1.77,0.016086,,,,6046.0,1.007,1.111,4.478,,,,0.0,0.0,0.0,1.0,13.2,16.721176
2209,2.019,452.7,24.49,0.21603,,,,6184.0,1.038,1.1,4.448,,,,0.0,1.0,1.0,0.0,16.4,14.039556
2210,8.99,,,,,,,,,,,,,,1.0,0.0,0.0,0.0,,
2211,3.37,55.7,1.45,0.006909,,,,6732.0,1.927,1.23,3.958,,,,0.0,0.0,0.0,0.0,15.9,16.847519
2212,7.643,187.8,2.5,0.014415,,,,5623.0,1.588,1.104,4.079,,,,0.0,0.0,0.0,0.0,22.5,16.417692
2214,1.2893,488.4,2.27,0.025116,,,,5237.0,0.826,0.927,4.572,,,,0.0,0.0,0.0,0.0,17.3,14.189094
2215,10.049,89.5,3.34,0.008535,,,,4924.0,3.588,1.066,3.356,,,,0.0,0.0,0.0,0.0,26.1,15.596798
2216,3.0008,128.3,1.62,0.011717,,,,6123.0,1.263,1.066,4.263,,,,0.0,0.0,0.0,0.0,23.8,20.523762
2217,4.255,417.5,1.3,0.017991,,,,4643.0,0.663,0.652,4.61,,,,0.0,0.0,1.0,1.0,62.8,19.70566
2218,4.635,568.5,45.49,0.227885,,,,8828.0,1.828,2.053,4.227,,,,0.0,0.0,1.0,0.0,14.0,11.674108
2220,3.681,66.8,1.84,0.007563,,,,6381.0,2.232,1.436,3.897,,,,0.0,0.0,0.0,0.0,14.2,13.307933
2221,1.659,200.8,1.26,0.01316,,,,5796.0,0.876,0.93,4.522,,,,0.0,0.0,1.0,1.0,15.3,13.958138
2223,3.726,1282.6,2.74,0.032084,,,,5262.0,0.783,0.875,4.59,,,,0.0,1.0,1.0,0.0,19.9,17.682653
2225,1.6762,315.5,1.87,0.016327,,,,6156.0,1.05,1.114,4.443,,,,0.0,0.0,0.0,0.0,24.5,22.259916
2226,8.15361,123521.0,82.46,0.500096,,,,5923.0,1.51,1.09,4.118,,,,0.0,1.0,0.0,0.0,2619.2,11200.769
2227,2.427,277.1,1.63,0.016467,,,,5455.0,0.909,0.795,4.421,,,,0.0,0.0,0.0,0.0,19.0,14.586295
2228,3.517,311.0,1.51,0.021497,,,,4563.0,0.642,0.634,4.624,,,,0.0,0.0,0.0,0.0,16.0,12.921604
2229,2.437,786.7,2.47,0.027248,,,,5550.0,0.831,0.923,4.562,,,,0.0,0.0,0.0,0.0,22.6,20.92898
2230,6.197,70.7,1.75,0.008175,,,,5877.0,1.963,1.187,3.927,,,,0.0,0.0,0.0,0.0,27.1,19.42282
2231,3.633,75.7,1.04,0.008144,,,,6161.0,1.169,1.251,4.399,,,,0.0,0.0,0.0,0.0,18.8,16.492445
2233,6.468,462.8,2.96,0.034391,,,,4821.0,0.788,0.765,4.529,,,,0.0,0.0,0.0,0.0,13.5,11.957226
2234,6.019,382.3,2.43,0.020107,,,,6071.0,1.107,1.005,4.353,,,,0.0,0.0,0.0,0.0,19.6,16.268265
2235,2.196,510.0,2.01,0.021721,,,,5989.0,0.848,0.935,4.553,,,,0.0,0.0,0.0,0.0,6.5,
2236,2.442,388.8,1.46,0.017664,,,,5026.0,0.759,0.8,4.58,,,,0.0,0.0,0.0,0.0,15.8,13.026427
2237,1.5832,1826.9,1.57,0.038907,,,,3547.0,0.369,0.396,4.899,,,,0.0,0.0,0.0,0.0,112.2,110.62994
2239,3.716,2292.1,2.64,0.046863,,,,3744.0,0.516,0.529,4.737,,,,0.0,0.0,0.0,0.0,80.1,71.954796
2240,1.041,465.6,1.62,0.01944,,,,4897.0,0.764,0.742,4.542,,,,0.0,0.0,1.0,0.0,26.4,17.91903
2242,3.058,240.0,1.49,0.014207,,,,5999.0,0.959,1.045,4.494,,,,0.0,0.0,0.0,0.0,15.9,14.638098
2243,2.028,796.9,1.8,0.025083,,,,4788.0,0.656,0.639,4.61,,,,0.0,1.0,1.0,1.0,59.8,14.13782
2244,5.7297,3714.7,5.53,0.05504,,,,5638.0,0.92,1.006,4.513,,,,0.0,0.0,0.0,0.0,288.6,283.08282
2245,10.39,112.7,0.99,0.010253,,,,5826.0,0.885,0.767,4.43,,,,0.0,0.0,1.0,1.0,29.2,22.90613
2246,8.2,140.3,1.33,0.011289,,,,5897.0,1.081,0.97,4.357,,,,0.0,0.0,0.0,0.0,24.0,20.072153
2247,5.712,124.1,3.21,0.010181,,,,5822.0,2.886,1.464,3.683,,,,0.0,0.0,0.0,0.0,25.4,17.58158
2248,3.206,205.2,1.4,0.013086,,,,5573.0,0.982,0.957,4.434,,,,0.0,0.0,0.0,0.0,15.4,12.343142
2249,1.782,68.1,0.72,0.007979,,,,5099.0,0.832,0.781,4.491,,,,0.0,0.0,1.0,0.0,19.2,17.064955
2250,1.781,172.0,1.25,0.012282,,,,6319.0,0.93,0.919,4.465,,,,0.0,1.0,1.0,0.0,21.2,16.966082
2251,1.9094,204.5,0.88,0.012708,,,,4500.0,0.633,0.626,4.632,,,,0.0,0.0,0.0,0.0,21.4,16.953804
2252,3.283,219.7,0.91,0.013131,,,,4500.0,0.633,0.626,4.632,,,,0.0,0.0,0.0,0.0,14.9,12.210572
2253,3.4303,346.5,2.21,0.0169,,,,5790.0,1.198,0.997,4.279,,,,0.0,0.0,0.0,0.0,289.6,246.85002
2254,1.964,97.8,1.07,0.009233,,,,6204.0,1.065,1.021,4.394,,,,0.0,0.0,1.0,1.0,16.0,13.185811
2255,2.021,420.6,1.57,0.018071,,,,4732.0,0.795,0.78,4.53,,,,0.0,0.0,1.0,0.0,17.5,15.604272
2256,7.274,72.6,3.36,0.009246,,,,4938.0,3.324,1.136,3.45,,,,0.0,0.0,0.0,0.0,20.6,14.347328
2257,0.8323,357.4,0.67,0.017336,,,,3460.0,0.356,0.385,4.92,,,,0.0,0.0,0.0,0.0,20.4,14.735321
2258,1.3692,290.5,1.37,0.015357,,,,4948.0,0.816,0.782,4.508,,,,0.0,0.0,0.0,0.0,21.4,19.042215
2259,3.144,325.8,1.43,0.017113,,,,5352.0,0.764,0.857,4.599,,,,0.0,0.0,0.0,0.0,14.9,12.935628
2260,2.848,189.9,1.36,0.013681,,,,5753.0,0.911,0.875,4.461,,,,0.0,0.0,1.0,0.0,17.0,13.794086
2261,2.219,323.0,1.71,0.016307,,,,5812.0,0.963,1.079,4.504,,,,0.0,0.0,0.0,0.0,17.9,15.281276
2262,3.546,575.0,2.27,0.025772,,,,5644.0,0.806,0.9,4.575,,,,0.0,0.0,0.0,0.0,17.5,15.356581
2263,3.353,359.5,1.97,0.017642,,,,6081.0,1.023,1.122,4.468,,,,0.0,0.0,1.0,0.0,19.0,17.16906
2264,2.6848,302.5,1.32,0.015352,,,,4821.0,0.788,0.765,4.529,,,,0.0,0.0,0.0,0.0,22.2,14.977744
2265,1.218,488.3,2.46,0.020585,,,,6310.0,1.095,1.143,4.417,,,,0.0,0.0,1.0,0.0,20.4,17.22923
2266,3.266,420.7,1.47,0.019481,,,,5195.0,0.69,0.688,4.598,,,,0.0,0.0,0.0,0.0,20.0,17.175404
2267,1.1717,165.9,91.91,0.143947,,,,5944.0,5.847,2.214,3.25,,,,0.0,1.0,0.0,0.0,37.1,30.237457
2268,1.4243,105.1,0.89,0.009377,,,,5083.0,0.872,0.815,4.468,,,,0.0,0.0,0.0,0.0,17.7,15.74991
2269,3.926,137.9,1.15,0.01123,,,,5926.0,0.939,1.03,4.506,,,,0.0,0.0,0.0,0.0,17.6,13.107499
2270,6.557,323.1,1.74,0.01646,,,,6091.0,0.967,1.045,4.487,,,,0.0,0.0,0.0,0.0,18.1,14.759786
2271,6.905,915.9,2.34,0.026732,,,,4898.0,0.803,0.774,4.518,,,,0.0,0.0,0.0,0.0,23.9,16.574022
2272,4.599,74.8,1.08,0.008631,,,,5749.0,1.15,1.014,4.323,,,,0.0,0.0,1.0,1.0,29.3,20.843405
2273,4.548,217.1,1.66,0.016887,,,,5190.0,0.899,0.823,4.446,,,,0.0,0.0,0.0,0.0,16.1,13.981552
2274,4.551,652.7,2.38,0.023158,,,,5774.0,0.941,1.038,4.508,,,,0.0,0.0,0.0,0.0,18.3,14.582436
2275,6.527,38.0,1.42,0.006012,,,,6054.0,2.163,1.429,3.923,,,,0.0,0.0,0.0,0.0,20.9,13.523925
2276,1.978,100.7,1.13,0.009642,,,,6306.0,1.076,1.126,4.426,,,,0.0,0.0,1.0,0.0,17.4,15.634558
2277,2.469,215.1,1.48,0.013531,,,,6074.0,1.005,0.873,4.375,,,,0.0,0.0,0.0,0.0,18.4,15.455015
2279,2.7096,2794.7,2.83,0.048233,,,,3879.0,0.537,0.537,4.708,,,,0.0,0.0,0.0,0.0,137.2,104.526276
2280,0.8592,171.9,1.11,0.012036,,,,5430.0,0.847,0.896,4.535,,,,0.0,1.0,0.0,0.0,26.8,13.651684
2281,1.7504,2313.2,2.73,0.043356,,,,3757.0,0.576,0.581,4.681,,,,0.0,0.0,0.0,0.0,64.4,55.220226
2282,3.673,53.6,0.92,0.006836,,,,6187.0,1.238,1.23,4.341,,,,0.0,0.0,0.0,0.0,13.2,12.898838
2283,4.65,945.9,3.52,0.028036,,,,5800.0,1.149,1.021,4.327,,,,0.0,0.0,0.0,0.0,20.7,16.991114
2284,1.973,281.0,1.37,0.015334,,,,5547.0,0.82,0.918,4.571,,,,0.0,0.0,0.0,0.0,11.4,11.01746
2285,4.307,913.3,1.58,0.03645,,,,3554.0,0.398,0.426,4.867,,,,0.0,0.0,0.0,0.0,17.0,14.57548
2287,5.4573,5423.5,9.16,0.081431,,,,6108.0,1.03,1.132,4.466,,,,0.0,1.0,1.0,1.0,222.8,553.4832
2289,3.974,259.5,1.54,0.017701,,,,4873.0,0.796,0.836,4.558,,,,0.0,0.0,0.0,0.0,19.7,15.581302
2290,3.873,116.6,1.32,0.009905,,,,6113.0,1.218,1.194,4.341,,,,0.0,0.0,0.0,0.0,16.3,15.665018
2291,1.3916,351.5,2.07,0.017257,,,,6147.0,1.096,1.193,4.435,,,,0.0,0.0,0.0,0.0,23.0,20.19543
2292,1.992,371.9,1.84,0.019378,,,,5094.0,0.87,0.813,4.469,,,,0.0,0.0,0.0,0.0,18.0,15.037362
2294,2.268,197.7,1.27,0.013131,,,,5734.0,0.883,0.982,4.538,,,,0.0,0.0,1.0,1.0,17.2,15.146826
2295,7.82,261.8,1.01,0.014211,,,,4583.0,0.654,0.724,4.65,,,,0.0,1.0,1.0,1.0,35.9,17.49624
2296,3.0063,55.0,0.91,0.006981,,,,5790.0,1.198,0.997,4.279,,,,0.0,0.0,0.0,0.0,32.2,26.348282
2297,2.861,185.3,0.99,0.012462,,,,5399.0,0.725,0.805,4.619,,,,0.0,0.0,1.0,0.0,13.6,11.011869
2300,2.064,107.4,1.32,0.009517,,,,6078.0,1.271,1.162,4.294,,,,0.0,0.0,0.0,0.0,12.8,12.475003
2301,6.758,885.4,2.4,0.026801,,,,4939.0,0.819,0.785,4.506,,,,0.0,0.0,0.0,0.0,18.1,11.975632
2302,5.2,108.5,3.24,0.01139,,,,5405.0,2.605,1.365,3.741,,,,0.0,0.0,0.0,0.0,14.1,12.237531
2303,2.992,83.2,1.27,0.008447,,,,5827.0,1.374,1.068,4.191,,,,0.0,0.0,0.0,0.0,17.4,14.623486
2304,6.68,298.1,1.82,0.018988,,,,5817.0,0.876,0.965,4.538,,,,0.0,1.0,1.0,1.0,18.9,16.47754
2305,9.686,170.2,1.59,0.014766,,,,5871.0,0.983,1.097,4.493,,,,0.0,0.0,0.0,0.0,21.4,15.961918
2306,5.522,45.9,1.36,0.006237,,,,6311.0,1.994,1.443,3.998,,,,0.0,0.0,0.0,0.0,22.0,16.418793
2308,1.4499,137.3,25.5,0.112178,,,,7102.0,2.082,1.48,3.972,,,,0.0,0.0,1.0,0.0,41.6,37.332584
2309,2.1787,222.8,3.76,0.013898,,,,5814.0,2.476,1.243,3.745,,,,0.0,0.0,0.0,0.0,21.3,18.540503
2310,7.042,203.1,2.13,0.015049,,,,5936.0,1.299,1.122,4.261,,,,0.0,0.0,0.0,0.0,23.7,18.592783
2311,4.102,505.4,2.11,0.021415,,,,5632.0,0.904,1.026,4.537,,,,0.0,0.0,0.0,0.0,22.5,17.739546
2312,1.2808,403.6,2.66,0.021529,,,,5970.0,1.131,1.057,4.355,,,,0.0,0.0,0.0,0.0,19.3,15.594649
2313,29.1428,257.9,2.12,0.020606,,,,5428.0,0.94,0.816,4.404,,,,1.0,0.0,1.0,1.0,62.2,19.105417
2314,8.567,138.6,2.11,0.010853,,,,5422.0,1.782,1.02,3.945,,,,0.0,0.0,0.0,0.0,28.4,18.577278
2315,12.689,253.3,15.96,0.013954,,,,4553.0,10.472,1.616,2.605,,,,1.0,0.0,0.0,0.0,10.0,
2316,4.605,436.3,2.44,0.024803,,,,5790.0,0.9,0.998,4.528,,,,0.0,0.0,0.0,0.0,14.1,12.797429
2317,4.422,221.5,1.44,0.016079,,,,5475.0,0.818,0.734,4.479,,,,0.0,0.0,0.0,0.0,16.3,12.717842
2320,8.432,1033.0,2.73,0.028604,,,,5135.0,0.874,0.812,4.464,,,,0.0,0.0,0.0,0.0,17.3,15.520331
2321,0.7572,2754.6,1.73,0.048437,,,,3464.0,0.328,0.328,4.923,,,,0.0,0.0,0.0,0.0,48.6,33.523926
2322,0.9613,2355.0,1.72,0.048149,,,,3464.0,0.328,0.328,4.923,,,,0.0,0.0,0.0,0.0,25.4,17.186102
2323,3.004,134.7,1.37,0.011722,,,,6143.0,1.067,1.085,4.418,,,,0.0,1.0,1.0,1.0,27.0,17.67672
2324,1.7869,1224.1,13.96,0.175099,,,,5068.0,0.73,0.698,4.556,,,,0.0,0.0,1.0,0.0,79.6,28.659103
2325,1.406,210.2,25.82,0.274887,,,,5591.0,0.86,0.977,4.559,,,,0.0,0.0,0.0,0.0,18.5,11.662024
2326,4.183,142.0,1.48,0.011491,,,,5511.0,1.176,0.92,4.261,,,,0.0,0.0,0.0,0.0,15.4,12.498557
2327,4.6125,421.8,2.4,0.018741,,,,5978.0,1.171,1.034,4.316,,,,0.0,0.0,0.0,0.0,110.5,92.42659
2328,6.744,447.8,3.82,0.032476,,,,5876.0,1.077,1.001,4.374,,,,0.0,1.0,1.0,1.0,20.5,21.453985
2329,7.768,1992.3,2.72,0.039058,,,,4477.0,0.637,0.659,4.649,,,,0.0,0.0,0.0,0.0,36.1,28.472113
2330,10.8636,351.2,2.51,0.017719,,,,6214.0,1.297,1.059,4.238,,,,0.0,0.0,0.0,0.0,81.9,51.932014
2331,1.5916,6462.0,1.56,0.079431,,,,3157.0,0.18,0.153,5.112,,,,0.0,0.0,0.0,0.0,50.5,41.95647
2332,1.2637,2598.0,0.92,0.046896,,,,3157.0,0.18,0.153,5.112,,,,0.0,0.0,0.0,0.0,24.3,19.508406
2333,0.9879,631.8,1.24,0.029146,,,,3483.0,0.389,0.415,4.875,,,,0.0,0.0,0.0,0.0,37.1,35.076653
2334,0.955,239.2,1.08,0.014007,,,,4784.0,0.708,0.766,4.618,,,,0.0,1.0,0.0,0.0,26.8,13.911604
2336,3.426,85.5,1.74,0.009138,,,,6257.0,1.748,1.291,4.063,,,,0.0,0.0,1.0,0.0,27.8,22.056444
2337,7.219,219.5,77.12,0.163671,,,,6622.0,4.315,1.789,3.421,,,,0.0,1.0,1.0,1.0,48.2,18.294212
2338,3.419,92.6,1.08,0.00872,,,,5631.0,1.132,0.998,4.33,,,,0.0,1.0,1.0,1.0,28.1,21.663082
2339,2.408,152.6,1.06,0.01112,,,,5458.0,0.872,0.938,4.53,,,,0.0,0.0,1.0,0.0,15.5,14.0844
2340,1.5796,224.9,0.93,0.013129,,,,4313.0,0.65,0.731,4.662,,,,0.0,0.0,0.0,0.0,17.7,14.877646
2341,1.206,202.2,0.88,0.012562,,,,4464.0,0.638,0.654,4.643,,,,0.0,0.0,1.0,1.0,13.9,12.351125
2342,5.747,75.1,1.55,0.009753,,,,5691.0,1.458,1.068,4.139,,,,0.0,0.0,0.0,0.0,23.9,16.214994
2343,3.414,107.3,1.46,0.009895,,,,6075.0,1.352,1.225,4.264,,,,0.0,0.0,0.0,0.0,22.0,24.057016
2344,2.899,133.1,1.02,0.010427,,,,5452.0,0.9,1.012,4.535,,,,0.0,0.0,0.0,0.0,16.1,12.840978
2346,1.46,140.6,0.76,0.011001,,,,5271.0,0.63,0.624,4.634,,,,0.0,1.0,1.0,0.0,17.1,10.130858
2348,1.6202,126.8,0.87,0.010043,,,,5017.0,0.797,0.76,4.516,,,,0.0,0.0,0.0,0.0,16.7,13.661968
2349,2.996,1617.1,2.21,0.035947,,,,3891.0,0.564,0.605,4.718,,,,0.0,0.0,0.0,0.0,23.8,16.71722
2350,2.2942,1223.3,2.2,0.035793,,,,3891.0,0.564,0.605,4.718,,,,0.0,0.0,0.0,0.0,22.6,17.191265
2352,5.584,807.1,3.21,0.025518,,,,5467.0,1.152,0.902,4.271,,,,0.0,0.0,0.0,0.0,34.9,25.795126
2353,3.754,221.2,1.68,0.013363,,,,5467.0,1.152,0.902,4.271,,,,0.0,0.0,0.0,0.0,15.2,12.3765545
2354,2.696,474.8,2.69,0.021384,,,,5467.0,1.152,0.902,4.271,,,,0.0,0.0,0.0,0.0,20.0,17.020468
2355,1.066,488.5,1.52,0.019749,,,,4792.0,0.704,0.793,4.627,,,,0.0,0.0,0.0,0.0,27.3,20.688766
2356,3.337,191.0,1.18,0.012612,,,,5653.0,0.857,0.952,4.551,,,,0.0,0.0,0.0,0.0,9.1,
2357,1.25,261.1,1.63,0.017404,,,,5653.0,0.857,0.952,4.551,,,,0.0,0.0,0.0,0.0,8.3,
2358,1.833,166.2,1.46,0.012369,,,,5996.0,1.081,0.936,4.342,,,,0.0,1.0,0.0,1.0,43.4,26.264198
2360,4.4679,68.7,1.3,0.008082,,,,5788.0,1.474,1.05,4.122,,,,0.0,0.0,0.0,0.0,38.2,27.484186
2361,8.45,57.3,15049.8,97.605156,,,,5800.0,1.412,0.958,4.119,,,,0.0,0.0,0.0,0.0,12.8,
2362,2.112,160.4,1.07,0.011562,,,,5776.0,0.849,0.939,4.554,,,,0.0,1.0,1.0,0.0,15.5,13.826928
2363,1.767,356.8,2.27,0.021524,,,,5370.0,0.966,0.877,4.411,,,,0.0,0.0,0.0,0.0,13.9,16.792065
2365,1.8261,200.7,1.36,0.012949,,,,5966.0,0.961,1.049,4.493,,,,0.0,0.0,0.0,0.0,22.4,17.354563
2368,5.558,217.3,1.24,0.013712,,,,5335.0,0.831,0.914,4.56,,,,0.0,0.0,1.0,1.0,17.0,14.344855
2369,2.86,285.7,1.49,0.016687,,,,5438.0,0.82,0.92,4.574,,,,0.0,1.0,1.0,1.0,18.6,15.078204
2370,3.096,133.7,0.83,0.010587,,,,5366.0,0.715,0.793,4.625,,,,0.0,1.0,1.0,0.0,14.3,13.042287
2371,7.461,501.6,3.54,0.020452,,,,5919.0,1.585,1.009,4.042,,,,0.0,0.0,0.0,0.0,194.9,109.9509
2372,3.402,599.8,2.82,0.030214,,,,5240.0,0.856,0.958,4.555,,,,0.0,1.0,1.0,0.0,7.5,24.201456
2373,1.3493,157.6,1.07,0.011346,,,,5227.0,0.867,0.796,4.463,,,,0.0,0.0,1.0,0.0,38.7,21.53885
2374,5.5177,125.5,1.51,0.01063,,,,6214.0,1.297,1.059,4.238,,,,0.0,0.0,0.0,0.0,43.5,37.507618
2375,3.011,214.6,1.62,0.01334,,,,5885.0,1.111,1.004,4.348,,,,0.0,0.0,0.0,0.0,23.5,25.88844
2376,3.398,159.0,1.43,0.011797,,,,5885.0,1.111,1.004,4.348,,,,0.0,0.0,0.0,0.0,13.5,14.869048
2377,2.326,134.9,1.91,0.011362,,,,6366.0,1.543,1.273,4.167,,,,0.0,0.0,1.0,1.0,12.3,28.792877
2378,1.1014,269.7,1.57,0.015318,,,,5727.0,0.937,0.877,4.438,,,,0.0,1.0,1.0,0.0,25.3,16.841465
2379,2.3269,8043.0,8.91,0.081558,,,,5780.0,1.0,1.0,4.438,,,,0.0,1.0,1.0,1.0,43.2,128.06352
2381,1.3175,125.9,1.03,0.010575,,,,6089.0,0.889,0.971,4.527,,,,0.0,0.0,1.0,0.0,17.9,14.789312
2382,4.514,197.0,1.11,0.013185,,,,5235.0,0.771,0.862,4.595,,,,0.0,0.0,1.0,1.0,21.9,18.140957
2383,3.164,168.0,1.38,0.012635,,,,5780.0,1.0,1.0,4.438,,,,1.0,0.0,1.0,1.0,76.4,19.254623
2385,5.085,694.4,2.88,0.024151,,,,6036.0,1.093,1.048,4.382,,,,0.0,0.0,0.0,0.0,20.1,16.604742
2386,4.664,185.3,2.12,0.015063,,,,5937.0,1.291,1.084,4.251,,,,0.0,0.0,0.0,0.0,19.9,16.409773
2388,4.554,79.7,1.33,0.009401,,,,5937.0,1.291,1.084,4.251,,,,0.0,0.0,0.0,0.0,14.2,12.799112
2389,7.208,538.0,2.17,0.027854,,,,5010.0,0.715,0.798,4.623,,,,0.0,0.0,0.0,0.0,20.5,14.278832
2390,2.299,503.9,2.12,0.021409,,,,5984.0,0.906,0.993,4.521,,,,0.0,0.0,1.0,1.0,13.6,12.084565
2393,3.27,142.0,1.26,0.011743,,,,5496.0,0.983,0.92,4.417,,,,0.0,0.0,0.0,0.0,13.7,12.623598
2395,3.512,645.8,1.72,0.022958,,,,4889.0,0.686,0.759,4.637,,,,0.0,1.0,1.0,0.0,25.1,26.220987
2396,8.378,178.5,1.84,0.013044,,,,6115.0,1.291,1.077,4.249,,,,0.0,0.0,0.0,0.0,39.0,28.77161
2397,10.465,263.4,2.1,0.014906,,,,6115.0,1.291,1.077,4.249,,,,0.0,0.0,0.0,0.0,36.2,26.285856
2398,2.6118,6057.0,4.04,0.073529,,,,3640.0,0.503,0.513,4.744,,,,0.0,0.0,0.0,0.0,65.6,55.062897
2399,1.8211,285.1,1.7,0.017229,,,,5417.0,0.901,0.83,4.447,,,,0.0,0.0,0.0,0.0,22.1,17.881384
2400,7.434,431.0,1.88,0.019948,,,,6161.0,0.862,0.95,4.545,,,,0.0,0.0,0.0,0.0,23.7,19.588993
2401,1.9855,345.3,1.88,0.017094,,,,6198.0,1.005,1.072,4.464,,,,0.0,0.0,0.0,0.0,20.0,18.348112
2402,1.734,41.7,1.31,0.005939,,,,5622.0,2.017,0.965,3.813,,,,0.0,0.0,1.0,0.0,18.0,17.324373
2404,2.101,83.5,0.7,0.008944,,,,5374.0,0.721,0.68,4.555,,,,0.0,0.0,0.0,0.0,15.6,13.210224
2405,1.934,59.5,0.65,0.008216,,,,5374.0,0.721,0.68,4.555,,,,0.0,0.0,0.0,0.0,13.9,10.735407
2407,1.192,176.7,1.4,0.012495,,,,6065.0,1.023,1.018,4.427,,,,0.0,0.0,1.0,0.0,17.2,13.279348
2409,4.359,476.8,1.93,0.019976,,,,5926.0,0.887,0.978,4.532,,,,0.0,0.0,0.0,0.0,20.1,17.565126
2410,5.0,51.0,1.02,0.007494,,,,5557.0,1.249,0.897,4.198,,,,0.0,0.0,0.0,0.0,19.0,13.815522
2412,1.852,59.1,0.67,0.007015,,,,5561.0,0.873,0.85,4.486,,,,0.0,0.0,0.0,0.0,11.9,10.947981
2413,2.381,140.4,1.21,0.011222,,,,5784.0,0.984,0.921,4.416,,,,0.0,0.0,1.0,1.0,13.5,12.317422
2414,1.7073,1839.1,2.1,0.038292,,,,3640.0,0.503,0.513,4.744,,,,0.0,0.0,0.0,0.0,36.0,31.130331
2415,2.744,1316.0,1.78,0.032418,,,,3640.0,0.503,0.513,4.744,,,,0.0,0.0,0.0,0.0,20.5,15.0563755
2416,1.6802,303.5,1.52,0.017264,,,,5704.0,0.804,0.897,4.575,,,,0.0,0.0,0.0,0.0,31.6,25.515627
2417,3.9699,646.7,2.76,0.025459,,,,5683.0,0.993,0.951,4.422,,,,0.0,0.0,0.0,0.0,125.8,177.37422
2418,1.979,394.2,1.8,0.020507,,,,5704.0,0.804,0.897,4.575,,,,0.0,0.0,0.0,0.0,17.0,12.190126
2419,3.2363,251.8,1.78,0.014616,,,,6237.0,1.116,1.069,4.374,,,,0.0,0.0,0.0,0.0,35.4,29.862207
2420,7.831,239.7,2.31,0.014887,,,,6763.0,1.424,1.235,4.22,,,,0.0,0.0,0.0,0.0,28.4,20.620901
2421,3.336,50.4,1.84,0.006757,,,,6340.0,2.498,1.223,3.731,,,,0.0,0.0,1.0,1.0,22.9,18.520512
2422,1.9617,155.9,1.34,0.013564,,,,6177.0,0.906,0.982,4.516,,,,0.0,0.0,0.0,0.0,19.9,17.603607
2423,3.399,169.9,0.98,0.011757,,,,5153.0,0.767,0.763,4.551,,,,0.0,0.0,0.0,0.0,22.6,19.319672
2424,1.914,57.6,0.69,0.006997,,,,6026.0,0.904,0.949,4.503,,,,0.0,0.0,1.0,1.0,13.9,11.803434
2425,5.819,47.1,3.99,0.006588,,,,6115.0,5.544,2.072,3.267,,,,0.0,0.0,1.0,0.0,22.2,16.157675
2426,1.919,141.3,1.15,0.010897,,,,5926.0,0.963,1.072,4.501,,,,0.0,0.0,0.0,0.0,17.2,15.153018
2427,1.855,66.0,0.89,0.007518,,,,6384.0,1.086,1.129,4.419,,,,0.0,0.0,0.0,0.0,15.9,13.147721
2428,1.7259,298.9,2.07,0.017524,,,,5720.0,1.08,1.067,4.4,,,,0.0,0.0,0.0,0.0,82.0,77.65751
2429,2.924,33.5,0.7,0.00528,,,,6017.0,1.206,1.126,4.326,,,,0.0,0.0,0.0,0.0,12.2,11.365295
2431,5.109,201.8,1.78,0.012951,,,,5951.0,1.262,1.117,4.283,,,,0.0,0.0,0.0,0.0,19.7,15.275195
2433,10.675,206.4,1.61,0.013113,,,,6007.0,1.126,1.042,4.353,,,,0.0,0.0,0.0,0.0,16.9,13.829741
2434,1.743,108.7,1.48,0.009563,,,,6039.0,1.413,1.075,4.169,,,,0.0,0.0,0.0,0.0,79.7,35.40818
2435,1.9206,316.6,131.4,0.015257,,,,3853.0,78.869,1.772,0.892,,,,0.0,0.0,1.0,1.0,47.7,19.132915
2436,1.4858,425.8,1.93,0.02144,,,,4827.0,0.823,0.796,4.508,,,,0.0,0.0,0.0,0.0,20.8,24.11104
2438,6.194,700.1,3.52,0.030037,,,,5533.0,1.072,0.933,4.348,,,,0.0,0.0,0.0,0.0,27.9,24.357214
2439,5.256,296.3,1.94,0.016268,,,,5912.0,1.09,1.079,4.397,,,,0.0,0.0,0.0,0.0,20.0,18.632256
2440,3.146,25.9,0.7,0.004636,,,,5952.0,1.377,1.168,4.227,,,,0.0,0.0,0.0,0.0,22.1,17.564272
2441,0.823,531.4,2.15,0.021683,,,,5955.0,0.91,0.999,4.52,,,,1.0,0.0,1.0,0.0,32.0,16.12382
2442,7.189,354.6,2.7,0.022452,,,,6268.0,1.1,1.188,4.429,,,,0.0,1.0,0.0,0.0,37.6,15.28427
2444,3.315,31.7,0.4,0.005094,,,,4947.0,0.714,0.8,4.621,,,,0.0,0.0,1.0,1.0,26.1,20.226822
2445,22.27,24.3,0.34,0.004418,,,,4947.0,0.714,0.8,4.621,,,,0.0,1.0,0.0,0.0,14.0,9.439787
2446,2.684,740.7,2.2,0.024669,,,,5602.0,0.817,0.913,4.571,,,,0.0,0.0,0.0,0.0,17.5,15.265494
2447,4.462,98.8,1.43,0.009123,,,,6333.0,1.438,1.279,4.229,,,,0.0,0.0,0.0,0.0,19.3,14.801852
2448,6.542,297.5,2.11,0.021476,,,,5822.0,0.898,0.994,4.529,,,,0.0,0.0,1.0,1.0,14.3,11.66244
2450,4.59,702.2,2.25,0.024621,,,,5745.0,0.837,0.928,4.559,,,,0.0,0.0,0.0,0.0,17.0,12.554711
2451,9.314,193.0,1.56,0.012628,,,,5746.0,1.133,0.954,4.309,,,,0.0,0.0,0.0,0.0,20.8,14.665101
2452,4.347,906.8,28.17,0.268689,,,,5899.0,0.96,1.06,4.499,,,,0.0,1.0,1.0,1.0,22.2,20.634432
2453,1.756,861.3,2.52,0.026742,,,,5749.0,0.864,0.961,4.547,,,,0.0,0.0,0.0,0.0,16.0,14.430404
2454,7.2783,84.6,1.45,0.008397,,,,5919.0,1.585,1.009,4.042,,,,0.0,0.0,0.0,0.0,35.2,16.726513
2455,3.466,129.3,1.51,0.011473,,,,6052.0,1.202,1.015,4.285,,,,0.0,0.0,0.0,0.0,20.1,27.188307
2456,4.241,136.0,1.44,0.010988,,,,6052.0,1.202,1.015,4.285,,,,0.0,0.0,0.0,0.0,17.4,17.8426
2457,3.173,100.4,1.21,0.009204,,,,6052.0,1.202,1.015,4.285,,,,0.0,0.0,0.0,0.0,18.6,21.858406
2458,3.933,110.8,1.27,0.009647,,,,6052.0,1.202,1.015,4.285,,,,0.0,0.0,0.0,0.0,15.3,15.35378
2459,4.098,117.3,1.68,0.009941,,,,6237.0,1.543,1.187,4.136,,,,0.0,0.0,0.0,0.0,32.3,34.52071
2460,6.7367,107.8,1.83,0.011469,,,,6477.0,1.459,1.3,4.224,,,,0.0,0.0,0.0,0.0,60.8,38.87934
2461,1.1555,98.5,0.6,0.008995,,,,4374.0,0.614,0.6,4.639,,,,0.0,0.0,0.0,0.0,23.0,18.559893
2462,1.918,106.0,1.24,0.009816,,,,6543.0,1.159,1.181,4.382,,,,0.0,0.0,1.0,1.0,26.0,20.474722
2463,3.892,109.0,1.24,0.009999,,,,5653.0,1.139,0.842,4.25,,,,0.0,1.0,1.0,1.0,22.2,17.329914
2464,5.037,33.4,1.06,0.006619,,,,6057.0,1.467,1.081,4.139,,,,0.0,0.0,0.0,0.0,24.4,17.720652
2465,3.558,165.5,1.39,0.011614,,,,5553.0,1.098,0.941,4.33,,,,0.0,0.0,0.0,0.0,15.1,12.935891
2466,2.94,114.3,1.15,0.00963,,,,5553.0,1.098,0.941,4.33,,,,0.0,0.0,0.0,0.0,14.4,11.9805565
2467,2.512,135.8,0.91,0.010595,,,,5369.0,0.784,0.722,4.508,,,,0.0,0.0,1.0,0.0,16.2,20.517807
2468,10.873,225.4,0.91,0.013281,,,,4194.0,0.629,0.619,4.633,,,,0.0,0.0,1.0,1.0,36.9,25.563253
2470,1.1656,135.0,1.3,0.01087,,,,6246.0,1.092,1.18,4.433,,,,0.0,0.0,1.0,0.0,21.6,16.169512
2471,4.655,24.3,1.36,0.004548,,,,6277.0,2.741,1.465,3.728,,,,0.0,0.0,0.0,0.0,16.8,11.470975
2474,1.513,52.3,1.6,0.00669,,,,6230.0,2.19,1.229,3.847,,,,0.0,1.0,1.0,0.0,15.8,12.934267
2475,8.1593,1418.6,6.08,0.035375,,,,6206.0,1.573,1.305,4.159,,,,0.0,0.0,0.0,0.0,244.7,193.47043
2476,0.872,403.0,2.58,0.024933,,,,5741.0,0.946,1.02,4.495,,,,0.0,0.0,0.0,0.0,30.7,21.784075
2477,2.477,108.2,29.28,0.167382,,,,6559.0,1.602,1.277,4.133,,,,0.0,0.0,1.0,1.0,30.8,21.807358
2478,2.4382,193.8,51.02,0.175174,,,,5787.0,2.667,1.236,3.678,,,,0.0,0.0,1.0,0.0,48.3,15.010525
2479,2.052,73.8,2.29,0.007993,,,,6477.0,2.628,1.519,3.781,,,,0.0,1.0,1.0,1.0,20.3,23.09775
2480,6.059,266.3,1.75,0.016043,,,,6326.0,1.001,1.047,4.459,,,,0.0,1.0,1.0,1.0,27.6,21.014833
2481,2.013,203.9,1.72,0.013198,,,,5927.0,1.193,1.094,4.323,,,,0.0,0.0,0.0,0.0,17.6,14.959467
2482,2.307,32.1,0.53,0.005152,,,,5615.0,0.936,1.022,4.505,,,,0.0,0.0,0.0,0.0,15.9,14.03587
2483,3.193,89.9,1.01,0.00862,,,,5884.0,1.07,1.07,4.408,,,,0.0,0.0,1.0,0.0,15.3,13.935052
2484,2.39,47.5,0.78,0.006379,,,,6324.0,1.115,1.017,4.352,,,,0.0,0.0,0.0,0.0,20.6,17.19369
2486,5.966,99.7,1.55,0.009621,,,,5788.0,1.474,1.05,4.122,,,,0.0,0.0,0.0,0.0,28.8,17.986431
2487,4.3349,77.8,1.42,0.008074,,,,6063.0,1.613,1.092,4.061,,,,0.0,0.0,0.0,0.0,29.5,14.985938
2488,3.018,127.5,1.08,0.010322,,,,5914.0,0.955,1.011,4.483,,,,0.0,0.0,0.0,0.0,16.7,13.079889
2489,1.689,189.0,1.13,0.012309,,,,5018.0,0.838,0.795,4.492,,,,0.0,0.0,0.0,0.0,16.2,13.950386
2490,1.0163,195.5,1.22,0.012828,,,,5618.0,0.874,0.87,4.494,,,,0.0,0.0,0.0,0.0,20.0,14.914763
2492,3.469,56.7,1.45,0.007307,,,,6463.0,1.823,1.103,3.959,,,,0.0,0.0,1.0,1.0,34.9,16.116426
2493,2.06,404.8,1.89,0.018376,,,,5765.0,0.94,0.946,4.468,,,,0.0,0.0,1.0,0.0,14.6,12.786533
2494,7.793,551.7,2.31,0.025857,,,,5646.0,0.817,0.864,4.55,,,,0.0,0.0,0.0,0.0,19.5,17.627789
2496,9.41,156.3,2.41,0.012524,,,,6007.0,1.759,1.311,4.064,,,,0.0,1.0,1.0,1.0,38.3,23.479935
2497,4.981,252.5,1.96,0.016055,,,,6143.0,1.116,1.001,4.344,,,,0.0,0.0,0.0,0.0,28.4,27.454082
2498,3.4702,106.2,1.31,0.009333,,,,5576.0,1.289,0.963,4.201,,,,0.0,0.0,0.0,0.0,26.2,22.59492
2499,2.0715,352.0,1.64,0.017357,,,,5645.0,0.865,0.965,4.549,,,,0.0,0.0,1.0,0.0,21.8,18.92589
2500,5.922,85.4,1.38,0.008449,,,,6170.0,1.499,1.282,4.192,,,,0.0,0.0,0.0,0.0,33.8,24.501652
2501,5.517,147.8,2.07,0.012667,,,,6170.0,1.499,1.282,4.192,,,,0.0,0.0,0.0,0.0,20.0,14.710967
2502,0.7159,105.1,1.92,0.009606,,,,6049.0,1.827,1.209,3.997,,,,0.0,0.0,1.0,0.0,30.3,15.522842
2503,6.375,118.7,1.53,0.009854,,,,5587.0,1.423,0.911,4.091,,,,0.0,0.0,0.0,0.0,62.1,40.89956
2504,3.179,206.3,1.38,0.014079,,,,6050.0,0.896,0.979,4.525,,,,0.0,1.0,1.0,0.0,20.7,18.954397
2505,4.112,215.6,23.92,0.182858,,,,6363.0,1.198,1.273,4.386,,,,0.0,1.0,1.0,1.0,34.5,17.581469
2506,13.02,421.9,2.53,0.01887,,,,6392.0,1.23,1.281,4.366,,,,0.0,0.0,0.0,0.0,7.0,
2507,1.618,145.3,0.8,0.010656,,,,4414.0,0.689,0.723,4.621,,,,0.0,0.0,1.0,0.0,14.8,10.508393
2508,1.1319,264.7,1.4,0.02086,,,,4474.0,0.614,0.645,4.67,,,,0.0,1.0,0.0,0.0,20.3,11.975768
2509,2.656,855.9,2.1,0.029175,,,,4359.0,0.659,0.648,4.611,,,,0.0,0.0,0.0,0.0,19.3,16.68764
2510,4.268,51.4,0.64,0.006989,,,,5615.0,0.833,0.827,4.514,,,,0.0,0.0,1.0,1.0,15.1,12.935536
2511,3.674,193.6,0.99,0.012795,,,,5528.0,0.71,0.788,4.627,,,,0.0,1.0,1.0,0.0,11.5,10.149327
2512,1.3117,249.9,1.24,0.014657,,,,5268.0,0.776,0.871,4.594,,,,0.0,0.0,0.0,0.0,21.2,16.162954
2513,2.2213,529.4,2.17,0.021984,,,,5721.0,0.905,0.983,4.517,,,,0.0,0.0,0.0,0.0,55.1,93.57049
2514,1.3235,109.2,1.0,0.010104,,,,5721.0,0.905,0.983,4.517,,,,0.0,0.0,0.0,0.0,19.2,34.72288
2515,23.777,1651.9,10.65,0.043769,,,,5970.0,2.229,1.239,3.835,,,,0.0,0.0,1.0,0.0,102.7,67.36205
2517,1.51,461.4,2.25,0.024847,,,,5397.0,0.831,0.878,4.543,,,,0.0,0.0,0.0,0.0,40.2,112.07767
2518,2.1033,118.4,1.89,0.011189,,,,6237.0,1.543,1.187,4.136,,,,0.0,0.0,0.0,0.0,21.0,36.910233
2519,2.751,190.1,1.45,0.017766,,,,4868.0,0.746,0.814,4.6,,,,0.0,0.0,0.0,0.0,17.4,20.757442
2520,1.8057,857.2,3.45,0.03572,,,,5223.0,0.885,0.913,4.505,,,,0.0,0.0,0.0,0.0,20.3,21.325459
2521,0.7918,280.9,1.33,0.015407,,,,5151.0,0.792,0.903,4.592,,,,0.0,0.0,0.0,0.0,26.3,21.301277
2522,2.5449,885.4,2.39,0.033763,,,,4442.0,0.648,0.637,4.619,,,,0.0,0.0,0.0,0.0,23.1,20.102623
2523,10.22,498.7,2.61,0.023228,,,,6173.0,1.03,0.988,4.408,,,,0.0,0.0,0.0,0.0,28.6,22.447142
2525,3.037,52.8,0.56,0.006718,,,,5782.0,0.767,0.869,4.594,,,,0.0,0.0,1.0,0.0,20.6,15.39199
2526,1.3541,286.0,1.38,0.015625,,,,5467.0,0.808,0.906,4.578,,,,0.0,0.0,0.0,0.0,18.9,14.052365
2527,0.9207,316.9,1.35,0.016444,,,,5226.0,0.75,0.84,4.606,,,,0.0,0.0,0.0,0.0,21.0,14.549766
2528,11.591,280.6,23.41,0.213988,,,,6248.0,1.002,1.008,4.442,,,,1.0,0.0,1.0,0.0,43.3,16.992588
2529,4.768,62.9,1.29,0.007316,,,,6063.0,1.613,1.092,4.061,,,,0.0,0.0,0.0,0.0,20.4,9.996313
2530,1.4053,128.1,13.89,0.044292,,,,5385.0,2.871,1.309,3.639,,,,0.0,1.0,1.0,1.0,40.6,17.20829
2531,16.984,270.4,25.01,0.216879,,,,6197.0,1.056,1.032,4.406,,,,0.0,0.0,1.0,1.0,45.6,27.292582
2532,4.96,160.8,1.39,0.014058,,,,5984.0,0.906,0.993,4.521,,,,0.0,0.0,0.0,0.0,14.5,13.621252
2534,9.572,1472.0,96.99,0.283683,,,,6529.0,3.131,1.623,3.657,,,,0.0,1.0,0.0,0.0,52.5,129.1609
2536,6.769,5038.1,6.01,0.072673,,,,5307.0,0.757,0.782,4.572,,,,0.0,0.0,0.0,0.0,73.2,70.36768
2537,1.745,618.7,2.07,0.025073,,,,5307.0,0.757,0.782,4.572,,,,0.0,0.0,0.0,0.0,11.4,10.535818
2538,2.9596,65744.0,54.6,0.499969,,,,5780.0,1.0,1.0,4.438,,,,0.0,1.0,0.0,0.0,86.1,90.877716
2539,1.0582,64.0,1.46,0.007299,,,,5718.0,1.832,1.131,3.966,,,,1.0,0.0,1.0,0.0,40.9,24.76136
2540,1.7407,178.4,1.04,0.012128,,,,5204.0,0.786,0.736,4.515,,,,0.0,1.0,1.0,0.0,43.0,24.335619
2541,3.828,294.9,1.98,0.015476,,,,5480.0,1.174,0.915,4.26,,,,0.0,0.0,0.0,0.0,25.3,20.872898
2543,1.6557,85.6,0.97,0.008855,,,,6143.0,1.004,0.931,4.403,,,,0.0,1.0,1.0,0.0,21.5,18.118322
2544,6.006,417.2,2.02,0.019852,,,,6003.0,0.932,1.019,4.507,,,,0.0,0.0,1.0,0.0,23.3,20.880728
2545,8.2267,170.9,1.86,0.011948,,,,5587.0,1.423,0.911,4.091,,,,0.0,0.0,0.0,0.0,61.2,35.388733
2546,2.228,191.4,1.22,0.012546,,,,5713.0,0.893,1.01,4.541,,,,0.0,0.0,0.0,0.0,16.5,14.820099
2548,2.3816,441.4,1.94,0.020568,,,,5918.0,0.865,0.956,4.544,,,,0.0,0.0,0.0,0.0,20.9,18.886185
2549,1.2771,72.2,0.92,0.007962,,,,6349.0,1.059,1.077,4.422,,,,0.0,1.0,1.0,1.0,19.2,16.178293
2550,3.48,290.6,1.36,0.015415,,,,5546.0,0.81,0.907,4.575,,,,0.0,1.0,1.0,1.0,20.9,17.478907
2551,5.617,204.0,1.27,0.012975,,,,5708.0,0.893,0.967,4.521,,,,0.0,0.0,0.0,0.0,14.0,12.924781
2552,5.275,540.3,1.77,0.020633,,,,4999.0,0.786,0.752,4.523,,,,0.0,0.0,1.0,1.0,65.2,11.181599
2553,2.1125,75.7,31.06,0.188607,,,,6329.0,1.508,1.135,4.137,,,,0.0,0.0,1.0,0.0,47.4,23.41395
2555,1.682,215.7,6.47,0.018689,,,,8173.0,3.169,2.032,3.744,,,,0.0,0.0,0.0,1.0,21.2,58.64621
2556,4.228,2154.4,1.88,0.053662,,,,3468.0,0.32,0.32,4.931,,,,0.0,1.0,1.0,0.0,58.0,80.99499
2557,7.119,1953.4,3.43,0.04577,,,,4658.0,0.686,0.743,4.632,,,,0.0,0.0,0.0,0.0,69.3,58.995075
2558,2.068,59.5,0.74,0.007546,,,,5808.0,0.902,0.987,4.522,,,,0.0,0.0,0.0,0.0,14.2,49.99458
2559,2.885,43.8,1.49,0.006402,,,,5996.0,2.128,1.226,3.87,,,,0.0,0.0,0.0,1.0,27.3,18.718718
2560,4.0388,224.6,2.51,0.014853,,,,5729.0,1.545,0.994,4.058,,,,0.0,0.0,0.0,1.0,36.0,20.29327
2561,1.9797,220.7,1.32,0.013737,,,,5523.0,0.88,0.907,4.506,,,,0.0,0.0,0.0,0.0,21.4,18.11126
2562,6.568,899.7,4.85,0.030575,,,,5332.0,1.453,0.932,4.083,,,,0.0,0.0,0.0,0.0,26.7,22.06446
2563,3.959,572.1,2.18,0.021809,,,,5896.0,0.916,1.008,4.518,,,,0.0,0.0,0.0,0.0,26.9,23.488997
2564,6.352,518.0,3.18,0.035786,,,,5402.0,0.815,0.931,4.581,,,,0.0,0.0,0.0,1.0,55.5,16.557308
2565,1.7045,316.7,1.67,0.016745,,,,5881.0,0.915,1.002,4.516,,,,0.0,1.0,1.0,1.0,19.8,18.144075
2566,2.346,100.2,1.18,0.009622,,,,6321.0,1.125,1.207,4.417,,,,1.0,0.0,1.0,0.0,34.5,16.273382
2567,1.816,348.6,0.23,0.01786,,,,2661.0,0.116,0.094,5.283,,,,0.0,1.0,1.0,0.0,18.0,16.466364
2568,2.411,207.2,1.21,0.01355,,,,5305.0,0.818,0.753,4.489,,,,0.0,0.0,0.0,0.0,12.6,14.2268095
2569,2.1801,809.4,23.09,0.240239,,,,5783.0,0.88,0.977,4.539,,,,0.0,0.0,1.0,0.0,91.9,18.928904
2570,3.576,594.0,2.44,0.022465,,,,6137.0,0.994,1.067,4.471,,,,0.0,0.0,0.0,0.0,15.8,12.574458
2571,7.2772,203.1,2.4,0.012882,,,,5758.0,1.704,1.251,4.072,,,,0.0,0.0,0.0,0.0,77.3,48.02823
2574,3.337,104.9,1.03,0.010408,,,,5808.0,0.902,0.987,4.522,,,,0.0,0.0,0.0,0.0,14.8,36.322735
2575,6.3856,220.5,2.26,0.014067,,,,5788.0,1.474,1.05,4.122,,,,0.0,0.0,0.0,0.0,106.7,68.6452
2576,6.3339,24383.5,40.73,0.149796,,,,6796.0,2.49,1.715,3.88,,,,0.0,1.0,0.0,0.0,721.9,906.5277
2577,1.139,7680.0,5.15,0.079794,,,,4137.0,0.591,0.58,4.658,,,,0.0,0.0,0.0,0.0,78.0,75.22457
2579,1.0418,432.3,2.04,0.022221,,,,5508.0,0.84,0.955,4.569,,,,0.0,0.0,0.0,0.0,20.8,45.816166
2580,5.679,2271.5,45.24,0.326968,,,,7044.0,1.267,1.291,4.337,,,,0.0,1.0,1.0,0.0,30.0,23.54846
2581,2.39,378.7,1.55,0.017429,,,,5032.0,0.817,0.789,4.511,,,,0.0,0.0,0.0,0.0,20.1,16.726444
2582,9.821,224.7,2.61,0.013623,,,,5416.0,1.756,1.004,3.951,,,,0.0,0.0,0.0,0.0,28.2,22.42127
2583,2.462,134.3,2.17,0.011293,,,,5416.0,1.756,1.004,3.951,,,,0.0,0.0,0.0,0.0,17.7,13.853954
2584,1.4351,37.5,1.1,0.005694,,,,6223.0,1.763,1.159,4.01,,,,0.0,0.0,1.0,0.0,29.0,17.80324
2585,5.404,1262.1,2.92,0.032075,,,,4817.0,0.833,0.8,4.499,,,,0.0,0.0,0.0,0.0,23.2,18.73933
2586,0.9829,150.2,1.77,0.011648,,,,5865.0,1.388,1.023,4.163,,,,0.0,0.0,0.0,0.0,20.0,15.090083
2587,7.0805,339.8,2.48,0.016784,,,,6075.0,1.352,1.225,4.264,,,,0.0,0.0,0.0,0.0,53.9,49.78439
2588,10.604,360.7,5.92,0.017565,,,,6443.0,3.086,1.907,3.74,,,,0.0,0.0,0.0,0.0,35.3,18.550362
2589,0.9031,54.3,1.88,0.007523,,,,5827.0,2.286,1.047,3.74,,,,0.0,1.0,1.0,0.0,22.8,13.146177
2590,1.2792,179.1,0.81,0.01202,,,,4330.0,0.618,0.61,4.64,,,,0.0,0.0,1.0,0.0,22.3,20.14742
2591,2.445,314.2,1.84,0.016603,,,,5946.0,1.017,1.046,4.444,,,,0.0,0.0,1.0,0.0,13.1,12.1327915
2592,9.858,116.4,2.23,0.011577,,,,6133.0,1.765,1.377,4.084,,,,0.0,0.0,0.0,0.0,30.0,18.946095
2593,3.262,117.5,3.33,0.01073,,,,7048.0,2.838,1.84,3.797,,,,0.0,0.0,1.0,0.0,14.6,10.452966
2594,6.765,86.8,1.33,0.008521,,,,6052.0,1.424,1.128,4.183,,,,0.0,0.0,0.0,0.0,15.6,12.195101
2596,0.8399,945.6,2.45,0.028494,,,,5676.0,0.787,0.84,4.571,,,,0.0,1.0,0.0,0.0,45.6,38.528683
2597,2.3239,171.9,1.0,0.014433,,,,4498.0,0.635,0.698,4.661,,,,0.0,0.0,0.0,0.0,36.9,32.830257
2598,3.3075,150.5,0.99,0.014247,,,,4498.0,0.635,0.698,4.661,,,,0.0,0.0,0.0,0.0,22.9,20.572737
2599,2.2726,177.1,1.01,0.014584,,,,4498.0,0.635,0.698,4.661,,,,0.0,0.0,0.0,0.0,29.1,24.54701
2601,2.987,860.5,2.47,0.033526,,,,4583.0,0.674,0.669,4.606,,,,0.0,0.0,0.0,0.0,20.2,18.29734
2602,3.3316,111.1,1.77,0.009822,,,,5929.0,1.651,1.127,4.055,,,,0.0,0.0,1.0,1.0,62.8,61.80644
2603,0.821,36.5,0.87,0.006268,,,,6170.0,1.274,1.208,4.308,,,,0.0,0.0,1.0,0.0,16.9,13.323786
2604,1.6172,64.8,1.05,0.00738,,,,5874.0,1.297,1.096,4.252,,,,0.0,0.0,0.0,0.0,21.6,17.250566
2605,2.364,92.8,0.89,0.008876,,,,5213.0,0.917,0.832,4.434,,,,0.0,0.0,0.0,0.0,16.6,13.674439
2607,5.568,1209.3,2.35,0.031899,,,,4648.0,0.675,0.711,4.631,,,,0.0,0.0,0.0,0.0,20.0,16.005486
2608,1.3251,691.2,1.37,0.023605,,,,4380.0,0.53,0.524,4.71,,,,0.0,0.0,0.0,0.0,22.5,18.726347
2609,2.056,278.0,1.22,0.01479,,,,4901.0,0.758,0.733,4.544,,,,0.0,0.0,0.0,0.0,18.2,16.691107
2611,1.7247,256.2,1.39,0.014751,,,,5423.0,0.862,0.862,4.502,,,,0.0,0.0,1.0,0.0,19.7,15.54263
2612,2.152,224.2,1.48,0.014124,,,,5982.0,0.96,1.047,4.493,,,,0.0,0.0,0.0,1.0,20.3,12.792149
2613,10.627,233.9,2.57,0.013819,,,,5758.0,1.704,1.251,4.072,,,,0.0,0.0,0.0,0.0,47.9,23.092018
2614,3.736,468.3,1.8,0.019326,,,,5011.0,0.851,0.806,4.484,,,,0.0,0.0,0.0,0.0,19.7,15.967276
2615,1.4474,343.3,1.7,0.01815,,,,4818.0,0.856,0.809,4.481,,,,0.0,0.0,0.0,0.0,53.6,42.914257
2616,1.8455,402.4,1.83,0.019524,,,,4818.0,0.856,0.809,4.481,,,,0.0,0.0,0.0,0.0,25.8,19.82915
2617,4.7356,106.1,1.34,0.00948,,,,6214.0,1.297,1.059,4.238,,,,0.0,0.0,0.0,0.0,48.7,50.3773
2621,1.6462,58.2,0.74,0.006995,,,,5779.0,0.97,0.945,4.44,,,,0.0,0.0,0.0,0.0,23.7,17.66844
2622,2.505,69.1,0.8,0.007876,,,,5827.0,0.933,0.94,4.471,,,,0.0,0.0,0.0,0.0,21.3,18.021414
2623,1.7542,104.7,1.11,0.009533,,,,5884.0,1.07,1.07,4.408,,,,0.0,0.0,0.0,0.0,26.5,21.349943
2624,6.965,868.5,2.56,0.026459,,,,5422.0,0.885,0.867,4.481,,,,0.0,0.0,0.0,0.0,26.7,21.258717
2626,6.213,133.5,2.88,0.011586,,,,6995.0,2.274,1.584,3.925,,,,0.0,0.0,0.0,0.0,24.3,15.778343
2627,4.432,70.9,0.92,0.007635,,,,5727.0,1.104,0.946,4.328,,,,0.0,0.0,0.0,0.0,17.4,14.145231
2628,3.804,54.3,0.81,0.006682,,,,5727.0,1.104,0.946,4.328,,,,0.0,0.0,0.0,0.0,15.5,12.583753
2629,7.0445,327.0,2.5,0.016963,,,,6075.0,1.352,1.225,4.264,,,,0.0,0.0,0.0,0.0,69.7,62.0339
2630,1.2862,525.1,1.27,0.02106,,,,3941.0,0.554,0.578,4.713,,,,0.0,0.0,0.0,0.0,19.8,15.46778
2631,28.1171,449.4,2.75,0.025397,,,,6185.0,0.991,1.06,4.472,,,,1.0,0.0,1.0,1.0,72.0,18.320992
2632,0.7948,221.8,1.68,0.013885,,,,6341.0,1.111,1.154,4.409,,,,0.0,0.0,1.0,0.0,21.9,16.812014
2633,2.977,40.9,0.84,0.005802,,,,5696.0,1.331,1.139,4.247,,,,0.0,0.0,0.0,0.0,17.2,14.267832
2636,3.745,304.4,87.08,0.159773,,,,5028.0,4.991,1.766,3.289,,,,0.0,0.0,1.0,0.0,33.1,25.19869
2637,14.638,866.7,3.39,0.026755,,,,5837.0,1.159,0.988,4.305,,,,0.0,0.0,0.0,0.0,64.6,43.503696
2638,1.2177,378.4,1.49,0.017496,,,,5223.0,0.78,0.889,4.593,,,,0.0,0.0,0.0,0.0,50.4,32.66971
2640,1.932,1670.0,4.79,0.04685,,,,5860.0,0.936,0.986,4.489,,,,0.0,0.0,1.0,0.0,10.2,36.48498
2642,4.188,688.5,2.69,0.031776,,,,4701.0,0.775,0.758,4.54,,,,0.0,0.0,0.0,0.0,21.6,18.773361
2643,1.6605,648.6,2.23,0.023754,,,,5591.0,0.86,0.977,4.559,,,,0.0,1.0,1.0,0.0,35.9,19.478437
2644,3.2131,98.4,1.36,0.00935,,,,6007.0,1.334,1.107,4.232,,,,0.0,0.0,0.0,0.0,52.5,42.232918
2645,7.436,1275.4,2.51,0.034912,,,,4523.0,0.659,0.687,4.636,,,,0.0,0.0,0.0,0.0,29.3,21.028376
2646,4.1628,202.0,2.33,0.015656,,,,6204.0,1.36,1.257,4.269,,,,0.0,0.0,0.0,0.0,71.6,55.505367
2647,4.953,75.2,1.32,0.008892,,,,6204.0,1.36,1.257,4.269,,,,0.0,0.0,0.0,0.0,21.9,16.932625
2648,9.182,776.2,7.61,0.027585,,,,6967.0,2.527,1.7,3.864,,,,0.0,0.0,0.0,0.0,88.0,75.028145
2649,6.3336,755.6,2.78,0.024899,,,,5638.0,1.023,0.871,4.359,,,,0.0,0.0,0.0,0.0,120.1,81.35702
2650,2.1861,597.8,2.14,0.022246,,,,5767.0,0.881,0.979,4.538,,,,0.0,0.0,0.0,0.0,102.2,116.80596
2651,4.882,371.4,1.84,0.0237,,,,5857.0,0.712,0.802,4.633,,,,0.0,1.0,1.0,1.0,59.9,44.597385
2652,3.95,175.6,1.47,0.013146,,,,6102.0,1.026,1.099,4.457,,,,0.0,0.0,1.0,1.0,37.0,29.629272
2653,3.817,359.0,24.87,0.208715,,,,6283.0,1.091,1.019,4.372,,,,0.0,0.0,1.0,0.0,7.4,66.72719
2654,2.5146,209.7,1.41,0.013203,,,,5703.0,0.975,1.091,4.498,,,,0.0,0.0,0.0,0.0,51.6,38.281807
2655,8.08619,20082.9,14.93,0.130221,,,,6061.0,1.05,1.012,4.401,,,,0.0,1.0,0.0,0.0,2707.7,2487.4944
2656,4.0145,677.9,38.29,0.245548,,,,5657.0,1.428,0.983,4.121,,,,0.0,1.0,1.0,1.0,102.8,108.767845
2657,1.459,36.9,1.65,0.006013,,,,6543.0,2.507,1.388,3.782,,,,0.0,0.0,1.0,0.0,13.9,11.442597
2659,4.398,45.4,1.12,0.006238,,,,5888.0,1.645,1.136,4.061,,,,0.0,0.0,0.0,0.0,16.0,11.777276
2660,4.397,714.3,1.39,0.024307,,,,3808.0,0.522,0.539,4.734,,,,0.0,0.0,0.0,0.0,15.4,12.681502
2661,3.665,222.9,1.66,0.014846,,,,6208.0,1.024,1.086,4.454,,,,0.0,0.0,1.0,1.0,21.6,18.910875
2663,4.665,68.9,0.68,0.007428,,,,5258.0,0.835,0.831,4.514,,,,0.0,0.0,1.0,0.0,15.4,12.058357
2664,7.443,32.2,0.46,0.005074,,,,5258.0,0.835,0.831,4.514,,,,1.0,0.0,0.0,0.0,19.4,7.507113
2665,1.422,161.6,1.16,0.011556,,,,5696.0,0.921,1.022,4.519,,,,0.0,0.0,0.0,0.0,13.3,11.505404
2666,6.0968,425.9,3.63,0.019908,,,,5862.0,1.67,1.142,4.05,,,,0.0,0.0,0.0,0.0,167.6,114.88917
2669,2.3499,440.4,1.51,0.018677,,,,4783.0,0.741,0.805,4.602,,,,0.0,0.0,0.0,0.0,79.7,84.00717
2670,2.6054,677.1,2.14,0.023893,,,,5313.0,0.82,0.913,4.571,,,,0.0,0.0,0.0,0.0,35.6,68.078026
2671,3.7535,204.9,1.78,0.01578,,,,6023.0,1.031,1.027,4.423,,,,0.0,0.0,0.0,0.0,39.0,32.88658
2672,3.83661,1298.8,5.64,0.032422,,,,5576.0,1.593,1.074,4.065,,,,0.0,0.0,0.0,0.0,350.6,320.42297
2673,6.6923,628.8,2.16,0.022652,,,,5559.0,0.873,0.882,4.502,,,,0.0,0.0,0.0,0.0,135.4,86.0518
2675,2.12791,2125.4,4.52,0.041835,,,,5733.0,0.99,0.987,4.442,,,,0.0,0.0,0.0,0.0,324.3,289.96722
2676,13.3624,7296.6,18.6,0.084131,,,,9244.0,2.025,2.158,4.159,,,,0.0,1.0,0.0,0.0,2217.1,1659.0193
2677,1.9531,112.7,1.59,0.010194,,,,6070.0,1.431,1.072,4.157,,,,0.0,0.0,0.0,0.0,27.4,31.504015
2678,0.8383,66.0,1.69,0.007758,,,,5911.0,2.0,1.06,3.861,,,,0.0,0.0,1.0,0.0,20.2,16.298496
2680,6.058,875.2,3.11,0.027076,,,,6161.0,1.053,1.15,4.454,,,,0.0,0.0,0.0,0.0,17.8,16.375875
2681,3.227,43.9,0.9,0.006019,,,,5799.0,1.375,0.999,4.161,,,,0.0,0.0,0.0,0.0,15.4,12.821777
2682,3.2893,77.4,1.02,0.008247,,,,5903.0,1.137,0.95,4.304,,,,0.0,0.0,0.0,0.0,31.0,24.473572
2684,1.924,362.7,1.05,0.018736,,,,3729.0,0.514,0.52,4.733,,,,0.0,0.0,0.0,0.0,15.9,14.09941
2685,6.026,262.4,1.62,0.01494,,,,6347.0,0.996,1.053,4.464,,,,0.0,0.0,0.0,0.0,13.5,11.685937
2686,2.271,256.2,1.91,0.014818,,,,6555.0,1.178,1.2,4.374,,,,0.0,0.0,1.0,0.0,15.4,13.440632
2687,7.433,120.1,1.74,0.014184,,,,5812.0,1.122,0.977,4.329,,,,0.0,0.0,0.0,0.0,14.3,10.159695
2688,1.773,153.1,1.25,0.011291,,,,5788.0,1.015,1.038,4.442,,,,0.0,0.0,0.0,0.0,13.1,10.919047
2689,3.3447,102.7,1.18,0.010461,,,,6023.0,1.031,1.027,4.423,,,,0.0,0.0,0.0,0.0,36.9,30.222723
2690,6.691,684.5,3.72,0.028165,,,,6212.0,1.209,1.082,4.309,,,,0.0,0.0,0.0,0.0,52.5,73.07374
2691,1.491,60.8,0.53,0.007042,,,,4579.0,0.684,0.672,4.596,,,,0.0,0.0,1.0,0.0,21.7,18.232607
2692,6.945,1972.0,3.33,0.047429,,,,4679.0,0.643,0.638,4.627,,,,0.0,0.0,0.0,1.0,42.7,
2693,2.7207,243.4,2.06,0.014458,,,,6156.0,1.303,1.193,4.284,,,,0.0,0.0,0.0,0.0,54.8,56.45943
2694,2.369,114.6,1.59,0.010177,,,,6070.0,1.431,1.072,4.157,,,,0.0,0.0,0.0,0.0,24.1,26.014545
2695,9.7471,408.9,3.61,0.018777,,,,6143.0,1.763,1.24,4.039,,,,0.0,0.0,0.0,0.0,112.2,68.83558
2696,2.8112,3977.0,5.73,0.059248,,,,5578.0,0.886,0.943,4.518,,,,0.0,0.0,0.0,0.0,40.2,674.3449
2697,4.4814,129.8,2.17,0.011297,,,,6143.0,1.763,1.24,4.039,,,,0.0,0.0,0.0,0.0,32.9,24.999504
2698,6.135,1590.0,17.14,0.05053,,,,5134.0,3.107,1.438,3.611,,,,0.0,1.0,0.0,0.0,49.7,42.033096
2699,9.108,7841.6,10.02,0.082594,,,,5819.0,1.111,0.972,4.334,,,,0.0,0.0,0.0,0.0,150.4,104.77356
2700,3.737,389.2,2.78,0.02453,,,,5585.0,1.038,0.86,4.339,,,,0.0,0.0,1.0,0.0,17.3,15.077013
2701,2.647,172.8,1.52,0.012013,,,,5633.0,1.162,0.973,4.296,,,,0.0,0.0,0.0,0.0,16.1,13.931228
2703,1.397,52.6,0.78,0.006814,,,,6242.0,1.047,1.104,4.442,,,,0.0,0.0,1.0,0.0,12.4,13.160818
2704,1.821,185.0,1.25,0.012679,,,,5772.0,0.901,0.999,4.528,,,,0.0,0.0,0.0,0.0,14.1,11.600199
2705,5.009,43.2,0.87,0.007395,,,,6006.0,1.082,1.081,4.403,,,,0.0,0.0,0.0,0.0,15.1,12.6209955
2706,4.608,32.7,0.73,0.006153,,,,6006.0,1.082,1.081,4.403,,,,0.0,0.0,0.0,0.0,14.7,11.166579
2707,4.807,32.0,0.72,0.006066,,,,6006.0,1.082,1.081,4.403,,,,0.0,0.0,0.0,0.0,13.0,10.234436
2708,6.043,225.3,19.88,0.188288,,,,6091.0,0.967,1.045,4.487,,,,0.0,0.0,1.0,1.0,28.1,19.188606
2709,4.5866,4303.5,8.02,0.073488,,,,5780.0,1.0,1.0,4.438,,,,0.0,1.0,1.0,1.0,85.0,172.9772
2710,8.501,195.0,2.31,0.012689,,,,5862.0,1.67,1.142,4.05,,,,0.0,0.0,0.0,0.0,67.5,39.584602
2711,3.4108,220.8,1.94,0.013613,,,,6156.0,1.303,1.193,4.284,,,,0.0,0.0,0.0,0.0,46.4,44.75613
2712,3.0356,567.2,2.1,0.024162,,,,5188.0,0.795,0.814,4.547,,,,0.0,0.0,0.0,0.0,81.8,70.01182
2713,3.2451,345.5,1.5,0.017275,,,,5188.0,0.795,0.814,4.547,,,,0.0,0.0,0.0,0.0,76.8,61.167633
2714,2.3188,756.0,1.42,0.025926,,,,3846.0,0.503,0.505,4.738,,,,0.0,0.0,0.0,0.0,112.8,112.699356
2715,1.7012,598.3,1.24,0.022578,,,,3846.0,0.503,0.505,4.738,,,,0.0,0.0,0.0,0.0,57.4,59.542366
2716,3.961,54.6,1.18,0.006767,,,,5576.0,1.593,1.074,4.065,,,,0.0,0.0,0.0,0.0,11.5,8.929608
2717,8.8191,663.4,2.32,0.023453,,,,5731.0,0.906,0.846,4.451,,,,0.0,0.0,0.0,0.0,85.8,62.985138
2718,11.347,659.1,2.85,0.023415,,,,5851.0,1.116,0.91,4.302,,,,0.0,0.0,0.0,0.0,92.9,79.35192
2719,5.9504,5060.0,10.81,0.063925,,,,5755.0,1.549,1.105,4.101,,,,0.0,0.0,0.0,0.0,136.4,
2720,3.4015,4467.8,121.48,0.965649,,,,6692.0,1.152,1.176,4.383,,,,0.0,1.0,1.0,1.0,99.6,92.98225
2721,1.0814,515.2,2.99,0.023742,,,,6692.0,1.152,1.176,4.383,,,,0.0,1.0,1.0,0.0,53.1,32.836853
2722,4.1281,6660.5,7.74,0.074186,,,,5779.0,0.956,1.034,4.491,,,,0.0,0.0,0.0,0.0,577.1,135.69907
2723,2.514,171.5,1.21,0.012312,,,,5772.0,0.901,0.999,4.528,,,,0.0,0.0,0.0,0.0,11.5,10.617677
2724,3.0112,113.5,2.07,0.009952,,,,6429.0,1.908,1.298,3.989,,,,0.0,0.0,1.0,0.0,31.1,28.282883
2725,3.594,518.0,1.84,0.020402,,,,5382.0,0.827,0.928,4.571,,,,0.0,0.0,0.0,0.0,13.8,12.330079
2726,1.381,237.4,1.35,0.013745,,,,5094.0,0.901,0.833,4.45,,,,0.0,0.0,0.0,0.0,15.2,12.118159
2727,2.55,136.5,1.85,0.014911,,,,5903.0,1.137,0.95,4.304,,,,0.0,0.0,0.0,0.0,12.2,10.864963
2728,2.907,472.0,1.45,0.020326,,,,4228.0,0.652,0.642,4.618,,,,0.0,0.0,1.0,0.0,14.5,12.244102
2729,4.796,206.1,1.73,0.015463,,,,6140.0,1.027,1.094,4.455,,,,0.0,0.0,0.0,0.0,14.3,12.743706
2731,1.517,118.5,1.08,0.009916,,,,5866.0,1.0,1.083,4.473,,,,0.0,0.0,0.0,0.0,12.8,11.016249
2732,9.885,245.4,15.95,0.154567,,,,5766.0,0.945,0.827,4.404,,,,1.0,0.0,0.0,1.0,14.0,9.873414
2733,2.0138,137.6,0.59,0.010729,,,,3846.0,0.503,0.505,4.738,,,,0.0,0.0,0.0,0.0,22.0,14.309023
2734,3.9885,937.6,2.03,0.027158,,,,4894.0,0.684,0.753,4.637,,,,0.0,0.0,0.0,0.0,90.8,73.591385
2735,5.0574,547.1,2.62,0.021029,,,,5620.0,1.143,1.025,4.333,,,,0.0,0.0,0.0,0.0,123.2,89.637184
2736,8.1289,551.4,2.63,0.021105,,,,5620.0,1.143,1.025,4.333,,,,0.0,0.0,0.0,0.0,50.9,34.23117
2737,1.4228,264.9,2.11,0.016939,,,,5620.0,1.143,1.025,4.333,,,,0.0,0.0,0.0,0.0,43.6,33.300167
2738,4.5271,6159.1,7.98,0.076413,,,,5779.0,0.956,1.034,4.491,,,,0.0,0.0,0.0,0.0,366.1,
2740,1.9313,248.3,1.48,0.014209,,,,5779.0,0.956,1.034,4.491,,,,0.0,0.0,0.0,0.0,48.9,
2741,4.062,363.3,32.92,0.177335,,,,6013.0,1.7,1.141,4.035,,,,0.0,1.0,1.0,1.0,33.0,27.532963
2742,2.5207,272.7,2.78,0.015135,,,,6078.0,1.683,1.285,4.094,,,,0.0,0.0,1.0,0.0,49.1,40.414837
2744,1.341,311.6,1.36,0.016287,,,,5076.0,0.763,0.86,4.598,,,,0.0,0.0,0.0,0.0,11.9,12.686613
2745,2.915,163.5,1.06,0.011871,,,,5547.0,0.82,0.918,4.571,,,,0.0,0.0,0.0,1.0,16.5,13.605295
2748,4.095,214.6,1.67,0.013972,,,,6242.0,1.093,1.178,4.432,,,,0.0,0.0,1.0,0.0,15.6,13.235561
2749,1.3287,429.3,1.86,0.019093,,,,5868.0,0.894,0.987,4.53,,,,0.0,0.0,0.0,0.0,17.8,14.7654505
2750,4.594,151.0,1.79,0.011449,,,,6460.0,1.434,1.388,4.267,,,,0.0,0.0,0.0,0.0,14.1,13.898793
2751,2.752,134.9,1.23,0.010746,,,,6217.0,1.051,1.1,4.437,,,,0.0,0.0,0.0,0.0,12.4,11.137843
2754,10.954,130.2,1.91,0.010449,,,,5862.0,1.67,1.142,4.05,,,,0.0,0.0,0.0,0.0,35.0,20.625551
2755,7.3327,463.2,3.02,0.019714,,,,6336.0,1.403,1.324,4.266,,,,0.0,0.0,0.0,0.0,92.7,53.278522
2756,12.391,1388.2,8.56,0.040669,,,,6273.0,1.927,1.486,4.04,,,,0.0,0.0,0.0,0.0,46.1,73.746
2758,2.9283,123.9,26.26,0.218031,,,,6499.0,1.103,1.135,4.408,,,,1.0,0.0,1.0,0.0,46.3,36.810207
2759,2.6624,185.4,1.41,0.013272,,,,5678.0,0.97,1.043,4.484,,,,0.0,0.0,0.0,0.0,97.0,65.83189
2761,2.469,419.0,1.55,0.018463,,,,5206.0,0.767,0.861,4.598,,,,0.0,1.0,1.0,0.0,66.6,62.29463
2762,1.31,283.3,1.43,0.015302,,,,5509.0,0.857,0.821,4.487,,,,0.0,1.0,1.0,0.0,64.7,48.826332
2763,21.328,478.4,74.69,0.251377,,,,5211.0,2.721,1.401,3.715,,,,0.0,1.0,1.0,1.0,57.0,37.07135
2764,8.605,275.8,2.98,0.019214,,,,6007.0,1.42,1.108,4.178,,,,0.0,0.0,0.0,0.0,29.3,23.237951
2765,6.372,76.5,1.33,0.008559,,,,6007.0,1.42,1.108,4.178,,,,0.0,0.0,0.0,0.0,12.2,10.204636
2767,0.947,217.9,1.31,0.013529,,,,5343.0,0.885,0.988,4.538,,,,0.0,1.0,0.0,0.0,18.1,14.027986
2768,4.303,148.8,1.21,0.01208,,,,6115.0,0.919,0.892,4.462,,,,0.0,1.0,0.0,0.0,20.4,17.344814
2770,10.73,,,,,,,,,,,,,,0.0,1.0,0.0,0.0,,14.943827
2772,1.861,276.8,1.03,0.014909,,,,4811.0,0.634,0.62,4.626,,,,0.0,0.0,0.0,0.0,16.7,14.812421
2774,3.985,183.0,1.45,0.012764,,,,6020.0,1.04,1.051,4.427,,,,0.0,0.0,0.0,0.0,16.8,13.425456
2775,4.996,294.0,1.91,0.015991,,,,6338.0,1.091,1.137,4.418,,,,0.0,0.0,0.0,0.0,12.9,10.344631
2776,6.02854,29684.7,59.31,0.279942,,,,6095.0,1.94,1.076,3.894,,,,0.0,1.0,0.0,0.0,2793.4,2575.509
2777,3.0189,62.0,0.77,0.007238,,,,5678.0,0.97,1.043,4.484,,,,0.0,0.0,0.0,0.0,25.2,20.600616
2778,3.7988,19466.0,584.67,5.354151,,,,5780.0,1.0,1.0,4.438,,,,0.0,1.0,0.0,0.0,208.2,227.10344
2779,2.062,553.3,1.92,0.021244,,,,5423.0,0.828,0.872,4.542,,,,0.0,0.0,0.0,0.0,11.2,104.15946
2780,2.4676,133.6,1.96,0.011599,,,,6280.0,1.551,1.1,4.098,,,,0.0,1.0,1.0,1.0,104.8,46.624886
2781,3.4303,467.3,7.84,0.037513,,,,5731.0,1.913,1.351,4.005,,,,0.0,0.0,1.0,1.0,74.3,78.217094
2782,5.699,680.7,4.83,0.030415,,,,6573.0,1.455,1.23,4.2,,,,0.0,1.0,1.0,1.0,76.4,99.102135
2783,1.742,1807.4,9.57,0.057085,,,,6581.0,1.536,1.185,4.138,,,,0.0,1.0,0.0,0.0,132.7,195.59431
2784,3.77,543.1,23.78,0.228072,,,,6407.0,0.955,1.006,4.48,,,,0.0,1.0,1.0,1.0,53.6,73.25654
2785,5.207,222.8,3.95,0.014349,,,,6049.0,2.52,1.359,3.769,,,,0.0,0.0,0.0,0.0,56.7,40.25269
2786,3.6399,300.8,1.59,0.016418,,,,5411.0,0.888,0.862,4.477,,,,0.0,0.0,0.0,0.0,44.1,33.60837
2787,2.8943,415.8,2.13,0.019184,,,,5680.0,1.016,0.978,4.414,,,,0.0,0.0,0.0,0.0,84.9,98.37853
2788,24.472,1075.4,3.48,0.038628,,,,5514.0,0.826,0.926,4.569,,,,1.0,0.0,1.0,1.0,23.0,18.78699
2790,3.43,52.0,1.44,0.009063,,,,5635.0,1.452,1.008,4.117,,,,0.0,0.0,0.0,0.0,14.2,11.614465
2791,7.225,101.8,1.01,0.009254,,,,5952.0,1.002,0.942,4.41,,,,0.0,0.0,0.0,0.0,16.6,13.67133
2794,2.377,156.2,1.43,0.011401,,,,5886.0,1.152,1.072,4.345,,,,0.0,0.0,0.0,0.0,15.2,13.035043
2795,5.382,38.3,1.28,0.005669,,,,6231.0,2.062,1.466,3.976,,,,0.0,0.0,0.0,0.0,14.9,10.719411
2797,7.9,154.6,3.84,0.012206,,,,8308.0,2.879,2.197,3.861,,,,0.0,1.0,1.0,1.0,65.8,43.84672
2798,3.1408,935.1,36.0,0.02858,,,,4751.0,11.536,1.606,2.52,,,,0.0,1.0,1.0,0.0,44.1,39.90331
2799,7.567,711.3,29.67,0.023554,,,,4751.0,11.536,1.606,2.52,,,,0.0,1.0,1.0,0.0,15.3,11.701288
2800,2.9903,159.9,1.38,0.011619,,,,5945.0,1.089,1.092,4.402,,,,0.0,0.0,0.0,0.0,58.6,46.75412
2801,8.707,210.0,1.57,0.013179,,,,5945.0,1.089,1.092,4.402,,,,0.0,0.0,0.0,0.0,25.5,15.753266
2802,1.536,534.4,30.03,0.24579,,,,5779.0,1.119,0.928,4.308,,,,0.0,0.0,1.0,0.0,104.3,117.35947
2803,5.1803,959.0,3.56,0.02825,,,,5951.0,1.155,1.015,4.319,,,,0.0,0.0,0.0,0.0,73.6,63.95907
2804,1.3988,536.4,83.25,0.290761,,,,8491.0,2.622,1.791,3.853,,,,1.0,0.0,0.0,0.0,218.3,55.56947
2805,6.243,685.7,3.08,0.024437,,,,5951.0,1.155,1.015,4.319,,,,0.0,0.0,0.0,0.0,34.3,28.179665
2806,3.5791,1121.7,2.46,0.034031,,,,4538.0,0.663,0.65,4.607,,,,0.0,0.0,0.0,0.0,98.2,116.682816
2807,5.5694,333.7,3.26,0.016797,,,,5687.0,1.775,1.08,3.973,,,,0.0,0.0,0.0,0.0,87.3,63.15533
2812,4.199,636.1,2.56,0.023536,,,,6122.0,0.996,1.07,4.471,,,,0.0,0.0,0.0,0.0,16.4,14.334329
2813,9.4,79.0,0.48,0.008437,,,,4763.0,0.516,0.53,4.738,,,,0.0,0.0,1.0,1.0,15.9,11.9957905
2814,3.654,46.6,0.9,0.00649,,,,6256.0,1.269,1.087,4.269,,,,0.0,0.0,0.0,0.0,16.3,13.850537
2815,4.374,81.6,0.84,0.008276,,,,5986.0,0.93,0.912,4.461,,,,0.0,1.0,1.0,1.0,19.1,15.943098
2816,7.702,140.8,2.07,0.013675,,,,5808.0,1.385,1.056,4.178,,,,0.0,0.0,0.0,0.0,14.2,12.06161
2818,2.964,837.4,2.74,0.026357,,,,5900.0,0.951,1.065,4.509,,,,0.0,0.0,0.0,0.0,19.6,92.30504
2819,8.471,245.1,20.8,0.211637,,,,6024.0,0.9,0.985,4.523,,,,0.0,1.0,1.0,1.0,45.9,33.057613
2820,5.3503,293.1,1.85,0.015639,,,,5973.0,1.081,1.036,4.386,,,,0.0,0.0,0.0,0.0,55.1,41.159424
2821,3.486,59.0,0.83,0.007007,,,,5973.0,1.081,1.036,4.386,,,,0.0,0.0,0.0,0.0,18.2,14.326998
2822,6.9329,381.5,3.64,0.020651,,,,5548.0,1.614,1.038,4.038,,,,0.0,0.0,0.0,0.0,54.2,37.927864
2823,7.081,314.5,2.09,0.01625,,,,6156.0,1.18,1.085,4.331,,,,0.0,0.0,0.0,0.0,42.7,33.55736
2824,3.634,597.8,74.76,0.24815,,,,6171.0,2.759,1.291,3.668,,,,0.0,1.0,1.0,0.0,23.4,46.68098
2825,2.9267,273.1,1.56,0.015943,,,,5648.0,0.894,0.866,4.472,,,,0.0,0.0,0.0,0.0,287.8,244.8787
2826,2.5416,481.9,29.41,0.200695,,,,6517.0,1.342,1.212,4.265,,,,0.0,0.0,1.0,0.0,41.9,35.86529
2828,2.1704,11545.0,14.41,0.136199,,,,6075.0,0.969,1.048,4.486,,,,0.0,1.0,0.0,0.0,431.6,509.31818
2829,0.8986,232.3,1.14,0.013804,,,,5089.0,0.757,0.757,4.559,,,,0.0,1.0,1.0,0.0,20.7,14.575617
2830,4.735,66.8,0.83,0.007472,,,,5680.0,1.016,0.978,4.414,,,,0.0,0.0,0.0,0.0,13.5,10.622858
2831,1.746,151.6,0.97,0.011209,,,,5595.0,0.796,0.89,4.581,,,,0.0,0.0,0.0,0.0,15.5,12.931488
2832,3.437,481.4,1.21,0.019619,,,,4563.0,0.567,0.592,4.704,,,,0.0,0.0,0.0,0.0,13.3,10.905777
2834,3.913,204.4,1.61,0.016771,,,,5815.0,0.877,0.973,4.54,,,,0.0,0.0,1.0,0.0,13.3,11.2608
2835,2.705,220.6,2.9,0.033152,,,,5159.0,0.8,0.752,4.508,,,,0.0,0.0,0.0,0.0,12.3,12.112554
2836,2.062,121.0,1.05,0.012065,,,,5159.0,0.8,0.752,4.508,,,,0.0,0.0,0.0,0.0,11.7,10.9650345
2837,5.893,196.9,1.21,0.012816,,,,5792.0,0.864,0.959,4.547,,,,0.0,0.0,0.0,0.0,14.3,12.309964
2839,4.0448,255.9,1.91,0.015387,,,,5914.0,1.135,1.172,4.396,,,,0.0,0.0,0.0,0.0,72.0,53.617764
2840,6.283,377.6,4.03,0.019435,,,,6534.0,1.9,1.238,3.973,,,,0.0,0.0,0.0,0.0,26.8,41.983013
2841,3.224,119.3,1.23,0.010853,,,,6134.0,1.039,0.98,4.396,,,,0.0,1.0,1.0,1.0,19.5,24.978298
2842,7.831,801.1,5.25,0.029707,,,,6629.0,1.619,1.302,4.132,,,,0.0,0.0,1.0,0.0,111.3,88.33963
2843,3.096,102.7,2.8,0.010027,,,,7004.0,2.556,1.7,3.854,,,,0.0,1.0,1.0,1.0,13.1,14.177005
2844,6.6358,264.3,2.59,0.015072,,,,6206.0,1.573,1.305,4.159,,,,0.0,0.0,0.0,0.0,55.2,43.640507
2845,3.588,40.9,1.08,0.00709,,,,6046.0,1.396,1.024,4.158,,,,0.0,0.0,0.0,0.0,14.8,13.049923
2848,3.138,213.3,1.66,0.014194,,,,6218.0,1.072,1.057,4.404,,,,0.0,1.0,1.0,0.0,17.6,16.316338
2851,3.873,113.5,0.91,0.009854,,,,5383.0,0.842,0.874,4.528,,,,0.0,0.0,0.0,0.0,15.7,11.277081
2852,5.723,685.6,2.45,0.024534,,,,5911.0,0.914,1.006,4.519,,,,0.0,0.0,0.0,0.0,14.7,12.974654
2853,5.2317,1.7,0.08,0.001289,,,,5000.0,0.549,0.561,4.708,,,,1.0,0.0,0.0,1.0,0.8,10.42666
2854,2.831,253.7,1.24,0.01426,,,,5296.0,0.799,0.901,4.586,,,,0.0,0.0,0.0,0.0,13.6,11.795227
2855,3.7316,13496.5,20.88,0.111515,,,,8347.0,1.715,1.826,4.231,,,,0.0,1.0,0.0,0.0,308.1,924.5287
2856,6.24,297.9,24.29,0.257706,,,,5718.0,0.863,0.96,4.549,,,,0.0,1.0,1.0,1.0,37.3,21.265339
2857,1.906,189.2,0.93,0.012434,,,,4935.0,0.685,0.663,4.589,,,,0.0,0.0,0.0,0.0,13.6,12.415068
2858,2.55,241.5,0.99,0.014153,,,,4234.0,0.639,0.636,4.63,,,,0.0,0.0,0.0,0.0,13.8,11.297448
2859,1.591,96.4,1.24,0.009078,,,,5624.0,1.248,1.023,4.256,,,,0.0,0.0,0.0,0.0,11.7,10.424135
2860,5.4898,373.2,2.1,0.017519,,,,5747.0,1.099,0.953,4.335,,,,0.0,0.0,0.0,0.0,41.8,30.561613
2861,3.8853,29375.6,50.44,0.461939,,,,5780.0,1.0,1.0,4.438,,,,0.0,1.0,1.0,0.0,400.2,502.43918
2862,3.0688,327.3,1.5,0.017555,,,,4908.0,0.782,0.824,4.567,,,,0.0,0.0,0.0,0.0,48.7,41.279064
2863,2.361,77.2,0.73,0.008591,,,,4908.0,0.782,0.824,4.567,,,,0.0,0.0,0.0,0.0,15.6,12.351362
2864,2.4743,271.9,2.1,0.016185,,,,6078.0,1.189,1.005,4.29,,,,0.0,0.0,0.0,0.0,71.9,52.94112
2865,3.846,281.0,2.55,0.019618,,,,6078.0,1.189,1.005,4.29,,,,0.0,0.0,0.0,0.0,35.0,26.498526
2866,6.269,1059.1,27.03,0.266206,,,,6008.0,0.93,0.995,4.499,,,,0.0,1.0,0.0,0.0,16.7,14.519133
2868,3.397,55.8,1.02,0.006774,,,,5758.0,1.385,1.029,4.168,,,,0.0,0.0,0.0,0.0,17.7,14.879479
2869,3.449,63.8,1.13,0.007466,,,,5758.0,1.385,1.029,4.168,,,,0.0,0.0,0.0,0.0,16.8,13.5606
2870,3.505,275.3,1.03,0.014685,,,,4266.0,0.643,0.638,4.626,,,,0.0,0.0,1.0,1.0,18.7,15.14974
2871,3.45,1010.2,3.02,0.031506,,,,5815.0,0.877,0.973,4.54,,,,0.0,0.0,0.0,0.0,19.4,16.292034
2872,3.516,177.7,1.93,0.01602,,,,5931.0,1.101,0.929,4.322,,,,0.0,0.0,0.0,0.0,43.4,33.80103
2873,3.498,559.8,2.06,0.021552,,,,5815.0,0.877,0.973,4.54,,,,0.0,0.0,0.0,0.0,18.9,16.15809
2874,3.147,342.1,1.33,0.018224,,,,5318.0,0.667,0.646,4.601,,,,0.0,0.0,1.0,0.0,13.6,12.149776
2875,1.0547,444.1,1.81,0.019776,,,,5508.0,0.84,0.955,4.569,,,,0.0,0.0,1.0,0.0,29.9,12.38654
2877,2.455,1056.0,1.59,0.03663,,,,3675.0,0.398,0.428,4.869,,,,0.0,0.0,0.0,0.0,16.0,11.735358
2878,1.813,504.4,1.66,0.022053,,,,4805.0,0.688,0.769,4.633,,,,0.0,0.0,0.0,0.0,15.7,13.821158
2880,7.987,155.5,1.62,0.011483,,,,5675.0,1.292,0.984,4.209,,,,0.0,0.0,0.0,0.0,13.9,11.966513
2881,14.3948,23112.9,17.74,0.138011,,,,5769.0,1.177,1.1,4.338,,,,0.0,1.0,0.0,0.0,842.3,518.4492
2882,2.9225,863.3,2.73,0.026573,,,,5497.0,0.941,0.884,4.437,,,,0.0,0.0,0.0,0.0,89.3,104.67581
2883,2.553,351.4,1.74,0.016925,,,,5497.0,0.941,0.884,4.437,,,,0.0,0.0,0.0,0.0,41.6,41.030235
2884,3.3061,497.1,2.75,0.020577,,,,5794.0,1.225,1.004,4.263,,,,0.0,0.0,0.0,0.0,138.5,95.51532
2885,2.5273,239.4,1.94,0.014511,,,,5794.0,1.225,1.004,4.263,,,,0.0,0.0,0.0,0.0,88.4,62.41155
2886,1.4528,66.2,1.15,0.009465,,,,6220.0,1.108,1.066,4.378,,,,0.0,0.0,1.0,0.0,16.9,12.091836
2887,2.5342,332.7,2.25,0.019838,,,,6147.0,1.04,1.014,4.412,,,,0.0,0.0,0.0,0.0,84.7,118.94536
2888,1.952,166.9,1.29,0.012008,,,,6119.0,0.981,1.039,4.472,,,,0.0,0.0,0.0,0.0,16.4,13.483118
2889,3.381,367.2,1.9,0.022102,,,,5142.0,0.789,0.745,4.515,,,,0.0,0.0,0.0,0.0,14.6,13.246965
2890,0.853,227.8,1.37,0.015181,,,,5516.0,0.827,0.873,4.544,,,,0.0,0.0,0.0,0.0,11.0,14.053958
2891,4.73,39.1,0.91,0.005778,,,,6296.0,1.444,1.233,4.21,,,,0.0,0.0,0.0,0.0,12.5,10.034505
2892,1.211,277.8,2.33,0.024449,,,,5135.0,0.874,0.812,4.464,,,,0.0,0.0,0.0,0.0,14.0,11.371243
2893,6.829,242.5,1.94,0.014369,,,,6572.0,1.238,1.298,4.365,,,,0.0,0.0,0.0,0.0,13.1,10.638416
2894,6.28,1111.9,29.1,0.275597,,,,6091.0,0.967,1.045,4.487,,,,1.0,0.0,1.0,1.0,125.2,14.567739
2896,7.029,172.4,2.51,0.012063,,,,5430.0,1.902,1.106,3.923,,,,0.0,0.0,0.0,0.0,15.2,11.937948
2897,6.3093,209.7,3.04,0.013362,,,,6150.0,2.086,1.448,3.96,,,,0.0,0.0,0.0,0.0,99.5,63.530613
2898,2.098,260.2,1.83,0.015153,,,,6355.0,1.108,1.151,4.41,,,,0.0,0.0,1.0,0.0,11.4,10.556701
2899,7.8709,492.8,3.13,0.020245,,,,5866.0,1.417,0.958,4.117,,,,0.0,0.0,0.0,0.0,106.9,76.47349
2900,16.425,2763.1,7.56,0.048876,,,,5866.0,1.417,0.958,4.117,,,,0.0,0.0,0.0,0.0,250.0,149.8542
2901,7.797,190.4,1.67,0.01252,,,,5794.0,1.225,1.004,4.263,,,,0.0,0.0,0.0,0.0,27.3,13.963863
2902,2.5814,42789.0,17.82,0.198719,,,,5231.0,0.821,0.859,4.544,,,,0.0,1.0,0.0,0.0,98.0,2451.8687
2903,5.77,1132.1,2.87,0.030434,,,,5607.0,0.863,0.932,4.536,,,,0.0,0.0,0.0,0.0,122.9,95.34753
2904,4.5612,1275.7,2.81,0.034344,,,,4883.0,0.749,0.725,4.549,,,,0.0,0.0,0.0,0.0,128.3,106.15765
2905,2.6811,959.0,2.62,0.031196,,,,5103.0,0.768,0.825,4.584,,,,0.0,0.0,0.0,0.0,49.5,77.715324
2907,2.0734,272.2,31.17,0.273374,,,,6290.0,1.044,1.097,4.442,,,,0.0,0.0,1.0,0.0,43.2,15.816134
2908,1.7402,198.3,1.21,0.013287,,,,5793.0,0.832,0.921,4.561,,,,0.0,1.0,1.0,1.0,21.7,13.609521
2910,0.7645,67.4,2.32,0.007818,,,,6854.0,2.715,1.728,3.808,,,,0.0,0.0,1.0,0.0,14.5,13.552549
2911,2.688,306.6,1.31,0.015805,,,,5383.0,0.759,0.851,4.603,,,,0.0,0.0,0.0,0.0,16.2,14.56336
2912,3.271,806.3,2.1,0.025317,,,,5165.0,0.761,0.859,4.599,,,,0.0,0.0,0.0,0.0,14.0,12.206418
2913,5.42,410.7,16.63,0.213233,,,,4947.0,0.714,0.8,4.621,,,,0.0,1.0,1.0,1.0,13.7,13.980327
2914,3.3629,121.0,1.4,0.011625,,,,5931.0,1.101,0.929,4.322,,,,0.0,0.0,0.0,0.0,51.1,39.241306
2915,20.644,188.7,2.02,0.01242,,,,5676.0,1.487,1.016,4.1,,,,1.0,0.0,0.0,0.0,23.7,7.3097925
2918,1.8592,234.7,2.55,0.015281,,,,6958.0,1.529,1.344,4.195,,,,0.0,0.0,1.0,0.0,52.9,41.195232
2919,7.634,357.6,2.72,0.017813,,,,5611.0,1.4,0.995,4.144,,,,0.0,0.0,0.0,0.0,63.2,46.380043
2920,2.1492,148.0,2.04,0.013332,,,,5611.0,1.4,0.995,4.144,,,,0.0,0.0,0.0,0.0,26.1,20.041414
2922,19.6638,12643.7,11.97,0.102171,,,,5843.0,1.073,1.061,4.403,,,,0.0,1.0,0.0,0.0,1049.3,275.80215
2923,2.253,217.7,1.44,0.013613,,,,5780.0,0.966,0.899,4.421,,,,0.0,0.0,0.0,0.0,77.3,57.04997
2924,1.9119,15942.0,22.36,0.194086,,,,6116.0,1.055,0.876,4.335,,,,0.0,1.0,0.0,0.0,97.5,1705.9246
2925,4.5941,1844.6,3.27,0.04343,,,,4687.0,0.69,0.748,4.627,,,,0.0,0.0,0.0,0.0,145.5,132.19527
2926,2.1417,569.6,2.54,0.021663,,,,5725.0,1.072,0.944,4.353,,,,0.0,0.0,0.0,0.0,61.7,53.316696
2929,14.404,8322.1,10.89,0.083115,,,,5970.0,1.2,1.089,4.317,,,,0.0,0.0,0.0,0.0,355.0,249.14
2930,4.562,219.9,1.7,0.017306,,,,6038.0,0.898,0.982,4.524,,,,0.0,0.0,0.0,0.0,19.2,15.95762
2931,3.275,100.1,0.72,0.008965,,,,5024.0,0.736,0.845,4.613,,,,0.0,0.0,1.0,1.0,19.1,16.628168
2932,4.5112,326.9,2.43,0.016638,,,,6407.0,1.337,1.208,4.268,,,,0.0,0.0,0.0,0.0,154.5,130.61235
2933,8.087,298.9,2.45,0.01649,,,,5671.0,1.36,0.839,4.094,,,,0.0,0.0,0.0,0.0,111.0,82.66198
2935,3.097,73.6,1.6,0.007727,,,,5282.0,1.899,1.075,3.913,,,,0.0,0.0,0.0,0.0,15.7,13.449468
2936,1.7,163.1,1.74,0.014213,,,,5933.0,1.118,0.983,4.334,,,,0.0,0.0,1.0,0.0,16.0,13.360336
2937,3.204,228.7,2.84,0.014603,,,,5011.0,1.781,0.926,3.903,,,,0.0,0.0,0.0,0.0,13.9,10.626441
2940,2.6439,1631.7,29.83,0.357521,,,,5337.0,0.764,0.84,4.594,,,,0.0,0.0,1.0,0.0,40.6,27.297668
2941,2.768,83.4,1.52,0.008451,,,,6591.0,1.646,1.045,4.024,,,,0.0,0.0,1.0,1.0,28.1,23.123869
2943,5.82,424.5,2.78,0.018691,,,,5929.0,1.363,1.185,4.243,,,,0.0,0.0,0.0,0.0,52.6,46.869064
2944,2.9331,292.5,1.94,0.016817,,,,5923.0,1.054,0.966,4.377,,,,0.0,0.0,0.0,0.0,80.9,70.34148
2945,2.0138,116.8,1.28,0.011144,,,,5923.0,1.054,0.966,4.377,,,,0.0,0.0,0.0,0.0,19.9,17.889442
2946,5.4033,449.2,2.53,0.021303,,,,5725.0,1.088,0.915,4.326,,,,0.0,0.0,0.0,0.0,64.4,54.010296
2947,11.9922,4159.3,7.7,0.058748,,,,5970.0,1.2,1.089,4.317,,,,0.0,0.0,0.0,0.0,232.4,101.80441
2949,8.0006,566.4,2.84,0.021678,,,,5970.0,1.2,1.089,4.317,,,,0.0,0.0,0.0,0.0,43.5,29.078213
2950,2.4475,11267.8,10.72,0.098136,,,,5780.0,1.0,1.0,4.438,,,,0.0,1.0,1.0,0.0,162.9,462.33124
2951,5.0119,423.2,3.25,0.022782,,,,5857.0,1.305,0.993,4.204,,,,0.0,0.0,0.0,0.0,40.9,35.60331
2953,4.99,269.7,2.86,0.015968,,,,6200.0,1.64,1.158,4.072,,,,0.0,0.0,0.0,0.0,17.4,17.312965
2954,4.015,2313.0,31.12,0.318442,,,,5853.0,0.895,0.99,4.529,,,,0.0,1.0,1.0,0.0,133.9,10.673424
2955,3.167,272.9,2.03,0.015196,,,,6415.0,1.224,1.293,4.374,,,,0.0,0.0,0.0,0.0,16.5,13.476465
2956,2.435,556.7,1.77,0.022469,,,,5380.0,0.721,0.786,4.616,,,,0.0,0.0,0.0,0.0,14.8,11.741651
2957,4.216,140.5,1.3,0.011156,,,,5701.0,1.068,0.813,4.291,,,,0.0,0.0,0.0,1.0,22.2,15.592595
2958,5.782,1113.4,2.82,0.030469,,,,5858.0,0.849,0.94,4.553,,,,0.0,0.0,0.0,0.0,25.3,19.216913
2959,1.954,92.6,0.93,0.009218,,,,6050.0,0.92,0.997,4.509,,,,0.0,1.0,1.0,0.0,24.8,15.702163
2960,12.1687,275.1,1.53,0.016067,,,,5316.0,0.872,0.834,4.477,,,,1.0,0.0,1.0,0.0,5.9,8.605977
2961,2.2,67.5,0.92,0.007495,,,,5702.0,1.125,0.837,4.258,,,,0.0,0.0,0.0,0.0,15.2,13.615041
2962,2.969,122.9,1.16,0.010222,,,,6173.0,1.041,1.104,4.447,,,,0.0,0.0,0.0,0.0,12.0,11.3706
2963,5.609,331.4,1.28,0.016641,,,,5517.0,0.704,0.788,4.631,,,,0.0,0.0,1.0,0.0,10.9,9.957283
2964,3.2601,101.9,1.22,0.010125,,,,5931.0,1.101,0.929,4.322,,,,0.0,0.0,0.0,0.0,43.5,33.613792
2965,3.625,154.8,2.9,0.01232,,,,9206.0,2.157,2.194,4.112,,,,0.0,0.0,1.0,1.0,16.5,15.128811
2967,3.0933,134.1,2.03,0.012704,,,,6085.0,1.463,1.29,4.218,,,,0.0,0.0,0.0,0.0,39.5,35.91425
2968,2.6403,270.9,1.5,0.017335,,,,5250.0,0.79,0.79,4.541,,,,0.0,0.0,0.0,0.0,36.3,28.689716
2970,1.9118,296.5,1.88,0.015785,,,,5533.0,1.089,0.94,4.337,,,,0.0,0.0,0.0,0.0,94.1,46.360554
2971,5.8638,18887.0,15.02,0.137546,,,,5780.0,1.0,1.0,4.438,,,,0.0,1.0,0.0,0.0,394.7,591.16846
2972,3.73,114.9,2.07,0.010535,,,,5947.0,1.796,1.023,3.939,,,,0.0,0.0,1.0,1.0,60.6,41.62156
2973,4.3149,523.2,2.27,0.02152,,,,5936.0,0.965,1.075,4.501,,,,0.0,0.0,0.0,0.0,70.9,55.782005
2974,3.349,125.1,1.11,0.010507,,,,5936.0,0.965,1.075,4.501,,,,0.0,0.0,0.0,0.0,22.3,17.324785
2975,2.8887,334.5,2.37,0.016695,,,,6045.0,1.298,1.166,4.276,,,,0.0,0.0,0.0,0.0,84.5,70.7743
2976,1.96401,1164.7,5.95,0.030822,,,,5311.0,1.769,0.834,3.864,,,,0.0,0.0,0.0,0.0,273.7,263.46945
2977,5.3007,45676.5,30.35,0.205707,,,,5926.0,1.351,1.024,4.187,,,,0.0,1.0,0.0,0.0,3845.4,3381.9353
2979,4.438,145.0,1.26,0.011411,,,,5605.0,1.015,0.904,4.381,,,,0.0,0.0,1.0,0.0,17.2,14.631191
2980,2.97,88.0,1.31,0.010571,,,,5721.0,1.131,0.945,4.307,,,,0.0,0.0,0.0,0.0,13.7,11.5247
2981,4.117,196.3,1.35,0.01289,,,,6065.0,0.962,1.035,4.487,,,,0.0,0.0,1.0,0.0,14.6,12.41051
2982,5.9291,639.2,2.98,0.023998,,,,5903.0,1.137,0.95,4.304,,,,0.0,0.0,0.0,0.0,190.3,137.73535
2983,6.354,405.7,3.2,0.019355,,,,5902.0,1.513,1.12,4.128,,,,0.0,0.0,0.0,0.0,12.8,11.071924
2984,24.708,423.0,4.13,0.022291,,,,6366.0,1.697,1.164,4.045,,,,0.0,0.0,0.0,0.0,30.5,9.5724945
2988,1.703,107.1,0.92,0.010427,,,,5769.0,0.812,0.9,4.57,,,,0.0,0.0,1.0,1.0,12.1,10.680974
2989,3.713,98.2,0.89,0.009218,,,,5706.0,0.886,0.986,4.537,,,,0.0,0.0,1.0,1.0,18.8,15.608477
2990,2.7678,738.9,2.27,0.02519,,,,4963.0,0.826,0.789,4.501,,,,0.0,0.0,0.0,0.0,36.7,28.693022
2991,3.1627,1653.9,4.62,0.039948,,,,6032.0,1.06,0.999,4.387,,,,0.0,0.0,0.0,0.0,111.1,101.96851
2993,5.278,3184.0,6.77,0.061052,,,,5768.0,1.015,1.021,4.434,,,,0.0,0.0,0.0,0.0,125.4,113.15372
2994,7.495,714.1,2.68,0.024202,,,,5768.0,1.015,1.021,4.434,,,,0.0,0.0,0.0,0.0,43.8,33.134407
2995,6.92,100.7,1.21,0.009834,,,,6007.0,1.126,1.042,4.353,,,,1.0,0.0,0.0,0.0,7.6,7.4615316
2996,3.377,275.3,1.5,0.016629,,,,4963.0,0.826,0.789,4.501,,,,0.0,0.0,0.0,0.0,22.8,18.374353
2997,1.737,132.3,3.88,0.011024,,,,5812.0,3.227,1.504,3.598,,,,0.0,0.0,1.0,1.0,68.1,16.878206
2998,4.1344,643.3,2.8,0.024496,,,,6242.0,1.047,1.104,4.442,,,,0.0,0.0,0.0,0.0,42.5,36.69011
2999,7.409,4036.0,9.3,0.073829,,,,5646.0,1.153,0.918,4.278,,,,0.0,1.0,1.0,1.0,55.1,118.90688
3000,5.04,611.2,2.29,0.023657,,,,5244.0,0.888,0.808,4.449,,,,0.0,0.0,0.0,0.0,24.9,21.423801
3001,16.732,133.8,1.62,0.010526,,,,5619.0,1.406,0.848,4.07,,,,1.0,0.0,0.0,0.0,15.6,7.709711
3002,2.3061,16041.5,11.76,0.117743,,,,5359.0,0.915,0.812,4.425,,,,0.0,0.0,0.0,0.0,1022.2,1030.3761
3004,5.92691,8894.7,14.43,0.086833,,,,6266.0,1.522,1.066,4.101,,,,0.0,0.0,0.0,0.0,556.2,370.4678
3005,2.59202,25626.6,28.66,0.3059,,,,6202.0,0.858,0.923,4.537,,,,0.0,1.0,0.0,0.0,465.4,2786.7952
3006,2.9815,84.4,0.84,0.008309,,,,5465.0,0.925,0.876,4.449,,,,0.0,0.0,0.0,0.0,24.8,16.530762
3007,9.81,238.9,1.35,0.014194,,,,5600.0,0.872,0.793,4.455,,,,1.0,0.0,0.0,0.0,7.0,7.603865
3008,3.8516,726.0,2.31,0.024368,,,,5215.0,0.867,0.904,4.518,,,,465.0,0.0,0.0,0.0,36.1,30.508324
3009,1.4814,1795.5,2.46,0.041967,,,,3744.0,0.537,0.551,4.718,,,,0.0,0.0,0.0,0.0,77.2,82.51785
3010,5.3278,1063.2,2.97,0.029377,,,,5515.0,0.925,0.888,4.453,,,,0.0,0.0,0.0,0.0,83.9,77.942184
3011,2.1055,739.4,2.42,0.025589,,,,5480.0,0.865,0.881,4.509,,,,0.0,0.0,0.0,0.0,88.3,83.365845
3012,2.752,981.4,2.3,0.028274,,,,5409.0,0.746,0.835,4.609,,,,0.0,0.0,0.0,0.0,98.8,68.67351
3014,2.2748,1027.7,2.51,0.028819,,,,5351.0,0.796,0.89,4.582,,,,0.0,0.0,0.0,0.0,105.9,81.64579
3016,4.0185,322.8,2.56,0.016453,,,,6181.0,1.424,1.231,4.22,,,,0.0,0.0,0.0,0.0,186.7,149.27219
3017,1.7547,905.5,2.89,0.027167,,,,5703.0,0.975,1.091,4.498,,,,0.0,0.0,0.0,0.0,153.3,120.485374
3018,5.055,231.7,1.58,0.01875,,,,5834.0,0.774,0.862,4.591,,,,0.0,1.0,1.0,1.0,24.7,22.354717
3020,5.2677,1156.4,3.89,0.032166,,,,6026.0,1.108,1.038,4.366,,,,0.0,0.0,0.0,0.0,183.1,153.5705
3021,1.8073,332.8,1.46,0.016938,,,,5103.0,0.787,0.823,4.562,,,,0.0,0.0,0.0,0.0,52.1,43.956715
3022,1.6011,354.5,1.63,0.018946,,,,5103.0,0.787,0.823,4.562,,,,0.0,0.0,0.0,0.0,37.9,30.6677
3023,2.7975,760.4,2.54,0.025899,,,,5822.0,0.898,0.994,4.529,,,,0.0,0.0,0.0,0.0,69.8,58.743534
3024,2.7374,1317.4,3.21,0.032904,,,,5713.0,0.893,1.01,4.541,,,,0.0,0.0,0.0,0.0,101.6,93.73316
3026,1.8931,13756.0,14.88,0.141222,,,,5936.0,0.965,1.075,4.501,,,,0.0,1.0,1.0,0.0,140.2,776.5968
3028,2.6602,1798.0,4.2,0.038975,,,,5312.0,0.986,0.859,4.384,,,,0.0,0.0,0.0,0.0,68.4,53.934418
3029,5.4154,959.1,2.98,0.027673,,,,5312.0,0.986,0.859,4.384,,,,0.0,0.0,0.0,0.0,40.7,27.55069
3030,6.822,770.4,2.68,0.024911,,,,5312.0,0.986,0.859,4.384,,,,0.0,0.0,0.0,0.0,21.9,13.216369
3031,8.519,748.0,2.2,0.024773,,,,5284.0,0.812,0.804,4.523,,,,1.0,0.0,0.0,0.0,4.9,7.715564
3032,1.7664,465.8,1.59,0.019515,,,,5409.0,0.746,0.835,4.609,,,,0.0,0.0,0.0,0.0,82.1,55.116364
3033,4.7743,1072.5,2.41,0.029532,,,,5409.0,0.746,0.835,4.609,,,,0.0,0.0,0.0,0.0,66.1,43.793594
3034,9.3113,1611.7,10.45,0.037786,,,,9974.0,2.533,2.615,4.048,,,,1.0,0.0,0.0,0.0,225.5,537.77026
3035,3.1008,557.4,26.6,0.256173,,,,5724.0,0.951,0.887,4.429,,,,0.0,1.0,1.0,0.0,42.3,36.734825
3036,3.0384,817.4,2.51,0.027166,,,,5631.0,0.847,0.946,4.557,,,,0.0,0.0,0.0,0.0,88.1,73.07672
3037,2.807,126.9,0.57,0.010262,,,,3780.0,0.511,0.531,4.746,,,,1.0,0.0,1.0,0.0,9.3,7.3359485
3038,3.3603,746.8,2.88,0.024495,,,,5386.0,1.076,0.886,4.322,,,,0.0,0.0,0.0,0.0,82.6,66.11585
3039,5.6957,951.3,3.29,0.028035,,,,5386.0,1.076,0.886,4.322,,,,0.0,0.0,0.0,0.0,44.7,37.79153
3040,2.2013,727.3,2.99,0.025416,,,,5386.0,1.076,0.886,4.322,,,,0.0,0.0,0.0,0.0,42.4,33.833244
3041,1.1829,1288.9,2.87,0.032684,,,,5559.0,0.803,0.899,4.578,,,,0.0,1.0,0.0,0.0,76.0,69.42991
3042,2.3494,538.6,2.08,0.022096,,,,5749.0,0.864,0.961,4.547,,,,0.0,0.0,0.0,0.0,30.6,24.899769
3043,1.013,1732.0,0.53,0.041128,,,,2703.0,0.118,0.096,5.274,,,,1.0,0.0,0.0,0.0,5.9,8.043725
3045,8.577,747.0,2.41,0.024748,,,,5713.0,0.893,1.01,4.541,,,,0.0,0.0,0.0,0.0,22.5,13.330562
3046,2.7004,800.2,2.69,0.028421,,,,5105.0,0.868,0.81,4.469,,,,0.0,0.0,0.0,0.0,67.6,58.653576
3047,3.3104,636.1,2.78,0.024389,,,,5918.0,1.043,1.003,4.403,,,,0.0,0.0,0.0,0.0,70.4,81.88671
3048,3.0049,605.5,2.47,0.026036,,,,5105.0,0.868,0.81,4.469,,,,0.0,0.0,0.0,0.0,29.8,26.955269
3050,3.432,300.1,1.93,0.020312,,,,5105.0,0.868,0.81,4.469,,,,0.0,0.0,0.0,0.0,21.5,18.665651
3051,6.8569,3753.8,13.44,0.056473,,,,6490.0,2.179,1.516,3.942,,,,0.0,0.0,0.0,0.0,535.5,451.0735
3052,4.0077,2791.6,4.17,0.047441,,,,5246.0,0.805,0.748,4.501,,,,0.0,0.0,0.0,0.0,209.2,199.57098
3053,2.7075,1709.0,2.53,0.0382,,,,4200.0,0.607,0.622,4.664,,,,0.0,0.0,0.0,0.0,81.2,75.65289
3055,4.295,616.7,2.94,0.024125,,,,5933.0,1.115,0.998,4.342,,,,0.0,0.0,0.0,0.0,10.6,8.542428
3056,3.1404,1096.6,2.82,0.029843,,,,5402.0,0.865,0.774,4.452,,,,0.0,0.0,0.0,0.0,72.7,60.20262
3057,3.382,98.1,0.9,0.008912,,,,5465.0,0.925,0.876,4.449,,,,0.0,0.0,0.0,0.0,17.2,12.244888
3058,3.6688,1080.6,2.22,0.02954,,,,5211.0,0.689,0.766,4.643,,,,0.0,0.0,0.0,0.0,75.7,62.25205
3059,5.396,1089.3,4.89,0.045085,,,,6153.0,0.993,1.065,4.471,,,,0.0,1.0,1.0,1.0,78.4,75.15777
3060,5.1364,748.1,2.78,0.024673,,,,5565.0,1.03,0.889,4.361,,,,0.0,0.0,0.0,0.0,70.3,59.862904
3061,6.46,193.0,30.53,0.183356,,,,5798.0,1.525,0.899,4.025,,,,1.0,0.0,0.0,0.0,7.7,8.232686
3062,3.0427,668.2,2.19,0.023499,,,,5657.0,0.855,0.858,4.508,,,,0.0,0.0,0.0,0.0,57.6,48.160652
3063,3.3427,563.5,2.03,0.023007,,,,5684.0,0.808,0.741,4.493,,,,0.0,0.0,0.0,0.0,42.6,36.6241
3064,3.0619,658.0,2.87,0.02667,,,,6123.0,0.987,1.053,4.472,,,,0.0,0.0,0.0,0.0,83.7,69.103584
3065,4.3808,744.5,2.95,0.029514,,,,5372.0,0.916,0.832,4.434,,,,0.0,0.0,0.0,0.0,46.8,40.86483
3066,3.1341,99.7,1.42,0.009153,,,,6181.0,1.424,1.231,4.22,,,,0.0,0.0,0.0,0.0,83.0,61.662006
3068,2.484,129.7,1.46,0.014627,,,,5372.0,0.916,0.832,4.434,,,,0.0,0.0,0.0,0.0,12.3,11.125127
3069,2.0004,743.2,2.52,0.030148,,,,5299.0,0.766,0.856,4.597,,,,0.0,0.0,0.0,0.0,49.1,39.781902
3070,3.2005,244.0,2.04,0.014084,,,,5573.0,1.329,0.968,4.177,,,,0.0,0.0,0.0,0.0,49.0,40.238712
3071,3.8428,725.5,2.76,0.025697,,,,5475.0,0.982,0.947,4.43,,,,0.0,0.0,0.0,0.0,97.3,76.79727
3072,4.9416,582.9,2.63,0.024557,,,,5475.0,0.982,0.947,4.43,,,,0.0,0.0,0.0,0.0,60.2,46.971317
3073,3.343,116.9,1.15,0.010682,,,,5475.0,0.982,0.947,4.43,,,,0.0,0.0,0.0,0.0,18.3,14.906123
3074,1.9941,757.4,2.33,0.026508,,,,5617.0,0.806,0.897,4.574,,,,0.0,0.0,0.0,0.0,70.3,59.167484
3075,3.9264,821.3,2.6,0.027519,,,,5402.0,0.865,0.774,4.452,,,,0.0,0.0,0.0,0.0,40.6,29.477955
3076,2.1446,1030.7,3.77,0.033596,,,,6099.0,1.028,1.098,4.456,,,,0.0,0.0,0.0,0.0,117.0,108.466675
3077,2.7734,2908.3,4.48,0.048052,,,,5234.0,0.854,0.927,4.542,,,,0.0,0.0,0.0,0.0,227.4,218.61652
3078,3.33,164.3,1.29,0.012195,,,,6052.0,0.967,0.974,4.456,,,,0.0,0.0,1.0,0.0,8.6,7.6888905
3079,12.2726,13888.6,10.99,0.117884,,,,5234.0,0.854,0.927,4.542,,,,0.0,0.0,0.0,0.0,287.6,225.933
3080,8.7941,19372.6,12.34,0.138957,,,,5681.0,0.813,0.888,4.566,,,,0.0,1.0,0.0,0.0,873.4,1049.0784
3081,1.8575,543.7,3.23,0.023203,,,,6521.0,1.276,1.334,4.352,,,,0.0,0.0,1.0,0.0,49.5,39.438564
3082,2.88,93.3,1.24,0.00892,,,,6517.0,1.278,1.332,4.349,,,,0.0,0.0,0.0,0.0,5.4,
3083,2.4455,447.2,1.41,0.01871,,,,4799.0,0.692,0.776,4.631,,,,0.0,0.0,0.0,0.0,63.0,49.97138
3084,4.314,114.3,1.25,0.01244,,,,5640.0,0.921,0.962,4.492,,,,1.0,0.0,0.0,0.0,7.5,7.3551683
3085,3.7236,941.1,2.48,0.030636,,,,4900.0,0.741,0.806,4.602,,,,0.0,0.0,0.0,0.0,242.7,210.27057
3086,16.1784,19045.6,9.27,0.122698,,,,4799.0,0.692,0.776,4.631,,,,0.0,0.0,0.0,0.0,544.2,279.55515
3087,1.9359,428.9,1.56,0.018704,,,,5299.0,0.766,0.856,4.597,,,,0.0,0.0,0.0,0.0,44.5,37.10211
3088,4.5973,1146.5,3.46,0.031249,,,,6050.0,1.013,1.05,4.45,,,,0.0,0.0,0.0,0.0,152.4,137.60065
3089,8.358,1183.2,4.71,0.037029,,,,5460.0,1.165,0.907,4.263,,,,0.0,0.0,0.0,0.0,51.0,45.641262
3090,8.2,133.7,4.07,0.011578,,,,9030.0,3.218,2.505,3.822,,,,1.0,0.0,0.0,0.0,12.1,9.717272
3091,2.554,467.5,2.53,0.020656,,,,5831.0,1.121,1.047,4.359,,,,0.0,0.0,0.0,0.0,64.2,49.710533
3092,5.89,636.0,2.97,0.027013,,,,6191.0,1.007,1.01,4.438,,,,0.0,0.0,0.0,0.0,56.2,43.6958
3093,7.27,,,,,,,,,,,,,,0.0,0.0,0.0,0.0,,
3094,4.0369,541.4,2.11,0.02126,,,,5941.0,0.911,1.001,4.519,,,,0.0,0.0,0.0,0.0,39.4,33.72235
3095,3.638,851.8,2.41,0.028141,,,,5258.0,0.785,0.731,4.513,,,,0.0,0.0,0.0,0.0,60.9,51.662617
3096,2.8431,660.9,1.92,0.022638,,,,4646.0,0.778,0.764,4.539,,,,0.0,0.0,0.0,0.0,49.5,45.506935
3097,6.66405,5612.8,9.99,0.068705,,,,6181.0,1.331,1.106,4.234,,,,0.0,0.0,0.0,0.0,1118.9,702.9733
3098,3.6949,438.0,3.04,0.01914,,,,5876.0,1.456,1.093,4.151,,,,0.0,0.0,0.0,0.0,34.7,28.622696
3099,5.5484,1564.3,4.04,0.038064,,,,5688.0,0.971,0.895,4.415,,,,0.0,0.0,0.0,0.0,123.1,93.74424
3102,4.718,208.4,1.42,0.013447,,,,6052.0,0.967,0.974,4.456,,,,1.0,0.0,0.0,0.0,9.3,7.1332707
3104,2.4999,1007.4,2.01,0.03417,,,,3984.0,0.539,0.557,4.72,,,,0.0,0.0,0.0,0.0,90.5,79.9316
3105,1.796,190.4,1.43,0.012545,,,,5676.0,1.044,0.884,4.347,,,,0.0,0.0,0.0,0.0,189.5,30.367825
3106,2.8826,417.9,1.37,0.018065,,,,4799.0,0.692,0.776,4.631,,,,0.0,0.0,0.0,0.0,49.6,38.82832
3107,3.369,246.4,1.11,0.014698,,,,4799.0,0.692,0.776,4.631,,,,0.0,0.0,0.0,0.0,18.5,15.009709
3108,3.73,345.4,24.12,0.215459,,,,6191.0,1.025,1.088,4.454,,,,0.0,0.0,1.0,0.0,29.8,28.030422
3109,6.6436,942.0,2.9,0.027392,,,,5275.0,0.969,0.855,4.397,,,,0.0,0.0,0.0,0.0,50.8,32.622295
3110,2.5363,427.5,19.44,0.216097,,,,5786.0,0.824,0.895,4.558,,,,0.0,1.0,1.0,1.0,40.4,33.15764
3111,4.0251,1130.8,1.7,0.032548,,,,3787.0,0.477,0.496,4.775,,,,0.0,0.0,0.0,0.0,45.1,35.88009
3112,3.1644,5623.8,33.1,0.363047,,,,5532.0,0.835,0.782,4.488,,,,0.0,1.0,1.0,0.0,67.9,131.02249
3113,3.4098,633.0,2.06,0.022774,,,,5569.0,0.829,0.928,4.566,,,,0.0,0.0,0.0,0.0,43.4,38.652847
3114,3.98235,727.8,4.13,0.02447,,,,5795.0,1.545,1.097,4.101,,,,0.0,0.0,0.0,0.0,346.9,294.484
3115,4.2386,111.8,1.58,0.010132,,,,6181.0,1.424,1.231,4.22,,,,0.0,0.0,0.0,0.0,55.3,41.22457
3116,6.763,687.4,3.28,0.02918,,,,5735.0,1.028,0.875,4.356,,,,0.0,0.0,0.0,0.0,47.0,38.99938
3117,4.261,223.2,2.04,0.018176,,,,5735.0,1.028,0.875,4.356,,,,0.0,0.0,0.0,0.0,20.4,17.675926
3118,7.309,553.7,3.33,0.0212,,,,5565.0,1.439,0.989,4.117,,,,0.0,0.0,0.0,0.0,27.4,21.870878
3119,3.1516,777.5,2.15,0.025018,,,,5320.0,0.786,0.882,4.589,,,,0.0,0.0,0.0,0.0,66.4,50.371227
3120,3.896,472.7,1.71,0.019891,,,,5320.0,0.786,0.882,4.589,,,,0.0,0.0,0.0,0.0,21.5,14.434025
3121,2.6772,586.1,2.48,0.02404,,,,6092.0,0.943,1.016,4.496,,,,0.0,0.0,0.0,0.0,45.3,39.361523
3122,3.1569,383.7,2.39,0.0183,,,,5762.0,1.196,1.001,4.283,,,,0.0,0.0,0.0,0.0,45.9,37.563694
3123,3.1592,1078.1,1.87,0.031827,,,,3984.0,0.539,0.557,4.72,,,,0.0,0.0,0.0,0.0,38.4,30.584854
3124,2.19877,2343.5,4.45,0.043475,,,,5400.0,0.937,0.931,4.463,,,,0.0,0.0,0.0,0.0,363.2,343.7984
3126,3.9879,924.7,2.35,0.027043,,,,5097.0,0.797,0.829,4.554,,,,0.0,0.0,0.0,0.0,75.0,55.403717
3127,1.6519,741.6,2.46,0.028304,,,,5097.0,0.797,0.829,4.554,,,,0.0,0.0,0.0,0.0,65.4,51.693073
3128,5.269,865.2,30.74,0.247336,,,,6284.0,1.138,1.051,4.349,,,,0.0,0.0,1.0,1.0,35.6,37.81648
3129,3.4587,744.4,3.35,0.037977,,,,5470.0,0.809,0.805,4.528,,,,0.0,0.0,1.0,1.0,67.3,55.547523
3130,1.6325,437.3,4.47,0.022557,,,,4868.0,1.816,0.959,3.902,,,,0.0,0.0,0.0,0.0,43.9,40.888733
3132,5.0036,585.7,2.94,0.022023,,,,5946.0,1.223,1.113,4.309,,,,0.0,0.0,0.0,0.0,50.9,40.60932
3133,3.1818,275.9,1.34,0.016563,,,,4900.0,0.741,0.806,4.602,,,,0.0,0.0,0.0,0.0,81.7,65.31853
3134,3.504,179.0,1.63,0.012217,,,,5946.0,1.223,1.113,4.309,,,,0.0,0.0,0.0,0.0,22.1,18.67892
3135,2.0289,747.2,2.46,0.026296,,,,5041.0,0.857,0.807,4.479,,,,0.0,0.0,0.0,0.0,65.5,53.66932
3136,1.91,305.7,1.5,0.016057,,,,5041.0,0.857,0.807,4.479,,,,0.0,0.0,0.0,0.0,30.8,25.52837
3138,5.133,423.4,25.59,0.222587,,,,6161.0,1.053,1.15,4.454,,,,0.0,1.0,1.0,1.0,53.8,42.40874
3139,1.9719,186.9,1.07,0.012475,,,,5354.0,0.788,0.884,4.587,,,,0.0,1.0,1.0,0.0,32.2,13.533141
3140,6.4415,858.5,3.28,0.027515,,,,6246.0,1.092,1.18,4.433,,,,0.0,0.0,0.0,0.0,59.6,47.738552
3141,5.972,610.9,3.58,0.022503,,,,5876.0,1.456,1.093,4.151,,,,0.0,0.0,0.0,0.0,30.1,22.80585
3142,1.81,105.9,0.89,0.009462,,,,5718.0,0.863,0.96,4.549,,,,0.0,0.0,1.0,1.0,16.1,13.559771
3144,4.9641,549.3,2.37,0.021483,,,,6072.0,1.01,0.96,4.411,,,,0.0,0.0,0.0,0.0,40.9,31.534922
3145,3.4423,638.7,2.82,0.026397,,,,6004.0,0.977,1.061,4.484,,,,0.0,0.0,0.0,0.0,39.0,35.685806
3146,7.106,1265.0,3.96,0.037092,,,,6004.0,0.977,1.061,4.484,,,,0.0,0.0,0.0,0.0,35.4,23.049246
3147,4.4673,461.0,2.17,0.019582,,,,5767.0,1.014,0.918,4.389,,,,0.0,0.0,0.0,0.0,53.3,42.19916
3148,2.2139,182.4,1.37,0.012335,,,,5767.0,1.014,0.918,4.389,,,,0.0,0.0,0.0,0.0,41.2,33.45658
3150,2.245,190.7,1.56,0.014129,,,,5767.0,1.014,0.918,4.389,,,,0.0,0.0,0.0,0.0,21.2,15.921431
3151,4.9274,758.3,2.22,0.025461,,,,5837.0,0.798,0.887,4.577,,,,0.0,0.0,0.0,0.0,80.3,70.58563
3152,4.2064,492.2,2.08,0.020002,,,,5550.0,0.953,0.894,4.431,,,,0.0,0.0,0.0,0.0,58.8,47.386738
3153,2.972,160.1,1.32,0.012216,,,,6250.0,0.986,1.052,4.472,,,,0.0,0.0,0.0,0.0,4.7,
3154,2.4656,411.7,1.9,0.020759,,,,5288.0,0.836,0.884,4.541,,,,0.0,0.0,0.0,0.0,36.9,32.688408
3155,2.3982,1480.1,2.16,0.03487,,,,4041.0,0.567,0.584,4.697,,,,0.0,0.0,0.0,0.0,92.3,68.11807
3156,2.3569,1491.3,2.16,0.034895,,,,4041.0,0.567,0.584,4.697,,,,0.0,0.0,0.0,0.0,79.2,57.221424
3157,1.8732,539.0,1.3,0.020999,,,,4041.0,0.567,0.584,4.697,,,,0.0,0.0,0.0,0.0,44.9,29.682884
3158,2.0271,565.5,1.33,0.021552,,,,4041.0,0.567,0.584,4.697,,,,0.0,0.0,0.0,0.0,40.4,22.796911
3159,5.2498,433.3,2.66,0.022271,,,,6246.0,1.092,1.18,4.433,,,,0.0,0.0,0.0,0.0,38.1,32.62432
3160,4.4903,2105.7,3.95,0.040771,,,,5121.0,0.888,0.822,4.457,,,,0.0,0.0,0.0,0.0,117.7,104.07783
3161,4.0852,659.8,2.99,0.023429,,,,6008.0,1.168,1.117,4.35,,,,0.0,0.0,0.0,0.0,58.1,48.438465
3162,7.565,529.1,2.34,0.024234,,,,5516.0,0.886,0.799,4.446,,,,0.0,0.0,0.0,0.0,57.4,35.636192
3163,6.649,655.5,39.14,0.222876,,,,5671.0,1.608,1.121,4.075,,,,0.0,1.0,1.0,0.0,57.0,49.95327
3164,4.374,597.5,2.44,0.022886,,,,6004.0,0.977,1.061,4.484,,,,0.0,0.0,0.0,0.0,18.7,15.162065
3165,3.43,,,,,,,,,,,,,,0.0,0.0,0.0,0.0,,
3166,1.3867,703.8,1.23,0.0239,,,,3669.0,0.47,0.494,4.787,,,,0.0,0.0,0.0,0.0,75.4,62.01522
3167,5.1126,633.0,3.56,0.022671,,,,5565.0,1.439,0.989,4.117,,,,0.0,0.0,0.0,0.0,46.4,36.02527
3168,5.2257,777.3,3.72,0.025563,,,,6181.0,1.331,1.106,4.234,,,,0.0,0.0,0.0,0.0,204.4,136.5389
3169,2.4062,207.6,2.06,0.013112,,,,5565.0,1.439,0.989,4.117,,,,0.0,0.0,0.0,0.0,30.0,24.470907
3170,6.83,477.1,2.26,0.019806,,,,5676.0,1.044,0.884,4.347,,,,0.0,0.0,0.0,0.0,134.8,93.40869
3171,6.59,,,,,,,,,,,,,,0.0,0.0,0.0,0.0,,
3172,2.7052,839.8,2.27,0.031103,,,,4621.0,0.668,0.656,4.605,,,,0.0,0.0,0.0,0.0,40.4,32.820274
3173,4.1502,807.8,1.97,0.027009,,,,4621.0,0.668,0.656,4.605,,,,0.0,0.0,0.0,0.0,36.0,28.053307
3174,2.9954,752.7,30.33,0.319275,,,,5906.0,0.87,0.821,4.473,,,,0.0,1.0,1.0,1.0,62.2,50.52304
3175,2.6446,1155.9,1.68,0.030853,,,,3893.0,0.5,0.521,4.758,,,,0.0,0.0,0.0,0.0,40.3,51.107468
3176,4.6814,1708.7,2.05,0.037463,,,,3893.0,0.5,0.521,4.758,,,,0.0,0.0,0.0,0.0,38.9,31.829948
3177,1.1879,450.0,1.19,0.019263,,,,4041.0,0.567,0.584,4.697,,,,0.0,0.0,0.0,0.0,51.5,26.179613
3179,3.421,256.9,1.38,0.01454,,,,5515.0,0.867,0.76,4.443,,,,0.0,0.0,1.0,1.0,34.5,27.635338
3180,3.747,136.4,0.95,0.011753,,,,4900.0,0.741,0.806,4.602,,,,0.0,0.0,0.0,0.0,27.5,21.377993
3181,2.71,1468.6,2.28,0.033971,,,,4213.0,0.615,0.626,4.658,,,,0.0,0.0,0.0,0.0,67.0,61.25726
3182,4.7,147.7,28.58,0.162777,,,,5671.0,1.608,1.121,4.075,,,,1.0,0.0,1.0,0.0,40.9,16.84167
3183,3.9734,607.0,2.3,0.022266,,,,5627.0,0.945,0.925,4.453,,,,0.0,0.0,0.0,0.0,50.5,43.55852
3184,3.3372,604.3,2.9,0.022173,,,,5576.0,1.198,0.945,4.257,,,,0.0,0.0,0.0,0.0,36.4,30.17394
3186,2.2682,476.4,2.76,0.021092,,,,5576.0,1.198,0.945,4.257,,,,0.0,0.0,0.0,0.0,33.0,28.342422
3187,1.6798,8665.3,35.24,0.326974,,,,6237.0,0.987,0.948,4.426,,,,0.0,1.0,0.0,0.0,143.2,534.257
3188,2.5315,860.6,2.85,0.027036,,,,6122.0,0.964,1.041,4.487,,,,0.0,0.0,0.0,0.0,40.5,57.048656
3189,1.2641,1185.1,4.17,0.039589,,,,6122.0,0.964,1.041,4.487,,,,0.0,0.0,0.0,0.0,23.1,42.963585
3190,1.544,227.3,1.64,0.015571,,,,6122.0,0.964,1.041,4.487,,,,0.0,0.0,0.0,0.0,17.4,29.04227
3191,2.666,114.9,1.23,0.010188,,,,6123.0,1.107,1.159,4.413,,,,0.0,0.0,0.0,0.0,10.1,7.486076
3192,5.3685,487.9,2.49,0.022845,,,,6253.0,0.997,0.93,4.41,,,,0.0,0.0,0.0,0.0,40.5,35.528416
3193,8.5858,1975.0,6.07,0.041779,,,,6181.0,1.331,1.106,4.234,,,,0.0,0.0,0.0,0.0,291.3,162.07628
3194,3.9808,5582.6,41.07,0.370862,,,,6348.0,1.014,1.016,4.434,,,,0.0,1.0,0.0,0.0,104.1,132.5251
3195,2.666,900.8,3.54,0.035403,,,,6332.0,0.915,1.001,4.516,,,,0.0,0.0,1.0,0.0,48.8,49.338993
3196,3.435,540.0,3.46,0.026865,,,,6535.0,1.181,1.202,4.373,,,,0.0,0.0,1.0,1.0,58.9,42.85799
3198,5.1658,501.4,2.43,0.021488,,,,6187.0,1.034,0.997,4.409,,,,0.0,0.0,0.0,0.0,100.3,48.265896
3199,5.0534,548.9,5.2,0.024519,,,,9523.0,1.941,2.202,4.205,,,,1.0,0.0,0.0,0.0,331.6,393.0098
3200,1.8643,27241.0,55.59,0.640334,,,,5708.0,0.795,0.883,4.578,,,,0.0,1.0,0.0,0.0,43.0,938.035
3201,5.756,657.5,2.67,0.023844,,,,5538.0,1.027,0.93,4.384,,,,0.0,0.0,0.0,0.0,36.3,28.843336
3202,2.9105,684.8,2.24,0.026957,,,,5001.0,0.76,0.806,4.582,,,,0.0,0.0,0.0,0.0,41.6,35.345795
3204,2.952,296.4,1.37,0.016505,,,,5001.0,0.76,0.806,4.582,,,,0.0,0.0,0.0,0.0,27.1,18.098701
3205,2.2537,218.4,1.19,0.014363,,,,5001.0,0.76,0.806,4.582,,,,0.0,0.0,0.0,0.0,24.0,20.295761
3206,2.835,288.9,1.45,0.017427,,,,5001.0,0.76,0.806,4.582,,,,0.0,0.0,0.0,0.0,22.1,19.982744
3207,3.2576,286.6,1.78,0.016289,,,,5654.0,1.001,0.908,4.395,,,,0.0,0.0,1.0,1.0,37.8,32.5147
3209,6.676,368.5,1.58,0.017331,,,,5552.0,0.836,0.931,4.562,,,,1.0,0.0,0.0,0.0,7.3,7.4799576
3210,2.6061,288.3,1.63,0.016667,,,,5252.0,0.898,0.815,4.442,,,,0.0,0.0,0.0,0.0,35.9,28.447165
3211,7.471,995.2,3.07,0.031289,,,,5252.0,0.898,0.815,4.442,,,,0.0,0.0,0.0,0.0,42.6,30.617346
3212,3.7256,121.8,18.91,0.212432,,,,5761.0,0.815,0.857,4.548,,,,0.0,0.0,1.0,0.0,48.4,57.51992
3213,4.7769,9636.3,8.73,0.095348,,,,5227.0,0.838,0.876,4.535,,,,0.0,0.0,0.0,0.0,257.2,188.06175
3214,2.4479,1765.6,3.44,0.037538,,,,5227.0,0.838,0.876,4.535,,,,0.0,0.0,0.0,0.0,124.3,102.849686
3215,3.31,678.1,2.35,0.024975,,,,5687.0,0.86,0.93,4.538,,,,1.0,0.0,1.0,0.0,8.2,7.4401913
3216,1.7442,484.4,1.82,0.019899,,,,5227.0,0.838,0.876,4.535,,,,0.0,0.0,0.0,0.0,44.7,36.352104
3217,3.6163,59294.0,38.05,0.296518,,,,5916.0,1.175,0.995,4.296,,,,0.0,1.0,0.0,0.0,339.9,8152.3105
3218,6.8151,4293.5,14.0,0.132398,,,,6061.0,0.968,0.939,4.438,,,,0.0,1.0,1.0,0.0,102.0,141.99004
3219,5.0274,906.3,2.64,0.03013,,,,5295.0,0.801,0.861,4.566,,,,0.0,0.0,0.0,0.0,44.1,36.558846
3220,4.066,910.0,8.15,0.119641,,,,4254.0,0.624,0.612,4.634,,,,0.0,1.0,1.0,0.0,30.9,31.666616
3222,4.3409,1292.9,3.85,0.032372,,,,5541.0,1.089,0.929,4.332,,,,0.0,0.0,0.0,0.0,120.0,99.55829
3223,2.8977,310.7,1.89,0.015879,,,,5541.0,1.089,0.929,4.332,,,,0.0,0.0,0.0,0.0,42.3,29.807705
3224,1.8806,761.3,2.14,0.024565,,,,5076.0,0.799,0.827,4.55,,,,0.0,0.0,0.0,0.0,77.7,65.18976
3225,7.0,1129.1,2.95,0.035555,,,,5001.0,0.76,0.806,4.582,,,,0.0,0.0,0.0,0.0,41.8,31.220211
3226,1.1935,732.6,3.27,0.029555,,,,6063.0,1.012,1.117,4.476,,,,0.0,0.0,1.0,0.0,97.7,73.8492
3228,3.4744,1655.5,3.34,0.036503,,,,5289.0,0.838,0.769,4.477,,,,0.0,0.0,0.0,0.0,61.4,60.3851
3229,3.6083,826.1,3.05,0.027039,,,,5674.0,1.032,1.086,4.446,,,,0.0,0.0,0.0,0.0,89.9,71.042274
3230,2.757,65.7,0.63,0.007798,,,,4900.0,0.741,0.806,4.602,,,,0.0,0.0,0.0,0.0,22.4,19.823141
3231,6.852,509.5,25.77,0.259878,,,,5938.0,0.908,0.992,4.518,,,,0.0,1.0,1.0,1.0,34.8,28.963373
3232,3.9305,955.9,2.55,0.027942,,,,5185.0,0.837,0.779,4.484,,,,0.0,0.0,0.0,0.0,53.2,40.057575
3234,2.1945,796.5,2.3,0.026756,,,,5506.0,0.788,0.876,4.584,,,,0.0,0.0,0.0,0.0,50.6,44.101025
3235,2.58,216.4,1.07,0.013434,,,,5344.0,0.728,0.686,4.55,,,,0.0,0.0,0.0,1.0,17.3,12.980131
3236,4.647,980.4,2.76,0.032391,,,,5309.0,0.781,0.869,4.588,,,,0.0,0.0,0.0,0.0,32.6,33.20943
3237,5.1227,2047.2,4.15,0.040459,,,,5376.0,0.94,0.934,4.462,,,,0.0,0.0,0.0,0.0,171.0,150.68636
3238,5.472,1552.8,4.28,0.041725,,,,5376.0,0.94,0.934,4.462,,,,0.0,0.0,0.0,0.0,49.6,46.990246
3239,3.69,,,,,,,,,,,,,,1.0,0.0,0.0,0.0,,
3240,3.7768,1034.4,2.99,0.029604,,,,5465.0,0.925,0.876,4.449,,,,0.0,0.0,0.0,0.0,252.8,203.21265
3241,6.918,325.7,1.67,0.016221,,,,5376.0,0.94,0.934,4.462,,,,0.0,0.0,0.0,0.0,21.8,16.51769
3242,7.6702,24419.2,15.29,0.143884,,,,6032.0,0.973,1.055,4.485,,,,0.0,1.0,0.0,0.0,1357.5,1431.6127
3243,1.3867,728.9,2.37,0.027117,,,,5076.0,0.799,0.827,4.55,,,,0.0,0.0,0.0,0.0,52.5,40.032463
3245,10.755,167.1,10.1,0.01487,,,,4604.0,6.221,1.218,2.936,,,,1.0,0.0,0.0,0.0,9.5,7.4894543
3246,3.6227,926.0,3.24,0.031094,,,,5815.0,0.954,0.875,4.421,,,,0.0,0.0,0.0,0.0,82.4,73.35643
3247,3.4253,170.1,1.39,0.013367,,,,5815.0,0.954,0.875,4.421,,,,0.0,0.0,0.0,0.0,25.6,21.593683
3249,4.1934,754.2,2.85,0.025297,,,,5674.0,1.032,1.086,4.446,,,,0.0,0.0,0.0,0.0,60.8,48.86812
3250,2.7535,877.7,2.74,0.026616,,,,5456.0,0.943,0.914,4.45,,,,0.0,0.0,0.0,0.0,80.1,57.862125
3251,3.3402,228.7,1.09,0.013487,,,,5044.0,0.738,0.708,4.551,,,,1.0,0.0,1.0,0.0,48.8,7.3476577
3252,2.599,1048.6,3.0,0.029133,,,,5456.0,0.943,0.914,4.45,,,,0.0,0.0,0.0,0.0,56.5,39.453987
3253,6.487,572.7,2.22,0.021546,,,,5456.0,0.943,0.914,4.45,,,,0.0,0.0,0.0,0.0,25.8,13.178303
3254,2.7226,472.4,2.59,0.022515,,,,5527.0,1.054,0.964,4.376,,,,0.0,0.0,0.0,0.0,51.8,38.672123
3255,2.7222,483.4,1.86,0.022038,,,,5077.0,0.774,0.806,4.567,,,,0.0,0.0,0.0,0.0,60.6,49.556583
3256,6.0768,321.3,2.7,0.017992,,,,5763.0,1.374,1.045,4.181,,,,0.0,0.0,0.0,0.0,38.1,32.531273
3257,5.734,485.6,2.37,0.020665,,,,6215.0,1.052,1.111,4.44,,,,0.0,1.0,0.0,0.0,11.3,7.278912
3258,7.1605,496.6,2.75,0.02018,,,,5751.0,1.247,1.018,4.254,,,,0.0,0.0,0.0,0.0,39.1,30.000671
3259,14.475,4020.6,8.03,0.058973,,,,5751.0,1.247,1.018,4.254,,,,0.0,0.0,0.0,0.0,171.0,136.66364
3260,4.4289,211.2,1.81,0.013325,,,,5751.0,1.247,1.018,4.254,,,,0.0,0.0,0.0,0.0,25.0,17.107796
3261,1.238,1293.6,5.05,0.041349,,,,6156.0,1.118,1.092,4.381,,,,0.0,1.0,0.0,0.0,52.1,46.813686
3262,7.6213,4675.3,34.82,0.369469,,,,5931.0,0.863,0.953,4.545,,,,0.0,1.0,1.0,0.0,161.3,190.76132
3264,6.8615,27590.8,15.8,0.161447,,,,5600.0,0.896,0.889,4.483,,,,0.0,1.0,0.0,0.0,971.1,2048.8374
3265,5.5692,8494.0,929.36,7.445899,,,,5988.0,1.143,1.152,4.382,,,,0.0,1.0,0.0,0.0,309.0,316.12747
3266,5.9128,4872.2,7.05,0.071239,,,,5986.0,0.906,0.942,4.498,,,,0.0,1.0,1.0,0.0,591.2,492.82507
3267,3.1152,1433.8,3.42,0.034222,,,,5559.0,0.914,0.899,4.47,,,,0.0,0.0,0.0,0.0,101.6,87.59254
3268,4.3773,1377.8,4.03,0.033351,,,,5433.0,1.107,0.896,4.302,,,,0.0,0.0,0.0,0.0,109.4,100.84191
3270,5.558,586.3,17.21,0.2096,,,,5594.0,0.752,0.841,4.602,,,,0.0,1.0,1.0,1.0,52.2,50.695923
3271,3.1232,335.1,2.96,0.016263,,,,5087.0,1.666,0.937,3.967,,,,0.0,0.0,1.0,0.0,88.7,32.86635
3272,1.94,2604.6,1.55,0.050013,,,,3395.0,0.283,0.271,4.97,,,,0.0,0.0,0.0,0.0,75.7,78.00336
3273,6.3363,5374.7,7.02,0.06741,,,,5592.0,0.953,0.973,4.467,,,,0.0,0.0,0.0,0.0,286.6,201.45831
3274,2.2647,764.8,2.6,0.024953,,,,5592.0,0.953,0.973,4.467,,,,0.0,0.0,0.0,0.0,87.1,67.36277
3276,3.5032,543.3,2.89,0.025119,,,,5527.0,1.054,0.964,4.376,,,,0.0,0.0,0.0,0.0,45.8,32.128864
3277,4.097,396.4,2.7,0.023474,,,,5527.0,1.054,0.964,4.376,,,,0.0,0.0,0.0,0.0,22.7,15.998437
3278,4.59,542.4,3.26,0.028309,,,,5527.0,1.054,0.964,4.376,,,,0.0,0.0,0.0,0.0,20.4,14.461805
3279,3.0549,629.7,2.36,0.023088,,,,6032.0,0.935,0.793,4.395,,,,0.0,0.0,0.0,0.0,69.2,62.001522
3280,2.2725,182.0,1.28,0.012564,,,,6032.0,0.935,0.793,4.395,,,,0.0,0.0,0.0,0.0,23.8,21.07471
3282,10.0248,347.7,3.37,0.017238,,,,6688.0,1.79,1.353,4.062,,,,0.0,0.0,0.0,0.0,95.1,71.26699
3283,3.156,175.4,1.4,0.013043,,,,6056.0,0.981,0.875,4.397,,,,0.0,0.0,1.0,1.0,37.2,30.723654
3284,3.8737,610.5,2.4,0.022792,,,,6122.0,0.964,1.041,4.487,,,,0.0,0.0,0.0,0.0,31.7,26.649704
3285,3.3812,777.7,2.64,0.028544,,,,5788.0,0.848,0.877,4.524,,,,0.0,0.0,0.0,0.0,78.9,65.98891
3286,4.5038,533.4,2.16,0.023337,,,,5788.0,0.848,0.877,4.524,,,,0.0,0.0,0.0,0.0,44.7,37.89774
3287,5.687,476.3,2.99,0.022964,,,,6072.0,1.193,1.146,4.343,,,,0.0,0.0,1.0,0.0,10.1,7.3113956
3288,3.7647,923.1,2.74,0.027423,,,,5559.0,0.914,0.899,4.47,,,,0.0,0.0,0.0,0.0,55.1,44.640903
3289,5.914,742.2,3.18,0.031848,,,,5559.0,0.914,0.899,4.47,,,,0.0,0.0,0.0,0.0,32.3,25.828817
3290,2.463,383.4,1.78,0.017627,,,,5465.0,0.925,0.876,4.449,,,,0.0,0.0,0.0,0.0,130.0,108.19572
3291,2.417,178.4,1.21,0.012074,,,,5559.0,0.914,0.899,4.47,,,,0.0,0.0,0.0,0.0,16.6,15.834582
3292,4.4859,647.6,2.86,0.024323,,,,5799.0,1.078,0.972,4.361,,,,0.0,0.0,0.0,0.0,87.8,74.35541
3293,2.271,69.8,0.73,0.009062,,,,4900.0,0.741,0.806,4.602,,,,0.0,0.0,1.0,0.0,11.9,8.511797
3294,8.553,1624.6,5.26,0.045248,,,,6240.0,1.064,1.025,4.397,,,,0.0,0.0,1.0,0.0,43.7,
3296,4.9611,3004.4,4.96,0.05176,,,,5815.0,0.877,0.973,4.54,,,,0.0,0.0,0.0,0.0,245.2,230.01062
3297,3.0397,1593.0,3.18,0.035648,,,,5157.0,0.818,0.771,4.5,,,,0.0,0.0,0.0,0.0,87.6,83.24724
3299,0.92,,,,,,,,,,,,,,0.0,1.0,1.0,0.0,,16.723782
3300,9.8964,81.3,1.21,0.008829,,,,6528.0,1.26,1.046,4.257,,,,1.0,0.0,0.0,0.0,4.6,7.567676
3301,2.579,41.5,0.51,0.006312,,,,4900.0,0.741,0.806,4.602,,,,0.0,0.0,0.0,0.0,15.8,13.874478
3302,3.3095,602.8,2.78,0.022098,,,,5638.0,1.153,1.029,4.327,,,,0.0,0.0,0.0,0.0,48.1,40.47481
3303,7.545,987.7,4.17,0.031415,,,,6520.0,1.215,1.279,4.375,,,,0.0,0.0,0.0,0.0,63.1,50.65838
3304,4.7,648.8,22.39,0.254375,,,,5644.0,0.806,0.9,4.575,,,,0.0,1.0,1.0,0.0,46.3,38.851402
3305,4.1918,1549.4,25.27,0.287451,,,,5485.0,0.805,0.891,4.574,,,,0.0,1.0,1.0,1.0,111.5,103.92036
3306,1.733,40.2,0.83,0.005889,,,,5679.0,1.286,0.844,4.146,,,,1.0,0.0,0.0,0.0,7.0,7.285471
3307,4.0263,637.6,2.55,0.027485,,,,5788.0,0.848,0.877,4.524,,,,0.0,0.0,0.0,0.0,41.4,32.83714
3308,1.403,255.7,1.65,0.015341,,,,5300.0,0.986,0.861,4.385,,,,0.0,0.0,0.0,0.0,36.2,24.679447
3309,1.593,94.1,0.96,0.008881,,,,5300.0,0.986,0.861,4.385,,,,0.0,0.0,0.0,0.0,17.3,14.349433
3310,2.8066,561.7,1.94,0.022176,,,,4979.0,0.803,0.811,4.538,,,,0.0,0.0,0.0,0.0,31.6,25.327707
3311,1.5599,209.2,1.13,0.012892,,,,4979.0,0.803,0.811,4.538,,,,0.0,0.0,0.0,0.0,31.0,24.889524
3313,1.89082,4284.5,41.57,0.360527,,,,6266.0,1.056,0.974,4.38,,,,0.0,1.0,0.0,0.0,312.2,304.36368
3314,5.179,928.5,32.21,0.293454,,,,5903.0,1.005,0.772,4.322,,,,0.0,0.0,1.0,1.0,36.5,33.84296
3315,2.8997,3680.7,7.31,0.055579,,,,5818.0,1.205,0.977,4.266,,,,0.0,0.0,0.0,0.0,421.2,399.7741
3316,2.5967,1124.8,3.0,0.033813,,,,5456.0,0.812,0.878,4.562,,,,0.0,0.0,0.0,0.0,63.8,57.036846
3317,3.2648,650.6,2.33,0.026266,,,,5456.0,0.812,0.878,4.562,,,,0.0,0.0,0.0,0.0,31.9,25.773003
3320,1.9457,2397.9,4.61,0.044422,,,,5776.0,0.95,1.068,4.512,,,,0.0,0.0,0.0,0.0,212.5,205.47449
3321,4.184,630.5,3.2,0.027345,,,,5395.0,1.071,0.882,4.324,,,,0.0,0.0,0.0,0.0,53.1,39.393997
3322,3.231,126.7,1.36,0.0116,,,,5395.0,1.071,0.882,4.324,,,,0.0,0.0,0.0,0.0,15.8,13.908586
3323,3.3603,1409.7,3.16,0.034313,,,,5873.0,0.843,0.93,4.554,,,,0.0,0.0,0.0,0.0,139.8,107.4761
3324,0.2961,0.8,0.48,0.001881,,,,6050.0,2.345,1.332,3.823,,,,0.0,0.0,0.0,1.0,0.0,9.033745
3325,3.334,338.7,2.01,0.018099,,,,5891.0,1.015,0.934,4.395,,,,0.0,1.0,1.0,1.0,26.4,25.180836
3326,2.0722,791.9,2.54,0.025966,,,,5461.0,0.897,0.926,4.499,,,,0.0,0.0,0.0,0.0,115.7,127.52513
3327,2.958,1018.4,2.09,0.029383,,,,4859.0,0.651,0.636,4.615,,,,0.0,0.0,0.0,0.0,95.6,86.580025
3328,5.1115,599.6,1.56,0.02192,,,,4859.0,0.651,0.636,4.615,,,,0.0,0.0,0.0,0.0,43.3,34.15652
3329,8.677,1291.8,2.29,0.032169,,,,4859.0,0.651,0.636,4.615,,,,0.0,0.0,0.0,0.0,49.0,41.98815
3330,10.42,633.7,2.46,0.023097,,,,6079.0,0.974,0.892,4.411,,,,1.0,0.0,0.0,0.0,9.9,7.7615943
3331,4.262,702.9,4.06,0.033535,,,,6355.0,1.108,1.151,4.41,,,,0.0,1.0,1.0,0.0,50.7,44.135624
3332,7.0686,505.1,4.52,0.023144,,,,6688.0,1.79,1.353,4.062,,,,0.0,0.0,0.0,0.0,70.0,45.071735
3333,2.2691,659.1,1.14,0.023657,,,,3751.0,0.443,0.452,4.8,,,,0.0,0.0,0.0,0.0,47.8,38.01624
3334,2.7399,799.7,1.29,0.026639,,,,3751.0,0.443,0.452,4.8,,,,0.0,0.0,0.0,0.0,47.1,36.183163
3335,1.7574,471.3,0.97,0.020036,,,,3751.0,0.443,0.452,4.8,,,,0.0,0.0,0.0,0.0,41.8,34.24418
3336,3.2881,661.3,1.15,0.023714,,,,3751.0,0.443,0.452,4.8,,,,0.0,0.0,0.0,0.0,33.9,23.637213
3337,5.33265,25079.5,17.53,0.149056,,,,6081.0,1.077,1.072,4.404,,,,0.0,1.0,0.0,0.0,1703.2,1482.9528
3338,3.691,413.4,2.77,0.023559,,,,6081.0,1.077,1.072,4.404,,,,0.0,0.0,1.0,0.0,44.4,35.46936
3340,7.1786,814.5,2.59,0.02568,,,,5465.0,0.925,0.876,4.449,,,,0.0,0.0,0.0,0.0,100.5,75.38519
3341,3.7965,1596.9,3.08,0.038279,,,,5176.0,0.738,0.826,4.612,,,,0.0,0.0,0.0,0.0,157.3,148.23543
3343,2.395,871.7,2.75,0.029987,,,,5573.0,0.839,0.939,4.562,,,,0.0,0.0,0.0,0.0,54.0,38.16564
3344,3.0937,532.8,2.84,0.023673,,,,5888.0,1.097,0.966,4.342,,,,0.0,0.0,0.0,0.0,52.5,44.60486
3345,3.6233,471.6,2.7,0.022565,,,,5888.0,1.097,0.966,4.342,,,,0.0,0.0,0.0,0.0,31.5,24.698427
3346,6.923,641.7,4.24,0.035401,,,,5888.0,1.097,0.966,4.342,,,,0.0,0.0,0.0,0.0,25.5,19.497467
3347,1.804,151.5,1.63,0.013596,,,,5888.0,1.097,0.966,4.342,,,,0.0,0.0,0.0,0.0,16.6,14.266844
3348,4.53,290.1,1.31,0.015413,,,,5481.0,0.778,0.871,4.592,,,,1.0,0.0,0.0,0.0,9.3,8.305737
3349,4.297,633.0,2.56,0.023415,,,,6063.0,1.001,1.079,4.47,,,,0.0,0.0,0.0,0.0,47.2,39.721058
3350,3.3649,691.7,2.1,0.023784,,,,5546.0,0.81,0.907,4.575,,,,0.0,0.0,0.0,0.0,251.9,223.70905
3351,6.695,727.8,2.76,0.025247,,,,6063.0,1.001,1.079,4.47,,,,0.0,0.0,0.0,0.0,41.3,34.10438
3352,3.5889,882.1,2.58,0.028553,,,,4963.0,0.826,0.789,4.501,,,,0.0,0.0,0.0,0.0,70.4,50.40442
3353,2.4012,328.2,1.61,0.017857,,,,4963.0,0.826,0.789,4.501,,,,0.0,0.0,0.0,0.0,33.1,23.608395
3354,5.8883,9127.8,29.01,0.374634,,,,5066.0,0.709,0.784,4.625,,,,0.0,0.0,1.0,0.0,323.4,375.77765
3355,5.4381,455.3,2.87,0.02134,,,,6112.0,1.233,1.057,4.281,,,,0.0,0.0,0.0,0.0,58.6,46.60217
3356,4.388,123.5,1.44,0.01068,,,,6112.0,1.233,1.057,4.281,,,,0.0,0.0,0.0,0.0,21.3,16.838892
3357,3.3129,711.4,2.96,0.024912,,,,5622.0,1.089,0.958,4.346,,,,0.0,0.0,0.0,0.0,70.5,58.03445
3358,1.9743,214.0,1.63,0.013746,,,,5622.0,1.089,0.958,4.346,,,,0.0,0.0,0.0,0.0,27.9,23.648258
3359,3.7962,1035.2,2.98,0.032994,,,,4963.0,0.826,0.789,4.501,,,,0.0,0.0,0.0,0.0,64.7,53.613182
3361,4.539,1132.2,2.96,0.036768,,,,5176.0,0.738,0.826,4.612,,,,0.0,0.0,0.0,0.0,54.2,52.26374
3363,5.349,11929.1,9.94,0.111908,,,,5324.0,0.813,0.746,4.491,,,,0.0,1.0,0.0,0.0,944.4,852.9356
3364,3.2806,8243.2,39.89,0.391955,,,,6003.0,0.932,1.019,4.507,,,,0.0,1.0,0.0,0.0,427.5,395.0671
3365,2.1939,2652.1,3.8,0.047131,,,,4882.0,0.738,0.718,4.558,,,,0.0,0.0,0.0,0.0,276.1,274.07208
3367,2.1033,120.8,1.74,0.010106,,,,6178.0,1.58,1.16,4.106,,,,0.0,0.0,1.0,1.0,43.0,21.526688
3369,2.7546,723.5,2.1,0.024994,,,,5081.0,0.77,0.864,4.596,,,,0.0,0.0,0.0,0.0,48.7,39.229824
3370,3.0935,864.9,2.34,0.027875,,,,5081.0,0.77,0.864,4.596,,,,0.0,0.0,0.0,0.0,45.3,36.255608
3371,2.9264,706.6,2.24,0.026288,,,,4768.0,0.779,0.759,4.536,,,,0.0,0.0,0.0,0.0,36.0,31.20086
3372,2.976,121.1,1.1,0.010131,,,,6078.0,0.994,0.978,4.434,,,,1.0,0.0,0.0,0.0,8.6,8.0962
3373,4.5414,10930.0,10.86,0.133626,,,,5247.0,0.744,0.833,4.609,,,,0.0,1.0,0.0,0.0,69.6,289.0791
3374,2.5378,1055.8,60.74,0.505225,,,,6398.0,1.101,1.141,4.411,,,,0.0,0.0,1.0,0.0,51.8,49.75153
3375,5.5835,2012.2,21.69,0.300534,,,,4820.0,0.661,0.644,4.606,,,,0.0,0.0,1.0,1.0,213.7,21.085688
3377,1.4866,2008.4,4.69,0.042151,,,,5962.0,1.019,1.102,4.464,,,,0.0,0.0,1.0,0.0,125.3,58.502357
3379,6.1191,781.8,3.46,0.025359,,,,5814.0,1.248,1.055,4.269,,,,0.0,0.0,0.0,0.0,39.4,27.603867
3380,3.2935,120.0,1.0,0.010027,,,,5604.0,0.912,1.004,4.52,,,,0.0,0.0,0.0,0.0,30.4,24.836557
3381,3.1365,457.1,2.88,0.024271,,,,5784.0,1.085,0.966,4.352,,,,0.0,0.0,0.0,0.0,52.2,43.133007
3382,7.074,429.9,3.2,0.021549,,,,6419.0,1.362,1.012,4.175,,,,0.0,0.0,0.0,0.0,38.5,32.50293
3383,3.12,339.1,3.69,0.028823,,,,5575.0,1.173,0.951,4.278,,,,0.0,1.0,1.0,1.0,43.1,37.715553
3384,34.48,496.1,24.74,0.232114,,,,5313.0,0.976,0.854,4.39,,,,1.0,0.0,0.0,0.0,16.9,10.405827
3385,8.79536,4253.2,9.11,0.059289,,,,5868.0,1.407,1.066,4.169,,,,0.0,1.0,0.0,0.0,1055.9,777.0994
3389,3.6069,303.0,3.07,0.017772,,,,6432.0,1.584,1.337,4.164,,,,0.0,0.0,0.0,0.0,76.1,54.85849
3390,7.22,1107.7,2.74,0.030977,,,,5546.0,0.81,0.907,4.575,,,,1.0,0.0,0.0,0.0,9.2,8.084263
3393,5.7471,436.7,2.68,0.019691,,,,5814.0,1.248,1.055,4.269,,,,0.0,0.0,0.0,0.0,25.3,15.3733635
3394,7.202,577.9,3.57,0.026226,,,,5814.0,1.248,1.055,4.269,,,,0.0,0.0,0.0,0.0,26.0,17.067675
3395,7.4355,609.2,2.61,0.023742,,,,5979.0,1.005,0.913,4.394,,,,0.0,0.0,0.0,0.0,116.9,99.92415
3397,5.7351,349.8,2.42,0.017768,,,,5814.0,1.248,1.055,4.269,,,,0.0,0.0,0.0,0.0,23.7,15.655474
3398,3.547,1526.9,171.85,1.855784,,,,5795.0,0.848,0.938,4.554,,,,0.0,1.0,1.0,1.0,60.4,94.90233
3400,3.1199,268.2,1.34,0.014748,,,,5411.0,0.831,0.917,4.561,,,,0.0,0.0,0.0,0.0,41.6,42.12431
3401,10.572,828.2,3.25,0.028533,,,,5761.0,1.044,0.96,4.383,,,,0.0,0.0,0.0,0.0,47.8,41.6243
3402,8.6841,1856.8,4.87,0.050019,,,,6077.0,0.891,0.974,4.526,,,,0.0,1.0,1.0,0.0,191.3,235.28323
3403,3.317,523.1,2.52,0.021311,,,,6020.0,1.085,1.049,4.389,,,,0.0,0.0,0.0,0.0,19.2,51.867584
3404,3.77516,14293.6,55.2,0.210985,,,,6753.0,2.396,1.701,3.91,,,,0.0,1.0,0.0,0.0,1898.4,1869.2343
3405,3.0427,274.9,3.54,0.016437,,,,6185.0,1.972,1.46,4.013,,,,0.0,0.0,0.0,0.0,64.4,51.77585
3406,3.5246,415.6,1.53,0.018967,,,,5656.0,0.737,0.801,4.607,,,,0.0,0.0,0.0,0.0,38.4,33.020035
3407,2.604,151.3,1.11,0.011472,,,,5121.0,0.888,0.822,4.457,,,,0.0,0.0,0.0,0.0,9.1,8.032078
3408,1.4886,1570.5,7.24,0.076031,,,,6215.0,0.872,0.968,4.543,,,,0.0,1.0,0.0,0.0,169.8,280.71524
3409,4.9402,463.2,3.53,0.020856,,,,5858.0,1.549,1.133,4.112,,,,0.0,0.0,0.0,0.0,168.3,127.94779
3410,8.412,668.0,2.83,0.023633,,,,5956.0,1.098,0.922,4.322,,,,0.0,0.0,0.0,0.0,95.3,76.07048
3411,6.471,120.4,1.21,0.010102,,,,5956.0,1.098,0.922,4.322,,,,0.0,0.0,0.0,0.0,20.3,16.124304
3412,1.8594,1130.7,3.57,0.034238,,,,5550.0,0.954,1.05,4.5,,,,0.0,0.0,0.0,0.0,128.2,18.479853
3414,1.283,88.3,0.94,0.008585,,,,5875.0,0.998,1.088,4.476,,,,0.0,1.0,1.0,0.0,16.3,13.561377
3415,3.078,169.0,1.41,0.013572,,,,5550.0,0.954,1.05,4.5,,,,0.0,0.0,0.0,0.0,12.6,10.598249
3416,2.8874,1608.1,3.15,0.042444,,,,5016.0,0.679,0.743,4.641,,,,0.0,0.0,0.0,0.0,68.5,58.546432
3417,3.1101,1249.8,2.39,0.03229,,,,5016.0,0.679,0.743,4.641,,,,0.0,0.0,0.0,0.0,41.7,36.493874
3418,10.6977,19963.9,7.37,0.131873,,,,4723.0,0.512,0.526,4.741,,,,0.0,1.0,0.0,0.0,415.7,739.0865
3419,5.018,1102.2,2.9,0.03015,,,,5750.0,0.882,0.98,4.538,,,,0.0,0.0,0.0,0.0,97.2,60.679752
3420,7.334,1254.2,3.51,0.036415,,,,5750.0,0.882,0.98,4.538,,,,0.0,0.0,0.0,0.0,73.7,53.49991
3421,5.5828,459.1,2.89,0.019546,,,,6141.0,1.352,1.247,4.272,,,,0.0,0.0,0.0,0.0,43.9,47.135498
3422,2.9182,655.3,2.43,0.026055,,,,5324.0,0.853,0.928,4.544,,,,0.0,0.0,0.0,0.0,59.9,51.33594
3423,1.8113,180.1,1.33,0.012128,,,,5736.0,1.008,1.087,4.467,,,,0.0,0.0,0.0,0.0,42.1,32.406216
3424,0.8752,332.1,2.22,0.020176,,,,5736.0,1.008,1.087,4.467,,,,0.0,0.0,0.0,0.0,36.0,25.570423
3426,8.349,253.2,1.95,0.01708,,,,6000.0,1.044,1.122,4.45,,,,0.0,0.0,0.0,0.0,36.5,22.407696
3427,7.012,384.1,2.05,0.017953,,,,6000.0,1.044,1.122,4.45,,,,0.0,0.0,0.0,0.0,67.5,43.60262
3428,4.9974,928.1,3.11,0.029277,,,,5679.0,0.972,1.058,4.487,,,,0.0,0.0,0.0,0.0,114.3,86.8946
3429,2.2207,435.2,1.39,0.018691,,,,5016.0,0.679,0.743,4.641,,,,0.0,0.0,0.0,0.0,23.9,20.515207
3430,1.8491,813.4,2.14,0.028845,,,,5016.0,0.679,0.743,4.641,,,,0.0,0.0,0.0,0.0,16.1,14.95795
3431,2.946,460.1,2.05,0.020536,,,,5559.0,0.914,0.899,4.47,,,,1.0,0.0,0.0,0.0,8.6,7.9018373
3432,7.2518,1151.3,3.08,0.031008,,,,5955.0,0.91,0.999,4.52,,,,0.0,0.0,0.0,0.0,64.5,46.01647
3433,6.3729,736.8,2.75,0.024683,,,,5833.0,1.022,0.974,4.407,,,,0.0,0.0,0.0,0.0,126.8,105.49973
3437,1.7694,192.5,1.26,0.013161,,,,5978.0,0.876,0.958,4.534,,,,0.0,0.0,1.0,1.0,37.8,35.457718
3438,1.745,365.9,1.47,0.018035,,,,5278.0,0.746,0.791,4.591,,,,0.0,1.0,0.0,0.0,47.8,33.137215
3439,7.4493,23886.1,17.09,0.142767,,,,5761.0,1.096,0.885,4.306,,,,0.0,1.0,1.0,0.0,1283.6,1945.2786
3440,4.8475,588.0,2.16,0.022053,,,,5739.0,0.896,0.875,4.476,,,,0.0,0.0,0.0,0.0,79.8,71.085464
3441,6.4185,138.5,2.61,0.012372,,,,6122.0,1.934,1.427,4.019,,,,0.0,0.0,1.0,0.0,46.7,35.08596
3443,3.8627,488.6,3.62,0.022926,,,,5827.0,1.447,1.081,4.151,,,,0.0,0.0,0.0,0.0,103.1,37.551075
3444,4.5837,482.2,3.33,0.021282,,,,5880.0,1.433,1.068,4.154,,,,0.0,0.0,0.0,0.0,144.2,122.28668
3445,2.48998,8378.9,120.02,0.688677,,,,6120.0,1.596,1.009,4.036,,,,0.0,1.0,0.0,0.0,550.2,494.6993
3447,3.2906,1529.0,2.33,0.035431,,,,4126.0,0.602,0.616,4.668,,,,0.0,0.0,0.0,0.0,40.2,33.832794
3448,2.813,601.3,1.44,0.021833,,,,4126.0,0.602,0.616,4.668,,,,0.0,0.0,0.0,0.0,24.2,19.473684
3449,3.7343,3271.1,5.16,0.06429,,,,5268.0,0.735,0.789,4.602,,,,0.0,1.0,0.0,0.0,125.6,112.12642
3450,3.075,1184.6,2.98,0.031329,,,,5730.0,0.87,0.968,4.545,,,,0.0,0.0,0.0,0.0,51.4,38.329365
3451,2.9569,188.9,1.95,0.014143,,,,5877.0,1.265,0.997,4.233,,,,0.0,0.0,0.0,0.0,28.5,22.345987
3452,7.939,256.5,2.01,0.014585,,,,5877.0,1.265,0.997,4.233,,,,0.0,0.0,0.0,0.0,38.3,28.804035
3453,3.22798,20690.7,60.05,0.424637,,,,6431.0,1.295,1.199,4.293,,,,0.0,1.0,0.0,0.0,1670.6,2997.6958
3454,4.5122,210.6,2.06,0.01336,,,,6011.0,1.409,0.963,4.123,,,,0.0,0.0,0.0,0.0,66.2,49.771988
3456,33.787,4080.1,116.93,0.363842,,,,6033.0,2.943,1.5,3.676,,,,0.0,1.0,0.0,0.0,294.4,425.50308
3457,2.9557,551.3,2.23,0.024615,,,,5677.0,0.828,0.92,4.563,,,,0.0,0.0,0.0,0.0,51.8,46.549694
3458,3.2069,236.5,1.42,0.015651,,,,5677.0,0.828,0.92,4.563,,,,0.0,0.0,0.0,0.0,42.0,33.322113
3459,3.742,198.1,1.21,0.013386,,,,5677.0,0.828,0.92,4.563,,,,0.0,0.0,0.0,0.0,30.5,25.679129
3460,5.662,295.6,1.45,0.015986,,,,5677.0,0.828,0.92,4.563,,,,0.0,0.0,0.0,0.0,25.0,17.723257
3461,3.2825,1039.6,2.78,0.029278,,,,5730.0,0.87,0.968,4.545,,,,0.0,0.0,0.0,0.0,41.3,28.055307
3462,1.4942,729.4,1.39,0.024255,,,,3736.0,0.525,0.533,4.724,,,,0.0,0.0,0.0,0.0,65.2,50.901573
3464,3.4202,918.6,2.44,0.032562,,,,4869.0,0.687,0.767,4.636,,,,0.0,0.0,0.0,0.0,36.2,30.951159
3465,4.60672,38524.0,21.55,0.218013,,,,5754.0,0.905,1.021,4.534,,,,0.0,1.0,0.0,0.0,1144.3,1094.4517
3466,8.6567,315.6,2.71,0.016268,,,,6188.0,1.524,1.33,4.196,,,,0.0,0.0,0.0,0.0,67.9,43.83411
3467,2.2741,952.6,3.27,0.027957,,,,5751.0,1.071,1.028,4.391,,,,0.0,0.0,0.0,0.0,473.2,432.8909
3468,2.1433,903.4,5.15,0.028458,,,,5059.0,1.657,0.947,3.976,,,,0.0,0.0,0.0,0.0,96.3,87.73557
3469,3.0148,2303.5,5.45,0.053978,,,,6032.0,0.924,0.96,4.489,,,,0.0,1.0,1.0,1.0,60.9,135.50443
3470,2.8701,3076.0,4.43,0.049706,,,,5303.0,0.817,0.86,4.547,,,,0.0,0.0,0.0,0.0,195.9,253.61078
3471,2.9355,943.2,1.98,0.027346,,,,4926.0,0.662,0.727,4.653,,,,0.0,0.0,0.0,0.0,99.7,81.64505
3472,2.7308,326.9,1.42,0.01718,,,,5985.0,0.758,0.846,4.603,,,,0.0,0.0,1.0,0.0,2.6,21.845173
3473,2.3572,425.9,1.33,0.018387,,,,4926.0,0.662,0.727,4.653,,,,0.0,0.0,0.0,0.0,73.0,57.161266
3474,7.123,711.1,1.72,0.023749,,,,4926.0,0.662,0.727,4.653,,,,0.0,0.0,0.0,0.0,46.3,35.94064
3475,14.833,229.2,66.76,0.21287,,,,5365.0,2.872,1.403,3.669,,,,0.0,1.0,1.0,1.0,79.3,27.784414
3476,13.755,1273.0,5.47,0.034951,,,,5880.0,1.433,1.068,4.154,,,,0.0,0.0,0.0,0.0,184.6,116.052956
3477,1.6235,126.9,1.84,0.010622,,,,6561.0,1.584,1.272,4.14,,,,0.0,0.0,1.0,0.0,44.4,25.245798
3478,1.5034,146.0,1.41,0.011581,,,,6225.0,1.116,1.011,4.348,,,,0.0,1.0,1.0,0.0,43.1,29.664524
3479,3.254,336.5,1.75,0.017524,,,,5675.0,0.915,0.878,4.459,,,,0.0,0.0,0.0,0.0,37.5,29.628357
3480,1.1939,238.2,1.72,0.017212,,,,5675.0,0.915,0.878,4.459,,,,0.0,0.0,0.0,0.0,13.6,10.490836
3481,5.9629,387.1,2.68,0.020797,,,,6034.0,1.179,1.164,4.359,,,,0.0,0.0,0.0,0.0,78.4,61.41775
3482,12.091,360.6,2.47,0.019153,,,,6034.0,1.179,1.164,4.359,,,,0.0,0.0,0.0,0.0,46.3,34.665714
3483,1.7499,3639.6,384.26,0.348229,,,,6244.0,10.105,2.936,2.897,,,,0.0,1.0,0.0,0.0,109.2,32.173656
3484,2.7838,680.2,2.47,0.02808,,,,5316.0,0.804,0.876,4.57,,,,0.0,0.0,0.0,0.0,58.4,57.642532
3485,3.0512,1197.6,5.89,0.040293,,,,6663.0,1.338,1.235,4.275,,,,0.0,0.0,1.0,0.0,237.4,54.62349
3486,6.0624,43701.9,42.19,0.272653,,,,6706.0,1.417,1.24,4.226,,,,0.0,1.0,0.0,0.0,1230.7,2281.6155
3487,7.9588,797.9,4.76,0.025733,,,,5900.0,1.694,1.1,4.022,,,,0.0,0.0,0.0,0.0,117.3,77.61443
3488,9.8052,541.4,3.92,0.021195,,,,5900.0,1.694,1.1,4.022,,,,0.0,0.0,0.0,0.0,66.5,40.8838
3489,1.873,50.9,0.64,0.006522,,,,5838.0,0.897,0.992,4.529,,,,0.0,1.0,0.0,0.0,8.8,7.378707
3490,3.0825,268.0,2.72,0.020059,,,,6736.0,1.243,1.224,4.335,,,,0.0,0.0,1.0,0.0,83.3,46.342224
3491,2.0396,549.1,1.53,0.020652,,,,4671.0,0.68,0.75,4.636,,,,0.0,0.0,0.0,0.0,68.0,53.630383
3492,2.8349,79.8,0.98,0.008409,,,,5751.0,1.071,1.028,4.391,,,,0.0,0.0,0.0,0.0,29.3,22.478708
3493,2.9227,792.6,1.88,0.025366,,,,4671.0,0.68,0.75,4.636,,,,0.0,0.0,0.0,0.0,60.0,48.681114
3494,1.9529,503.7,2.61,0.022069,,,,5821.0,1.085,0.972,4.355,,,,0.0,0.0,0.0,0.0,75.4,64.98132
3495,8.8077,444.5,3.55,0.019205,,,,5900.0,1.694,1.1,4.022,,,,0.0,0.0,0.0,0.0,57.6,39.803574
3496,6.6677,280.0,2.82,0.015243,,,,5900.0,1.694,1.1,4.022,,,,0.0,0.0,0.0,0.0,48.8,34.928776
3497,4.9064,119.7,1.85,0.009996,,,,5900.0,1.694,1.1,4.022,,,,0.0,0.0,0.0,0.0,27.3,13.906199
3498,6.864,586.9,2.95,0.022193,,,,6086.0,1.216,1.013,4.274,,,,0.0,0.0,0.0,0.0,85.7,57.129204
3500,3.9015,201.2,25.79,0.19961,,,,6170.0,1.183,0.927,4.259,,,,0.0,1.0,1.0,0.0,53.1,44.745174
3501,2.1121,491.3,2.54,0.021479,,,,5821.0,1.085,0.972,4.355,,,,0.0,0.0,0.0,0.0,58.8,50.1357
3502,3.845,162.4,1.37,0.011589,,,,5821.0,1.085,0.972,4.355,,,,0.0,0.0,0.0,0.0,18.5,14.24908
3503,4.3243,342.5,5.86,0.016596,,,,5460.0,3.231,1.609,3.626,,,,0.0,0.0,0.0,0.0,46.9,35.20552
3504,7.1228,290.8,2.32,0.015794,,,,5460.0,1.346,0.911,4.139,,,,0.0,0.0,0.0,0.0,77.9,48.483234
3506,4.1682,379.6,2.71,0.02071,,,,5815.0,1.198,0.976,4.27,,,,0.0,0.0,0.0,0.0,41.1,30.417171
3507,5.0324,295.1,2.12,0.015935,,,,6086.0,1.216,1.013,4.274,,,,0.0,0.0,0.0,0.0,55.1,41.43756
3508,4.0819,663.9,2.17,0.02406,,,,5376.0,0.825,0.814,4.516,,,,0.0,0.0,0.0,0.0,67.3,58.81958
3509,3.9567,155.8,2.12,0.011506,,,,6167.0,1.689,1.135,4.037,,,,0.0,0.0,0.0,0.0,49.0,36.425716
3510,3.3443,102.1,1.84,0.009957,,,,6167.0,1.689,1.135,4.037,,,,0.0,0.0,0.0,0.0,23.2,18.959463
3512,3.683,58.3,1.29,0.007007,,,,6167.0,1.689,1.135,4.037,,,,0.0,0.0,0.0,0.0,20.8,16.123747
3513,2.9453,1475.6,35.9,0.292251,,,,5499.0,1.125,0.878,4.28,,,,0.0,1.0,1.0,1.0,131.2,136.40614
3514,6.8822,19242.4,11.86,0.130017,,,,5366.0,0.835,0.805,4.5,,,,0.0,1.0,0.0,0.0,438.2,1356.7852
3515,1.8289,936.8,1.77,0.029172,,,,3939.0,0.557,0.575,4.705,,,,0.0,0.0,0.0,0.0,98.1,62.24406
3517,2.7189,14610.0,14.37,0.127297,,,,6068.0,1.034,1.042,4.428,,,,0.0,1.0,0.0,0.0,113.2,1215.513
3519,4.459,166.5,1.78,0.013624,,,,5815.0,1.198,0.976,4.27,,,,0.0,0.0,0.0,0.0,14.6,10.894302
3520,5.8201,303.8,2.29,0.015775,,,,5843.0,1.332,1.151,4.25,,,,0.0,0.0,0.0,0.0,78.6,57.729088
3521,1.8559,536.7,1.37,0.022754,,,,4121.0,0.553,0.57,4.709,,,,0.0,0.0,0.0,0.0,99.8,86.821
3522,2.065,627.1,1.5,0.022172,,,,4264.0,0.62,0.607,4.637,,,,0.0,0.0,1.0,0.0,10.0,7.4721065
3523,3.325,864.5,2.62,0.026641,,,,5650.0,0.899,0.932,4.5,,,,0.0,0.0,0.0,0.0,116.9,107.95887
3524,2.8014,715.4,1.58,0.026202,,,,4121.0,0.553,0.57,4.709,,,,0.0,0.0,0.0,0.0,60.8,50.225945
3525,6.2289,837.7,3.05,0.02674,,,,5497.0,1.046,0.988,4.394,,,,0.0,0.0,0.0,0.0,71.3,58.786575
3526,3.0504,206.6,1.47,0.012902,,,,5497.0,1.046,0.988,4.394,,,,0.0,0.0,0.0,0.0,47.4,40.834072
3527,9.654,689.9,2.69,0.023514,,,,5497.0,1.046,0.988,4.394,,,,0.0,0.0,0.0,0.0,47.5,28.535248
3529,1.931,162.5,1.11,0.012106,,,,5691.0,0.836,0.928,4.56,,,,0.0,1.0,1.0,1.0,37.4,28.797455
3530,3.5065,511.3,34.19,0.249688,,,,6820.0,1.254,1.227,4.328,,,,0.0,1.0,1.0,1.0,131.4,51.929333
3531,9.664,2279.4,3.47,0.050052,,,,4469.0,0.635,0.621,4.625,,,,0.0,0.0,1.0,0.0,120.3,95.92891
3532,1.875,4576.8,13.57,0.107517,,,,5949.0,1.156,0.998,4.311,,,,0.0,1.0,0.0,0.0,63.3,369.0751
3533,2.6588,983.2,1.82,0.027965,,,,4102.0,0.595,0.612,4.675,,,,0.0,0.0,0.0,0.0,44.7,37.293514
3535,1.3433,170.2,1.4,0.013013,,,,5842.0,0.985,0.959,4.433,,,,0.0,0.0,1.0,1.0,48.4,36.647564
3536,3.6888,126.3,1.5,0.010306,,,,6181.0,1.331,1.106,4.234,,,,0.0,0.0,0.0,0.0,47.2,31.52265
3537,4.8655,212.8,1.85,0.014821,,,,5762.0,1.143,0.982,4.314,,,,0.0,0.0,0.0,0.0,43.1,35.811054
3538,3.947,106.9,1.32,0.010595,,,,5762.0,1.143,0.982,4.314,,,,0.0,0.0,0.0,0.0,25.6,20.25474
3539,2.617,279.1,34.14,0.014994,,,,4996.0,20.848,3.584,2.354,,,,0.0,0.0,1.0,0.0,10.5,13.496643
3540,5.768,85.0,1.29,0.010373,,,,5762.0,1.143,0.982,4.314,,,,0.0,0.0,0.0,0.0,14.1,11.136332
3541,4.1246,436.5,3.6,0.021224,,,,5918.0,1.555,1.181,4.127,,,,0.0,0.0,0.0,0.0,97.6,75.933205
3542,3.0792,101.1,1.72,0.010126,,,,5918.0,1.555,1.181,4.127,,,,0.0,0.0,0.0,0.0,38.0,31.847212
3543,3.9092,520.2,2.87,0.020908,,,,6215.0,1.259,1.17,4.305,,,,0.0,0.0,0.0,0.0,161.4,144.28577
3544,2.2209,847.4,2.46,0.02602,,,,5328.0,0.865,0.971,4.551,,,,0.0,0.0,0.0,0.0,160.3,165.43068
3546,1.7517,7662.0,32.76,0.310564,,,,6106.0,0.966,1.043,4.487,,,,0.0,1.0,0.0,0.0,67.8,1057.8088
3548,3.1506,262.0,2.04,0.014617,,,,5676.0,1.28,1.056,4.247,,,,0.0,0.0,0.0,0.0,36.3,29.69435
3549,3.1505,616.1,2.11,0.025087,,,,5132.0,0.77,0.805,4.571,,,,0.0,0.0,0.0,0.0,44.2,38.613728
3550,5.2679,820.4,2.33,0.02774,,,,5132.0,0.77,0.805,4.571,,,,0.0,0.0,0.0,0.0,49.9,46.8974
3551,4.064,250.2,1.38,0.014777,,,,5448.0,0.857,0.977,4.562,,,,0.0,0.0,1.0,1.0,26.7,20.756702
3552,2.2491,3860.7,11.26,0.072414,,,,5963.0,1.424,1.22,4.218,,,,0.0,0.0,0.0,0.0,218.5,217.3461
3553,5.0423,4981.4,48.15,0.358206,,,,5559.0,1.231,0.895,4.209,,,,0.0,1.0,1.0,0.0,86.6,97.7956
3554,4.0935,86.0,1.65,0.009729,,,,5918.0,1.555,1.181,4.127,,,,0.0,0.0,0.0,0.0,27.2,18.185007
3555,4.1483,613.7,2.72,0.026424,,,,5629.0,0.943,1.033,4.503,,,,0.0,0.0,0.0,0.0,74.2,63.322964
3557,2.6845,9738.6,10.34,0.094666,,,,5780.0,1.0,1.0,4.438,,,,0.0,0.0,1.0,0.0,205.8,209.95412
3558,7.63871,25479.1,47.58,0.147857,,,,6444.0,2.947,1.393,3.643,,,,0.0,1.0,0.0,0.0,2013.6,2796.1816
3559,1.1134,1507.6,3.25,0.039108,,,,4780.0,0.761,0.835,4.597,,,,0.0,0.0,0.0,0.0,312.7,284.4772
3560,5.942,605.7,23.71,0.236223,,,,5661.0,0.919,0.929,4.48,,,,0.0,1.0,1.0,1.0,86.6,103.53328
3561,1.257,41.4,0.82,0.005833,,,,5676.0,1.28,1.056,4.247,,,,0.0,0.0,0.0,0.0,14.6,11.478353
3562,3.4437,383.5,3.29,0.020175,,,,5788.0,1.495,1.179,4.16,,,,0.0,0.0,0.0,0.0,84.8,62.9034
3563,6.0875,575.1,4.01,0.024589,,,,5788.0,1.495,1.179,4.16,,,,0.0,0.0,0.0,0.0,74.4,46.50063
3564,6.191,379.3,3.55,0.02177,,,,5788.0,1.495,1.179,4.16,,,,0.0,0.0,0.0,0.0,34.1,22.787811
3565,1.5501,577.6,1.8,0.025742,,,,4499.0,0.639,0.643,4.635,,,,0.0,0.0,0.0,0.0,82.1,84.98935
3566,1.3665,305.2,2.08,0.019089,,,,6077.0,0.999,1.077,4.471,,,,0.0,0.0,1.0,0.0,39.6,27.404266
3567,2.9799,6941.7,40.36,0.383769,,,,5858.0,0.963,1.056,4.495,,,,0.0,1.0,0.0,0.0,222.3,221.32219
3568,2.6903,1026.2,2.94,0.028977,,,,5672.0,0.929,1.008,4.506,,,,0.0,0.0,0.0,0.0,59.1,48.7044
3569,2.6273,48050.0,21.02,0.217491,,,,5941.0,0.885,0.975,4.533,,,,0.0,1.0,0.0,0.0,200.5,3256.0266
3570,5.7845,6208.7,7.65,0.072072,,,,6046.0,0.972,1.053,4.486,,,,0.0,0.0,0.0,0.0,285.1,176.52367
3571,3.587,262.2,2.16,0.016446,,,,5672.0,1.204,1.005,4.279,,,,0.0,0.0,0.0,0.0,42.5,35.765453
3572,3.3275,150.0,1.83,0.011156,,,,5966.0,1.499,1.213,4.169,,,,0.0,0.0,0.0,0.0,41.5,34.25167
3573,1.465,55.7,0.73,0.008848,,,,4973.0,0.754,0.848,4.603,,,,0.0,0.0,1.0,1.0,6.9,8.617992
3574,3.87,120.9,1.65,0.010079,,,,5966.0,1.499,1.213,4.169,,,,0.0,0.0,0.0,0.0,27.4,20.354172
3575,3.854,129.5,1.72,0.010516,,,,5966.0,1.499,1.213,4.169,,,,0.0,0.0,0.0,0.0,19.6,14.354362
3576,4.051,95.5,1.47,0.009009,,,,5966.0,1.499,1.213,4.169,,,,0.0,0.0,0.0,0.0,18.2,12.992093
3577,4.174,194.3,0.9,0.012866,,,,4499.0,0.639,0.643,4.635,,,,0.0,0.0,0.0,0.0,26.9,22.87844
3578,4.6074,500.9,2.35,0.021404,,,,5979.0,1.005,0.913,4.394,,,,0.0,0.0,0.0,0.0,165.5,148.07864
3579,1.78,79.9,1.1,0.008406,,,,6363.0,1.198,1.273,4.386,,,,0.0,0.0,1.0,0.0,10.1,8.494467
3580,5.0041,361.8,1.18,0.016968,,,,4499.0,0.639,0.643,4.635,,,,0.0,0.0,0.0,0.0,42.9,36.883266
3581,1.6261,160.3,0.86,0.012296,,,,4499.0,0.639,0.643,4.635,,,,0.0,0.0,0.0,0.0,35.6,32.666714
3582,2.557,1384.3,3.1,0.035077,,,,5244.0,0.81,0.826,4.538,,,,0.0,0.0,0.0,0.0,45.5,116.45312
3583,5.16165,7458.4,16.66,0.079898,,,,6036.0,1.909,1.236,3.968,,,,0.0,1.0,0.0,0.0,2590.1,2252.0361
3584,8.4534,11570.9,10.44,0.098365,,,,6046.0,0.972,1.053,4.486,,,,0.0,0.0,0.0,0.0,365.2,203.99986
3585,2.7441,1902.6,6.34,0.059763,,,,6046.0,0.972,1.053,4.486,,,,0.0,0.0,0.0,0.0,32.6,27.498526
3588,4.4859,119.0,1.44,0.011865,,,,6003.0,1.109,0.902,4.303,,,,0.0,0.0,0.0,0.0,44.5,33.091286
3589,3.095,612.5,2.56,0.025603,,,,5506.0,0.914,0.904,4.473,,,,0.0,0.0,0.0,0.0,63.7,47.687958
3591,5.6098,1055.4,2.94,0.029414,,,,5506.0,0.914,0.904,4.473,,,,0.0,0.0,0.0,0.0,95.0,67.47628
3592,3.6116,127.7,1.02,0.010174,,,,5506.0,0.914,0.904,4.473,,,,1.0,0.0,0.0,1.0,71.5,12.771007
3593,2.965,291.0,3.95,0.015765,,,,6570.0,2.297,1.396,3.86,,,,0.0,0.0,0.0,0.0,22.6,53.31734
3594,1.8478,1059.3,3.14,0.029697,,,,5666.0,0.967,0.785,4.362,,,,0.0,0.0,0.0,0.0,198.3,183.9084
3595,9.3599,1718.4,10.47,0.036942,,,,4877.0,2.595,1.085,3.645,,,,0.0,0.0,0.0,0.0,201.9,151.49889
3596,2.295,201.0,1.54,0.01305,,,,6295.0,1.08,1.065,4.401,,,,1.0,0.0,0.0,0.0,7.4,7.1247277
3597,2.6577,1114.0,2.97,0.033566,,,,5244.0,0.81,0.826,4.538,,,,0.0,0.0,0.0,0.0,28.1,70.57596
3598,2.939,1143.3,3.58,0.040429,,,,5244.0,0.81,0.826,4.538,,,,0.0,0.0,0.0,0.0,20.1,47.5573
3599,2.056,383.7,1.66,0.018787,,,,5244.0,0.81,0.826,4.538,,,,0.0,0.0,0.0,0.0,16.3,42.45267
3600,6.9758,281.8,2.13,0.016659,,,,5817.0,1.171,0.982,4.293,,,,0.0,0.0,0.0,0.0,50.1,37.43401
3601,7.0281,469.1,2.66,0.019827,,,,6086.0,1.227,1.037,4.276,,,,0.0,0.0,0.0,0.0,51.2,42.091286
3603,5.5082,115.5,1.42,0.011755,,,,6003.0,1.109,0.902,4.303,,,,0.0,0.0,0.0,0.0,39.6,26.38406
3604,3.8944,84.8,1.22,0.010106,,,,6003.0,1.109,0.902,4.303,,,,0.0,0.0,0.0,0.0,41.4,32.674694
3605,6.553,62.1,0.95,0.007878,,,,6003.0,1.109,0.902,4.303,,,,0.0,0.0,0.0,0.0,18.8,9.88221
3606,4.4116,871.4,2.7,0.026716,,,,5569.0,0.927,0.935,4.474,,,,0.0,0.0,0.0,0.0,67.2,66.874435
3607,4.002,730.0,2.91,0.028762,,,,5569.0,0.927,0.935,4.474,,,,0.0,0.0,0.0,0.0,31.2,26.813261
3608,6.0437,2302.3,9.86,0.045139,,,,6372.0,2.001,1.313,3.954,,,,0.0,0.0,0.0,0.0,526.1,598.46545
3609,3.2424,1059.4,2.17,0.028628,,,,4583.0,0.695,0.701,4.6,,,,0.0,0.0,1.0,1.0,98.7,60.136257
3610,2.9754,3139.0,3.22,0.055326,,,,3912.0,0.533,0.556,4.728,,,,0.0,0.0,0.0,0.0,206.7,336.3128
3611,1.6691,1723.2,2.26,0.038903,,,,3912.0,0.533,0.556,4.728,,,,0.0,0.0,0.0,0.0,158.0,277.99185
3612,2.7607,421.8,5.84,0.036507,,,,6312.0,1.464,1.048,4.127,,,,0.0,0.0,1.0,0.0,42.6,37.14715
3613,1.98,241.0,1.3,0.014443,,,,5297.0,0.825,0.938,4.578,,,,0.0,0.0,0.0,0.0,14.9,30.999777
3614,2.281,256.5,1.3,0.014382,,,,5297.0,0.825,0.938,4.578,,,,0.0,0.0,0.0,0.0,20.5,38.713882
3615,1.887,1266.0,3.36,0.036449,,,,5431.0,0.843,0.945,4.563,,,,0.0,0.0,0.0,0.0,59.3,76.264
3616,4.5288,1840.3,3.63,0.039445,,,,5431.0,0.843,0.945,4.563,,,,0.0,0.0,0.0,0.0,50.8,58.22654
3617,5.8297,449.4,2.32,0.021099,,,,5979.0,1.005,0.913,4.394,,,,0.0,0.0,0.0,0.0,112.8,99.441605
3618,1.7726,1995.9,4.71,0.05115,,,,5431.0,0.843,0.945,4.563,,,,0.0,0.0,0.0,0.0,51.4,82.97855
3620,3.9125,452.8,2.07,0.019306,,,,5871.0,0.983,1.097,4.493,,,,0.0,0.0,1.0,0.0,41.7,35.68929
3621,1.7876,245.1,1.43,0.014172,,,,5569.0,0.927,0.935,4.474,,,,0.0,0.0,0.0,0.0,44.2,49.34426
3622,3.8617,1230.2,68.75,0.268707,,,,6481.0,2.343,1.456,3.861,,,,0.0,1.0,0.0,0.0,58.9,60.316467
3623,4.0249,378.7,2.45,0.018838,,,,6063.0,1.191,1.009,4.29,,,,0.0,0.0,0.0,0.0,53.0,42.768753
3625,1.289,37.5,0.45,0.005479,,,,4955.0,0.751,0.748,4.561,,,,1.0,0.0,0.0,0.0,7.1,7.8095226
3626,3.5413,407.3,1.89,0.018961,,,,5604.0,0.912,1.004,4.52,,,,0.0,0.0,0.0,0.0,77.3,61.51071
3627,8.699,360.6,2.99,0.020187,,,,5867.0,1.356,1.153,4.235,,,,0.0,0.0,0.0,0.0,73.4,45.075916
3628,6.375,47.0,0.92,0.00623,,,,5867.0,1.356,1.153,4.235,,,,0.0,0.0,0.0,0.0,11.5,9.091377
3629,9.0015,4510.2,26.52,0.062067,,,,6093.0,3.913,1.667,3.475,,,,0.0,0.0,0.0,0.0,1208.1,1015.3578
3630,3.5317,2958.2,87.21,0.340144,,,,6284.0,2.348,1.309,3.813,,,,0.0,1.0,1.0,0.0,373.9,579.8878
3631,4.2,481.8,2.09,0.020433,,,,5271.0,0.935,0.869,4.436,,,,0.0,1.0,1.0,1.0,86.2,10.834319
3632,4.235,154.0,50.98,0.18171,,,,6732.0,2.569,1.495,3.793,,,,0.0,1.0,1.0,1.0,45.4,32.138386
3633,7.58264,20541.7,37.38,0.147179,,,,6544.0,2.326,1.364,3.839,,,,0.0,1.0,0.0,0.0,1282.3,1204.6005
3634,1.7332,1169.2,36.0,0.29539,,,,6238.0,1.116,0.986,4.337,,,,0.0,1.0,1.0,0.0,37.7,19.730581
3635,2.411,37.3,1.28,0.005852,,,,9653.0,1.996,2.256,4.191,,,,0.0,1.0,1.0,0.0,31.0,12.345082
3636,3.083,202.5,1.2,0.013444,,,,5520.0,0.818,0.917,4.572,,,,0.0,0.0,0.0,1.0,30.8,18.438082
3637,12.33,666.1,2.68,0.023812,,,,6109.0,1.029,1.099,4.455,,,,1.0,0.0,0.0,0.0,15.6,
3638,8.079,366.4,4.59,0.022691,,,,6501.0,1.854,1.419,4.054,,,,0.0,0.0,0.0,0.0,24.8,15.743615
3639,3.8305,71.9,0.52,0.007614,,,,4756.0,0.62,0.667,4.676,,,,0.0,1.0,0.0,0.0,4.8,13.635383
3640,5.207,157.8,1.58,0.011476,,,,6053.0,1.26,1.098,4.279,,,,0.0,0.0,0.0,0.0,20.9,15.687434
3641,2.503,513.8,2.21,0.020725,,,,6018.0,0.975,1.058,4.485,,,,1.0,0.0,0.0,0.0,8.0,7.1324434
3644,1.6276,614.5,33.96,0.34519,,,,6043.0,0.901,0.837,4.452,,,,0.0,1.0,1.0,0.0,81.7,20.251345
3646,2.0,655.5,3.09,0.023646,,,,6457.0,1.196,1.19,4.358,,,,0.0,0.0,0.0,0.0,18.1,13.503711
3647,4.508,1014.1,3.78,0.033991,,,,5569.0,1.019,0.883,4.368,,,,0.0,0.0,0.0,0.0,23.7,17.87493
3648,3.244,464.3,1.36,0.019052,,,,4522.0,0.655,0.646,4.615,,,,0.0,0.0,0.0,0.0,21.4,17.23415
3649,0.8244,186.2,1.14,0.012638,,,,5077.0,0.825,0.849,4.533,,,,0.0,1.0,0.0,0.0,23.7,11.349193
3650,5.801,55.7,1.51,0.007047,,,,5541.0,1.967,1.046,3.869,,,,0.0,0.0,1.0,1.0,33.8,18.182121
3651,2.394,165.6,1.38,0.011906,,,,6260.0,1.063,1.118,4.433,,,,0.0,0.0,0.0,0.0,15.6,13.422261
3652,2.028,67.9,0.85,0.007564,,,,5403.0,1.029,0.945,4.389,,,,0.0,0.0,1.0,1.0,9.1,7.4872413
3653,7.86,671.0,2.48,0.023765,,,,6045.0,0.955,1.038,4.494,,,,1.0,0.0,0.0,0.0,6.4,
3654,2.6137,838.8,129.67,0.259884,,,,5100.0,4.569,1.778,3.368,,,,1.0,0.0,1.0,0.0,105.2,11.503804
3655,4.001,384.9,1.49,0.018097,,,,5134.0,0.752,0.825,4.599,,,,0.0,0.0,1.0,1.0,18.2,13.538138
3656,5.687,155.6,6.4,0.052345,,,,5706.0,1.12,0.824,4.255,,,,0.0,0.0,0.0,1.0,18.7,15.780134
3657,1.1366,61.0,2.24,0.008898,,,,6105.0,2.304,1.235,3.805,,,,0.0,0.0,0.0,0.0,20.9,17.073187
3658,18.11,,,,,,,,,,,,,,1.0,0.0,0.0,0.0,,14.110308
3659,31.46,877.0,28.39,0.298838,,,,5817.0,0.87,0.965,4.544,,,,1.0,0.0,0.0,0.0,19.9,
3660,3.377,93.2,0.9,0.009475,,,,5904.0,0.867,0.958,4.543,,,,0.0,1.0,1.0,1.0,23.4,17.46621
3661,2.665,306.8,1.33,0.016357,,,,5341.0,0.743,0.826,4.609,,,,0.0,0.0,0.0,1.0,18.9,15.249658
3663,3.085,146.0,1.41,0.011782,,,,6029.0,1.098,1.065,4.385,,,,0.0,1.0,1.0,0.0,41.1,9.123466
3664,3.979,141.7,0.63,0.011023,,,,4729.0,0.525,0.534,4.726,,,,0.0,0.0,0.0,0.0,10.9,9.227413
3666,1.9464,90.7,0.8,0.008606,,,,5115.0,0.854,0.798,4.477,,,,0.0,0.0,0.0,0.0,18.4,13.56438
3667,6.479,647.5,2.57,0.022786,,,,5349.0,1.032,0.875,4.353,,,,0.0,0.0,0.0,0.0,17.1,15.814648
3669,4.556,877.1,15.72,0.258433,,,,4223.0,0.557,0.544,4.681,,,,1.0,0.0,0.0,1.0,246.0,184.87411
3670,3.1225,515.0,23.2,0.246208,,,,6052.0,0.863,0.94,4.539,,,,1.0,0.0,1.0,0.0,72.2,15.399727
3671,21.22,383.7,60.3,0.762734,,,,5513.0,0.724,0.791,4.616,,,,1.0,0.0,0.0,0.0,10.0,
3672,3.043,41.4,1.02,0.006014,,,,5851.0,1.555,0.821,3.969,,,,0.0,0.0,0.0,1.0,21.5,12.060592
3673,6.519,169.8,1.28,0.012392,,,,6131.0,0.945,1.023,4.497,,,,0.0,1.0,1.0,1.0,26.9,15.121474
3676,6.071,264.9,1.99,0.015928,,,,6404.0,1.142,1.175,4.393,,,,0.0,0.0,0.0,0.0,16.7,14.893052
3677,1.962,142.4,1.06,0.010995,,,,5767.0,0.881,0.979,4.538,,,,0.0,0.0,1.0,1.0,15.7,14.726675
3678,19.85,395.3,3.45,0.017702,,,,5086.0,1.783,0.901,3.89,,,,1.0,0.0,0.0,0.0,13.9,
3679,2.594,122.4,1.1,0.010312,,,,6135.0,0.974,0.987,4.455,,,,0.0,1.0,1.0,0.0,24.3,17.016697
3680,5.33,241.5,2.43,0.019742,,,,6102.0,1.125,0.955,4.316,,,,0.0,0.0,0.0,1.0,33.8,27.190186
3681,9.581,759.2,2.68,0.024625,,,,5323.0,0.995,0.862,4.378,,,,0.0,0.0,0.0,0.0,16.1,15.338302
3682,15.97,819.7,3.55,0.03757,,,,5692.0,0.866,0.965,4.547,,,,0.0,1.0,1.0,0.0,19.9,21.024153
3683,6.5533,54.5,0.8,0.006773,,,,6231.0,1.084,1.14,4.424,,,,1.0,0.0,1.0,1.0,11.0,14.579748
3684,5.676,64.5,1.1,0.01031,,,,6032.0,0.973,1.055,4.485,,,,0.0,0.0,0.0,0.0,15.8,13.068923
3685,11.059,1228.0,2.53,0.031843,,,,5576.0,0.729,0.823,4.615,,,,1.0,0.0,0.0,0.0,14.1,7.9267116
3686,2.388,47.2,0.77,0.006294,,,,6202.0,1.122,1.213,4.422,,,,0.0,0.0,0.0,0.0,8.9,13.399375
3687,1.519,80.1,0.9,0.008213,,,,5765.0,0.998,0.943,4.415,,,,0.0,1.0,1.0,0.0,8.8,11.996255
3688,7.5,,,,,,,,,,,,,,1.0,0.0,0.0,0.0,,
3690,2.695,3426.3,36.84,0.341086,,,,5762.0,0.989,0.927,4.415,,,,1.0,0.0,0.0,1.0,189.0,140.95697
3691,1.787,127.6,1.08,0.01114,,,,5649.0,0.884,0.751,4.421,,,,0.0,0.0,1.0,1.0,7.0,12.913409
3692,2.998,258.7,2.52,0.015703,,,,6172.0,1.471,1.25,4.198,,,,0.0,0.0,0.0,0.0,18.3,16.042082
3693,8.029,878.1,1.61,0.026318,,,,4133.0,0.561,0.578,4.705,,,,0.0,0.0,0.0,0.0,24.1,15.703634
3694,1.9144,1028.9,49.37,0.387729,,,,6434.0,1.166,1.119,4.354,,,,1.0,0.0,1.0,0.0,53.7,14.05268
3695,7.502,436.4,7.13,0.02636,,,,5780.0,2.478,1.201,3.729,,,,0.0,0.0,1.0,0.0,20.0,14.273604
3696,1.488,30.0,0.88,0.005009,,,,6058.0,1.612,1.296,4.135,,,,0.0,0.0,1.0,0.0,11.2,12.531257
3697,1.7976,92.0,32.19,0.116204,,,,5395.0,2.537,1.288,3.739,,,,0.0,1.0,0.0,0.0,41.1,15.379113
3698,1.6018,626.4,2.41,0.022683,,,,5585.0,0.972,1.064,4.49,,,,0.0,0.0,0.0,0.0,16.8,14.454476
3699,4.39,99.6,0.78,0.009778,,,,5269.0,0.727,0.812,4.62,,,,0.0,1.0,1.0,1.0,18.2,16.67453
3700,7.509,859.3,3.05,0.028719,,,,5688.0,0.971,0.895,4.415,,,,0.0,0.0,0.0,0.0,45.0,33.319363
3701,8.279,366.4,4.21,0.019396,,,,5508.0,1.988,1.136,3.897,,,,0.0,0.0,0.0,0.0,29.5,19.336872
3702,15.16,1022.0,2.34,0.028979,,,,5054.0,0.74,0.81,4.606,,,,1.0,0.0,0.0,0.0,12.2,
3703,1.643,246.0,1.93,0.016134,,,,6147.0,1.096,1.193,4.435,,,,0.0,1.0,0.0,1.0,52.6,9.516392
3704,4.966,238.5,3.64,0.01477,,,,6771.0,2.259,1.597,3.934,,,,0.0,0.0,1.0,0.0,13.0,10.7401285
3706,3.0293,5133.6,7.54,0.090648,,,,4978.0,0.762,0.732,4.539,,,,1.0,0.0,0.0,0.0,286.2,27.075521
3707,4.521,130.3,1.23,0.01131,,,,6077.0,0.999,1.077,4.471,,,,0.0,0.0,1.0,1.0,25.5,17.25378
3708,11.166,754.9,3.71,0.024932,,,,5929.0,1.363,1.185,4.243,,,,0.0,0.0,0.0,0.0,18.6,16.416048
3709,5.43,449.1,2.74,0.021608,,,,6392.0,1.162,1.232,4.399,,,,0.0,0.0,0.0,0.0,19.5,15.612547
3710,5.389,31.5,0.71,0.006446,,,,5596.0,1.015,0.829,4.343,,,,1.0,0.0,0.0,0.0,8.8,7.4794803
3711,1.7973,193.6,33.97,0.236948,,,,6610.0,1.313,1.16,4.264,,,,0.0,1.0,1.0,0.0,38.3,25.577068
3712,2.657,172.0,1.19,0.012638,,,,5764.0,0.863,0.959,4.548,,,,0.0,0.0,1.0,0.0,16.1,13.152497
3714,0.643,346.9,1.65,0.018932,,,,5834.0,0.797,0.852,4.566,,,,0.0,0.0,0.0,0.0,14.7,13.297741
3715,2.579,135.9,1.83,0.012415,,,,6688.0,1.347,1.336,4.304,,,,0.0,0.0,0.0,0.0,9.7,12.093221
3716,2.693,150.8,1.1,0.012952,,,,5496.0,0.776,0.869,4.592,,,,0.0,0.0,1.0,1.0,9.4,8.211484
3717,16.46,1210.0,91.06,0.956304,,,,5716.0,0.872,0.97,4.544,,,,1.0,0.0,1.0,0.0,10.9,
3720,8.1,1977.0,4.44,0.044969,,,,5754.0,0.905,1.021,4.534,,,,0.0,0.0,1.0,1.0,31.1,22.74429
3721,1.866,167.1,1.95,0.011643,,,,5365.0,1.533,0.899,4.02,,,,0.0,0.0,0.0,0.0,6.8,14.975676
3723,1.866,221.2,1.19,0.013336,,,,5043.0,0.819,0.776,4.502,,,,0.0,1.0,1.0,1.0,25.3,20.374414
3724,4.473,79.6,57.36,0.007613,,,,3812.0,69.001,1.479,0.93,,,,0.0,1.0,0.0,1.0,8.9,19.420488
3725,2.577,52.9,0.77,0.00688,,,,6241.0,1.031,1.088,4.45,,,,0.0,0.0,1.0,0.0,15.5,11.506173
3726,3.5415,181.3,1.21,0.012189,,,,5668.0,0.912,0.943,4.492,,,,0.0,1.0,1.0,1.0,3.4,13.040112
3727,1.1812,433.1,1.76,0.019583,,,,4922.0,0.823,0.79,4.505,,,,0.0,0.0,0.0,0.0,31.0,23.554861
3729,0.6871,202.0,0.99,0.014965,,,,4353.0,0.603,0.648,4.681,,,,0.0,0.0,0.0,0.0,20.2,14.718759
3730,1.6023,73.7,0.79,0.008139,,,,5196.0,0.889,0.828,4.458,,,,0.0,0.0,0.0,0.0,16.7,14.952725
3731,1.723,81.5,0.9,0.008297,,,,5755.0,0.993,0.909,4.402,,,,0.0,0.0,0.0,0.0,15.8,14.200007
3732,0.97,51.2,5.27,0.006749,,,,6635.0,7.146,2.303,3.092,,,,0.0,0.0,1.0,0.0,6.4,10.527928
3733,5.434,145.0,9.19,0.015878,,,,6341.0,5.302,2.05,3.301,,,,1.0,0.0,0.0,0.0,57.6,9.0759325
3734,0.801,172.0,1.48,0.012176,,,,6161.0,1.114,1.038,4.362,,,,1.0,0.0,1.0,0.0,40.3,8.7930565
3736,5.053,275.4,168.34,0.207343,,,,6611.0,7.435,2.61,3.112,,,,1.0,0.0,1.0,0.0,78.0,17.122849
3737,2.1885,44.7,0.9,0.006298,,,,5609.0,1.31,0.867,4.141,,,,0.0,0.0,1.0,0.0,30.6,17.308855
3739,2.8244,8324.1,4.96,0.391534,,,,2661.0,0.116,0.094,5.283,,,,1.0,0.0,0.0,1.0,259.3,142.41026
3740,7.284,422.7,125.56,0.095187,,,,6740.0,12.08,3.479,2.816,,,,1.0,0.0,0.0,0.0,78.4,18.490742
3743,1.719,309.5,1.28,0.016376,,,,5431.0,0.717,0.802,4.623,,,,0.0,0.0,0.0,0.0,17.4,14.24367
3744,33.87,1609.1,23.99,0.228834,,,,5982.0,0.96,1.047,4.493,,,,1.0,0.0,0.0,0.0,23.2,8.268613
3745,12.41,336.0,2.87,0.017222,,,,6705.0,1.524,1.232,4.16,,,,1.0,0.0,0.0,0.0,13.0,
3746,2.918,159.5,0.9,0.01136,,,,5041.0,0.728,0.766,4.597,,,,1.0,0.0,1.0,0.0,25.3,14.654785
3747,1.63,97.5,0.85,0.009003,,,,5718.0,0.863,0.96,4.549,,,,0.0,0.0,0.0,0.0,15.0,13.766089
3748,18.84,256.3,20.79,0.202282,,,,6109.0,0.941,0.872,4.432,,,,0.0,1.0,1.0,1.0,21.2,15.342165
3749,3.926,352.5,21.96,0.218302,,,,6086.0,0.921,1.003,4.511,,,,0.0,1.0,1.0,1.0,42.6,12.530478
3750,1.8599,141.7,1.28,0.010985,,,,6194.0,1.069,1.161,4.445,,,,0.0,0.0,1.0,1.0,1.8,12.806742
3751,2.53,,,,,,,,,,,,,,1.0,1.0,0.0,0.0,,
3752,22.321,839.6,22.2,0.265403,,,,5607.0,0.766,0.74,4.539,,,,1.0,0.0,0.0,0.0,55.9,21.433395
3753,2.367,87.3,1.27,0.0098,,,,6238.0,1.191,1.204,4.365,,,,0.0,1.0,1.0,1.0,15.8,18.873734
3754,2.566,60.9,0.83,0.007162,,,,5574.0,1.065,0.933,4.354,,,,0.0,0.0,0.0,0.0,20.4,16.379568
3755,2.521,44.3,0.7,0.006001,,,,5574.0,1.065,0.933,4.354,,,,0.0,0.0,0.0,0.0,17.3,13.169284
3756,1.135,607.2,37.93,0.186561,,,,5908.0,1.862,0.977,3.888,,,,1.0,0.0,1.0,0.0,17.3,8.689728
3757,4.415,105.8,0.93,0.009199,,,,5285.0,0.927,0.933,4.474,,,,0.0,0.0,1.0,1.0,20.8,16.35057
3759,9.568,951.4,2.41,0.027576,,,,5273.0,0.801,0.861,4.566,,,,0.0,0.0,0.0,0.0,21.0,16.886051
3760,10.53,1062.0,2.82,0.029651,,,,5737.0,0.872,0.969,4.544,,,,1.0,0.0,0.0,0.0,14.5,
3762,5.42,424.4,1.81,0.0193,,,,5225.0,0.859,0.861,4.505,,,,0.0,0.0,0.0,0.0,13.1,10.66435
3763,3.73,213.7,6.14,0.015917,,,,6303.0,3.53,1.786,3.595,,,,0.0,0.0,0.0,0.0,18.6,17.48083
3764,4.822,24048.0,47.94,0.439006,,,,5780.0,1.0,1.0,4.438,,,,0.0,0.0,1.0,0.0,26.0,20.865814
3765,6.582,614.4,1.69,0.021852,,,,4798.0,0.707,0.771,4.62,,,,0.0,0.0,0.0,0.0,15.3,14.800636
3766,7.948,321.8,1.71,0.016483,,,,5670.0,0.95,0.802,4.387,,,,0.0,0.0,0.0,0.0,27.3,20.387798
3768,5.115,106.5,1.06,0.009883,,,,6084.0,0.983,0.991,4.45,,,,0.0,0.0,1.0,0.0,22.6,18.20582
3769,6.347,414.5,15.38,0.217374,,,,5271.0,0.648,0.718,4.669,,,,1.0,0.0,1.0,0.0,90.8,16.118591
3771,15.76,733.7,2.4,0.024655,,,,5713.0,0.893,1.01,4.541,,,,1.0,0.0,1.0,0.0,18.2,
3772,4.701,162.3,0.81,0.012001,,,,5157.0,0.62,0.614,4.641,,,,0.0,1.0,1.0,1.0,20.7,13.921124
3774,24.83,93.6,2.19,0.01231,,,,5611.0,1.632,0.832,3.933,,,,1.0,0.0,1.0,1.0,34.4,13.908455
3775,2.252,136.8,1.24,0.010903,,,,6273.0,1.044,1.099,4.442,,,,0.0,0.0,1.0,0.0,20.4,14.307547
3776,3.092,486.0,19.06,0.210526,,,,5569.0,0.829,0.928,4.566,,,,0.0,1.0,1.0,0.0,12.0,16.561987
3777,8.866,1344.5,26.91,0.288227,,,,5445.0,0.855,0.762,4.456,,,,0.0,1.0,1.0,1.0,184.5,29.789963
3778,1.326,495.6,6.73,0.02155,,,,8855.0,2.858,1.964,3.818,,,,1.0,0.0,0.0,0.0,14.8,14.689704
3779,14.55,1582.0,34.69,0.19574,,,,6770.0,1.623,1.365,4.15,,,,0.0,1.0,0.0,0.0,253.1,18.228155
3780,4.374,202.3,0.9,0.013008,,,,4476.0,0.633,0.618,4.627,,,,0.0,0.0,1.0,1.0,17.6,17.892231
3781,2.239,1440.0,4.5,0.03547,,,,6392.0,1.162,1.232,4.399,,,,1.0,0.0,0.0,0.0,7.4,7.43973
3782,2.088,60.5,2.6,0.007333,,,,6501.0,3.247,1.579,3.613,,,,0.0,0.0,1.0,0.0,14.9,12.08656
3783,3.828,106.7,1.12,0.00996,,,,6099.0,1.028,1.098,4.456,,,,0.0,0.0,0.0,1.0,15.1,11.627528
3784,11.461,496.5,2.37,0.020691,,,,6373.0,1.047,1.094,4.438,,,,1.0,0.0,0.0,1.0,12.9,9.6717615
3785,5.06,388.3,27.05,0.216872,,,,6419.0,1.142,1.013,4.33,,,,0.0,1.0,0.0,0.0,23.0,16.604038
3786,3.361,92.2,1.19,0.009435,,,,5872.0,1.157,0.934,4.282,,,,0.0,1.0,0.0,1.0,30.2,21.015509
3787,5.415,67.9,0.81,0.008015,,,,6569.0,0.927,0.805,4.41,,,,0.0,0.0,1.0,1.0,24.8,18.424814
3788,3.376,508.6,20.38,0.209028,,,,5880.0,0.893,0.974,4.525,,,,0.0,1.0,1.0,1.0,22.6,18.872547
3789,6.654,242.6,2.25,0.017063,,,,6056.0,1.209,1.147,4.332,,,,0.0,0.0,0.0,0.0,16.6,14.921383
3790,9.625,45.5,2.39,0.006491,,,,7872.0,3.367,2.228,3.732,,,,0.0,1.0,0.0,0.0,59.6,13.220459
3791,4.326,186.7,1.32,0.012428,,,,5688.0,0.971,0.895,4.415,,,,0.0,0.0,0.0,0.0,18.8,14.60874
3792,2.587,52.6,1.77,0.006949,,,,5837.0,2.338,1.232,3.791,,,,0.0,0.0,0.0,1.0,20.3,8.656139
3793,6.154,184.6,1.47,0.012482,,,,6249.0,1.076,1.13,4.428,,,,0.0,0.0,0.0,0.0,26.7,20.036823
3794,2.2926,328.5,1.28,0.016344,,,,5067.0,0.715,0.686,4.565,,,,1.0,0.0,0.0,0.0,28.5,10.626045
3795,2.582,187.6,1.1,0.012243,,,,5072.0,0.825,0.822,4.521,,,,0.0,0.0,0.0,0.0,15.9,14.401643
3796,5.8101,4774.7,10.75,0.098455,,,,5780.0,1.0,1.0,4.438,,,,1.0,0.0,0.0,1.0,112.7,16.822853
3797,3.044,119.8,0.91,0.010157,,,,5465.0,0.819,0.84,4.535,,,,0.0,0.0,1.0,1.0,18.1,13.857493
3798,6.415,208.4,1.13,0.013419,,,,5270.0,0.77,0.863,4.596,,,,0.0,0.0,0.0,1.0,42.6,23.780445
3799,1.6381,2381.2,30.48,0.320118,,,,5432.0,0.872,0.775,4.446,,,,0.0,1.0,1.0,0.0,117.8,33.980343
3800,21.877,1414.1,3.62,0.047688,,,,4723.0,0.696,0.722,4.611,,,,1.0,0.0,0.0,0.0,13.7,8.797298
3801,6.853,1138.0,2.75,0.029844,,,,4999.0,0.843,0.8,4.49,,,,0.0,0.0,0.0,0.0,21.0,15.790156
3802,6.258,319.5,1.91,0.021895,,,,5932.0,0.798,0.899,4.58,,,,1.0,0.0,1.0,0.0,69.2,14.98531
3803,3.83,238.8,6.88,0.013918,,,,5267.0,4.525,1.628,3.338,,,,1.0,0.0,0.0,0.0,9.9,7.28567
3805,7.955,1027.7,3.24,0.03061,,,,5275.0,0.969,0.855,4.397,,,,0.0,0.0,0.0,0.0,18.0,16.278463
3806,4.788,115.3,0.77,0.009584,,,,4965.0,0.736,0.709,4.555,,,,0.0,1.0,1.0,1.0,14.4,12.989895
3808,2.713,146.6,1.17,0.011101,,,,5750.0,0.965,0.785,4.364,,,,0.0,0.0,1.0,0.0,10.7,15.151978
3809,1.429,60.9,0.85,0.007542,,,,5925.0,1.035,0.968,4.394,,,,0.0,0.0,0.0,0.0,8.1,14.809012
3810,8.931,640.7,2.21,0.025256,,,,5171.0,0.801,0.82,4.545,,,,0.0,0.0,0.0,0.0,24.5,16.663416
3811,2.206,29.6,0.88,0.005089,,,,6454.0,1.587,1.336,4.163,,,,0.0,1.0,1.0,1.0,7.5,16.059803
3812,1.0582,405.7,23.51,0.23944,,,,5570.0,0.899,0.845,4.458,,,,0.0,0.0,0.0,0.0,23.9,16.476116
3813,4.919,139.2,1.83,0.013842,,,,6056.0,1.209,1.147,4.332,,,,0.0,0.0,0.0,0.0,17.0,14.254301
3815,6.24,133.9,2.86,0.011357,,,,6486.0,2.308,1.446,3.872,,,,1.0,0.0,1.0,0.0,36.8,17.301676
3816,3.099,99.0,0.79,0.010783,,,,4657.0,0.67,0.748,4.641,,,,0.0,0.0,0.0,0.0,13.3,10.917804
3817,4.459,209.9,1.45,0.013451,,,,6201.0,0.989,1.058,4.472,,,,0.0,0.0,0.0,0.0,16.5,14.54065
3818,2.019,368.6,1.67,0.017452,,,,5550.0,0.878,0.972,4.539,,,,0.0,0.0,0.0,0.0,11.1,13.88664
3819,10.424,618.1,6.64,0.057329,,,,6007.0,1.06,0.882,4.333,,,,0.0,0.0,1.0,0.0,17.4,16.925945
3820,3.1886,110.1,4.35,0.009711,,,,6729.0,4.099,1.907,3.493,,,,0.0,0.0,1.0,0.0,7.1,13.727301
3821,3.876,181.9,1.04,0.013001,,,,5448.0,0.734,0.815,4.613,,,,0.0,0.0,0.0,1.0,23.9,17.658834
3822,2.942,160.2,1.03,0.012122,,,,5390.0,0.78,0.875,4.591,,,,0.0,0.0,1.0,1.0,20.2,14.90462
3824,1.514,130.9,0.87,0.01048,,,,5437.0,0.759,0.727,4.539,,,,0.0,1.0,1.0,0.0,21.1,16.070698
3825,12.434,164.1,1.53,0.012663,,,,6370.0,1.106,1.148,4.41,,,,0.0,0.0,1.0,1.0,16.9,7.2107873
3827,3.006,204.8,1.13,0.012572,,,,4754.0,0.821,0.791,4.508,,,,0.0,1.0,1.0,1.0,33.0,14.453146
3828,5.658,26.4,2.07,0.006508,,,,7843.0,2.909,2.081,3.829,,,,1.0,0.0,0.0,0.0,23.0,14.388791
3829,9.481,1750.0,2.27,0.03754,,,,3994.0,0.554,0.583,4.717,,,,1.0,0.0,0.0,0.0,21.2,
3830,1.0628,45.0,1.12,0.0062,,,,6234.0,1.66,1.116,4.046,,,,0.0,0.0,1.0,0.0,24.6,12.552448
3831,16.58,,,,,,,,,,,,,,1.0,0.0,0.0,0.0,,
3833,0.9994,112.5,0.91,0.009817,,,,5931.0,0.845,0.933,4.554,,,,0.0,0.0,1.0,0.0,15.7,12.032685
3834,10.515,99.4,1.73,0.012111,,,,5973.0,1.305,0.922,4.171,,,,0.0,0.0,0.0,0.0,16.9,13.391458
3835,7.204,65.8,3.87,0.00811,,,,5519.0,4.368,1.397,3.303,,,,1.0,0.0,0.0,0.0,23.5,9.045901
3838,3.601,66.3,1.06,0.00749,,,,5825.0,1.291,1.049,4.237,,,,0.0,0.0,0.0,0.0,13.9,11.675163
3840,3.103,90.6,1.81,0.008869,,,,6292.0,1.873,1.324,4.014,,,,0.0,0.0,0.0,0.0,12.0,11.880028
3841,2.274,29.1,1.17,0.005074,,,,6060.0,2.106,1.151,3.852,,,,0.0,0.0,1.0,0.0,15.3,13.883184
3843,18.15,87.9,2.2,0.009248,,,,5792.0,2.183,1.19,3.835,,,,1.0,0.0,1.0,0.0,10.9,7.7716475
3844,2.417,84.4,0.69,0.008401,,,,5325.0,0.75,0.84,4.607,,,,0.0,1.0,1.0,1.0,22.0,16.084717
3848,1.098,86.7,0.77,0.009016,,,,5418.0,0.782,0.746,4.524,,,,0.0,1.0,1.0,0.0,21.4,16.881485
3849,1.161,51.1,0.7,0.006769,,,,5645.0,0.951,0.936,4.453,,,,0.0,0.0,1.0,0.0,7.0,8.472941
3850,16.551,104.6,2.44,0.009727,,,,6237.0,2.295,1.399,3.862,,,,0.0,0.0,0.0,0.0,21.8,11.435852
3851,2.983,43.6,0.56,0.006258,,,,5774.0,0.825,0.831,4.524,,,,0.0,0.0,1.0,1.0,19.1,16.312979
3852,5.847,379.2,1.61,0.017539,,,,5497.0,0.839,0.952,4.57,,,,1.0,0.0,1.0,0.0,19.1,13.255269
3853,1.6788,41694.0,45.89,0.420227,,,,5780.0,1.0,1.0,4.438,,,,0.0,1.0,0.0,0.0,143.0,33.47528
3855,1.5676,73.0,12.65,0.007891,,,,4971.0,14.678,1.854,2.373,,,,0.0,0.0,1.0,1.0,4.8,7.8703976
3856,3.571,144.0,0.99,0.011032,,,,6021.0,0.819,0.922,4.57,,,,0.0,0.0,0.0,0.0,15.7,13.71391
3857,13.74,529.0,2.39,0.020993,,,,5993.0,1.042,1.031,4.415,,,,1.0,0.0,0.0,0.0,12.8,
3859,12.751,331.7,3.52,0.019959,,,,6148.0,1.615,1.334,4.147,,,,1.0,0.0,0.0,0.0,17.0,
3860,4.1198,478.6,101.71,0.989789,,,,5798.0,0.941,1.038,4.507,,,,0.0,0.0,1.0,0.0,4.3,10.994687
3861,2.011,116.4,1.24,0.010075,,,,6241.0,1.131,1.079,4.366,,,,1.0,0.0,0.0,1.0,13.9,9.202116
3862,3.156,177.3,1.21,0.012834,,,,5792.0,0.864,0.959,4.547,,,,0.0,1.0,1.0,1.0,21.2,14.234054
3863,3.522,514.0,6.33,0.021547,,,,9189.0,2.692,1.933,3.864,,,,1.0,0.0,0.0,0.0,6.2,
3864,1.3885,164.8,14.0,0.138008,,,,6032.0,0.929,1.014,4.508,,,,1.0,1.0,1.0,0.0,33.4,13.569939
3865,11.486,880.3,3.33,0.027263,,,,6251.0,1.119,1.089,4.378,,,,1.0,0.0,0.0,0.0,11.0,
3866,3.194,120.8,1.34,0.014139,,,,5904.0,0.867,0.958,4.543,,,,1.0,0.0,1.0,1.0,19.7,9.871748
3867,3.474,118.5,1.69,0.011738,,,,6174.0,1.318,1.109,4.244,,,,0.0,0.0,0.0,0.0,17.7,13.564364
3868,5.786,500.1,1.18,0.024432,,,,3751.0,0.443,0.452,4.8,,,,0.0,0.0,0.0,0.0,13.1,7.6691337
3870,4.129,181.3,1.58,0.012957,,,,6006.0,1.114,1.084,4.38,,,,0.0,0.0,1.0,0.0,17.9,13.129711
3871,44.07,424.0,168.91,0.972824,,,,6550.0,1.59,1.144,4.094,,,,0.0,1.0,0.0,1.0,116.9,9.524304
3872,9.71,632.1,2.2,0.022812,,,,5750.0,0.882,0.98,4.538,,,,1.0,0.0,0.0,0.0,7.6,
3873,2.246,67.1,0.91,0.007737,,,,6335.0,1.072,1.12,4.427,,,,0.0,0.0,1.0,0.0,21.3,13.0947695
3874,10.56,370.3,1.84,0.01763,,,,6029.0,0.956,1.04,4.494,,,,1.0,0.0,0.0,0.0,7.8,
3875,3.429,27.5,1.62,0.004865,,,,6619.0,3.05,1.771,3.718,,,,0.0,0.0,0.0,1.0,13.3,10.522793
3877,7.648,731.0,23.5,0.270995,,,,4883.0,0.794,0.767,4.523,,,,0.0,0.0,1.0,1.0,31.6,19.39219
3879,5.412,98.3,18.36,0.156122,,,,6110.0,1.077,1.029,4.387,,,,0.0,0.0,1.0,0.0,21.3,11.545547
3880,8.62,237.4,1.68,0.015407,,,,5780.0,1.0,1.0,4.438,,,,1.0,0.0,1.0,0.0,3.4,
3884,4.712,38.2,0.67,0.00578,,,,5642.0,1.056,0.886,4.337,,,,1.0,0.0,1.0,1.0,25.8,11.633117
3887,7.083,56.0,0.71,0.007374,,,,5968.0,0.881,0.97,4.534,,,,0.0,0.0,1.0,1.0,16.7,13.70344
3888,1.212,40.6,0.58,0.005801,,,,5640.0,0.909,0.924,4.486,,,,0.0,0.0,1.0,0.0,11.0,12.149057
3889,7.968,142.0,2.54,0.010812,,,,5456.0,2.154,1.074,3.802,,,,0.0,0.0,0.0,0.0,15.3,13.208161
3890,0.894,1107.6,3.42,0.043614,,,,4971.0,0.718,0.693,4.566,,,,0.0,1.0,0.0,0.0,62.0,17.868801
3891,9.479,2801.0,6.36,0.058199,,,,5780.0,1.0,1.0,4.438,,,,1.0,0.0,1.0,0.0,26.7,7.1756616
3892,3.045,73.8,0.85,0.007946,,,,6609.0,0.974,1.073,4.484,,,,0.0,0.0,1.0,1.0,8.8,10.926394
3893,13.879,253.5,1.34,0.014785,,,,5763.0,0.827,0.903,4.559,,,,1.0,0.0,0.0,0.0,17.1,
3894,3.1648,265.5,23.81,0.276999,,,,6112.0,0.787,0.684,4.481,,,,0.0,1.0,1.0,1.0,43.3,12.351057
3896,4.291,35.7,0.73,0.005442,,,,5888.0,1.227,1.036,4.275,,,,0.0,0.0,0.0,0.0,14.9,11.0283785
3897,13.66,73.5,0.94,0.008573,,,,5780.0,1.0,1.0,4.438,,,,1.0,0.0,0.0,0.0,6.5,
3898,11.53,143.4,1.31,0.011975,,,,5780.0,1.0,1.0,4.438,,,,1.0,0.0,0.0,0.0,7.0,
3899,9.29,153.3,1.35,0.012382,,,,5780.0,1.0,1.0,4.438,,,,1.0,0.0,0.0,0.0,10.1,
3901,3.088,332.3,1.99,0.018229,,,,5780.0,1.0,1.0,4.438,,,,1.0,0.0,0.0,0.0,6.4,
3902,6.689,1530.0,1.74,0.035188,,,,4367.0,0.452,0.496,4.822,,,,0.0,0.0,0.0,0.0,14.8,10.974714
3904,4.871,283.7,3.3,0.016299,,,,7454.0,1.853,1.602,4.107,,,,1.0,0.0,0.0,0.0,10.6,
3905,79.8969,641.1,3.21,0.030516,,,,6328.0,0.963,1.026,4.481,,,,1.0,0.0,0.0,0.0,254.3,10.389656
3906,4.054,82.4,0.97,0.008338,,,,6274.0,1.062,1.115,4.434,,,,0.0,0.0,0.0,0.0,12.7,10.416963
3907,10.18,84.2,0.77,0.008886,,,,5709.0,0.798,0.863,4.57,,,,0.0,0.0,1.0,0.0,32.8,16.612164
3909,4.755,600.8,114.1,0.720625,,,,7043.0,1.45,1.406,4.264,,,,0.0,0.0,1.0,0.0,14.7,
3910,4.68,462.0,1.97,0.021349,,,,6074.0,0.847,0.871,4.522,,,,1.0,0.0,0.0,0.0,4.0,
3911,3.302,120.9,0.97,0.010341,,,,5851.0,0.863,0.93,4.534,,,,0.0,0.0,1.0,1.0,12.1,19.903236
3912,1.3911,339.6,1.61,0.016954,,,,5356.0,0.871,0.81,4.466,,,,0.0,1.0,1.0,0.0,57.0,14.948492
3913,7.881,162.2,1.24,0.012243,,,,5804.0,0.927,0.932,4.473,,,,0.0,0.0,1.0,1.0,18.7,15.7946825
3915,6.647,1300.0,39.55,0.570375,,,,4437.0,0.635,0.627,4.629,,,,0.0,1.0,1.0,0.0,15.2,
3916,6.079,259.5,1.02,0.014077,,,,4236.0,0.664,0.657,4.612,,,,0.0,0.0,0.0,1.0,8.3,11.645167
3917,4.724,1112.5,2.48,0.032595,,,,4652.0,0.697,0.734,4.617,,,,0.0,0.0,0.0,0.0,14.2,12.023532
3918,1.096,1544.0,0.79,0.036066,,,,3187.0,0.2,0.18,5.091,,,,0.0,0.0,0.0,0.0,11.3,10.980496
3919,8.68,228.2,1.84,0.014722,,,,6247.0,1.147,0.978,4.309,,,,1.0,0.0,0.0,0.0,13.0,
3920,3.991,45.2,0.59,0.006063,,,,5525.0,0.888,0.939,4.514,,,,0.0,0.0,0.0,0.0,13.7,11.1252775
3922,1.263,14.7,0.81,0.003604,,,,6739.0,2.059,1.375,3.948,,,,0.0,0.0,1.0,0.0,9.4,10.47228
3923,1.744,98.5,1.05,0.009258,,,,6011.0,1.041,1.119,4.452,,,,0.0,0.0,0.0,0.0,13.1,10.225331
3925,15.19,267.9,1.34,0.014807,,,,5497.0,0.827,0.806,4.508,,,,1.0,0.0,0.0,0.0,6.6,
3928,6.74,155.2,1.26,0.011406,,,,6095.0,1.014,1.08,4.459,,,,1.0,0.0,0.0,0.0,7.2,7.387054
3930,4.098,42.5,1.41,0.00621,,,,6660.0,2.074,1.23,3.894,,,,0.0,0.0,1.0,1.0,17.7,10.81161
3932,1.188,115.6,1.49,0.012277,,,,6325.0,1.112,1.157,4.409,,,,0.0,1.0,1.0,0.0,14.3,9.093621
3933,1.879,121.9,1.63,0.010068,,,,5718.0,1.48,0.936,4.069,,,,0.0,0.0,0.0,0.0,13.1,13.11794
3934,4.15,172.2,1.68,0.012927,,,,6419.0,1.188,1.073,4.321,,,,0.0,0.0,1.0,0.0,13.8,
3935,1.513,76.3,1.59,0.008328,,,,6401.0,1.744,1.185,4.029,,,,0.0,0.0,1.0,0.0,15.1,13.105136
3936,3.22,141.7,19.15,0.155362,,,,5708.0,1.129,1.112,4.378,,,,1.0,0.0,1.0,1.0,25.5,12.700641
3937,5.16,120.0,0.91,0.010435,,,,5480.0,0.802,0.78,4.522,,,,0.0,0.0,1.0,1.0,11.9,12.17469
3938,1.2569,1021.6,31.51,0.271721,,,,6274.0,1.062,1.115,4.434,,,,0.0,1.0,0.0,0.0,90.4,14.703573
3939,3.534,167.3,1.51,0.012052,,,,6401.0,1.15,1.183,4.389,,,,0.0,0.0,0.0,0.0,13.6,11.532616
3941,1.288,396.0,1.72,0.01823,,,,5861.0,0.865,0.957,4.546,,,,1.0,0.0,1.0,0.0,25.8,8.88225
3942,3.639,115.6,0.86,0.009854,,,,5428.0,0.799,0.727,4.494,,,,0.0,0.0,1.0,1.0,17.1,14.451205
3944,2.271,201.8,1.22,0.013,,,,5408.0,0.861,0.848,4.496,,,,0.0,0.0,0.0,0.0,9.9,10.996368
3946,4.703,114.5,1.68,0.010237,,,,6297.0,1.506,1.18,4.155,,,,1.0,0.0,0.0,0.0,8.2,
3947,5.5,126.4,1.76,0.010701,,,,6297.0,1.506,1.18,4.155,,,,1.0,0.0,0.0,0.0,4.9,
3948,5.77,152.7,15.89,0.15299,,,,6039.0,0.951,1.027,4.493,,,,0.0,1.0,1.0,1.0,8.1,13.064489
3949,11.29,538.3,2.86,0.021345,,,,5841.0,1.226,1.148,4.321,,,,1.0,0.0,0.0,0.0,15.1,
3950,1.1554,285.6,1.72,0.021058,,,,5016.0,0.747,0.817,4.601,,,,0.0,0.0,0.0,0.0,70.1,12.533853
3953,0.998,76.1,1.01,0.008053,,,,6238.0,1.145,1.193,4.396,,,,0.0,0.0,1.0,0.0,8.9,7.7024026
3955,3.069,369.6,1.87,0.017821,,,,6137.0,0.963,1.038,4.487,,,,0.0,0.0,1.0,1.0,16.1,13.784205
3956,2.6441,2022.9,67.53,0.387208,,,,7381.0,1.597,1.429,4.186,,,,1.0,0.0,1.0,0.0,176.1,26.073826
3957,15.54,,,,,,,,,,,,,,1.0,0.0,1.0,1.0,,11.022253
3958,2.461,85.8,1.3,0.008542,,,,6157.0,1.392,1.02,4.159,,,,0.0,0.0,0.0,0.0,14.2,12.555114
3960,1.4068,426.6,26.35,0.227897,,,,5794.0,1.059,0.963,4.372,,,,1.0,0.0,1.0,0.0,51.5,10.411073
3961,10.229,89.5,3.6,0.009922,,,,4938.0,3.324,1.136,3.45,,,,0.0,0.0,0.0,0.0,17.9,11.743124
3962,1.523,360.5,1.64,0.017176,,,,5448.0,0.872,0.912,4.517,,,,0.0,0.0,0.0,0.0,11.6,12.543833
3963,4.543,73.4,1.57,0.008408,,,,6254.0,1.706,1.11,4.019,,,,0.0,0.0,0.0,0.0,15.3,13.681894
3964,11.62,107.7,1.64,0.009952,,,,6297.0,1.506,1.18,4.155,,,,1.0,0.0,0.0,0.0,9.1,
3966,28.203,472.9,2.11,0.024658,,,,5526.0,0.784,0.85,4.578,,,,0.0,1.0,1.0,0.0,19.9,9.814416
3968,20.756,84.7,2.37,0.008491,,,,6156.0,2.557,1.202,3.703,,,,1.0,0.0,1.0,1.0,36.6,14.324436
3969,3.344,157.5,58.67,0.251528,,,,6143.0,2.136,1.074,3.81,,,,0.0,0.0,1.0,0.0,6.9,9.201677
3970,25.28,,,,,,,,,,,,,,1.0,0.0,0.0,0.0,,
3972,5.972,172.3,1.87,0.012292,,,,6350.0,1.394,1.188,4.225,,,,1.0,0.0,0.0,0.0,10.5,
3973,12.01,550.0,2.09,0.021318,,,,5471.0,0.898,1.002,4.533,,,,1.0,0.0,0.0,0.0,8.7,
3974,2.259,44.0,0.64,0.006094,,,,6052.0,0.969,0.905,4.422,,,,0.0,0.0,1.0,1.0,10.1,8.372605
3975,5.056,155.5,0.86,0.01288,,,,4716.0,0.609,0.603,4.65,,,,1.0,0.0,0.0,1.0,20.7,11.754772
3976,3.856,150.2,2.24,0.011694,,,,6596.0,1.757,1.227,4.037,,,,1.0,0.0,0.0,0.0,9.7,
3977,3.797,263.7,1.51,0.016487,,,,5009.0,0.84,0.797,4.491,,,,0.0,0.0,0.0,0.0,12.9,10.419537
3978,2.777,120.4,1.06,0.010133,,,,6088.0,0.958,0.934,4.446,,,,0.0,0.0,0.0,0.0,15.1,13.108171
3979,13.06,531.2,2.1,0.021076,,,,5910.0,0.911,0.886,4.466,,,,1.0,0.0,0.0,0.0,12.8,
3980,3.491,160.8,1.34,0.011886,,,,6108.0,1.03,1.132,4.466,,,,0.0,0.0,0.0,0.0,14.7,13.314711
3983,4.882,79.5,1.14,0.008249,,,,5855.0,1.268,1.02,4.24,,,,0.0,0.0,0.0,0.0,13.2,11.544636
3984,1.12,71.2,1.18,0.008,,,,6762.0,1.348,1.276,4.282,,,,1.0,0.0,1.0,0.0,13.1,
3985,3.028,56.3,1.58,0.006921,,,,6316.0,2.087,1.285,3.908,,,,0.0,1.0,0.0,0.0,29.7,8.138594
3986,1.013,370.4,1.52,0.018593,,,,5203.0,0.747,0.779,4.582,,,,0.0,0.0,1.0,0.0,14.1,10.934171
3987,8.559,415.0,1.99,0.018689,,,,6143.0,0.976,1.027,4.47,,,,0.0,0.0,0.0,0.0,13.7,9.944483
3988,7.617,95.5,1.46,0.008943,,,,6170.0,1.499,1.282,4.192,,,,0.0,0.0,0.0,0.0,31.6,19.547382
3989,2.459,212.0,1.06,0.013744,,,,4858.0,0.707,0.786,4.622,,,,0.0,0.0,0.0,0.0,11.9,10.802183
3990,1.715,98.2,0.86,0.009199,,,,5959.0,0.859,0.948,4.546,,,,0.0,1.0,1.0,1.0,15.1,12.137012
3992,0.864,138.3,1.22,0.01087,,,,6108.0,1.03,1.132,4.466,,,,0.0,0.0,1.0,0.0,9.8,10.903141
3993,3.245,105.4,2.11,0.011692,,,,5051.0,1.655,0.949,3.978,,,,0.0,0.0,0.0,1.0,18.1,16.144938
3996,3.15,186.6,6.54,0.012334,,,,5178.0,4.856,1.66,3.286,,,,0.0,0.0,0.0,1.0,24.1,17.870142
3998,7.589,292.1,9.67,0.253101,,,,3417.0,0.35,0.354,4.9,,,,0.0,1.0,1.0,1.0,34.7,13.327574
3999,1.1434,175.1,1.39,0.01263,,,,6039.0,1.005,1.108,4.478,,,,0.0,0.0,1.0,0.0,17.1,11.146722
4000,20.232,1599.0,4.25,0.046393,,,,4806.0,0.839,0.801,4.495,,,,1.0,0.0,0.0,0.0,42.1,
4001,1.839,116.3,1.22,0.010175,,,,6258.0,1.098,1.139,4.413,,,,0.0,1.0,1.0,1.0,14.1,13.60048
4003,1.7846,2111.5,37.33,0.323073,,,,6304.0,1.058,1.11,4.435,,,,1.0,0.0,1.0,0.0,117.2,30.665737
4004,1.713,305.1,16.1,0.185948,,,,5883.0,0.793,0.881,4.58,,,,0.0,0.0,1.0,0.0,11.3,11.367813
4005,4.054,799.9,2.92,0.034713,,,,5132.0,0.77,0.805,4.571,,,,0.0,0.0,0.0,0.0,23.3,18.941614
4008,0.3028,286.8,2.48,0.027548,,,,5073.0,0.824,0.922,4.571,,,,1.0,0.0,0.0,0.0,25.8,10.45597
4009,6.182,1223.4,19.96,0.258518,,,,4700.0,0.707,0.734,4.605,,,,0.0,0.0,1.0,1.0,25.7,17.580442
4011,11.11,482.7,2.15,0.020371,,,,6115.0,0.967,0.999,4.469,,,,1.0,0.0,0.0,0.0,10.0,
4012,4.679,122.7,0.85,0.010883,,,,5297.0,0.716,0.8,4.626,,,,0.0,0.0,1.0,1.0,9.5,8.219182
4013,1.847,301.0,1.14,0.015359,,,,4391.0,0.682,0.671,4.598,,,,0.0,0.0,0.0,0.0,13.2,11.131982
4014,10.87,769.8,2.1,0.024937,,,,5166.0,0.771,0.853,4.593,,,,1.0,0.0,0.0,0.0,17.7,
4015,5.695,159.1,2.99,0.012371,,,,5037.0,2.213,1.083,3.783,,,,0.0,0.0,0.0,0.0,16.9,12.739108
4016,1.585,122.3,0.98,0.011617,,,,4904.0,0.772,0.745,4.535,,,,0.0,0.0,0.0,0.0,14.2,11.575606
4018,4.477,203.7,1.58,0.014258,,,,6137.0,1.018,1.086,4.46,,,,0.0,1.0,1.0,0.0,21.4,17.98645
4019,1.849,185.3,1.25,0.012589,,,,5970.0,0.908,0.996,4.521,,,,0.0,0.0,0.0,0.0,15.4,12.37913
4020,1.8952,279.6,1.77,0.017796,,,,5455.0,0.909,0.795,4.421,,,,0.0,0.0,0.0,0.0,20.1,17.808668
4022,3.848,37.4,1.45,0.005929,,,,6613.0,2.237,1.355,3.87,,,,0.0,0.0,1.0,1.0,10.6,12.403124
4023,2.616,185.6,1.15,0.012328,,,,5455.0,0.852,0.759,4.457,,,,0.0,0.0,0.0,0.0,11.3,11.672962
4025,0.9425,321.0,1.49,0.016414,,,,5655.0,0.833,0.926,4.561,,,,1.0,0.0,1.0,0.0,23.7,9.612406
4026,3.747,68.2,0.81,0.007513,,,,5678.0,0.99,0.828,4.365,,,,0.0,0.0,0.0,0.0,12.6,11.458898
4027,1.538,542.4,82.63,0.893389,,,,6309.0,0.847,0.86,4.517,,,,1.0,0.0,0.0,0.0,13.4,14.630182
4028,13.98,620.1,2.22,0.026996,,,,5492.0,0.752,0.841,4.604,,,,0.0,1.0,0.0,0.0,13.2,13.047004
4029,1.889,69.3,0.84,0.007605,,,,5921.0,1.015,0.984,4.418,,,,0.0,0.0,1.0,0.0,10.3,11.114742
4030,2.222,72.8,1.7,0.008268,,,,6443.0,1.884,1.371,4.023,,,,0.0,0.0,1.0,0.0,16.4,14.013821
4031,8.345,164.9,1.26,0.015658,,,,5555.0,0.737,0.709,4.554,,,,0.0,0.0,1.0,1.0,11.0,11.1211195
4033,3.155,57.0,0.89,0.006963,,,,6481.0,1.171,1.194,4.378,,,,0.0,0.0,0.0,0.0,12.7,10.979312
4034,1.551,150.5,1.17,0.011491,,,,5746.0,0.931,0.861,4.435,,,,0.0,0.0,1.0,0.0,14.8,13.674689
4035,4.008,169.5,1.29,0.012211,,,,5952.0,0.971,1.057,4.489,,,,0.0,0.0,1.0,1.0,17.6,15.042333
4036,23.49,670.8,2.37,0.023964,,,,5743.0,0.904,1.003,4.527,,,,1.0,0.0,1.0,0.0,12.1,7.556082
4037,2.445,245.0,1.09,0.014314,,,,5357.0,0.7,0.775,4.634,,,,0.0,0.0,1.0,1.0,17.9,15.298426
4038,12.476,719.7,3.15,0.024761,,,,6425.0,1.164,1.168,4.373,,,,1.0,0.0,1.0,0.0,13.3,
4039,2.705,152.7,1.0,0.011046,,,,5118.0,0.83,0.883,4.547,,,,0.0,0.0,1.0,1.0,18.7,15.888233
4040,6.4616,10082.6,34.84,0.499342,,,,5233.0,0.639,0.627,4.625,,,,0.0,1.0,1.0,1.0,230.7,762.1595
4042,5.321,66.5,0.87,0.00801,,,,5780.0,1.0,1.0,4.438,,,,1.0,0.0,1.0,0.0,13.6,8.5462675
4043,2.724,90.7,1.19,0.008855,,,,5839.0,1.227,1.044,4.279,,,,0.0,0.0,0.0,0.0,11.7,10.99175
4045,1.591,34.6,0.69,0.005506,,,,6577.0,1.145,1.154,4.381,,,,0.0,1.0,1.0,1.0,16.4,12.025125
4046,4.364,127.7,0.93,0.010647,,,,5335.0,0.804,0.891,4.577,,,,0.0,0.0,0.0,1.0,27.8,12.076894
4047,3.733,233.7,1.64,0.01418,,,,5926.0,1.058,0.982,4.381,,,,0.0,0.0,0.0,1.0,17.7,13.289248
4048,9.75,215.1,1.45,0.013345,,,,5897.0,0.992,1.106,4.489,,,,1.0,0.0,0.0,0.0,9.3,
4050,4.92,2538.0,4.45,0.056029,,,,5269.0,0.727,0.812,4.62,,,,0.0,1.0,1.0,0.0,24.4,30.511448
4052,2.598,73.3,0.94,0.007868,,,,6164.0,1.09,1.032,4.378,,,,0.0,0.0,0.0,0.0,10.6,10.541721
4053,10.768,352.8,2.15,0.017273,,,,5998.0,1.139,0.998,4.324,,,,0.0,0.0,0.0,0.0,12.2,11.05848
4054,3.024,370.5,1.6,0.017565,,,,5119.0,0.834,0.818,4.508,,,,0.0,0.0,0.0,0.0,13.6,12.195742
4055,3.179,421.1,1.62,0.020176,,,,5242.0,0.734,0.815,4.613,,,,0.0,0.0,0.0,0.0,14.7,11.85051
4057,1.446,44.2,1.04,0.006148,,,,5814.0,1.549,1.019,4.066,,,,0.0,1.0,1.0,0.0,18.9,14.651165
4059,1.155,71.5,0.6,0.007688,,,,4518.0,0.72,0.735,4.589,,,,0.0,0.0,1.0,0.0,14.8,10.689971
4060,3.293,104.2,0.97,0.009388,,,,6089.0,0.95,1.031,4.495,,,,0.0,0.0,1.0,1.0,18.4,15.633154
4061,4.702,273.2,18.45,0.191796,,,,5819.0,0.881,0.884,4.494,,,,1.0,0.0,0.0,0.0,117.8,13.106018
4062,11.76,1131.5,3.05,0.03635,,,,5313.0,0.768,0.714,4.521,,,,1.0,0.0,0.0,0.0,15.3,13.715718
4063,2.686,115.8,1.03,0.010141,,,,5584.0,0.932,0.849,4.428,,,,0.0,0.0,1.0,1.0,15.4,13.85082
4065,1.938,296.3,1.36,0.015617,,,,4838.0,0.796,0.771,4.524,,,,0.0,0.0,0.0,0.0,17.9,14.516187
4066,2.294,173.5,0.72,0.011886,,,,3872.0,0.557,0.585,4.714,,,,0.0,0.0,0.0,0.0,13.0,11.720894
4067,2.661,149.6,1.66,0.012319,,,,5887.0,1.235,1.09,4.292,,,,0.0,0.0,0.0,0.0,16.2,12.747314
4068,8.798,98.2,1.27,0.008937,,,,5468.0,1.306,0.923,4.171,,,,0.0,0.0,0.0,0.0,14.1,11.361593
4069,1.773,186.6,1.18,0.012468,,,,5629.0,0.87,0.987,4.553,,,,0.0,0.0,1.0,1.0,15.2,12.128616
4070,3.732,536.9,15.41,0.020465,,,,4832.0,6.897,1.553,2.953,,,,1.0,0.0,0.0,0.0,11.7,8.06936
4071,10.558,545.8,1.97,0.021312,,,,5835.0,0.847,0.935,4.554,,,,1.0,0.0,1.0,0.0,14.7,
4072,5.863,397.0,1.68,0.018217,,,,5835.0,0.847,0.935,4.554,,,,1.0,0.0,0.0,0.0,8.2,
4073,1.683,71.8,0.84,0.007768,,,,5974.0,0.989,0.944,4.422,,,,0.0,0.0,0.0,1.0,9.1,9.395596
4074,29.435,8591.9,25.76,0.083736,,,,5529.0,2.817,1.402,3.685,,,,0.0,1.0,0.0,0.0,1134.3,192.35223
4078,11.312,150.2,1.86,0.011132,,,,5883.0,1.529,1.205,4.149,,,,0.0,0.0,0.0,0.0,14.0,10.778026
4079,3.892,43.8,1.46,0.009744,,,,6963.0,1.375,1.233,4.25,,,,1.0,0.0,1.0,1.0,17.4,12.791189
4080,1.308,184.0,1.07,0.012218,,,,4991.0,0.804,0.767,4.513,,,,0.0,0.0,0.0,0.0,17.7,14.505004
4081,0.6182,696.9,3.59,0.037643,,,,5505.0,0.873,0.887,4.503,,,,0.0,0.0,0.0,0.0,19.1,14.005139
4082,21.71,807.8,2.7,0.026105,,,,6117.0,0.947,1.025,4.496,,,,1.0,0.0,1.0,0.0,13.3,10.44288
4083,3.874,116.1,0.95,0.010455,,,,5921.0,0.83,0.733,4.465,,,,0.0,1.0,1.0,0.0,27.9,12.464282
4085,1.812,26.9,1.08,0.004833,,,,8473.0,2.052,2.036,4.123,,,,1.0,0.0,1.0,1.0,24.1,18.400127
4086,2.619,193.1,2.52,0.013131,,,,4934.0,1.756,0.952,3.927,,,,0.0,0.0,0.0,0.0,9.5,10.946526
4087,7.39,182.0,1.14,0.012481,,,,5590.0,0.839,0.934,4.56,,,,0.0,0.0,1.0,1.0,13.3,13.517901
4090,5.918,35.6,1.35,0.005666,,,,6245.0,2.179,1.16,3.826,,,,0.0,0.0,1.0,1.0,11.0,9.09204
4092,1.7921,170.6,17.07,0.166834,,,,6187.0,0.937,1.011,4.499,,,,1.0,0.0,0.0,1.0,50.4,9.846193
4093,2.215,77.3,1.19,0.008786,,,,6117.0,1.244,1.17,4.315,,,,0.0,0.0,0.0,0.0,13.5,11.122064
4096,22.74,380.9,2.86,0.033092,,,,5017.0,0.792,0.776,4.531,,,,0.0,0.0,1.0,0.0,13.1,12.778866
4098,0.8136,79.4,2.94,0.008252,,,,5665.0,3.266,1.478,3.58,,,,1.0,0.0,0.0,0.0,21.9,13.341784
4100,2.92,,,,,,,,,,,,,,1.0,0.0,0.0,0.0,,
4101,2.587,123.0,1.42,0.010321,,,,6313.0,1.259,1.005,4.24,,,,0.0,0.0,1.0,0.0,16.9,14.338832
4102,3.192,68.1,1.4,0.007579,,,,6040.0,1.686,0.984,3.978,,,,0.0,0.0,0.0,0.0,17.4,11.156775
4103,12.136,1213.9,5.38,0.03795,,,,6341.0,1.299,1.165,4.278,,,,0.0,0.0,0.0,0.0,27.4,19.254738
4104,4.001,63.2,0.75,0.007773,,,,5757.0,0.881,0.974,4.536,,,,0.0,0.0,0.0,0.0,15.3,12.523014
4105,2.555,93.2,2.34,0.009217,,,,6845.0,2.324,1.529,3.89,,,,0.0,1.0,1.0,0.0,10.4,12.364011
4106,1.441,130.3,8.73,0.010109,,,,4643.0,7.906,0.898,2.595,,,,1.0,0.0,1.0,0.0,14.4,12.605807
4107,2.75,24.9,0.88,0.004748,,,,6287.0,1.693,1.211,4.064,,,,1.0,0.0,0.0,1.0,26.4,13.434129
4109,14.92,107.0,1.83,0.010556,,,,5802.0,1.59,1.08,4.073,,,,1.0,0.0,0.0,0.0,15.2,
4110,1.753,135.7,1.21,0.010797,,,,6046.0,1.023,1.011,4.423,,,,0.0,0.0,0.0,0.0,15.7,13.255708
4111,2.23,310.9,1.4,0.016114,,,,4838.0,0.796,0.771,4.524,,,,0.0,0.0,0.0,0.0,16.0,12.83305
4112,7.3,462.4,2.11,0.019805,,,,6198.0,0.974,0.872,4.402,,,,1.0,0.0,1.0,0.0,7.7,
4115,6.393,114.0,0.95,0.010135,,,,5786.0,0.856,0.898,4.526,,,,1.0,0.0,0.0,0.0,12.8,
4117,3.03,,,,,,,,,,,,,,1.0,0.0,0.0,0.0,,
4118,1.47,,,,,,,,,,,,,,1.0,0.0,0.0,0.0,,
4119,0.8541,265.4,1.42,0.015358,,,,5901.0,0.848,0.938,4.553,,,,0.0,0.0,1.0,0.0,20.3,10.266926
4122,0.9324,1820.5,1.4,0.039143,,,,3464.0,0.328,0.328,4.923,,,,0.0,0.0,0.0,0.0,26.0,18.237106
4123,4.587,283.1,1.51,0.015187,,,,5505.0,0.909,0.955,4.501,,,,0.0,0.0,0.0,0.0,19.3,15.734565
4125,8.7622,16445.2,64.77,0.411901,,,,6428.0,1.44,1.273,4.226,,,,0.0,1.0,1.0,0.0,1823.0,2599.6948
4126,7.345,1104.4,4.17,0.038195,,,,6997.0,1.0,1.155,4.475,,,,1.0,0.0,0.0,0.0,15.6,14.03039
4127,1.683,277.2,1.29,0.016308,,,,5107.0,0.723,0.794,4.615,,,,0.0,0.0,0.0,0.0,15.2,14.818893
4128,4.284,56.7,0.62,0.007244,,,,5687.0,0.79,0.882,4.582,,,,0.0,1.0,1.0,1.0,24.0,17.033213
4129,2.274,43.7,0.75,0.006327,,,,6444.0,1.079,1.107,4.416,,,,0.0,0.0,1.0,1.0,15.3,13.403226
4130,1.83,85.9,2.16,0.008824,,,,6028.0,2.244,1.276,3.842,,,,0.0,0.0,1.0,0.0,23.8,18.271677
4131,5.759,252.6,2.01,0.014666,,,,6186.0,1.253,1.305,4.358,,,,1.0,0.0,0.0,0.0,6.4,7.266772
4133,4.103,69.7,0.7,0.008207,,,,5808.0,0.786,0.871,4.583,,,,0.0,0.0,1.0,1.0,13.8,13.799748
4134,0.5421,975.6,2.97,0.047859,,,,4898.0,0.568,0.57,4.686,,,,0.0,1.0,0.0,0.0,96.8,10.537706
4135,5.004,167.0,0.98,0.011586,,,,4965.0,0.771,0.744,4.536,,,,0.0,0.0,1.0,1.0,17.2,12.696019
4138,3.545,85.4,1.0,0.008523,,,,6202.0,1.072,1.05,4.401,,,,0.0,0.0,0.0,0.0,13.4,11.84842
4139,10.45,29.9,1.09,0.005186,,,,6935.0,1.918,1.197,3.95,,,,1.0,0.0,0.0,0.0,9.6,
4141,2.392,59.8,0.84,0.007076,,,,5991.0,1.092,1.032,4.375,,,,0.0,0.0,0.0,0.0,14.3,11.010214
4142,15.52,161.6,1.35,0.011863,,,,6412.0,1.04,1.084,4.44,,,,1.0,0.0,0.0,0.0,10.2,
4143,15.69,656.2,2.37,0.024216,,,,6050.0,0.896,0.979,4.525,,,,1.0,0.0,0.0,0.0,11.8,
4144,2.556,217.7,1.27,0.013655,,,,5840.0,0.849,0.942,4.553,,,,0.0,0.0,0.0,0.0,11.9,11.783633
4145,1.527,64.1,8.3,0.035206,,,,6425.0,2.16,1.237,3.862,,,,1.0,0.0,1.0,0.0,13.5,10.943097
4146,3.222,127.0,1.25,0.010548,,,,6384.0,1.086,1.129,4.419,,,,0.0,0.0,0.0,1.0,14.4,10.165717
4148,1.1466,97.0,0.82,0.008937,,,,5102.0,0.837,0.811,4.502,,,,0.0,0.0,0.0,0.0,17.6,15.009405
4149,21.83,1106.0,74.14,0.812072,,,,5561.0,0.836,0.919,4.557,,,,1.0,0.0,0.0,0.0,11.9,
4150,2.841,87.9,1.36,0.008594,,,,6028.0,1.454,1.194,4.189,,,,0.0,0.0,0.0,0.0,12.0,11.012017
4151,1.141,124.3,0.59,0.010761,,,,4296.0,0.505,0.503,4.733,,,,0.0,0.0,0.0,0.0,12.0,11.667964
4152,4.954,163.4,4.15,0.012413,,,,5159.0,3.062,1.373,3.604,,,,0.0,0.0,0.0,0.0,18.8,11.714887
4154,14.21,470.9,67.13,0.609829,,,,6004.0,1.008,1.043,4.45,,,,1.0,0.0,0.0,0.0,9.6,
4155,4.673,97.6,0.93,0.00943,,,,5984.0,0.906,0.993,4.521,,,,0.0,0.0,0.0,0.0,12.5,11.022991
4156,1.408,233.6,75.04,0.195495,,,,5575.0,3.515,1.48,3.516,,,,0.0,1.0,0.0,0.0,15.6,12.220875
4157,2.341,71.2,1.07,0.008625,,,,5767.0,1.135,0.91,4.287,,,,0.0,0.0,0.0,0.0,11.2,8.874426
4158,4.639,166.0,0.85,0.012113,,,,5277.0,0.64,0.628,4.625,,,,1.0,0.0,0.0,1.0,31.0,11.398456
4159,3.343,135.7,1.15,0.010856,,,,6091.0,0.967,1.045,4.487,,,,0.0,0.0,1.0,0.0,17.4,15.26167
4160,14.64,269.1,1.47,0.015014,,,,5822.0,0.898,0.994,4.529,,,,1.0,0.0,0.0,0.0,10.2,
4163,2.129,226.2,20.48,0.186382,,,,6181.0,1.006,1.074,4.464,,,,0.0,1.0,1.0,0.0,25.4,13.164155
4165,2.624,141.7,0.89,0.010809,,,,5296.0,0.752,0.835,4.604,,,,0.0,1.0,0.0,1.0,17.4,8.456129
4166,8.56,375.9,1.98,0.017977,,,,6167.0,1.01,1.046,4.451,,,,1.0,0.0,0.0,0.0,10.1,
4167,9.028,792.5,2.53,0.025664,,,,5858.0,0.903,0.944,4.502,,,,0.0,0.0,0.0,0.0,16.1,14.797884
4168,1.814,213.5,24.43,0.013298,,,,4673.0,16.823,2.666,2.412,,,,1.0,0.0,0.0,0.0,6.5,8.892335
4169,8.075,480.1,2.9,0.023849,,,,6325.0,1.112,1.157,4.409,,,,0.0,0.0,0.0,0.0,16.4,11.664873
4170,12.13,83.2,3.29,0.009013,,,,6911.0,3.339,1.865,3.661,,,,1.0,0.0,0.0,0.0,69.3,10.947229
4171,6.783,109.0,1.26,0.00951,,,,5821.0,1.21,1.025,4.283,,,,0.0,0.0,0.0,0.0,15.5,11.433498
4172,2.851,106.8,0.8,0.009582,,,,5168.0,0.769,0.793,4.566,,,,0.0,0.0,0.0,0.0,12.5,9.569488
4173,1.033,78.6,0.86,0.008191,,,,6077.0,0.961,0.953,4.451,,,,0.0,0.0,1.0,0.0,10.5,11.339991
4174,3.63,101.1,0.89,0.009195,,,,5897.0,0.891,0.983,4.531,,,,0.0,0.0,1.0,1.0,8.1,7.389189
4175,6.93,266.1,5.5,0.015361,,,,6732.0,3.276,1.676,3.632,,,,0.0,1.0,0.0,0.0,7.9,13.887757
4178,7.5,83.2,1.52,0.008174,,,,5432.0,1.707,1.046,3.993,,,,0.0,0.0,0.0,0.0,12.3,11.102872
4179,10.56,289.5,1.46,0.01575,,,,5821.0,0.848,0.937,4.554,,,,1.0,0.0,0.0,0.0,9.7,
4180,5.144,95.4,0.87,0.009214,,,,5513.0,0.862,0.948,4.543,,,,0.0,0.0,1.0,1.0,10.3,8.381532
4181,4.32,95.4,1.88,0.009059,,,,6749.0,1.9,1.419,4.031,,,,1.0,0.0,0.0,0.0,7.1,
4182,3.056,96.9,0.9,0.008899,,,,5496.0,0.927,0.798,4.405,,,,0.0,1.0,0.0,1.0,13.8,10.633178
4183,2.914,82.4,2.2,0.008618,,,,7217.0,2.343,1.562,3.893,,,,1.0,0.0,0.0,0.0,7.3,
4184,12.806,790.6,2.99,0.025828,,,,6065.0,1.061,1.163,4.452,,,,1.0,0.0,0.0,0.0,11.1,
4186,2.132,59.5,0.64,0.007178,,,,5979.0,0.822,0.888,4.557,,,,1.0,0.0,0.0,1.0,11.8,9.338969
4187,4.772,1702.0,3.59,0.037911,,,,5485.0,0.867,0.986,4.556,,,,1.0,0.0,0.0,0.0,13.8,
4188,1.275,80.3,1.46,0.009134,,,,6380.0,1.46,1.351,4.24,,,,0.0,1.0,0.0,0.0,16.6,14.030767
4189,15.67,618.7,29.15,0.286377,,,,6256.0,0.932,0.986,4.493,,,,1.0,0.0,0.0,1.0,10.8,9.62688
4191,3.658,116.5,1.08,0.009894,,,,6122.0,0.996,1.07,4.471,,,,0.0,0.0,1.0,1.0,12.8,11.61852
4194,2.61,111.6,0.91,0.009798,,,,5910.0,0.855,0.945,4.55,,,,0.0,0.0,1.0,1.0,13.8,12.124529
4196,6.576,567.7,1.84,0.021342,,,,4821.0,0.788,0.765,4.529,,,,0.0,0.0,0.0,0.0,11.9,9.639611
4198,0.915,174.4,0.54,0.012689,,,,3585.0,0.388,0.406,4.868,,,,0.0,1.0,1.0,0.0,13.9,11.769917
4199,5.27,1032.0,2.48,0.028713,,,,4891.0,0.791,0.764,4.524,,,,1.0,0.0,0.0,0.0,6.7,
4200,2.2053,40.5,0.99,0.006266,,,,6508.0,1.447,1.111,4.163,,,,1.0,0.0,0.0,1.0,30.2,8.602466
4201,6.159,809.2,1.56,0.025839,,,,4339.0,0.553,0.573,4.711,,,,0.0,0.0,0.0,0.0,13.2,9.708954
4202,13.57,334.5,1.86,0.016896,,,,6187.0,1.006,1.026,4.446,,,,1.0,0.0,0.0,0.0,11.0,
4203,1.699,69.9,1.03,0.009741,,,,5721.0,0.972,0.954,4.442,,,,0.0,0.0,0.0,0.0,8.6,15.230945
4204,3.402,90.7,1.04,0.008751,,,,5984.0,1.089,1.142,4.421,,,,0.0,0.0,1.0,0.0,6.9,9.391261
4205,0.968,509.5,21.29,0.279368,,,,4803.0,0.698,0.752,4.623,,,,0.0,0.0,0.0,0.0,14.4,10.968486
4206,6.852,57.0,1.07,0.007017,,,,6144.0,1.393,0.999,4.149,,,,0.0,0.0,0.0,0.0,11.4,9.463604
4208,1.921,166.0,50.51,0.431441,,,,6335.0,1.072,1.12,4.427,,,,0.0,0.0,1.0,0.0,11.1,9.527074
4209,4.807,33.6,0.47,0.005235,,,,5233.0,0.824,0.764,4.489,,,,0.0,0.0,0.0,1.0,12.4,7.6391106
4210,1.498,114.3,1.07,0.009823,,,,6077.0,0.999,1.077,4.471,,,,0.0,1.0,1.0,1.0,17.1,12.5058
4212,2.84,83.2,0.98,0.008411,,,,6371.0,1.072,1.117,4.426,,,,0.0,0.0,0.0,0.0,12.2,11.046987
4213,13.52,476.2,2.11,0.02001,,,,6122.0,0.964,1.041,4.487,,,,1.0,0.0,0.0,0.0,11.2,
4214,11.9,680.3,3.05,0.024556,,,,6343.0,1.137,1.213,4.411,,,,1.0,0.0,0.0,0.0,14.0,
4215,1.756,76.5,0.65,0.008238,,,,5051.0,0.721,0.692,4.562,,,,0.0,0.0,0.0,0.0,24.4,27.623426
4217,4.257,54.9,2.25,0.006974,,,,8711.0,2.954,1.987,3.795,,,,1.0,0.0,0.0,0.0,19.8,
4220,13.734,47.6,0.91,0.006239,,,,5601.0,1.342,0.915,4.144,,,,0.0,0.0,1.0,0.0,17.3,8.667734
4224,2.615,101.9,1.2,0.00935,,,,6418.0,1.171,1.241,4.395,,,,0.0,0.0,1.0,0.0,12.1,10.7324505
4225,3.0869,1546.4,25.97,0.295765,,,,5728.0,0.804,0.896,4.575,,,,0.0,1.0,1.0,0.0,100.4,13.5561075
4230,12.277,117.4,0.95,0.010165,,,,5632.0,0.853,0.952,4.554,,,,0.0,0.0,1.0,1.0,11.1,8.885191
4231,3.979,76.3,0.93,0.008221,,,,6175.0,1.041,1.013,4.41,,,,0.0,0.0,1.0,0.0,9.5,8.515034
4232,1.635,107.7,1.41,0.009609,,,,6088.0,1.339,1.097,4.225,,,,0.0,0.0,1.0,0.0,10.5,9.719282
4233,0.9942,49.2,0.63,0.006393,,,,5400.0,0.898,0.816,4.443,,,,0.0,0.0,1.0,0.0,17.6,10.790549
4234,14.58,349.9,1.76,0.01717,,,,5957.0,0.937,1.026,4.506,,,,1.0,0.0,0.0,0.0,8.2,
4235,14.077,239.8,2.09,0.014536,,,,5802.0,1.316,1.044,4.218,,,,0.0,0.0,0.0,0.0,13.0,10.437255
4236,1.2067,308.0,51.53,0.391944,,,,6607.0,1.204,1.224,4.363,,,,1.0,0.0,1.0,0.0,97.5,9.187865
4238,1.7499,188.3,1.42,0.013226,,,,6106.0,0.982,0.893,4.405,,,,1.0,0.0,1.0,1.0,34.9,18.141047
4239,3.4878,1653.0,40.12,0.371507,,,,6217.0,0.989,1.056,4.472,,,,0.0,1.0,1.0,1.0,97.8,
4240,2.842,196.8,1.85,0.013338,,,,6302.0,1.269,1.063,4.259,,,,0.0,0.0,0.0,0.0,15.9,11.434397
4241,1.677,104.8,0.72,0.009652,,,,5367.0,0.687,0.757,4.639,,,,1.0,0.0,1.0,0.0,15.4,9.332697
4242,5.396,23.3,0.72,0.004492,,,,6018.0,1.458,0.934,4.081,,,,0.0,0.0,1.0,1.0,11.4,9.8879
4245,1.686,4.5,0.63,0.002073,,,,9005.0,2.773,1.941,3.84,,,,1.0,0.0,0.0,1.0,11.8,11.084182
4246,41.564,869.1,224.56,0.629442,,,,8092.0,3.267,2.068,3.725,,,,1.0,0.0,0.0,0.0,236.1,
4249,4.76,777.0,2.27,0.025262,,,,5583.0,0.824,0.899,4.559,,,,1.0,0.0,0.0,0.0,11.6,
4250,9.76,417.7,1.83,0.018663,,,,5822.0,0.898,0.994,4.529,,,,1.0,0.0,0.0,0.0,8.8,
4252,5.991,152.5,1.31,0.011344,,,,6210.0,1.054,1.028,4.407,,,,0.0,0.0,0.0,0.0,10.3,10.029045
4253,2.727,100.5,0.53,0.009077,,,,4623.0,0.534,0.545,4.719,,,,0.0,0.0,1.0,0.0,10.1,8.917967
4254,14.996,520.6,2.4,0.021294,,,,6225.0,1.031,1.091,4.45,,,,1.0,0.0,0.0,0.0,10.8,
4258,3.572,78.4,0.57,0.007881,,,,4926.0,0.662,0.727,4.653,,,,0.0,0.0,0.0,0.0,11.4,8.523661
4261,11.07,165.3,1.37,0.011798,,,,6167.0,1.064,1.149,4.444,,,,1.0,0.0,0.0,0.0,8.4,
4262,17.354,14.0,0.91,0.003766,,,,7523.0,2.206,1.719,3.986,,,,1.0,0.0,0.0,0.0,21.8,9.249161
4263,2.705,309.4,1.4,0.015963,,,,5376.0,0.806,0.897,4.576,,,,0.0,0.0,0.0,0.0,12.7,10.508349
4264,3.05,99.5,0.82,0.009222,,,,5406.0,0.819,0.907,4.569,,,,0.0,0.0,1.0,1.0,17.5,15.130614
4267,11.26,301.8,1.98,0.016523,,,,6140.0,1.096,0.989,4.354,,,,1.0,0.0,0.0,0.0,13.7,
4268,2.525,178.7,2.66,0.01243,,,,6382.0,1.961,1.222,3.94,,,,1.0,0.0,0.0,0.0,6.3,
4269,2.148,51.8,1.05,0.006643,,,,6434.0,1.441,1.224,4.208,,,,0.0,0.0,1.0,0.0,9.3,8.471894
4270,3.671,167.1,2.07,0.012134,,,,6967.0,1.565,1.403,4.193,,,,1.0,0.0,0.0,0.0,9.3,
4274,2.3316,83.2,0.65,0.00829,,,,5051.0,0.721,0.692,4.562,,,,0.0,0.0,0.0,0.0,26.8,29.604118
4278,3.048,304.1,1.37,0.015641,,,,5295.0,0.8,0.825,4.548,,,,0.0,0.0,0.0,0.0,11.8,10.92455
4280,4.798,30.9,1.24,0.005223,,,,5574.0,2.174,1.134,3.818,,,,0.0,0.0,1.0,1.0,26.7,14.474333
4281,17.487,226471.0,76.18,0.444913,,,,7078.0,1.568,1.401,4.192,,,,1.0,0.0,0.0,0.0,106.8,1594.3699
4282,9.12,449.3,238.66,0.976575,,,,6526.0,2.238,1.398,3.883,,,,1.0,0.0,0.0,0.0,5.9,
4284,11.444,217.4,3.71,0.01813,,,,5749.0,1.876,1.288,4.002,,,,0.0,0.0,0.0,0.0,17.6,11.626737
4285,1.849,93.3,1.93,0.009013,,,,6382.0,1.961,1.222,3.94,,,,1.0,0.0,0.0,0.0,7.4,
4286,3.493,61.1,1.06,0.007529,,,,6720.0,1.289,1.261,4.316,,,,0.0,0.0,0.0,0.0,10.8,9.715869
4287,9.48,115.6,1.26,0.009797,,,,5963.0,1.176,1.056,4.321,,,,1.0,0.0,1.0,1.0,9.0,9.492277
4288,6.343,19.5,0.86,0.004117,,,,7758.0,1.918,1.713,4.106,,,,1.0,0.0,0.0,0.0,15.2,10.100188
4289,4.0329,22.2,0.68,0.004505,,,,5788.0,1.376,1.039,4.178,,,,0.0,0.0,0.0,0.0,13.4,9.776427
4290,1.508,143.8,19.91,0.194394,,,,5942.0,0.938,1.028,4.506,,,,1.0,0.0,1.0,0.0,18.4,10.337506
4292,28.18,797.8,4.45,0.035859,,,,6343.0,1.137,1.213,4.411,,,,1.0,0.0,0.0,0.0,12.6,
4293,4.556,1107.0,3.63,0.033276,,,,5780.0,1.0,1.0,4.438,,,,0.0,0.0,1.0,0.0,11.0,11.230095
4294,1.723,111.6,2.59,0.013154,,,,4970.0,1.806,0.996,3.924,,,,0.0,0.0,0.0,0.0,14.4,10.944285
4295,3.549,142.0,1.18,0.011063,,,,6018.0,0.975,1.058,4.485,,,,0.0,0.0,1.0,0.0,11.6,10.421622
4296,4.164,617.8,2.09,0.023975,,,,5295.0,0.8,0.825,4.548,,,,0.0,0.0,0.0,0.0,12.7,10.686714
4297,3.645,160.9,1.62,0.014216,,,,5949.0,1.041,0.968,4.389,,,,0.0,0.0,1.0,0.0,12.6,11.537556
4298,18.05,610.0,1.67,0.022168,,,,4407.0,0.69,0.681,4.593,,,,1.0,0.0,0.0,0.0,6.0,
4301,4.176,137.5,0.9,0.01066,,,,5529.0,0.775,0.839,4.583,,,,0.0,0.0,1.0,0.0,13.3,11.035789
4302,2.936,86.7,0.93,0.008605,,,,5964.0,0.987,1.049,4.471,,,,0.0,0.0,1.0,1.0,13.4,10.707642
4303,1.6123,34.3,0.5,0.005351,,,,5570.0,0.855,0.971,4.561,,,,0.0,1.0,0.0,0.0,31.6,15.76335
4304,6.39,501.7,32.01,0.27579,,,,6260.0,1.063,1.118,4.433,,,,0.0,1.0,1.0,1.0,16.4,13.89461
4308,2.953,84.4,0.93,0.008525,,,,6077.0,0.999,1.077,4.471,,,,0.0,0.0,0.0,1.0,13.3,11.240246
4309,4.606,130.4,1.1,0.0116,,,,5547.0,0.865,0.932,4.534,,,,0.0,0.0,0.0,1.0,14.1,
4311,2.704,75.4,1.08,0.008182,,,,6667.0,1.213,1.233,4.358,,,,0.0,1.0,1.0,0.0,10.8,10.118235
4318,2.7878,77.8,0.62,0.00789,,,,5051.0,0.721,0.692,4.562,,,,0.0,0.0,0.0,0.0,24.4,30.191341
4320,2.885,210.0,1.11,0.013128,,,,5401.0,0.777,0.871,4.593,,,,0.0,0.0,0.0,0.0,11.9,10.654026
4321,5.624,9036.0,10.38,0.095058,,,,5780.0,1.0,1.0,4.438,,,,0.0,0.0,1.0,1.0,10.6,12.600912
4323,13.09,409.9,1.53,0.018639,,,,5680.0,0.75,0.807,4.595,,,,1.0,0.0,1.0,0.0,10.2,
4325,3.487,80.2,1.05,0.008777,,,,6246.0,1.092,1.18,4.433,,,,0.0,0.0,1.0,1.0,14.2,9.975319
4326,15.92,146.1,1.08,0.011111,,,,6054.0,0.889,0.966,4.525,,,,1.0,0.0,0.0,0.0,10.7,
4328,2.837,309.2,1.76,0.017131,,,,5910.0,0.94,1.032,4.505,,,,0.0,0.0,1.0,0.0,11.3,9.624987
4330,3.289,95.6,0.55,0.009013,,,,4289.0,0.554,0.541,4.684,,,,1.0,0.0,1.0,0.0,10.6,8.620149
4332,8.006,41.2,0.75,0.005874,,,,5960.0,1.163,0.964,4.291,,,,1.0,0.0,1.0,1.0,7.7,7.532163
4334,3.325,20.2,0.54,0.004218,,,,6473.0,1.182,1.087,4.33,,,,1.0,0.0,0.0,1.0,15.5,9.655829
4335,4.46,531.0,1.86,0.02091,,,,5610.0,0.815,0.887,4.564,,,,1.0,0.0,0.0,0.0,7.9,
4336,7.547,487.4,1.79,0.019982,,,,5595.0,0.82,0.917,4.57,,,,0.0,0.0,1.0,1.0,9.7,8.589387
4337,9.73,985.0,2.29,0.028557,,,,4977.0,0.734,0.799,4.607,,,,1.0,0.0,0.0,0.0,9.0,
4339,5.261,78.7,1.31,0.008007,,,,5578.0,1.497,1.001,4.088,,,,0.0,0.0,0.0,0.0,13.4,11.398058
4340,12.58,344.3,2.12,0.017123,,,,6432.0,1.136,1.131,4.382,,,,1.0,0.0,0.0,0.0,10.5,
4341,0.8278,158.4,0.98,0.011524,,,,5286.0,0.776,0.722,4.517,,,,0.0,0.0,1.0,0.0,17.3,12.007606
4342,2.549,116.5,0.94,0.009856,,,,5500.0,0.87,0.974,4.547,,,,0.0,0.0,0.0,0.0,13.5,11.472025
4347,0.947,131.6,0.82,0.010403,,,,4954.0,0.724,0.699,4.563,,,,0.0,1.0,1.0,0.0,11.2,
4348,3.943,12.1,0.79,0.003357,,,,7624.0,2.152,1.803,4.029,,,,1.0,0.0,0.0,0.0,19.8,13.363202
4350,19.04,82.3,1.2,0.00841,,,,6471.0,1.302,0.855,4.141,,,,1.0,0.0,0.0,0.0,8.0,
4353,1.295,39.7,0.87,0.005853,,,,6717.0,1.365,1.266,4.268,,,,0.0,0.0,1.0,0.0,11.8,9.193259
4354,4.156,100.5,1.47,0.00952,,,,6737.0,1.41,1.232,4.228,,,,0.0,0.0,1.0,0.0,12.1,8.690173
4355,3.157,88.5,1.06,0.008772,,,,6341.0,1.111,1.154,4.409,,,,0.0,0.0,1.0,1.0,14.4,10.836572
4357,5.664,162.9,16.07,0.19889,,,,5288.0,0.74,0.828,4.613,,,,1.0,0.0,1.0,1.0,12.9,9.805393
4358,16.5,166.7,1.48,0.011871,,,,6146.0,1.141,0.954,4.303,,,,1.0,0.0,0.0,0.0,12.9,
4359,1.6993,121.4,0.95,0.01212,,,,5051.0,0.721,0.692,4.562,,,,0.0,0.0,0.0,0.0,25.8,31.814764
4360,13.08,460.8,2.2,0.019753,,,,6194.0,1.02,1.086,4.457,,,,1.0,0.0,0.0,0.0,8.8,
4361,2.592,78.2,1.65,0.008114,,,,6123.0,1.86,1.208,3.982,,,,0.0,0.0,0.0,1.0,16.4,15.657688
4362,4.487,112.2,0.5,0.010582,,,,3754.0,0.43,0.443,4.818,,,,0.0,1.0,0.0,1.0,25.3,11.923215
4364,6.204,50.9,1.21,0.00678,,,,6547.0,1.63,1.289,4.122,,,,0.0,0.0,0.0,0.0,14.6,10.407427
4368,1.528,45.0,1.73,0.006626,,,,6403.0,2.391,1.233,3.772,,,,0.0,0.0,1.0,0.0,15.1,11.741793
4369,15.7,238.3,1.22,0.014952,,,,5348.0,0.748,0.838,4.609,,,,0.0,0.0,0.0,1.0,8.2,7.846843
4371,4.279,30.2,1.9,0.005224,,,,8046.0,3.339,2.06,3.704,,,,0.0,0.0,0.0,1.0,17.8,13.470228
4372,5.783,150.7,1.25,0.013675,,,,5852.0,0.837,0.928,4.559,,,,0.0,0.0,0.0,0.0,12.5,10.880907
4373,1.256,43.4,0.57,0.006045,,,,5730.0,0.87,0.968,4.545,,,,0.0,1.0,1.0,0.0,12.0,9.70669
4374,2.713,154.9,1.01,0.011032,,,,5009.0,0.84,0.797,4.491,,,,0.0,0.0,0.0,0.0,11.3,10.712676
4375,8.23,72.6,1.5,0.007877,,,,6578.0,1.744,1.36,4.087,,,,1.0,0.0,0.0,0.0,4.1,
4376,2.898,56.6,1.68,0.006848,,,,5242.0,2.243,0.808,3.644,,,,0.0,0.0,1.0,0.0,14.7,12.345101
4377,8.556,631.9,2.33,0.022558,,,,5462.0,0.946,0.924,4.452,,,,0.0,0.0,0.0,0.0,14.4,11.060613
4380,3.471,45.6,0.52,0.00626,,,,5776.0,0.758,0.832,4.598,,,,1.0,0.0,1.0,1.0,17.2,11.699092
4384,5.816,1016.0,1.92,0.028333,,,,4227.0,0.62,0.614,4.641,,,,0.0,0.0,1.0,0.0,9.7,
4385,2.492,92.0,1.06,0.008874,,,,6355.0,1.09,1.134,4.418,,,,0.0,0.0,1.0,0.0,11.4,10.463333
4387,3.92,203.2,1.23,0.012997,,,,5853.0,0.868,0.961,4.544,,,,0.0,0.0,1.0,0.0,9.5,7.671934
4389,1.772,133.5,1.04,0.010659,,,,5838.0,0.897,0.992,4.529,,,,0.0,1.0,1.0,1.0,13.9,10.579472
4390,0.5051,158.3,1.21,0.012319,,,,6038.0,0.898,0.982,4.524,,,,1.0,0.0,1.0,0.0,16.2,11.549787
4392,4.363,13.5,0.72,0.00355,,,,6652.0,1.863,1.378,4.036,,,,0.0,0.0,1.0,1.0,17.9,10.33584
4393,29.1267,79.5,1.61,0.014678,,,,6047.0,1.002,1.081,4.47,,,,1.0,0.0,0.0,0.0,41.6,10.448241
4396,1.295,68.4,0.86,0.007524,,,,5602.0,1.051,0.851,4.325,,,,0.0,0.0,1.0,0.0,11.4,8.556156
4397,11.103,234.5,1.5,0.014163,,,,5914.0,0.971,0.973,4.451,,,,1.0,0.0,0.0,0.0,10.3,
4398,13.04,330.5,1.62,0.016564,,,,5838.0,0.897,0.992,4.529,,,,1.0,0.0,0.0,0.0,11.8,
4399,12.132,418.6,2.06,0.01886,,,,6360.0,0.999,1.044,4.458,,,,1.0,0.0,0.0,0.0,8.8,
4400,2.057,46.3,2.18,0.006457,,,,6858.0,3.096,1.88,3.731,,,,0.0,0.0,0.0,1.0,16.4,12.784962
4404,3.639,145.0,1.53,0.01394,,,,5700.0,1.006,1.003,4.434,,,,0.0,0.0,0.0,0.0,12.8,10.7262335
4405,10.542,13.1,1.17,0.003526,,,,7846.0,3.05,2.29,3.829,,,,1.0,0.0,0.0,0.0,32.0,11.910183
4406,3.627,1087.0,25.77,0.029056,,,,4687.0,8.123,0.988,2.613,,,,1.0,0.0,0.0,0.0,11.3,8.0025835
4408,12.564,1106.4,2.53,0.030558,,,,5680.0,0.757,0.797,4.582,,,,1.0,0.0,0.0,0.0,11.1,
4409,3.034,41.2,0.7,0.006416,,,,5780.0,1.0,1.0,4.438,,,,1.0,0.0,1.0,0.0,8.1,
4410,0.69,68.1,0.35,0.007706,,,,3925.0,0.421,0.432,4.825,,,,0.0,1.0,1.0,1.0,10.3,7.5278573
4412,2.31,52.0,0.68,0.006582,,,,5893.0,0.941,1.033,4.505,,,,0.0,0.0,1.0,1.0,16.3,13.259307
4416,0.7794,345.0,1.73,0.020577,,,,5521.0,0.771,0.864,4.594,,,,0.0,1.0,0.0,0.0,13.0,10.633059
4417,1.154,138.0,1.17,0.010881,,,,6192.0,0.987,1.037,4.467,,,,0.0,0.0,1.0,0.0,9.5,8.421807
4420,2.503,666.1,2.66,0.026495,,,,6056.0,0.918,0.908,4.47,,,,0.0,0.0,1.0,0.0,11.5,10.44007
4421,16.19,455.0,2.11,0.020295,,,,5900.0,0.951,1.065,4.509,,,,1.0,0.0,0.0,0.0,11.7,
4423,3.632,80.9,0.89,0.008421,,,,5957.0,0.971,1.083,4.498,,,,0.0,0.0,1.0,1.0,19.1,14.703155
4425,0.4931,47.8,0.77,0.006722,,,,5923.0,1.049,1.013,4.402,,,,0.0,1.0,1.0,0.0,10.2,7.5868635
4426,4.023,55.0,0.79,0.006846,,,,6202.0,1.055,1.003,4.394,,,,0.0,0.0,1.0,1.0,13.0,11.676298
4428,1.6192,66.2,0.87,0.007715,,,,5427.0,1.031,0.861,4.347,,,,0.0,1.0,1.0,0.0,21.9,12.366543
4430,2.839,208.1,17.8,0.184616,,,,5977.0,0.883,0.929,4.514,,,,1.0,0.0,1.0,0.0,39.7,10.716698
4431,1.0377,467.9,2.4,0.025773,,,,5561.0,0.854,0.968,4.561,,,,1.0,0.0,1.0,0.0,44.3,8.160799
4433,4.227,33.0,1.29,0.007939,,,,5631.0,1.485,1.046,4.114,,,,1.0,0.0,0.0,0.0,7.1,8.318092
4436,2.485,215.8,1.39,0.01349,,,,5743.0,0.946,0.953,4.466,,,,0.0,0.0,1.0,1.0,9.9,8.323881
4437,6.681,948.0,2.35,0.028255,,,,4957.0,0.763,0.772,4.561,,,,1.0,0.0,0.0,0.0,9.1,
4439,2.1401,50.0,1.62,0.006925,,,,6745.0,2.144,1.336,3.901,,,,1.0,0.0,1.0,1.0,26.1,9.515205
4444,2.148,29.4,1.16,0.005058,,,,7524.0,2.092,1.863,4.067,,,,0.0,0.0,1.0,1.0,11.7,11.9498205
4445,90.95,3452.0,213.46,0.330482,,,,4766.0,5.915,1.059,2.919,,,,0.0,1.0,0.0,0.0,323.1,8.180656
4447,18.52,542.0,2.38,0.021943,,,,6014.0,0.993,1.101,4.486,,,,1.0,0.0,0.0,0.0,11.9,
4448,2.429,33.4,0.64,0.005259,,,,5750.0,1.106,0.968,4.337,,,,0.0,0.0,1.0,0.0,9.9,8.427803
4449,1.244,109.7,0.14,0.009772,,,,2900.0,0.132,0.107,5.224,,,,0.0,0.0,1.0,0.0,9.9,9.864657
4450,2.085,3027.0,54.54,0.299764,,,,6785.0,1.666,1.47,4.162,,,,0.0,1.0,0.0,0.0,19.0,140.75116
4451,3.253,54.8,1.24,0.006983,,,,5412.0,1.629,0.845,3.941,,,,0.0,1.0,0.0,1.0,27.8,15.547416
4453,4.407,264.5,2.19,0.020096,,,,5780.0,1.0,1.0,4.438,,,,1.0,0.0,0.0,0.0,63.2,12.710965
4454,2.654,194.8,118.8,0.830494,,,,6437.0,1.31,1.175,4.273,,,,0.0,0.0,1.0,0.0,11.4,8.841166
4456,2.988,108.2,0.76,0.009284,,,,4840.0,0.749,0.727,4.551,,,,0.0,0.0,1.0,0.0,10.7,8.339693
4457,2.601,100.8,0.81,0.009175,,,,5426.0,0.805,0.903,4.579,,,,0.0,0.0,1.0,1.0,10.4,9.10183
4459,2.783,92.7,0.89,0.008846,,,,6063.0,0.918,0.994,4.51,,,,0.0,0.0,1.0,1.0,7.8,9.329948
4460,3.67,60.5,0.66,0.007054,,,,5568.0,0.854,0.752,4.451,,,,0.0,0.0,1.0,1.0,14.3,11.496414
4461,3.337,26.9,0.78,0.004868,,,,6088.0,1.463,1.103,4.15,,,,0.0,0.0,1.0,1.0,13.3,11.098419
4463,4.409,143.3,9.92,0.011709,,,,8247.0,7.762,3.253,3.17,,,,1.0,0.0,0.0,0.0,26.1,8.189543
4464,2.4463,509.2,82.71,0.246702,,,,6218.0,3.07,1.639,3.678,,,,1.0,0.0,1.0,0.0,82.4,9.720036
4465,0.8302,86.2,0.68,0.00842,,,,4982.0,0.736,0.771,4.591,,,,0.0,1.0,0.0,0.0,16.9,10.8925905
4466,1.519,54.7,1.01,0.007065,,,,6495.0,1.311,0.972,4.191,,,,0.0,0.0,1.0,0.0,11.1,9.742727
4467,3.079,141.9,0.88,0.01076,,,,5289.0,0.748,0.717,4.546,,,,0.0,0.0,1.0,0.0,9.7,8.013927
4468,3.909,12.3,0.48,0.003239,,,,6476.0,1.353,1.202,4.255,,,,1.0,0.0,0.0,1.0,10.4,10.97827
4469,1.728,111.0,0.69,0.009636,,,,4856.0,0.66,0.701,4.643,,,,0.0,0.0,1.0,0.0,10.4,9.700011
4471,2.854,88.1,1.73,0.00865,,,,6200.0,1.834,1.162,3.977,,,,0.0,0.0,1.0,0.0,12.9,11.38409
4472,8.491,122.7,1.46,0.012861,,,,6058.0,1.038,1.004,4.408,,,,0.0,1.0,1.0,1.0,11.6,9.683857
4473,4.183,153.4,0.94,0.011137,,,,5340.0,0.777,0.871,4.593,,,,0.0,0.0,1.0,1.0,13.6,12.029421
4474,4.5838,247.5,24.75,0.215214,,,,6018.0,1.053,0.864,4.33,,,,1.0,0.0,0.0,0.0,78.3,8.278829
4475,9.08,271.9,1.56,0.015211,,,,6028.0,0.938,0.802,4.398,,,,1.0,0.0,1.0,0.0,10.8,
4476,1.397,86.4,0.76,0.008471,,,,5561.0,0.818,0.915,4.572,,,,0.0,0.0,1.0,0.0,13.0,10.303943
4477,2.994,35.9,0.77,0.005588,,,,6323.0,1.263,1.15,4.296,,,,0.0,0.0,0.0,1.0,15.3,12.522235
4479,2.808,59.2,1.49,0.007838,,,,6148.0,1.741,1.016,3.964,,,,0.0,0.0,1.0,0.0,11.5,10.998812
4480,3.447,115.5,1.17,0.010746,,,,5780.0,1.0,1.0,4.438,,,,0.0,0.0,1.0,1.0,11.0,9.997014
4481,2.886,1321.4,31.96,0.292665,,,,5780.0,1.0,1.0,4.438,,,,0.0,1.0,1.0,0.0,19.6,19.476349
4482,2.4875,773.5,28.15,0.252275,,,,5755.0,1.022,0.96,4.402,,,,1.0,0.0,1.0,0.0,92.4,9.244672
4483,6.998,131.4,0.8,0.010518,,,,5404.0,0.694,0.789,4.638,,,,0.0,0.0,1.0,1.0,12.3,10.821349
4484,1.1658,539.2,1.56,0.020573,,,,4499.0,0.693,0.681,4.59,,,,1.0,0.0,1.0,0.0,29.2,11.927238
4485,5.471,144.1,0.61,0.015523,,,,3453.0,0.358,0.364,4.892,,,,1.0,0.0,1.0,1.0,32.2,10.400198
4486,8.331,75.0,1.25,0.008279,,,,5771.0,1.382,0.89,4.106,,,,0.0,0.0,0.0,0.0,14.7,9.935193
4487,4.201,470.5,1.63,0.019767,,,,5364.0,0.754,0.702,4.529,,,,0.0,0.0,0.0,0.0,13.0,9.811624
4488,3.45,242.6,1.32,0.014631,,,,5514.0,0.826,0.926,4.569,,,,0.0,0.0,1.0,1.0,16.3,14.438917
4489,2.469,74.9,0.64,0.008025,,,,5383.0,0.736,0.824,4.614,,,,0.0,1.0,1.0,1.0,18.0,12.516827
4490,12.35,691.0,2.03,0.02411,,,,5218.0,0.772,0.867,4.596,,,,1.0,0.0,0.0,0.0,8.2,7.3005877
4492,2.743,76.2,0.75,0.007843,,,,5087.0,0.881,0.822,4.463,,,,0.0,0.0,1.0,1.0,10.4,11.607047
4493,1.882,613.6,2.5,0.022918,,,,5780.0,1.0,1.0,4.438,,,,0.0,0.0,1.0,0.0,10.8,9.636493
4494,0.6969,68.4,1.42,0.011089,,,,6109.0,1.173,0.85,4.229,,,,0.0,1.0,0.0,1.0,21.2,20.359848
4495,3.279,352.8,1.62,0.017093,,,,5730.0,0.87,0.968,4.545,,,,0.0,0.0,1.0,0.0,11.4,9.889003
4496,1.45,68.3,0.81,0.007549,,,,5726.0,0.979,0.915,4.418,,,,0.0,0.0,0.0,0.0,12.9,10.950456
4497,3.443,122.0,46.33,0.009546,,,,4136.0,44.448,1.777,1.392,,,,1.0,0.0,0.0,0.0,61.4,
4499,2.833,102.7,1.1,0.009341,,,,6249.0,1.076,1.13,4.428,,,,1.0,0.0,0.0,1.0,13.2,10.810935
4500,3.94,,,,,,,,,,,,,,1.0,0.0,0.0,0.0,,
4503,14.55,233.5,1.51,0.013995,,,,6047.0,0.988,0.962,4.431,,,,1.0,0.0,0.0,0.0,7.5,
4504,0.918,89.5,0.93,0.008924,,,,5999.0,0.959,1.045,4.494,,,,0.0,0.0,1.0,1.0,5.0,9.864814
4505,0.652,238.1,1.37,0.014698,,,,5713.0,0.851,0.948,4.554,,,,0.0,1.0,1.0,0.0,7.6,9.391753
4506,2.026,76.9,0.81,0.00812,,,,5812.0,0.914,0.781,4.408,,,,0.0,0.0,1.0,1.0,14.6,12.967635
4508,2.396,50.2,0.5,0.00634,,,,5051.0,0.721,0.692,4.562,,,,0.0,0.0,0.0,0.0,21.6,22.75066
4509,1.572,354.4,1.62,0.017152,,,,5749.0,0.864,0.961,4.547,,,,0.0,0.0,0.0,0.0,12.7,11.328061
4510,1.201,223.7,1.19,0.01341,,,,5071.0,0.811,0.768,4.505,,,,0.0,0.0,0.0,0.0,11.6,12.649473
4511,10.55,899.0,372.86,2.675912,,,,6521.0,1.276,1.334,4.352,,,,0.0,0.0,1.0,0.0,17.6,15.727349
4514,7.023,125.8,16.3,0.153052,,,,6056.0,0.975,0.973,4.448,,,,1.0,0.0,1.0,1.0,28.5,11.382366
4515,22.99,1023.4,3.5,0.036359,,,,5968.0,0.881,0.97,4.534,,,,1.0,0.0,1.0,1.0,27.0,13.719552
4518,1.753,246.8,0.94,0.013845,,,,4205.0,0.624,0.614,4.635,,,,1.0,0.0,1.0,0.0,21.0,9.373571
4521,11.6411,67.8,2.06,0.009814,,,,5109.0,1.922,1.006,3.873,,,,0.0,1.0,1.0,1.0,7.6,7.6200647
4522,1.284,42.2,1.04,0.005978,,,,5925.0,1.589,0.898,3.989,,,,0.0,0.0,1.0,0.0,11.2,8.051929
4523,6.842,341.7,1.96,0.022926,,,,4762.0,0.781,0.762,4.535,,,,0.0,0.0,0.0,0.0,16.2,11.619394
4524,9.0006,9936.0,36.51,0.391951,,,,5735.0,0.853,0.889,4.525,,,,0.0,1.0,1.0,0.0,121.6,190.64745
4525,2.6,893.2,2.24,0.032143,,,,4463.0,0.638,0.624,4.623,,,,0.0,0.0,0.0,0.0,17.7,14.39127
4526,4.164,36923.0,30.08,0.41359,,,,4438.0,0.666,0.653,4.606,,,,0.0,1.0,1.0,1.0,123.5,504.85516
4527,5.466,292.3,2.61,0.015413,,,,5570.0,1.548,1.019,4.066,,,,0.0,0.0,0.0,0.0,18.4,16.881424
4531,2.627,76.8,1.24,0.0095,,,,6025.0,1.196,1.119,4.331,,,,0.0,0.0,0.0,0.0,9.5,9.172276
4533,1.336,180.8,1.25,0.012387,,,,6072.0,0.923,1.005,4.51,,,,0.0,0.0,1.0,1.0,10.6,8.235205
4534,2.5404,394.7,1.99,0.018221,,,,5780.0,1.0,1.0,4.438,,,,1.0,0.0,0.0,0.0,4.2,7.4140954
4535,2.0472,326.6,17.72,0.208884,,,,5470.0,0.777,0.71,4.509,,,,1.0,0.0,1.0,0.0,44.5,9.760975
4536,0.909,144.7,96.03,0.843141,,,,5981.0,1.043,0.933,4.372,,,,1.0,0.0,1.0,0.0,18.9,10.347239
4540,1.525,132.1,0.74,0.010218,,,,4544.0,0.661,0.647,4.609,,,,0.0,0.0,1.0,0.0,6.7,8.309123
4541,3.085,53.8,0.75,0.006825,,,,6181.0,1.006,1.074,4.464,,,,0.0,0.0,1.0,0.0,8.3,7.43796
4542,2.8464,118.1,5.18,0.009628,,,,4898.0,4.928,1.443,3.212,,,,0.0,1.0,1.0,1.0,40.7,16.20387
4543,13.716,292.0,2.79,0.015842,,,,6908.0,1.614,1.155,4.085,,,,1.0,0.0,0.0,0.0,14.5,
4545,2.703,465.5,2.19,0.022182,,,,5763.0,0.904,1.002,4.527,,,,1.0,1.0,1.0,1.0,11.3,10.754355
4546,5.137,323.4,1.61,0.016319,,,,5763.0,0.904,1.002,4.527,,,,0.0,1.0,1.0,1.0,10.8,10.909596
4549,3.807,530.4,2.07,0.021708,,,,5806.0,0.874,0.943,4.529,,,,0.0,0.0,1.0,0.0,16.8,15.726012
4550,4.313,659.2,2.02,0.02561,,,,4987.0,0.722,0.784,4.613,,,,0.0,0.0,0.0,0.0,20.3,16.218212
4552,9.328,221.4,3.08,0.013581,,,,5691.0,2.079,1.096,3.842,,,,1.0,0.0,0.0,0.0,14.1,
4553,9.549,165.0,1.63,0.011831,,,,6036.0,1.265,0.781,4.127,,,,1.0,0.0,0.0,0.0,15.1,
4557,7.602,51.4,1.53,0.007853,,,,6033.0,1.788,1.127,3.985,,,,0.0,0.0,0.0,0.0,22.9,15.809989
4558,0.753,313.6,0.92,0.016379,,,,4607.0,0.515,0.522,4.733,,,,1.0,0.0,0.0,0.0,13.4,8.082049
4559,15.49,84.6,1.18,0.008566,,,,6496.0,1.257,1.153,4.301,,,,1.0,0.0,0.0,0.0,9.3,
4560,8.752,534.8,2.5,0.022031,,,,6184.0,1.038,1.1,4.448,,,,1.0,0.0,0.0,0.0,9.3,7.33337
4565,3.618,110.6,1.68,0.009763,,,,6615.0,1.574,1.343,4.173,,,,1.0,0.0,0.0,0.0,17.9,14.449545
4566,5.7076,6608.7,32.21,0.371471,,,,5463.0,0.794,0.883,4.582,,,,0.0,1.0,1.0,0.0,114.4,147.59172
4567,7.298,983.9,2.52,0.028187,,,,5436.0,0.819,0.919,4.573,,,,0.0,0.0,0.0,0.0,20.5,15.467764
4568,5.198,358.1,1.76,0.017285,,,,5973.0,0.935,1.024,4.506,,,,0.0,0.0,0.0,0.0,13.1,11.736576
4570,8.093,262.0,1.5,0.014837,,,,5638.0,0.928,0.773,4.391,,,,0.0,0.0,0.0,0.0,25.9,18.454851
4572,3.755,24.1,0.58,0.004874,,,,6620.0,1.081,1.097,4.411,,,,0.0,1.0,1.0,1.0,29.1,19.896204
4573,5.92,191.6,1.07,0.012789,,,,5775.0,0.768,0.838,4.59,,,,0.0,0.0,0.0,0.0,7.2,
4578,2.087,72.0,0.76,0.007855,,,,5537.0,0.886,0.989,4.539,,,,0.0,0.0,1.0,1.0,13.0,9.770187
4580,2.365,94.8,0.87,0.008963,,,,6077.0,0.891,0.974,4.526,,,,0.0,1.0,1.0,1.0,12.6,10.92875
4582,2.014,29.2,0.75,0.005252,,,,6033.0,1.316,0.948,4.176,,,,0.0,0.0,1.0,0.0,15.2,13.972461
4583,34.7564,174.7,2.69,0.02037,,,,6017.0,1.21,1.064,4.3,,,,1.0,0.0,0.0,0.0,137.3,16.721495
4584,22.48,190.4,3.24,0.012462,,,,5127.0,2.38,0.825,3.602,,,,1.0,0.0,0.0,0.0,12.7,7.634995
4585,12.319,51.3,1.19,0.006734,,,,6195.0,1.617,1.127,4.072,,,,1.0,0.0,1.0,0.0,13.5,9.878687
4586,1.365,154.2,1.21,0.011561,,,,5734.0,0.962,0.977,4.462,,,,0.0,0.0,0.0,0.0,11.7,25.28146
4587,4.865,36.3,0.96,0.005597,,,,6206.0,1.573,1.305,4.159,,,,0.0,0.0,0.0,0.0,9.8,8.201232
4588,4.709,336.7,3.21,0.018978,,,,5570.0,1.548,1.019,4.066,,,,0.0,0.0,0.0,0.0,11.8,9.732154
4589,4.696,87.2,0.86,0.0085,,,,5638.0,0.928,0.773,4.391,,,,0.0,0.0,0.0,0.0,15.9,11.237086
4592,1.639,520.0,4.98,0.023361,,,,4774.0,1.954,0.959,3.838,,,,0.0,0.0,0.0,0.0,16.4,14.016273
4594,0.855,183.1,0.42,0.013728,,,,3396.0,0.28,0.28,4.991,,,,0.0,0.0,0.0,0.0,12.3,8.393605
4595,1.78,43.6,4.44,0.019555,,,,5951.0,2.08,0.967,3.787,,,,0.0,0.0,1.0,0.0,13.6,10.444366
4597,4.077,124.0,1.11,0.010794,,,,5942.0,0.938,1.028,4.506,,,,0.0,1.0,1.0,0.0,16.9,8.295463
4601,0.9077,414.1,11.02,0.119898,,,,5615.0,0.842,0.778,4.478,,,,0.0,1.0,0.0,0.0,26.4,40.250225
4602,4.22,15.2,0.38,0.003674,,,,5798.0,0.941,1.038,4.507,,,,0.0,0.0,1.0,1.0,15.7,8.988491
4603,1.125,92.3,1.1,0.008874,,,,5861.0,1.131,1.13,4.385,,,,1.0,0.0,0.0,0.0,11.0,7.8171096
4606,2.144,46.8,0.85,0.00629,,,,6258.0,1.239,1.135,4.307,,,,0.0,0.0,0.0,0.0,13.4,16.160461
4608,5.307,436.6,2.46,0.021125,,,,5731.0,1.066,0.977,4.372,,,,0.0,0.0,0.0,0.0,8.9,30.597952
4609,22.482,1266.8,93.55,0.284985,,,,5896.0,3.006,1.472,3.65,,,,1.0,0.0,0.0,0.0,75.0,24.313354
4610,1.255,43.4,0.98,0.00626,,,,5717.0,1.433,0.964,4.109,,,,0.0,0.0,1.0,0.0,9.0,14.391156
4613,3.7591,4856.7,8.4,0.093998,,,,5561.0,0.818,0.915,4.572,,,,0.0,1.0,0.0,0.0,71.0,752.5731
4614,3.79,200.2,1.31,0.012989,,,,6086.0,0.921,1.003,4.511,,,,0.0,0.0,0.0,0.0,17.0,14.219389
4615,1.169,205.2,1.28,0.013399,,,,5799.0,0.878,0.975,4.539,,,,0.0,0.0,1.0,0.0,17.4,8.076806
4616,5.2232,1531.2,2.84,0.03515,,,,5288.0,0.74,0.828,4.613,,,,0.0,0.0,0.0,0.0,38.0,24.130754
4617,10.158,503.9,2.1,0.020645,,,,6225.0,0.931,0.958,4.481,,,,1.0,0.0,0.0,0.0,11.2,
4620,2.255,172.8,11.82,0.157758,,,,5345.0,0.686,0.747,4.639,,,,1.0,0.0,1.0,0.0,26.0,10.553514
4621,1.184,216.0,0.95,0.01333,,,,4440.0,0.653,0.646,4.618,,,,0.0,0.0,1.0,0.0,13.8,12.293265
4624,3.582,71.3,0.93,0.008377,,,,6063.0,1.012,1.117,4.476,,,,0.0,0.0,1.0,1.0,15.5,12.513006
4627,2.566,38.1,1.61,0.005958,,,,6106.0,2.477,1.352,3.781,,,,0.0,1.0,1.0,1.0,26.5,17.994131
4628,1.958,159.1,1.39,0.012281,,,,6184.0,1.038,1.1,4.448,,,,0.0,0.0,1.0,1.0,9.6,7.7715592
4629,3.099,70.7,1.66,0.008153,,,,6277.0,1.869,1.138,3.951,,,,0.0,1.0,1.0,1.0,19.7,15.9753275
4630,6.698,21.8,1.34,0.00436,,,,7382.0,2.804,1.976,3.838,,,,0.0,1.0,0.0,0.0,20.9,11.464872
4631,2.441,89.1,1.19,0.009648,,,,6353.0,1.132,1.104,4.375,,,,0.0,1.0,0.0,1.0,19.7,21.36198
4632,4.509,60.9,1.09,0.00769,,,,6035.0,1.303,1.009,4.212,,,,0.0,0.0,0.0,0.0,17.4,13.720245
4633,2.75,,,,,,,,,,,,,,1.0,1.0,0.0,0.0,,
4634,3.542,871.0,2.37,0.027476,,,,5383.0,0.789,0.885,4.587,,,,0.0,0.0,0.0,0.0,9.9,13.710323
4635,6.534,1175.1,35.31,0.315734,,,,6208.0,1.024,1.086,4.454,,,,0.0,1.0,1.0,0.0,20.5,18.536129
4636,3.651,983.0,1.18,0.028278,,,,3526.0,0.383,0.394,4.866,,,,0.0,0.0,0.0,0.0,13.0,9.098771
4637,5.395,10774.0,44.48,0.389436,,,,6258.0,1.046,1.102,4.442,,,,0.0,1.0,1.0,0.0,123.1,149.51245
4638,6.6957,34356.0,39.42,0.435461,,,,5569.0,0.829,0.928,4.566,,,,0.0,1.0,0.0,0.0,186.0,531.08655
4639,7.93,347.4,1.67,0.017136,,,,6043.0,0.894,0.933,4.505,,,,1.0,0.0,0.0,0.0,10.1,
4640,12.76,885.0,2.21,0.026964,,,,5407.0,0.752,0.794,4.585,,,,1.0,0.0,0.0,0.0,10.5,
4641,2.115,37.0,0.8,0.006008,,,,6356.0,1.225,1.068,4.292,,,,0.0,0.0,1.0,0.0,10.0,8.826652
4642,1.468,74.0,0.8,0.008001,,,,6039.0,0.921,0.992,4.505,,,,0.0,1.0,0.0,1.0,9.8,9.293105
4643,1.459,118.7,1.02,0.010031,,,,6098.0,0.932,0.976,4.488,,,,0.0,0.0,1.0,0.0,16.1,14.5684395
4644,4.986,651.0,2.05,0.023516,,,,5489.0,0.798,0.872,4.574,,,,1.0,0.0,0.0,0.0,7.9,
4646,2.03,301.6,1.88,0.015998,,,,6309.0,1.077,1.062,4.402,,,,0.0,0.0,1.0,0.0,9.2,8.372781
4647,5.73,23.6,2.14,0.004733,,,,6700.0,4.146,1.893,3.48,,,,1.0,0.0,0.0,0.0,7.6,8.147197
4649,1.1688,122.9,0.78,0.009888,,,,4872.0,0.726,0.814,4.615,,,,0.0,0.0,0.0,0.0,28.7,41.325726
4650,5.607,16.0,0.9,0.003928,,,,8482.0,2.106,1.987,4.089,,,,0.0,0.0,0.0,1.0,14.8,11.433507
4653,3.533,56.7,1.14,0.007276,,,,6210.0,1.434,1.098,4.166,,,,0.0,1.0,0.0,1.0,40.3,11.755376
4654,1.4932,131.2,7.05,0.011194,,,,5261.0,5.769,1.639,3.13,,,,1.0,0.0,1.0,0.0,37.5,8.488568
4655,4.961,818.0,3.78,0.03272,,,,6020.0,1.057,1.03,4.403,,,,0.0,0.0,0.0,0.0,10.3,11.331908
4658,1.368,100.7,1.57,0.009291,,,,6253.0,1.55,1.107,4.102,,,,1.0,0.0,1.0,0.0,6.6,7.193181
4659,6.745,297.0,2.64,0.016179,,,,5794.0,1.496,1.072,4.118,,,,0.0,0.0,0.0,0.0,24.9,19.653181
4660,5.619,251.0,2.35,0.014368,,,,5794.0,1.496,1.072,4.118,,,,0.0,0.0,0.0,0.0,29.4,24.592001
4662,11.17,157.1,1.97,0.011533,,,,5325.0,1.565,0.9,4.004,,,,1.0,0.0,0.0,0.0,7.2,
4663,5.572,1959.0,3.77,0.039819,,,,5485.0,0.867,0.986,4.556,,,,1.0,0.0,0.0,0.0,12.3,
4667,2.259,92.8,0.81,0.008812,,,,5559.0,0.838,0.917,4.554,,,,0.0,0.0,1.0,1.0,7.6,8.809391
4669,2.257,158.4,0.82,0.011441,,,,5300.0,0.66,0.731,4.66,,,,0.0,0.0,1.0,0.0,10.2,8.877176
4670,3.172,38.6,0.66,0.005808,,,,5864.0,1.04,1.014,4.411,,,,1.0,0.0,1.0,1.0,14.1,8.183369
4671,5.156,57.5,24.48,0.006465,,,,3857.0,34.674,0.954,1.338,,,,0.0,0.0,1.0,0.0,24.3,12.3069935
4672,4.491,32.3,2.03,0.00538,,,,7919.0,3.46,2.01,3.663,,,,0.0,0.0,1.0,1.0,24.6,18.915369
4673,3.89,20.6,0.46,0.004206,,,,5655.0,0.998,0.979,4.431,,,,0.0,0.0,1.0,1.0,18.8,14.64569
4674,5.744,536.9,1.56,0.020972,,,,4550.0,0.679,0.713,4.627,,,,0.0,0.0,0.0,0.0,27.1,21.087347
4675,4.285,332.7,1.18,0.016079,,,,4267.0,0.67,0.662,4.608,,,,0.0,1.0,1.0,0.0,10.8,12.548458
4676,4.143,119.2,1.62,0.009926,,,,5794.0,1.496,1.072,4.118,,,,0.0,0.0,0.0,0.0,18.1,13.711848
4678,5.4674,16629.5,29.69,0.380234,,,,4946.0,0.715,0.694,4.57,,,,0.0,1.0,1.0,1.0,265.2,914.6935
4679,5.1942,73834.2,46.14,0.478535,,,,5955.0,0.883,0.972,4.534,,,,0.0,1.0,0.0,0.0,1669.4,1690.7906
4681,2.32,214.7,1.7,0.013588,,,,5970.0,1.143,1.195,4.399,,,,1.0,0.0,1.0,1.0,33.5,17.219824
4684,1.169,182.5,1.09,0.012402,,,,5088.0,0.806,0.763,4.508,,,,0.0,0.0,1.0,0.0,13.1,10.820939
4685,13.53,131.8,2.1,0.010271,,,,5248.0,1.869,0.98,3.886,,,,1.0,0.0,0.0,0.0,8.4,
4687,5.232,80.6,13.28,0.114161,,,,6332.0,1.065,1.048,4.406,,,,1.0,0.0,0.0,1.0,10.6,8.5912485
4688,0.871,113.2,1.23,0.010037,,,,6143.0,1.121,1.025,4.351,,,,0.0,0.0,1.0,0.0,10.6,8.88228
4689,2.484,87.4,1.41,0.009401,,,,6517.0,1.375,1.203,4.241,,,,0.0,0.0,1.0,0.0,11.8,10.065467
4690,3.052,43.6,0.61,0.006086,,,,5941.0,0.911,1.001,4.519,,,,0.0,0.0,1.0,1.0,10.0,8.488446
4691,3.371,28.9,0.59,0.005118,,,,6238.0,1.049,1.022,4.407,,,,0.0,0.0,1.0,1.0,17.4,16.33675
4692,2.746,61.9,0.67,0.007159,,,,5528.0,0.853,0.838,4.499,,,,0.0,0.0,0.0,0.0,13.9,12.187006
4693,6.351,905.8,2.23,0.036504,,,,4371.0,0.559,0.587,4.712,,,,1.0,0.0,1.0,1.0,18.1,12.094103
4696,5.516,883.1,4.01,0.028378,,,,5541.0,1.295,0.945,4.189,,,,0.0,0.0,0.0,0.0,22.7,18.09785
4697,8.2789,17097.0,25.91,0.374251,,,,5204.0,0.634,0.624,4.63,,,,0.0,1.0,0.0,0.0,110.8,201.59709
4700,3.678,197.9,1.15,0.012961,,,,4915.0,0.812,0.781,4.512,,,,0.0,0.0,0.0,0.0,13.0,11.3997345
4701,10.9113,69911.3,24.39,0.259673,,,,5799.0,0.86,0.955,4.548,,,,0.0,1.0,0.0,0.0,1820.5,2094.087
4702,5.9303,7647.4,31.13,0.363648,,,,5656.0,0.784,0.873,4.583,,,,0.0,1.0,1.0,0.0,127.1,176.78581
4703,11.64,170.2,0.99,0.012051,,,,5375.0,0.752,0.7,4.531,,,,1.0,0.0,0.0,0.0,9.6,
4705,1.575,41.0,1.11,0.00591,,,,6406.0,1.715,1.219,4.056,,,,0.0,0.0,1.0,0.0,9.5,7.5872216
4706,2.089,101.1,0.93,0.009255,,,,6026.0,0.924,0.995,4.505,,,,1.0,0.0,1.0,0.0,7.3,7.7108054
4710,0.5663,112.2,1.34,0.010183,,,,6332.0,1.205,1.08,4.311,,,,1.0,0.0,1.0,0.0,15.1,
4711,9.836,246.2,3.6,0.014538,,,,6570.0,2.27,1.5,3.902,,,,1.0,0.0,0.0,0.0,13.5,
4712,3.721,35.7,0.65,0.005506,,,,6403.0,1.086,1.127,4.418,,,,1.0,0.0,0.0,1.0,12.5,9.113226
4714,3.002,295.5,1.67,0.015746,,,,6075.0,0.969,1.048,4.486,,,,0.0,0.0,0.0,0.0,18.7,15.709525
4715,6.356,229.8,1.94,0.015374,,,,6269.0,1.155,1.237,4.405,,,,0.0,0.0,0.0,0.0,16.4,13.492519
4717,0.596,57.9,1.04,0.00726,,,,6462.0,1.309,1.153,4.266,,,,0.0,1.0,1.0,0.0,12.7,8.648073
4719,6.4327,12568.5,48.98,0.500076,,,,5838.0,0.897,0.992,4.529,,,,0.0,1.0,1.0,0.0,179.3,165.75145
4720,2.071,105.2,0.85,0.009278,,,,5471.0,0.841,0.874,4.53,,,,0.0,1.0,1.0,1.0,18.0,15.057617
4721,18.22,455.5,69.59,0.180979,,,,7894.0,3.521,1.995,3.644,,,,1.0,0.0,0.0,0.0,17.1,
4722,2.716,333.8,1.4,0.016223,,,,5008.0,0.788,0.844,4.572,,,,0.0,0.0,0.0,0.0,11.5,10.5991125
4723,8.8,579.4,2.18,0.022087,,,,6011.0,0.902,0.988,4.522,,,,1.0,0.0,0.0,0.0,10.0,
4725,1.2399,101.7,0.86,0.009338,,,,6123.0,0.846,0.941,4.556,,,,1.0,0.0,1.0,0.0,15.3,7.936796
4726,2.174,189.2,1.2,0.012616,,,,5520.0,0.873,0.972,4.544,,,,0.0,0.0,0.0,0.0,10.7,10.114161
4728,1.785,67.5,0.73,0.007501,,,,5158.0,0.888,0.836,4.464,,,,0.0,0.0,1.0,0.0,8.0,7.2918854
4729,3.287,42.4,0.72,0.006036,,,,6445.0,1.087,1.125,4.417,,,,0.0,0.0,1.0,1.0,12.5,8.984928
4730,0.783,23.1,0.49,0.004479,,,,5780.0,1.0,1.0,4.438,,,,0.0,1.0,0.0,0.0,6.8,7.3705826
4731,14.33,153.6,1.6,0.011402,,,,6200.0,1.287,0.99,4.214,,,,1.0,0.0,0.0,0.0,11.6,
4734,6.19,304.2,1.33,0.017544,,,,4895.0,0.696,0.775,4.631,,,,0.0,0.0,1.0,1.0,11.5,8.896265
4735,13.97,216.9,1.41,0.013424,,,,5587.0,0.965,0.801,4.372,,,,0.0,0.0,1.0,0.0,11.2,
4736,5.125,622.2,1.94,0.029482,,,,4406.0,0.603,0.621,4.67,,,,0.0,0.0,0.0,0.0,17.0,14.125189
4738,3.605,196.2,1.66,0.014102,,,,6214.0,1.076,1.169,4.442,,,,0.0,0.0,0.0,0.0,14.1,11.448122
4739,1.724,577.6,22.56,0.23157,,,,5592.0,0.892,0.862,4.472,,,,0.0,1.0,0.0,0.0,16.2,13.620056
4740,3.8198,6287.9,428.62,3.720483,,,,6006.0,1.055,0.867,4.33,,,,0.0,1.0,0.0,0.0,147.9,149.6703
4742,3.5065,582.5,29.26,0.244048,,,,6055.0,1.098,1.126,4.407,,,,1.0,0.0,1.0,1.0,79.1,8.571441
4744,13.35,326.4,1.84,0.016898,,,,6040.0,0.999,1.07,4.469,,,,1.0,0.0,0.0,0.0,11.5,
4745,5.593,426.0,3.46,0.019307,,,,6486.0,1.64,1.213,4.091,,,,1.0,0.0,0.0,0.0,4.4,
4746,8.828,509.3,1.67,0.020631,,,,5503.0,0.742,0.69,4.536,,,,1.0,0.0,0.0,0.0,8.7,
4748,5.33,127.1,0.69,0.010497,,,,4214.0,0.601,0.588,4.65,,,,1.0,0.0,0.0,0.0,7.0,
4751,2.3181,59.7,0.79,0.007242,,,,5780.0,1.0,1.0,4.438,,,,0.0,0.0,1.0,1.0,3.3,20.986528
4752,2.457,70.4,0.71,0.007646,,,,5699.0,0.853,0.95,4.553,,,,1.0,0.0,0.0,0.0,11.1,8.805404
4753,1.6053,35.2,44.9,0.005106,,,,3715.0,80.529,1.678,0.851,,,,0.0,1.0,1.0,0.0,31.1,16.076143
4755,5.14,327.7,5.38,0.016192,,,,4927.0,3.04,0.881,3.417,,,,0.0,0.0,1.0,1.0,12.2,9.905458
4756,9.3,,,,,,,,,,,,,,0.0,1.0,0.0,0.0,,
4757,2.633,66.1,0.92,0.007324,,,,5571.0,1.145,0.976,4.31,,,,0.0,0.0,1.0,0.0,9.2,8.511584
4759,8.616,1015.7,23.21,0.284532,,,,5205.0,0.747,0.827,4.604,,,,0.0,1.0,1.0,0.0,37.3,62.200512
4760,1.78,523.8,1.89,0.023621,,,,5549.0,0.732,0.776,4.6,,,,0.0,0.0,0.0,0.0,12.6,11.059722
4762,4.661,1660.7,3.11,0.04461,,,,5216.0,0.639,0.704,4.673,,,,0.0,0.0,1.0,0.0,49.3,51.554775
4763,4.845,651.1,2.24,0.023364,,,,5799.0,0.878,0.975,4.539,,,,0.0,0.0,0.0,0.0,9.6,15.579355
4764,5.891,112.1,1.18,0.010644,,,,6354.0,1.016,1.067,4.454,,,,0.0,0.0,1.0,1.0,11.8,10.650661
4765,2.553,62.1,0.97,0.007445,,,,5823.0,1.187,0.986,4.283,,,,0.0,0.0,1.0,0.0,10.3,8.86209
4766,5.869,502.1,1.3,0.020068,,,,4401.0,0.595,0.613,4.677,,,,0.0,0.0,0.0,0.0,13.1,12.923793
4768,2.238,740.6,20.52,0.251507,,,,5683.0,0.747,0.835,4.605,,,,0.0,1.0,0.0,0.0,10.3,10.238926
4769,3.87,28.4,0.49,0.004875,,,,5896.0,0.914,1.0,4.516,,,,0.0,0.0,1.0,0.0,8.2,7.412496
4771,3.083,591.7,32.84,0.02183,,,,4894.0,13.777,1.928,2.445,,,,0.0,0.0,0.0,1.0,16.2,9.673146
4773,3.664,361.1,1.85,0.017325,,,,5440.0,0.98,0.972,4.444,,,,0.0,0.0,1.0,0.0,10.0,9.2408285
4774,1.7407,239.6,21.07,0.215782,,,,5458.0,0.894,0.884,4.482,,,,1.0,0.0,1.0,0.0,27.7,10.57951
4776,4.386,47.8,1.92,0.006671,,,,5858.0,2.638,1.358,3.729,,,,0.0,0.0,1.0,1.0,33.3,10.916952
4777,0.6908,1118.5,30.54,0.328292,,,,5791.0,0.852,0.885,4.524,,,,1.0,0.0,0.0,0.0,108.6,
4778,2.34,,,,,,,,,,,,,,1.0,0.0,0.0,0.0,,
4780,4.14,,,,,,,,,,,,,,1.0,1.0,0.0,0.0,,
4781,6.9676,4989.2,30.32,0.351452,,,,5306.0,0.79,0.81,4.55,,,,0.0,1.0,1.0,0.0,155.6,192.70526
4782,20.585,2340.2,36.8,0.322212,,,,5889.0,1.046,1.152,4.46,,,,0.0,1.0,1.0,1.0,131.4,93.7909
4784,5.227,160.6,3.19,0.011762,,,,6049.0,2.483,1.419,3.8,,,,0.0,0.0,0.0,0.0,18.2,14.554175
4785,5.033,1138.6,2.78,0.030375,,,,5497.0,0.839,0.952,4.57,,,,0.0,1.0,0.0,0.0,17.5,23.183668
4786,9.298,901.4,2.32,0.030353,,,,4721.0,0.701,0.74,4.615,,,,0.0,0.0,0.0,0.0,12.7,9.156626
4787,0.919,105.7,0.75,0.00954,,,,4861.0,0.722,0.71,4.572,,,,0.0,1.0,0.0,0.0,8.8,9.519009
4788,8.605,296.9,2.22,0.015844,,,,6084.0,1.283,1.167,4.287,,,,0.0,0.0,0.0,0.0,12.2,10.347039
4789,1.961,289.3,1.72,0.015634,,,,6046.0,1.007,1.111,4.478,,,,0.0,0.0,0.0,0.0,12.4,11.341888
4790,5.476,232.9,1.59,0.014598,,,,5780.0,1.0,1.0,4.438,,,,0.0,0.0,1.0,1.0,19.3,11.197976
4793,0.8928,112.6,0.84,0.009886,,,,6150.0,0.781,0.701,4.498,,,,1.0,0.0,1.0,0.0,19.9,8.107988
4795,9.07,126.1,1.33,0.010342,,,,6348.0,1.18,1.064,4.323,,,,1.0,0.0,0.0,0.0,7.5,
4796,6.61,7.7,0.73,0.002691,,,,8431.0,2.485,2.1,3.97,,,,1.0,0.0,0.0,0.0,7.3,8.955095
4797,14.175,762.3,4.63,0.030244,,,,6352.0,1.401,1.323,4.267,,,,0.0,0.0,0.0,0.0,54.3,32.46188
4801,3.463,137.0,0.8,0.010404,,,,4914.0,0.707,0.684,4.575,,,,0.0,0.0,0.0,1.0,9.6,8.748134
4802,9.12,152.5,1.7,0.011865,,,,6131.0,1.312,1.109,4.248,,,,1.0,0.0,0.0,0.0,11.1,7.494789
4803,4.214,641.3,2.42,0.023114,,,,5982.0,0.96,1.047,4.493,,,,0.0,0.0,0.0,0.0,13.9,13.308066
4804,4.003,723.2,2.58,0.02451,,,,5936.0,0.965,1.075,4.501,,,,0.0,0.0,0.0,0.0,13.6,10.610574
4805,3.787,1132.9,1.75,0.030272,,,,3899.0,0.529,0.528,4.713,,,,0.0,0.0,0.0,0.0,17.8,14.733009
4806,3.674,352.8,0.97,0.016941,,,,3749.0,0.524,0.554,4.743,,,,0.0,0.0,0.0,0.0,14.5,11.920323
4807,3.826,1001.6,1.97,0.028034,,,,4266.0,0.643,0.638,4.626,,,,0.0,0.0,1.0,1.0,15.3,13.70746
4808,4.495,2127.0,39.59,0.041147,,,,4893.0,8.811,0.805,2.454,,,,1.0,0.0,0.0,0.0,14.8,7.3217716
4810,9.7,439.9,3.54,0.018881,,,,5288.0,1.719,0.854,3.898,,,,1.0,0.0,0.0,0.0,11.0,
4811,12.75,732.2,2.82,0.025195,,,,6117.0,1.025,1.097,4.457,,,,1.0,0.0,1.0,0.0,13.0,
4813,2.699,23.0,0.51,0.004528,,,,6084.0,1.03,1.03,4.426,,,,0.0,0.0,1.0,0.0,14.3,11.082045
4816,2.433,127.1,0.92,0.010051,,,,4889.0,0.836,0.811,4.503,,,,0.0,0.0,1.0,0.0,11.3,8.608071
4817,3.741,86.5,0.78,0.008445,,,,5693.0,0.842,0.938,4.558,,,,0.0,0.0,1.0,0.0,11.1,9.872231
4821,5.791,170.7,0.95,0.011917,,,,5415.0,0.728,0.695,4.556,,,,0.0,0.0,1.0,1.0,14.7,15.17209
4823,9.47,131.0,1.79,0.010563,,,,6240.0,1.549,1.111,4.103,,,,1.0,0.0,0.0,0.0,8.8,
4824,3.844,310.8,1.41,0.021423,,,,4257.0,0.602,0.589,4.648,,,,0.0,0.0,0.0,0.0,11.3,9.948514
4825,7.712,330.0,1.6,0.016631,,,,5968.0,0.881,0.97,4.534,,,,0.0,0.0,0.0,0.0,21.9,19.658266
4826,5.342,859.3,3.35,0.031301,,,,5641.0,0.981,0.899,4.408,,,,0.0,0.0,0.0,0.0,25.7,24.939644
4827,16.637,5622.7,7.76,0.067781,,,,5609.0,1.048,0.889,4.346,,,,1.0,0.0,0.0,1.0,91.1,144.07951
4828,3.107,1046.5,24.73,0.273807,,,,5223.0,0.827,0.767,4.488,,,,0.0,1.0,1.0,0.0,17.9,15.679331
4832,7.9657,219273.0,42.5,0.461141,,,,5775.0,0.844,0.856,4.518,,,,0.0,1.0,0.0,0.0,1766.7,7422.2627
4833,2.614,87.8,7.29,0.057092,,,,6499.0,1.169,1.191,4.378,,,,1.0,0.0,1.0,1.0,15.2,10.306368
4834,4.112,366.5,1.71,0.018237,,,,5591.0,0.86,0.977,4.559,,,,1.0,0.0,0.0,0.0,7.9,7.907231
4836,6.39,246.1,13.68,0.104426,,,,6444.0,1.2,1.248,4.376,,,,1.0,0.0,0.0,0.0,18.5,8.187134
4838,3.536,312.5,2.09,0.016291,,,,6422.0,1.175,1.161,4.364,,,,1.0,0.0,0.0,0.0,8.6,
4839,14.77,115.0,1.01,0.009877,,,,6170.0,0.939,0.976,4.482,,,,1.0,0.0,0.0,0.0,11.9,
4841,44.0504,216.7,4.25,0.019261,,,,6085.0,2.02,1.228,3.917,,,,1.0,0.0,0.0,0.0,56.4,10.1395855
4842,2.186,19.6,0.77,0.004073,,,,6011.0,1.73,1.021,3.971,,,,0.0,1.0,1.0,1.0,10.8,10.476792
4844,5.045,1024.9,6.54,0.037095,,,,6384.0,1.615,1.216,4.107,,,,0.0,1.0,1.0,0.0,19.7,16.493217
4845,7.4672,4094.1,8.15,0.070791,,,,6161.0,1.054,0.763,4.276,,,,0.0,1.0,1.0,1.0,136.5,977.96655
4846,7.251,484.0,3.23,0.026381,,,,6133.0,1.121,1.071,4.37,,,,0.0,1.0,1.0,1.0,36.9,24.618546
4847,14.602,5103.3,39.94,0.35336,,,,6363.0,1.035,1.083,4.444,,,,0.0,1.0,1.0,1.0,125.0,100.61897
4848,20.813,2896.9,42.91,0.434667,,,,5659.0,0.904,1.005,4.528,,,,0.0,1.0,1.0,1.0,90.5,150.76508
4849,2.326,263.1,1.6,0.014858,,,,6072.0,0.988,1.05,4.47,,,,0.0,1.0,1.0,0.0,20.3,16.457384
4851,4.198,145.4,1.12,0.01105,,,,5906.0,0.931,0.857,4.433,,,,0.0,0.0,1.0,1.0,14.2,11.416615
4852,26.34,158.2,9.75,0.101345,,,,6139.0,0.881,0.959,4.53,,,,0.0,1.0,1.0,1.0,11.9,8.4071045
4854,2.576,80.8,1.57,0.009023,,,,7338.0,1.593,1.553,4.225,,,,1.0,0.0,0.0,0.0,32.0,
4856,46.356,347.3,90.09,0.220225,,,,8753.0,3.746,2.385,3.668,,,,0.0,1.0,0.0,0.0,225.1,24.316656
4857,7.469,229.2,1.57,0.013888,,,,5731.0,1.033,0.889,4.359,,,,1.0,0.0,0.0,0.0,8.0,
4858,90.01,390.9,81.01,0.206179,,,,5165.0,3.598,1.462,3.491,,,,1.0,0.0,0.0,0.0,85.7,7.3230476
4862,9.1151,143645.0,2722.92,21.720514,,,,5997.0,1.148,0.968,4.304,,,,1.0,0.0,0.0,0.0,768.9,1541.0045
4863,28.5357,1230.4,3.8,0.040899,,,,5713.0,0.851,0.948,4.554,,,,1.0,0.0,1.0,1.0,89.9,21.91319
4864,3.69,71.7,0.79,0.008483,,,,6355.0,0.849,0.925,4.547,,,,0.0,0.0,0.0,0.0,8.5,8.747018
4865,23.9402,458.9,2.52,0.025794,,,,5713.0,0.893,1.01,4.541,,,,1.0,0.0,1.0,1.0,40.8,19.314213
4866,14.992,460.9,89.18,0.229528,,,,5367.0,3.558,0.758,3.216,,,,0.0,1.0,1.0,1.0,27.1,26.186584
4867,8.1218,1840.5,30.94,0.285924,,,,5838.0,0.991,0.848,4.374,,,,0.0,1.0,0.0,0.0,374.1,570.84406
4868,3.21373,348777.0,109.72,0.62174,,,,5503.0,1.616,1.026,4.033,,,,0.0,1.0,0.0,0.0,608.9,5347.0596
4869,18.4332,102294.0,21.93,0.310418,,,,5011.0,0.647,0.632,4.617,,,,0.0,1.0,0.0,0.0,1597.3,1391.742
4870,4.4761,190903.0,61.54,0.788182,,,,4478.0,0.715,0.706,4.578,,,,0.0,1.0,0.0,0.0,879.2,2976.9692
4871,4.7439,83326.0,51.77,0.479811,,,,6233.0,0.988,1.054,4.472,,,,0.0,1.0,1.0,1.0,154.4,1948.7997
4872,7.343,500.0,2.39,0.020479,,,,6194.0,1.069,1.161,4.445,,,,0.0,0.0,0.0,0.0,15.4,11.898367
4873,4.725,146.8,0.88,0.010717,,,,4796.0,0.749,0.742,4.56,,,,1.0,0.0,0.0,0.0,15.1,7.322376
4874,7.48907,81427.9,22.25,0.258948,,,,5385.0,0.787,0.832,4.565,,,,0.0,1.0,1.0,1.0,301.4,3876.0752
4876,4.472,418.2,3.94,0.024942,,,,5312.0,1.445,0.963,4.103,,,,0.0,0.0,0.0,0.0,12.6,17.11139
4877,2.307,201.0,1.12,0.012911,,,,5459.0,0.797,0.893,4.583,,,,0.0,0.0,1.0,0.0,9.4,8.515262
4880,3.36626,207990.0,51.86,0.550314,,,,5764.0,0.863,0.959,4.548,,,,0.0,1.0,0.0,0.0,950.0,2233.0818
4882,4.359,322.2,1.58,0.016361,,,,5659.0,0.885,0.849,4.473,,,,0.0,0.0,1.0,0.0,13.6,11.282671
4883,4.949,235.6,1.14,0.013886,,,,5002.0,0.753,0.723,4.543,,,,0.0,0.0,0.0,0.0,18.6,11.951437
4885,6.326,132.2,2.18,0.012497,,,,5849.0,1.601,1.114,4.076,,,,0.0,0.0,0.0,0.0,14.9,12.399577
4887,3.163,39413.0,87.2,0.433038,,,,6878.0,1.844,1.278,4.012,,,,0.0,1.0,0.0,0.0,32.5,464.89328
4888,7.5608,240899.0,49.34,0.480155,,,,5887.0,0.941,0.97,4.477,,,,0.0,1.0,0.0,0.0,332.8,7997.279
4889,2.4599,283.6,1.37,0.017319,,,,4914.0,0.724,0.783,4.61,,,,0.0,0.0,0.0,1.0,12.7,18.159763
4891,32.1928,299046.0,193.91,0.546213,,,,8275.0,3.251,2.053,3.726,,,,0.0,1.0,0.0,0.0,5357.7,44243.574
4892,5.21981,376769.0,59.15,0.579279,,,,6133.0,0.935,0.868,4.435,,,,0.0,1.0,0.0,0.0,4322.4,20957.074
4893,7.46159,83114.6,65.0,0.269348,,,,7059.0,2.21,1.571,3.946,,,,0.0,1.0,0.0,1.0,5219.5,15362.555
4894,12.7591,45362.0,45.43,0.20011,,,,6429.0,2.079,1.25,3.899,,,,0.0,1.0,0.0,0.0,2426.9,940.81506
4895,4.1376,147144.0,35.18,0.359916,,,,6021.0,0.895,0.967,4.52,,,,0.0,1.0,0.0,0.0,922.1,2126.426
4896,2.833,98.6,1.2,0.00937,,,,6418.0,1.171,1.241,4.395,,,,0.0,0.0,1.0,1.0,9.4,8.45173
4897,9.7436,53781.9,26.0,0.216421,,,,5903.0,1.1,0.995,4.353,,,,0.0,1.0,0.0,0.0,1331.0,1430.8284
4898,4.82219,243413.0,59.23,0.481306,,,,6153.0,1.127,0.928,4.302,,,,0.0,1.0,0.0,0.0,1539.9,2326.2273
4899,2.4494,95697.0,40.46,0.291493,,,,5914.0,1.271,0.972,4.217,,,,0.0,1.0,1.0,0.0,319.1,2870.13
4901,2.169,250.0,1.23,0.014007,,,,4891.0,0.805,0.776,4.516,,,,0.0,0.0,0.0,0.0,7.5,14.317958
4904,5.858,455.3,2.28,0.01988,,,,6215.0,1.052,1.111,4.44,,,,0.0,0.0,0.0,0.0,17.7,11.109822
4905,7.463,66168.0,22.31,0.236723,,,,5931.0,0.863,0.953,4.545,,,,0.0,1.0,0.0,0.0,751.5,753.2953
4906,4.554,103.8,1.08,0.009286,,,,6065.0,1.061,1.163,4.452,,,,0.0,0.0,0.0,0.0,17.1,13.034477
4907,2.104,268.9,1.26,0.014435,,,,4748.0,0.797,0.776,4.526,,,,0.0,0.0,1.0,0.0,13.9,9.6464815
4908,1.0869,1242.8,36.0,0.290753,,,,6353.0,1.134,1.174,4.397,,,,0.0,0.0,1.0,0.0,170.0,28.57795
4909,8.567,330.0,2.19,0.017621,,,,6434.0,1.138,1.169,4.394,,,,0.0,0.0,0.0,0.0,24.3,15.734998
4910,6.032,507.1,2.21,0.020422,,,,5819.0,0.99,1.049,4.468,,,,0.0,0.0,0.0,0.0,12.2,11.127428
4911,5.9556,150581.0,56.02,0.500955,,,,6208.0,1.024,1.086,4.454,,,,0.0,1.0,0.0,0.0,2206.5,3024.5012
4912,40.5992,316995.0,49.76,0.565342,,,,5662.0,0.806,0.808,4.532,,,,1.0,0.0,0.0,0.0,4594.8,7372.316
4913,6.11904,210772.0,197.85,0.900513,,,,6395.0,2.012,1.183,3.904,,,,0.0,1.0,0.0,0.0,3583.1,9588.551
4914,2.545,59.9,0.83,0.007509,,,,5878.0,1.01,0.993,4.426,,,,0.0,0.0,1.0,0.0,10.1,9.113384
4915,19.9438,440146.0,83.77,0.674114,,,,6461.0,1.138,1.027,4.338,,,,0.0,1.0,0.0,0.0,1161.1,15926.939
4916,20.0614,416737.0,61.42,0.656265,,,,5583.0,0.857,0.778,4.463,,,,0.0,1.0,0.0,0.0,1866.7,10382.682
4917,6.19136,357832.0,153.32,0.631007,,,,6461.0,2.225,1.266,3.846,,,,0.0,1.0,0.0,0.0,2427.5,15561.399
4918,5.54241,363134.0,89.83,0.632266,,,,6401.0,1.301,1.304,4.324,,,,0.0,1.0,0.0,0.0,6788.8,6199.928
4919,7.4782,380204.0,55.07,0.633582,,,,5334.0,0.796,0.893,4.585,,,,0.0,1.0,0.0,0.0,551.3,1397.698
4920,2.48633,113526.0,29.34,0.344431,,,,5069.0,0.78,0.742,4.524,,,,0.0,1.0,0.0,0.0,559.2,1623.0415
4921,7.9331,134093.0,44.3,0.347886,,,,6462.0,1.166,1.166,4.371,,,,0.0,1.0,0.0,0.0,1033.2,3504.847
4922,2.96723,105949.0,140.22,1.173726,,,,6384.0,1.094,0.97,4.348,,,,0.0,1.0,0.0,0.0,997.8,2761.372
4923,1.5045,190.2,1.67,0.012638,,,,5539.0,1.207,0.932,4.244,,,,0.0,0.0,0.0,0.0,46.6,32.086765
4924,8.3559,35830.4,48.69,0.437151,,,,5940.0,1.02,0.853,4.352,,,,0.0,1.0,0.0,0.0,846.1,918.84827
4926,1.561,16.2,0.46,0.003748,,,,6143.0,1.116,1.001,4.344,,,,0.0,1.0,1.0,0.0,7.6,8.025462
4927,4.372,97.9,1.65,0.009069,,,,6144.0,1.668,1.296,4.106,,,,0.0,0.0,0.0,0.0,13.3,11.572553
4929,4.807,762.0,2.57,0.025508,,,,5889.0,0.924,0.967,4.492,,,,0.0,0.0,0.0,0.0,12.1,14.08191
4930,2.95,,,,,,,,,,,,,,0.0,0.0,1.0,0.0,,
4932,7.496,894.5,2.07,0.026984,,,,5340.0,0.702,0.783,4.633,,,,0.0,0.0,0.0,0.0,20.0,17.21297
4933,3.028,11.3,1.11,0.003415,,,,7612.0,2.968,1.969,3.787,,,,0.0,0.0,1.0,0.0,11.8,8.886386
4937,15.404,737.0,4.47,0.028716,,,,5602.0,1.425,0.997,4.13,,,,0.0,0.0,0.0,0.0,22.3,16.528004
4938,7.14981,345935.0,147.83,0.620414,,,,4916.0,2.182,0.905,3.717,,,,0.0,1.0,0.0,0.0,3766.3,4448.3086
4939,1.734,73.4,0.69,0.007785,,,,4776.0,0.811,0.788,4.516,,,,0.0,0.0,1.0,1.0,9.0,7.950458
4940,6.25,142.7,2.8,0.014464,,,,6426.0,1.775,1.182,4.013,,,,0.0,0.0,0.0,0.0,18.8,15.124316
4941,9.88863,70291.7,76.53,0.252353,,,,9414.0,2.777,2.148,3.883,,,,0.0,1.0,0.0,0.0,4257.4,2746.6414
4942,10.4168,164738.0,54.91,0.440724,,,,6038.0,1.141,0.852,4.254,,,,0.0,1.0,0.0,0.0,7056.8,4857.7856
4943,18.9869,410274.0,72.8,0.651649,,,,5713.0,1.023,0.99,4.414,,,,0.0,1.0,0.0,0.0,1113.2,6016.8013
4944,8.3777,181787.0,144.85,1.359118,,,,6074.0,0.976,0.979,4.45,,,,1.0,0.0,0.0,0.0,1178.0,8773.91
4945,7.1351,217073.0,43.06,0.43965,,,,5324.0,0.897,0.805,4.439,,,,0.0,1.0,0.0,0.0,2270.6,5826.99
4947,6.2625,65936.5,51.32,0.242856,,,,6313.0,1.935,1.179,3.936,,,,0.0,1.0,0.0,0.0,2048.7,4905.8604
4948,5.86461,45753.9,34.07,0.448226,,,,5126.0,0.696,0.668,4.578,,,,0.0,1.0,0.0,0.0,961.4,1105.5472
4949,4.41739,85406.9,91.3,0.671032,,,,6584.0,1.246,1.218,4.331,,,,0.0,1.0,0.0,0.0,1548.2,3068.0718
4950,3.0518,319082.0,172.25,0.618592,,,,5242.0,2.55,1.015,3.631,,,,0.0,1.0,0.0,0.0,932.1,9024.938
4951,4.37001,40206.0,38.3,0.353195,,,,6105.0,0.993,0.997,4.443,,,,0.0,1.0,0.0,0.0,733.5,1007.85223
4952,6.896,472.1,2.6,0.0242,,,,6283.0,0.984,1.047,4.472,,,,0.0,0.0,0.0,0.0,17.3,14.594358
4953,3.879,254.6,1.65,0.015409,,,,5774.0,0.98,1.006,4.458,,,,0.0,0.0,1.0,1.0,18.8,16.00222
4954,6.149,188.5,16.74,0.168616,,,,5455.0,0.909,0.795,4.421,,,,0.0,0.0,1.0,0.0,16.2,14.66577
4955,5.218,672.2,2.09,0.023418,,,,5513.0,0.818,0.868,4.551,,,,0.0,0.0,0.0,0.0,14.4,14.600046
4958,3.129,424.5,2.24,0.019583,,,,6142.0,1.046,1.143,4.456,,,,0.0,1.0,1.0,1.0,12.4,11.281433
4960,0.75,,,,,,,,,,,,,,1.0,0.0,0.0,1.0,,9.678385
4961,5.25005,37430.2,38.61,0.438163,,,,5344.0,0.807,0.74,4.494,,,,0.0,1.0,0.0,0.0,990.3,830.7088
4962,8.872,158.6,1.09,0.012353,,,,5811.0,0.811,0.898,4.571,,,,0.0,1.0,1.0,1.0,15.6,12.304457
4964,16.8109,255714.0,53.3,0.573511,,,,5713.0,0.851,0.948,4.554,,,,0.0,1.0,0.0,0.0,1638.0,1980.3479
4965,5.16249,229165.0,46.61,0.551423,,,,5654.0,0.774,0.865,4.59,,,,0.0,1.0,0.0,0.0,2314.5,3952.4019
4966,13.6363,66402.0,112.86,0.472994,,,,6061.0,2.185,0.999,3.759,,,,0.0,1.0,0.0,0.0,4958.6,3143.7156
4967,6.33708,323613.0,55.04,0.611676,,,,5075.0,0.824,0.777,4.497,,,,0.0,1.0,0.0,0.0,1804.1,4634.1714
4968,6.40303,488997.0,68.38,0.691937,,,,5754.0,0.905,1.021,4.534,,,,1.0,0.0,0.0,0.0,1246.3,7982.978
4969,1.5586,2208.6,25.52,0.308722,,,,5239.0,0.757,0.841,4.6,,,,0.0,0.0,1.0,0.0,137.7,23.79851
4970,8.81169,150931.0,50.88,0.515411,,,,5973.0,0.904,0.98,4.516,,,,0.0,1.0,0.0,0.0,2424.0,4710.9443
4971,6.57901,172404.0,112.12,0.529249,,,,5949.0,1.94,1.07,3.892,,,,0.0,1.0,0.0,0.0,1467.6,4274.583
4972,2.8592,31353.0,39.38,0.438215,,,,5731.0,0.823,0.841,4.532,,,,0.0,1.0,0.0,0.0,259.4,2023.0347
4973,2.65,,,,,,,,,,,,,,1.0,1.0,0.0,0.0,,
4975,3.94077,145294.0,44.35,0.404139,,,,6137.0,1.005,0.972,4.421,,,,0.0,1.0,0.0,0.0,842.1,1660.1578
4976,2.35,933.0,505.94,0.025738,,,,3486.0,180.013,3.735,0.5,,,,1.0,0.0,0.0,0.0,6.4,8.947078
4977,4.59379,256442.0,53.03,0.570606,,,,5349.0,0.851,0.897,4.531,,,,0.0,1.0,0.0,0.0,1018.8,1510.6034
4978,2.4592,79.2,1.02,0.008154,,,,6243.0,1.149,1.226,4.406,,,,0.0,0.0,0.0,0.0,22.4,21.7057
4979,6.191,143.2,1.41,0.011866,,,,6047.0,1.092,1.059,4.387,,,,0.0,0.0,0.0,0.0,28.3,22.333456
4980,4.48223,79684.0,88.28,0.727029,,,,5786.0,1.112,0.937,4.318,,,,0.0,1.0,0.0,0.0,1012.2,1085.162
4981,4.47294,67161.4,54.35,0.474437,,,,6123.0,1.049,0.999,4.396,,,,0.0,1.0,0.0,0.0,1008.1,1830.6681
4983,2.068,224.9,1.08,0.013573,,,,5374.0,0.726,0.744,4.588,,,,0.0,0.0,1.0,0.0,8.7,8.448912
4984,3.63893,433815.0,61.81,0.669838,,,,5931.0,0.845,0.933,4.554,,,,0.0,1.0,0.0,0.0,1256.8,8837.927
4985,8.03365,233450.0,66.27,0.566124,,,,6335.0,1.072,1.12,4.427,,,,0.0,1.0,0.0,0.0,3506.5,5248.3135
4987,4.216,128.9,1.08,0.011914,,,,5627.0,0.833,0.902,4.552,,,,0.0,0.0,0.0,0.0,17.8,11.603067
4988,1.5132,119.4,0.89,0.009764,,,,5213.0,0.831,0.777,4.489,,,,1.0,0.0,0.0,0.0,6.0,7.158429
4989,4.1553,3104.0,118.33,0.329463,,,,6552.0,3.289,1.521,3.586,,,,0.0,1.0,1.0,1.0,81.6,92.45162
4991,5.252,98.0,2.39,0.012311,,,,6426.0,1.775,1.182,4.013,,,,0.0,0.0,0.0,0.0,16.6,12.489515
4992,16.1025,328544.0,63.23,0.61205,,,,5904.0,0.946,0.966,4.471,,,,0.0,1.0,0.0,0.0,765.3,2969.994
4993,26.8612,151815.0,53.89,0.498993,,,,6217.0,0.989,1.056,4.472,,,,0.0,1.0,0.0,0.0,2163.4,3395.6633
4994,1.2536,74.6,1.39,0.0078,,,,5277.0,1.633,0.888,3.96,,,,0.0,0.0,1.0,0.0,17.3,12.59456
4995,7.26916,354377.0,47.83,0.622126,,,,5303.0,0.704,0.785,4.632,,,,0.0,1.0,0.0,0.0,1349.8,3602.28
4996,4.71655,362900.0,125.68,0.632037,,,,5702.0,1.821,0.774,3.807,,,,0.0,1.0,0.0,0.0,1210.8,8608.961
4997,5.17212,216063.0,64.91,0.441963,,,,6781.0,1.345,1.097,4.221,,,,0.0,1.0,0.0,0.0,1419.0,1979.4828
4998,6.4774,24852.5,36.63,0.426764,,,,5546.0,0.786,0.88,4.587,,,,0.0,1.0,1.0,1.0,625.1,4399.1655
4999,3.57049,54592.5,38.79,0.469839,,,,5772.0,0.756,0.687,4.518,,,,0.0,1.0,0.0,0.0,879.0,1033.9763
5000,3.471,221.7,1.04,0.013216,,,,4955.0,0.721,0.774,4.61,,,,0.0,0.0,0.0,0.0,20.0,19.099873
5001,2.9527,223616.0,65.76,1.246769,,,,3695.0,0.483,0.504,4.773,,,,0.0,1.0,0.0,0.0,249.5,738.8554
5002,21.569,1312.3,35.1,0.298163,,,,5753.0,1.078,0.918,4.335,,,,0.0,1.0,1.0,1.0,63.7,42.05814
5004,4.04427,53725.8,42.62,0.500413,,,,5222.0,0.78,0.73,4.518,,,,0.0,1.0,0.0,0.0,1003.7,1346.1093
5005,2.1,23.9,1.14,0.004761,,,,9464.0,2.184,2.272,4.116,,,,0.0,0.0,1.0,0.0,9.2,8.892041
5007,5.51863,107138.0,31.66,0.300401,,,,5936.0,0.965,1.075,4.501,,,,0.0,1.0,0.0,0.0,1219.4,1914.6945
5008,6.684,210.9,1.45,0.013277,,,,6063.0,1.001,1.079,4.47,,,,0.0,0.0,0.0,0.0,11.8,10.012854
5009,4.337,261.7,1.75,0.018529,,,,5931.0,0.863,0.953,4.545,,,,0.0,0.0,0.0,0.0,12.6,11.174874
5011,3.281,70.9,1.69,0.007771,,,,6573.0,1.987,1.475,4.01,,,,1.0,0.0,0.0,0.0,9.9,9.985249
5013,4.795,487.4,2.04,0.026189,,,,4808.0,0.715,0.723,4.589,,,,0.0,1.0,1.0,1.0,11.2,9.503792
5014,12.2259,113337.0,61.44,0.519054,,,,6002.0,1.084,0.969,4.354,,,,0.0,1.0,0.0,0.0,2016.1,2722.2307
5015,3.37701,158643.0,43.45,0.525639,,,,5353.0,0.757,0.704,4.527,,,,0.0,1.0,0.0,0.0,796.5,13049.263
5016,14.3447,445612.0,47.52,0.646575,,,,5067.0,0.673,0.651,4.596,,,,1.0,0.0,0.0,0.0,1952.3,3772.7717
5017,2.458,61.2,0.77,0.00732,,,,6106.0,0.966,1.043,4.487,,,,1.0,0.0,1.0,0.0,11.5,8.017105
5018,21.9232,153932.0,56.66,0.524595,,,,6109.0,0.989,1.056,4.472,,,,0.0,1.0,0.0,0.0,1386.8,1935.9791
5019,5.95809,321541.0,60.49,0.607369,,,,5501.0,0.912,0.833,4.438,,,,0.0,1.0,0.0,0.0,185.6,3157.9004
5020,3.62939,23416.8,16.67,0.154013,,,,6185.0,0.991,1.06,4.472,,,,0.0,1.0,0.0,0.0,699.9,1192.1765
5021,3.9954,20083.7,44.86,0.414572,,,,6185.0,0.991,1.06,4.472,,,,0.0,1.0,0.0,0.0,389.8,599.1376
5022,1.55,,,,,,,,,,,,,,0.0,1.0,0.0,1.0,,2751.963
5023,3.4594,101272.0,70.65,0.496555,,,,6408.0,1.303,1.087,4.246,,,,0.0,1.0,0.0,0.0,362.1,2233.577
5024,1.267,277.6,2.99,0.020964,,,,5857.0,1.305,0.993,4.204,,,,0.0,0.0,0.0,0.0,14.7,13.494022
5025,7.962,432.5,2.64,0.018829,,,,5751.0,1.282,1.028,4.234,,,,0.0,0.0,0.0,0.0,15.1,12.118849
5026,8.39,1778.8,4.35,0.040808,,,,5301.0,0.977,0.856,4.391,,,,0.0,0.0,0.0,0.0,36.7,30.88894
5029,1.701,73.2,0.77,0.007777,,,,5730.0,0.903,0.981,4.518,,,,0.0,1.0,1.0,1.0,10.2,7.6857986
5033,3.549,643.5,90.37,0.239459,,,,5220.0,3.456,1.443,3.52,,,,0.0,1.0,0.0,0.0,37.5,27.56991
5034,3.171,94.4,0.81,0.008729,,,,5428.0,0.853,0.971,4.563,,,,0.0,0.0,0.0,0.0,14.6,10.279693
5035,0.887,146.6,1.35,0.011222,,,,6268.0,1.1,1.188,4.429,,,,0.0,0.0,1.0,1.0,9.8,8.425233
5036,6.62584,268725.0,48.38,0.480493,,,,5831.0,0.922,0.988,4.503,,,,0.0,1.0,0.0,0.0,1725.6,4499.233
5037,8.60447,96654.3,54.16,0.290386,,,,6235.0,1.708,1.152,4.034,,,,0.0,1.0,0.0,0.0,3162.0,2353.8933
5038,3.0287,541.2,168.68,1.639758,,,,5869.0,0.942,1.054,4.513,,,,0.0,1.0,1.0,1.0,67.1,33.81817
5039,3.31903,198402.0,58.77,0.494689,,,,6015.0,1.088,0.92,4.329,,,,0.0,1.0,0.0,0.0,2060.3,8185.3516
5040,20.5357,333804.0,97.39,0.619359,,,,6517.0,1.44,1.234,4.211,,,,0.0,1.0,0.0,0.0,2000.2,6095.637
5041,3.252,42.5,0.67,0.006119,,,,6046.0,1.007,1.111,4.478,,,,0.0,0.0,1.0,1.0,13.7,10.337952
5042,4.0639,555376.0,278.81,0.713388,,,,5062.0,3.579,1.53,3.515,,,,0.0,1.0,0.0,0.0,445.7,6682.481
5043,2.97608,401890.0,40.74,0.64771,,,,4556.0,0.576,0.566,4.67,,,,0.0,1.0,0.0,0.0,1160.6,15114.678
5044,3.22884,52879.9,35.35,0.453323,,,,5414.0,0.714,0.792,4.625,,,,0.0,1.0,0.0,0.0,661.4,2040.3453
5045,2.5258,113705.0,60.35,0.300827,,,,4927.0,1.837,0.94,3.883,,,,0.0,1.0,0.0,0.0,296.8,2288.0679
5046,3.773,11360.5,52.09,0.392575,,,,5699.0,1.215,0.838,4.192,,,,0.0,1.0,1.0,1.0,272.6,1195.9324
5047,1.0613,33.0,0.81,0.005473,,,,6092.0,1.363,0.881,4.114,,,,0.0,1.0,1.0,0.0,1.5,10.583577
5048,2.57621,252639.0,33.4,0.57282,,,,4748.0,0.534,0.556,4.729,,,,0.0,1.0,0.0,0.0,1361.5,10405.198
5049,4.92134,234579.0,150.48,0.562236,,,,8285.0,2.451,2.05,3.971,,,,0.0,1.0,0.0,0.0,858.8,7331.0435
5051,4.881,166.8,5.05,0.011683,,,,5745.0,3.955,1.801,3.499,,,,0.0,0.0,0.0,0.0,16.3,13.295371
5052,8.219,417.4,7.97,0.018458,,,,5745.0,3.955,1.801,3.499,,,,0.0,0.0,0.0,0.0,25.0,15.342841
5053,2.794,70.8,0.67,0.00763,,,,5427.0,0.808,0.807,4.53,,,,0.0,0.0,1.0,1.0,12.3,10.599495
5055,4.115,21653.0,29.61,0.410192,,,,4352.0,0.661,0.65,4.61,,,,0.0,1.0,1.0,1.0,23.9,563.86554
5056,11.1677,32990.3,138.25,1.187681,,,,6220.0,1.066,1.07,4.414,,,,0.0,1.0,0.0,0.0,1112.0,5193.9497
5057,9.678,115.9,3.22,0.012104,,,,5668.0,2.437,1.338,3.792,,,,0.0,0.0,0.0,0.0,13.5,11.643734
5059,9.557,52.1,0.74,0.007308,,,,6046.0,0.927,1.011,4.509,,,,1.0,0.0,1.0,1.0,9.8,7.5423293
5060,5.348,1286.6,3.46,0.044054,,,,4920.0,0.72,0.822,4.62,,,,0.0,0.0,0.0,0.0,66.0,46.58143
5062,2.6422,173359.0,25.8,0.399778,,,,4206.0,0.591,0.587,4.663,,,,0.0,1.0,0.0,0.0,397.1,5723.9014
5063,12.0525,225767.0,45.27,0.564828,,,,5207.0,0.734,0.756,4.585,,,,0.0,1.0,0.0,0.0,1836.8,3444.8755
5064,4.36126,144642.0,41.75,0.354356,,,,6519.0,1.079,1.091,4.41,,,,0.0,1.0,0.0,0.0,970.9,5171.72
5065,3.164,40.4,0.52,0.005928,,,,5398.0,0.805,0.902,4.58,,,,0.0,0.0,1.0,0.0,12.0,9.187053
5066,17.5623,411374.0,57.35,0.65162,,,,5553.0,0.806,0.903,4.577,,,,0.0,1.0,0.0,0.0,884.9,2607.3408
5067,2.94091,457844.0,49.6,0.675881,,,,4694.0,0.672,0.657,4.6,,,,0.0,1.0,0.0,0.0,619.8,13139.942
5068,8.52961,142951.0,40.43,0.51068,,,,5232.0,0.725,0.686,4.554,,,,0.0,1.0,0.0,0.0,1887.7,2771.4924
5069,2.2163,5025.4,110.58,0.355068,,,,6137.0,2.852,1.505,3.705,,,,0.0,1.0,1.0,0.0,245.2,728.43475
5070,2.1344,121993.0,44.35,0.571264,,,,4387.0,0.711,0.712,4.587,,,,0.0,1.0,0.0,0.0,140.0,2383.76
5071,2.372,178.3,1.09,0.012257,,,,5774.0,0.818,0.907,4.567,,,,1.0,0.0,1.0,0.0,7.0,7.848803
5072,3.6373,25883.7,92.78,0.448824,,,,7564.0,1.893,1.621,4.093,,,,0.0,1.0,0.0,0.0,419.0,2581.0017
5073,4.61686,403734.0,79.08,0.624301,,,,6389.0,1.16,1.046,4.331,,,,0.0,1.0,0.0,0.0,1905.1,6172.312
5074,4.088,224228.0,62.24,0.636114,,,,5876.0,0.896,0.91,4.492,,,,0.0,1.0,0.0,0.0,434.9,998.9513
5075,37.217,2012.1,2.55,0.042066,,,,5192.0,0.555,0.572,4.707,,,,1.0,0.0,0.0,0.0,173.7,17.110765
5077,4.415,34.5,1.41,0.00535,,,,5766.0,2.409,1.283,3.783,,,,1.0,0.0,0.0,0.0,13.3,8.804077
5078,2.066,314.8,6.81,0.148573,,,,3638.0,0.42,0.45,4.844,,,,0.0,0.0,0.0,0.0,16.8,12.93635
5079,6.48255,111620.0,33.27,0.304683,,,,5811.0,1.0,1.066,4.465,,,,0.0,1.0,0.0,0.0,1701.1,2339.201
5080,10.757,199.1,2.23,0.013418,,,,5710.0,1.524,1.003,4.073,,,,0.0,0.0,0.0,0.0,29.4,20.434702
5081,6.514,302.0,2.0,0.015845,,,,5806.0,1.158,1.024,4.321,,,,0.0,0.0,0.0,0.0,14.3,12.159048
5082,8.9387,7062.8,36.7,0.153381,,,,4847.0,2.191,0.93,3.726,,,,0.0,1.0,0.0,0.0,205.4,408.99457
5086,8.202,203.7,1.83,0.012978,,,,5881.0,1.294,1.109,4.259,,,,0.0,0.0,0.0,0.0,15.3,12.531937
5087,8.638,2094.8,3.56,0.040799,,,,5180.0,0.8,0.825,4.548,,,,0.0,0.0,0.0,0.0,62.1,44.26747
5088,8.0429,208362.0,630.53,3.047001,,,,5622.0,1.895,1.056,3.907,,,,0.0,1.0,0.0,0.0,978.2,5661.377
5090,5.01216,242398.0,41.22,0.566724,,,,5516.0,0.666,0.721,4.65,,,,0.0,1.0,0.0,0.0,1649.5,3078.5808
5091,6.05443,253376.0,52.16,0.575438,,,,5780.0,0.83,0.803,4.505,,,,0.0,1.0,0.0,0.0,1500.7,2223.4897
5092,23.0078,62704.9,63.68,0.226038,,,,5022.0,2.58,0.887,3.562,,,,0.0,1.0,0.0,0.0,3433.7,2281.4678
5093,16.5339,176336.0,37.88,0.387633,,,,5753.0,0.895,0.931,4.503,,,,0.0,1.0,0.0,0.0,2084.3,2123.3396
5094,3.60125,128575.0,28.75,0.403168,,,,4523.0,0.653,0.641,4.615,,,,0.0,1.0,0.0,0.0,2279.1,3152.2512
5095,5.662,438.0,2.29,0.019192,,,,6246.0,1.092,1.18,4.433,,,,0.0,0.0,0.0,0.0,14.7,12.085419
5096,9.745,58702.9,22.76,0.237907,,,,5830.0,0.876,0.97,4.54,,,,0.0,1.0,0.0,0.0,1421.7,1553.7749
5097,4.427,145.3,1.41,0.011693,,,,5931.0,1.101,0.929,4.322,,,,0.0,0.0,0.0,0.0,16.4,9.958855
5098,4.472,88.1,2.87,0.010108,,,,6900.0,2.599,1.714,3.843,,,,0.0,0.0,0.0,0.0,10.1,12.1275425
5099,6.329,57.7,1.2,0.007218,,,,5710.0,1.524,1.003,4.073,,,,0.0,0.0,0.0,0.0,16.4,12.567676
5100,0.7275,92.1,0.76,0.008842,,,,5862.0,0.785,0.865,4.584,,,,1.0,0.0,0.0,0.0,4.8,7.7490234
5101,7.048,371.1,1.82,0.017445,,,,5626.0,0.957,0.977,4.467,,,,0.0,0.0,0.0,0.0,13.0,11.753131
5102,6.432,955.2,2.89,0.035765,,,,5595.0,0.741,0.808,4.606,,,,0.0,0.0,0.0,0.0,17.8,13.0419855
5104,6.23,601.2,7.34,0.03062,,,,5125.0,2.196,0.831,3.674,,,,0.0,1.0,1.0,1.0,51.3,32.28799
5105,4.194,120.2,1.33,0.010545,,,,6517.0,1.159,1.181,4.382,,,,0.0,1.0,1.0,0.0,18.2,11.724663
5106,8.50818,95883.6,53.27,0.487862,,,,5559.0,1.0,0.903,4.394,,,,0.0,1.0,0.0,0.0,1221.2,7395.937
5107,5.675,122.2,19.89,0.150178,,,,5806.0,1.213,1.028,4.283,,,,0.0,0.0,1.0,0.0,13.4,11.119324
5108,20.8729,122372.0,26.21,0.32928,,,,5365.0,0.729,0.747,4.586,,,,0.0,1.0,0.0,0.0,3625.5,2783.8623
5110,10.9312,56799.3,56.63,0.394089,,,,6370.0,1.316,1.064,4.228,,,,0.0,1.0,0.0,0.0,2804.3,2228.4626
5111,2.71,,,,,,,,,,,,,,0.0,1.0,0.0,0.0,,12.850289
5112,5.08666,192688.0,46.52,0.535852,,,,5297.0,0.795,0.905,4.587,,,,0.0,1.0,0.0,0.0,1870.0,3094.552
5113,11.555,370871.0,66.71,0.628464,,,,5458.0,0.972,0.828,4.381,,,,0.0,1.0,0.0,0.0,804.0,
5114,5.85519,387905.0,90.92,0.645438,,,,6327.0,1.29,1.257,4.315,,,,0.0,1.0,0.0,0.0,2624.0,23665.348
5115,4.0116,110916.0,1668.79,14.708329,,,,6022.0,1.039,1.116,4.453,,,,0.0,1.0,0.0,0.0,446.1,4482.8667
5116,1.4346,1175.0,2.58,0.041382,,,,4402.0,0.572,0.575,4.682,,,,0.0,0.0,0.0,0.0,28.5,44.417595
5117,7.5945,370546.0,136.64,0.608012,,,,5408.0,2.058,0.925,3.777,,,,0.0,1.0,0.0,0.0,672.7,3654.8508
5119,3.7889,1685.8,40.17,0.317936,,,,6553.0,1.157,1.136,4.366,,,,1.0,1.0,1.0,1.0,102.9,203.52951
5120,5.0403,1456.9,5.33,0.042171,,,,6553.0,1.157,1.136,4.366,,,,0.0,1.0,1.0,1.0,100.4,415.9402
5124,7.043,231.3,2.09,0.013767,,,,5626.0,1.389,0.991,4.149,,,,0.0,0.0,0.0,0.0,14.6,12.6143675
5126,3.174,338.3,3.65,0.018524,,,,4807.0,1.802,0.955,3.906,,,,0.0,0.0,0.0,0.0,18.2,17.22608
5128,7.07603,130460.0,57.08,0.506988,,,,6241.0,1.031,1.088,4.45,,,,0.0,1.0,0.0,0.0,2070.3,2892.7864
5132,5.467,179.2,1.91,0.013624,,,,5726.0,1.285,1.018,4.228,,,,0.0,0.0,0.0,0.0,13.3,11.514287
5134,10.393,655.7,4.17,0.02339,,,,6085.0,1.634,1.271,4.115,,,,0.0,0.0,0.0,0.0,17.0,13.789443
5135,5.02374,250026.0,76.26,0.58683,,,,6592.0,1.19,1.211,4.369,,,,0.0,1.0,0.0,0.0,2158.5,11467.141
5136,17.8951,72792.5,44.0,0.37945,,,,6309.0,1.062,1.058,4.413,,,,0.0,1.0,0.0,0.0,3573.1,2230.059
5137,8.2904,192896.0,41.71,0.567504,,,,5294.0,0.673,0.744,4.651,,,,0.0,1.0,0.0,0.0,1184.8,2436.5774
5138,3.3727,225588.0,35.12,0.454191,,,,4868.0,0.708,0.7,4.582,,,,0.0,1.0,0.0,0.0,421.6,5320.655
5139,5.9626,169658.0,76.02,0.730483,,,,5639.0,0.953,1.071,4.509,,,,0.0,1.0,1.0,0.0,1471.6,6294.272
5140,8.73607,218072.0,54.24,0.438049,,,,6444.0,1.134,1.128,4.382,,,,1.0,0.0,0.0,0.0,2441.7,4309.3545
5141,3.695,241.6,1.5,0.014142,,,,5881.0,0.973,1.044,4.48,,,,0.0,0.0,1.0,0.0,9.4,8.682215
5142,31.8273,242411.0,129.04,0.479766,,,,7426.0,2.463,1.769,3.903,,,,0.0,1.0,0.0,0.0,1374.0,3843.2417
5145,18.3609,205992.0,44.7,0.425527,,,,6153.0,0.962,1.036,4.487,,,,0.0,1.0,0.0,0.0,2261.9,3030.4233
5147,3.85,,,,,,,,,,,,,,1.0,1.0,0.0,0.0,,11.649134
5148,3.409,267.6,1.88,0.014751,,,,5533.0,1.166,0.934,4.275,,,,0.0,0.0,0.0,0.0,14.5,11.719749
5149,1.96698,67898.0,22.32,0.382756,,,,3900.0,0.534,0.555,4.727,,,,0.0,1.0,0.0,0.0,541.3,734.839
5150,5.068,96.9,1.77,0.011751,,,,5831.0,1.382,1.011,4.162,,,,0.0,0.0,0.0,0.0,7.4,11.037565
5152,10.304,738.6,3.26,0.029618,,,,5915.0,1.008,1.014,4.437,,,,0.0,0.0,0.0,0.0,20.8,12.420644
5153,13.31,767.8,3.85,0.033383,,,,5922.0,1.057,0.911,4.349,,,,0.0,0.0,0.0,0.0,18.9,15.209522
5154,29.1701,410.3,2.66,0.025106,,,,5952.0,0.971,1.057,4.489,,,,1.0,0.0,1.0,1.0,63.7,18.938568
5156,3.26371,81096.0,38.01,0.465939,,,,5777.0,0.747,0.832,4.608,,,,0.0,1.0,0.0,0.0,296.0,2204.884
5157,19.7301,43252.2,49.2,0.192307,,,,6523.0,2.343,1.371,3.835,,,,0.0,1.0,0.0,0.0,3571.6,2006.473
5158,2.824,57.4,0.64,0.007174,,,,5481.0,0.815,0.914,4.574,,,,1.0,0.0,0.0,1.0,12.9,9.619701
5159,8.479,178.1,37.39,0.23628,,,,6200.0,1.449,1.043,4.135,,,,0.0,0.0,1.0,0.0,15.9,13.239297
5160,6.7631,398641.0,78.3,0.650096,,,,6137.0,1.103,1.165,4.418,,,,0.0,1.0,0.0,0.0,359.7,2809.2122
5161,2.76441,34085.6,15.49,0.194303,,,,4842.0,0.73,0.729,4.573,,,,0.0,1.0,0.0,0.0,1109.2,2156.087
5162,4.25512,176739.0,55.44,0.539549,,,,6413.0,0.941,0.76,4.372,,,,0.0,1.0,0.0,0.0,1833.7,8903.347
5163,4.80188,423276.0,92.5,0.662324,,,,6516.0,1.279,1.055,4.249,,,,0.0,1.0,0.0,0.0,1909.2,9728.602
5164,23.27,1157.2,3.66,0.037443,,,,5800.0,0.894,0.951,4.514,,,,0.0,1.0,0.0,1.0,22.8,10.60594
5165,1.622,586.7,1.51,0.024186,,,,4402.0,0.572,0.575,4.682,,,,0.0,0.0,0.0,0.0,20.2,29.473917
5166,2.4032,58858.0,1543.74,12.633445,,,,6124.0,1.119,0.839,4.265,,,,0.0,1.0,0.0,0.0,159.3,1855.2726
5167,2.252,209.6,1.68,0.013212,,,,5533.0,1.166,0.934,4.275,,,,0.0,0.0,0.0,0.0,16.0,12.672195
5168,6.53,180.4,1.54,0.012762,,,,6370.0,1.106,1.148,4.41,,,,0.0,0.0,0.0,0.0,11.6,10.370681
5169,4.857,117.0,1.53,0.013498,,,,5929.0,1.04,1.0,4.403,,,,0.0,0.0,0.0,0.0,21.5,17.863062
5171,2.446,354.4,1.49,0.017349,,,,5530.0,0.788,0.882,4.586,,,,0.0,0.0,0.0,0.0,15.7,13.867703
5172,4.388,406.8,2.2,0.018302,,,,5566.0,1.099,0.938,4.329,,,,0.0,0.0,0.0,0.0,16.2,12.819838
5173,3.5939,75468.0,149.98,0.688798,,,,6379.0,1.994,1.222,3.925,,,,0.0,1.0,0.0,0.0,656.5,3454.9365
5178,10.28,1040.7,4.2,0.038304,,,,5792.0,1.005,0.875,4.375,,,,0.0,0.0,0.0,0.0,18.1,15.090573
5179,7.998,49.4,0.77,0.00654,,,,5611.0,1.073,1.026,4.388,,,,1.0,0.0,0.0,0.0,56.6,18.785212
5180,11.919,2177.6,8.02,0.050079,,,,6860.0,1.467,1.35,4.233,,,,0.0,1.0,0.0,0.0,169.5,2966.3462
5181,3.188,100.9,1.5,0.009837,,,,5915.0,1.392,1.183,4.223,,,,0.0,1.0,1.0,0.0,13.6,12.06953
5183,7.259,345.5,2.03,0.016994,,,,5856.0,1.092,1.057,4.386,,,,0.0,0.0,0.0,0.0,15.4,12.313621
5185,3.6873,51325.0,80.02,0.602613,,,,6411.0,1.216,1.091,4.307,,,,0.0,1.0,0.0,0.0,163.6,1590.8586
5186,9.9776,39943.0,41.72,0.440177,,,,5420.0,0.868,0.874,4.502,,,,0.0,1.0,1.0,0.0,464.2,1705.5354
5187,5.58652,265411.0,282.86,2.488302,,,,6173.0,1.041,1.104,4.447,,,,0.0,1.0,0.0,0.0,1731.4,2969.3948
5188,4.575,42.7,0.85,0.006215,,,,6398.0,1.249,1.07,4.276,,,,0.0,0.0,0.0,1.0,10.8,8.707376
5189,8.3476,325446.0,104.17,0.612697,,,,6049.0,1.557,1.032,4.067,,,,0.0,1.0,0.0,0.0,305.2,2263.9436
5190,15.3564,49269.0,23.38,0.275861,,,,5341.0,0.776,0.718,4.514,,,,0.0,1.0,0.0,0.0,1759.1,1568.6637
5191,8.664,546.4,2.24,0.021508,,,,6247.0,0.954,1.022,4.489,,,,0.0,0.0,0.0,0.0,20.8,14.928787
5192,7.19844,71432.1,1183.06,11.513161,,,,5783.0,0.941,0.841,4.415,,,,0.0,1.0,0.0,0.0,1268.8,3503.7432
5193,12.1317,96585.8,41.66,0.482947,,,,5359.0,0.79,0.848,4.57,,,,0.0,1.0,0.0,0.0,1246.3,1495.8511
5194,4.514,443.1,4.41,0.020671,,,,6054.0,1.953,1.135,3.911,,,,1.0,0.0,0.0,0.0,8.5,7.565425
5195,2.577,273.7,1.68,0.015084,,,,5893.0,1.02,1.005,4.423,,,,0.0,0.0,0.0,0.0,15.1,12.548059
5197,2.134,576.3,2.8,0.022052,,,,6277.0,1.161,1.239,4.402,,,,0.0,0.0,0.0,0.0,12.3,18.625946
5198,7.20617,134143.0,39.24,0.507526,,,,5431.0,0.708,0.769,4.623,,,,0.0,1.0,0.0,0.0,1524.8,4531.588
5199,6.49,124.4,2.24,0.010243,,,,6120.0,2.0,1.251,3.934,,,,0.0,0.0,0.0,0.0,22.9,16.491846
5201,3.762,49.7,1.41,0.006453,,,,6120.0,2.0,1.251,3.934,,,,0.0,0.0,0.0,0.0,17.4,13.838663
5204,8.432,161.2,2.18,0.011845,,,,6602.0,1.685,1.333,4.108,,,,0.0,0.0,0.0,0.0,15.5,13.55673
5206,4.79,216.3,7.23,0.013895,,,,6190.0,4.763,1.811,3.34,,,,1.0,0.0,0.0,0.0,7.0,9.025216
5207,2.1521,345.7,0.8,0.021227,,,,3419.0,0.344,0.346,4.904,,,,0.0,0.0,0.0,0.0,26.8,19.605627
5208,6.401,290.4,48.52,0.199499,,,,5611.0,2.227,1.259,3.842,,,,0.0,1.0,0.0,1.0,26.1,28.471138
5209,5.28476,58381.2,54.38,0.298387,,,,5102.0,1.669,0.932,3.962,,,,0.0,1.0,0.0,0.0,1241.0,1395.5817
5210,5.65214,204153.0,93.01,0.550225,,,,6386.0,1.548,1.408,4.208,,,,0.0,1.0,0.0,0.0,1526.2,6040.3384
5211,9.72673,142501.0,38.49,0.497851,,,,5359.0,0.708,0.673,4.566,,,,0.0,1.0,0.0,0.0,1411.3,1587.215
5212,5.0746,419208.0,52.69,0.649357,,,,4856.0,0.743,0.721,4.554,,,,0.0,1.0,0.0,0.0,469.5,2751.434
5214,1.8846,142.7,1.06,0.011608,,,,5201.0,0.834,0.948,4.573,,,,0.0,0.0,0.0,0.0,24.5,28.915668
5215,7.66397,196112.0,42.78,0.531564,,,,4412.0,0.737,0.729,4.565,,,,0.0,1.0,0.0,0.0,1179.7,1799.2993
5216,3.499,250.0,1.7,0.019441,,,,5149.0,0.803,0.755,4.506,,,,0.0,0.0,0.0,0.0,16.1,14.371882
5220,6.141,259.7,1.35,0.014818,,,,6083.0,0.835,0.933,4.563,,,,0.0,0.0,0.0,0.0,13.8,12.720123
5221,5.6184,52110.3,75.82,0.770634,,,,5835.0,0.901,0.918,4.492,,,,0.0,1.0,0.0,0.0,1238.8,1409.5593
5222,6.24701,186978.0,50.2,0.53388,,,,5945.0,0.861,0.95,4.545,,,,0.0,1.0,0.0,0.0,1274.3,3046.483
5223,7.71,235.4,2.12,0.013934,,,,5821.0,1.395,1.054,4.172,,,,0.0,0.0,0.0,0.0,13.9,13.318464
5225,4.234,266.8,5.15,0.014638,,,,5123.0,3.224,1.051,3.442,,,,0.0,0.0,1.0,0.0,14.4,7.1115317
5226,4.235,295.7,1.94,0.015506,,,,5596.0,1.145,0.95,4.298,,,,0.0,0.0,0.0,0.0,18.5,14.513961
5227,4.969,246.9,1.57,0.014418,,,,5878.0,0.998,1.003,4.442,,,,1.0,0.0,0.0,0.0,8.8,
5228,3.62,,,,,,,,,,,,,,1.0,1.0,0.0,0.0,,
5229,6.79,131.4,0.85,0.010648,,,,5940.0,0.729,0.819,4.621,,,,1.0,0.0,1.0,1.0,9.4,16.704443
5230,5.3181,126.4,1.32,0.011234,,,,5611.0,1.073,1.026,4.388,,,,0.0,0.0,0.0,0.0,47.8,30.458616
5231,2.947,96.3,0.74,0.009249,,,,5955.0,0.733,0.811,4.617,,,,0.0,0.0,1.0,1.0,16.4,11.8198395
5232,13.309,233.1,3.78,0.013963,,,,6056.0,2.481,1.408,3.797,,,,0.0,0.0,0.0,0.0,33.9,22.613316
5234,6.68665,46455.4,101.13,0.459132,,,,7591.0,2.017,1.665,4.05,,,,0.0,1.0,0.0,0.0,1081.7,1570.8746
5235,3.47103,71479.3,50.31,0.499643,,,,5749.0,0.922,0.987,4.502,,,,0.0,1.0,0.0,0.0,1320.5,2061.6868
5236,3.44204,94342.0,46.0,0.472251,,,,5891.0,0.892,0.818,4.45,,,,0.0,1.0,0.0,0.0,728.8,2650.4487
5237,23.71,210.6,2.6,0.013552,,,,6077.0,1.759,0.964,3.931,,,,0.0,1.0,0.0,0.0,15.3,7.8686557
5238,3.7369,15647.1,45.95,0.403463,,,,5778.0,1.043,0.839,4.325,,,,0.0,1.0,1.0,1.0,287.6,1405.5465
5239,2.40749,124498.0,463.05,0.484781,,,,4884.0,8.747,1.522,2.737,,,,1.0,0.0,0.0,0.0,444.7,5147.8896
5241,19.5818,65496.0,21.86,0.258662,,,,5263.0,0.774,0.816,4.572,,,,0.0,1.0,0.0,0.0,1018.4,1155.9072
5242,7.776,580.4,2.33,0.02222,,,,5982.0,0.96,1.047,4.493,,,,0.0,0.0,0.0,0.0,19.8,16.05288
5243,9.554,284.2,1.96,0.015734,,,,6217.0,1.141,1.095,4.364,,,,1.0,0.0,0.0,0.0,12.7,8.936985
5244,17.9728,130569.0,43.01,0.500513,,,,5913.0,0.787,0.874,4.585,,,,0.0,1.0,1.0,1.0,236.2,2849.2102
5245,2.4212,328.9,1.69,0.016627,,,,6003.0,0.932,1.019,4.507,,,,0.0,0.0,0.0,0.0,29.0,23.430363
5246,12.205,388.0,2.14,0.018175,,,,6127.0,1.08,0.964,4.356,,,,0.0,0.0,0.0,0.0,12.7,10.015179
5249,6.947,525.1,5.7,0.027145,,,,7196.0,1.923,1.562,4.064,,,,1.0,0.0,0.0,0.0,14.0,10.050466
5250,7.999,274.5,2.36,0.014886,,,,5332.0,1.453,0.932,4.083,,,,0.0,0.0,0.0,0.0,15.1,13.686489
5252,6.3064,1211.9,75.22,0.258572,,,,5092.0,2.664,1.265,3.689,,,,1.0,0.0,1.0,1.0,81.1,73.392555
5253,1.41864,14259.0,48.01,0.405613,,,,5758.0,1.084,0.869,4.307,,,,0.0,1.0,0.0,0.0,374.5,343.63428
5254,4.169,218.9,3.74,0.013861,,,,9174.0,2.471,2.294,4.013,,,,1.0,0.0,0.0,0.0,26.9,14.754033
5255,0.86,120.7,0.82,0.010278,,,,5575.0,0.733,0.706,4.557,,,,1.0,0.0,0.0,0.0,9.4,7.3205924
5256,4.8783,97653.0,67.0,0.480869,,,,5510.0,1.276,0.911,4.186,,,,1.0,0.0,0.0,0.0,587.9,2868.123
5257,23.626,2911.5,5.04,0.056948,,,,5985.0,0.811,0.91,4.574,,,,1.0,0.0,1.0,1.0,94.7,82.23204
5258,1.7704,867.2,1.86,0.026067,,,,4518.0,0.653,0.639,4.613,,,,0.0,0.0,0.0,0.0,36.6,31.945244
5259,4.77,942.8,29.77,0.259869,,,,6228.0,1.049,1.107,4.441,,,,0.0,0.0,0.0,0.0,12.9,11.563074
5260,2.3135,316.4,23.42,0.203697,,,,6444.0,1.053,1.094,4.433,,,,0.0,1.0,1.0,0.0,33.4,30.03405
5261,5.355,25450.0,594.32,5.442474,,,,5780.0,1.0,1.0,4.438,,,,0.0,1.0,1.0,0.0,56.3,46.517216
5262,6.596,195.4,1.24,0.012681,,,,5646.0,0.896,0.825,4.449,,,,0.0,1.0,1.0,0.0,14.4,17.739975
5263,39.098,655.3,2.66,0.025021,,,,5575.0,0.972,1.08,4.496,,,,0.0,0.0,1.0,0.0,78.3,
5264,2.4345,2829.7,59.57,0.387996,,,,6184.0,1.406,0.991,4.138,,,,0.0,1.0,1.0,1.0,160.6,396.29745
5265,2.9122,47.8,1.18,0.007869,,,,6297.0,1.369,1.247,4.26,,,,0.0,0.0,0.0,0.0,24.1,17.542873
5266,5.257,3159.6,84.63,0.334344,,,,5758.0,2.318,1.258,3.808,,,,0.0,1.0,1.0,1.0,286.7,503.56778
5267,5.6803,44612.0,22.87,0.203526,,,,5761.0,1.029,1.031,4.426,,,,0.0,1.0,0.0,0.0,221.1,3001.4485
5268,2.6395,12668.0,126.54,0.124892,,,,4839.0,9.278,1.808,2.761,,,,0.0,1.0,1.0,0.0,79.8,480.2866
5269,5.02,67.9,1.16,0.007577,,,,6388.0,1.402,1.259,4.244,,,,0.0,0.0,0.0,0.0,13.9,12.769484
5270,2.7904,60135.0,54.53,0.499394,,,,5780.0,1.0,1.0,4.438,,,,0.0,1.0,0.0,0.0,190.7,215.86069
5271,1.6271,15498.0,25.95,0.402121,,,,4970.0,0.591,0.589,4.665,,,,1.0,0.0,0.0,0.0,31.8,35.2648
5272,4.7617,46552.0,1044.28,9.56302,,,,5780.0,1.0,1.0,4.438,,,,0.0,1.0,1.0,0.0,84.3,193.36987
5273,7.102,83918.0,51.67,0.473198,,,,5780.0,1.0,1.0,4.438,,,,0.0,1.0,0.0,0.0,374.6,603.6497
5274,2.9516,40380.0,34.03,0.499432,,,,5188.0,0.624,0.689,4.687,,,,1.0,0.0,1.0,1.0,100.5,110.34857
5275,3.5028,585597.0,156.15,0.838661,,,,7174.0,1.705,1.43,4.13,,,,1.0,0.0,0.0,0.0,229.6,1253.3416
5276,1.8827,1572.9,25.8,0.308466,,,,5465.0,0.766,0.857,4.598,,,,0.0,1.0,1.0,0.0,73.4,59.187557
5278,3.1427,96384.0,50.7,0.477648,,,,6046.0,0.972,1.053,4.486,,,,1.0,0.0,0.0,0.0,251.6,803.92737
5279,3.3613,577.4,2.36,0.022276,,,,5688.0,0.971,0.895,4.415,,,,0.0,0.0,0.0,0.0,27.5,21.18267
5280,6.606,12456.6,27.42,0.382215,,,,4651.0,0.657,0.644,4.612,,,,0.0,1.0,1.0,0.0,311.7,620.25037
5281,4.25304,167719.0,56.89,0.520964,,,,5780.0,1.0,1.0,4.438,,,,0.0,1.0,0.0,0.0,716.6,829.69495
5282,16.949,1102.9,28.76,0.237663,,,,6355.0,1.108,1.151,4.41,,,,0.0,1.0,1.0,1.0,26.5,20.785936
5283,13.775,1183.0,6.67,0.034707,,,,6092.0,1.759,1.283,4.056,,,,0.0,0.0,0.0,0.0,32.4,26.539745
5284,3.785,185.2,1.46,0.012741,,,,5418.0,1.051,0.871,4.335,,,,0.0,1.0,1.0,1.0,35.4,29.1052
5285,9.835,1680.1,32.67,0.303455,,,,5993.0,0.986,1.093,4.489,,,,0.0,1.0,1.0,0.0,100.5,41.06985
5286,4.19829,118814.0,46.24,0.495239,,,,5553.0,0.855,0.964,4.558,,,,0.0,1.0,0.0,0.0,483.9,829.4651
5287,3.6845,226850.0,39.18,0.557136,,,,5051.0,0.644,0.696,4.663,,,,0.0,1.0,0.0,0.0,268.7,577.5288
5288,6.0751,96593.0,31.9,0.292113,,,,5780.0,1.0,1.0,4.438,,,,0.0,1.0,0.0,0.0,316.1,1054.6343
5289,4.5181,45134.0,40.63,0.454277,,,,6021.0,0.819,0.922,4.57,,,,0.0,1.0,0.0,0.0,320.6,406.4278
5290,2.3321,177508.0,51.9,0.585349,,,,5378.0,0.812,0.741,4.488,,,,0.0,1.0,0.0,0.0,197.6,418.7972
5291,5.0701,443400.0,73.07,0.669155,,,,5780.0,1.0,1.0,4.438,,,,1.0,0.0,0.0,0.0,314.9,812.7111
5292,2.949,3266.0,3.52,0.051932,,,,5193.0,0.621,0.687,4.689,,,,0.0,0.0,0.0,1.0,10.1,11.5548115
5293,8.0122,7765.3,34.84,0.386675,,,,5440.0,0.825,0.779,4.496,,,,0.0,1.0,1.0,1.0,445.8,905.6847
5295,5.2005,15847.0,39.32,0.411029,,,,5884.0,0.876,0.794,4.453,,,,0.0,1.0,1.0,1.0,273.5,1762.9677
5296,3.5903,50253.0,63.68,0.455222,,,,6211.0,1.281,1.055,4.247,,,,0.0,1.0,0.0,0.0,353.0,2156.5364
5297,2.8059,265.3,1.79,0.014658,,,,5509.0,1.116,0.924,4.308,,,,0.0,0.0,0.0,0.0,23.9,18.971493
5298,13.0719,557741.0,135.99,0.701174,,,,5641.0,1.776,1.021,3.948,,,,0.0,1.0,0.0,0.0,829.1,3708.9365
5299,25.08,1688.1,28.64,0.30854,,,,5641.0,0.85,0.944,4.554,,,,0.0,1.0,1.0,1.0,132.5,98.99085
5300,12.136,6110.0,37.23,0.341647,,,,6029.0,0.998,1.025,4.452,,,,0.0,1.0,0.0,0.0,60.0,
5301,12.52,,,,,,,,,,,,,,1.0,1.0,0.0,0.0,,
5302,8.9793,1161.5,27.86,0.286052,,,,5697.0,0.892,1.004,4.539,,,,0.0,1.0,1.0,1.0,107.8,67.17444
5304,5.449,347.9,23.05,0.200293,,,,6212.0,1.054,1.06,4.42,,,,0.0,1.0,1.0,0.0,17.9,14.532708
5305,3.194,607.0,15.14,0.244939,,,,4304.0,0.566,0.552,4.675,,,,0.0,1.0,0.0,1.0,70.0,21.38519
5306,3.4382,738.0,26.22,0.216878,,,,6167.0,1.107,1.2,4.428,,,,0.0,1.0,1.0,0.0,63.9,28.488192
5307,1.2246,624.3,5.82,0.030138,,,,6507.0,1.767,1.145,4.002,,,,0.0,1.0,0.0,0.0,23.1,33.57907
5308,2.488,938.0,29.26,0.028118,,,,4895.0,9.529,1.563,2.674,,,,1.0,0.0,0.0,0.0,8.8,8.581076
5309,5.3367,63521.0,63.57,0.499685,,,,6441.0,1.165,1.152,4.367,,,,0.0,1.0,0.0,0.0,510.8,555.56177
5310,3.536,196.5,2.76,0.018433,,,,6297.0,1.369,1.247,4.26,,,,0.0,0.0,0.0,0.0,22.0,14.993833
5311,10.8771,7590.4,9.09,0.079769,,,,5650.0,1.044,0.818,4.313,,,,0.0,0.0,0.0,0.0,526.1,288.8604
5312,3.22222,360177.0,67.94,0.622151,,,,5780.0,1.0,1.0,4.438,,,,0.0,1.0,0.0,0.0,483.9,1041.8031
5313,6.7645,12990.5,11.49,0.103416,,,,5705.0,1.017,0.941,4.397,,,,0.0,0.0,0.0,0.0,380.9,336.2867
5314,21.306,9148.7,11.17,0.08768,,,,6259.0,1.167,1.21,4.385,,,,0.0,0.0,0.0,0.0,1244.4,326.3096
5316,5.6316,1849.5,5.67,0.048592,,,,5977.0,1.068,0.864,4.318,,,,0.0,1.0,0.0,1.0,159.3,240.55913
5317,1.9874,340464.0,43.07,0.667358,,,,4768.0,0.591,0.584,4.661,,,,0.0,1.0,0.0,0.0,534.0,2833.3157
5318,1.4283,163385.0,54.55,0.499523,,,,5780.0,1.0,1.0,4.438,,,,0.0,1.0,0.0,0.0,169.4,247.74356
5319,3.1396,65280.0,39.16,0.469442,,,,4848.0,0.764,0.755,4.55,,,,0.0,1.0,0.0,0.0,380.6,389.50278
5320,7.1964,6472.7,13.68,0.07437,,,,6318.0,1.685,1.242,4.079,,,,0.0,1.0,0.0,0.0,94.5,246.1576
5321,2.9759,129157.0,27.35,0.333032,,,,5666.0,0.752,0.841,4.601,,,,0.0,1.0,0.0,0.0,178.5,689.0536
5322,3.47133,284383.0,63.46,0.581098,,,,5780.0,1.0,1.0,4.438,,,,0.0,1.0,0.0,0.0,1490.3,1226.3086
5323,8.367,3122.5,7.97,0.085983,,,,5858.0,0.849,0.94,4.553,,,,0.0,1.0,1.0,0.0,50.7,64.5447
5324,3.7271,1022.0,17.63,0.223011,,,,4911.0,0.724,0.7,4.564,,,,0.0,1.0,1.0,1.0,87.2,116.30082
5325,3.1347,1113.8,2.58,0.032227,,,,4975.0,0.734,0.746,4.579,,,,0.0,0.0,0.0,0.0,54.5,57.135143
5326,2.376,181.1,1.48,0.01214,,,,5509.0,1.116,0.924,4.308,,,,0.0,0.0,0.0,0.0,18.9,14.726074
5327,13.972,233.6,2.23,0.013889,,,,5786.0,1.471,1.006,4.106,,,,0.0,0.0,0.0,0.0,51.5,27.835306
5329,6.11,777.4,21.72,0.25145,,,,5310.0,0.791,0.838,4.565,,,,0.0,0.0,1.0,1.0,56.2,30.493568
5330,2.0917,167.5,1.29,0.011842,,,,6040.0,0.999,1.07,4.469,,,,0.0,0.0,0.0,0.0,24.3,22.395866
5331,5.272,286.9,1.69,0.015604,,,,6014.0,0.993,1.101,4.486,,,,0.0,0.0,1.0,0.0,18.9,16.2223
5333,3.877,85.4,1.25,0.009808,,,,6259.0,1.167,1.21,4.385,,,,0.0,0.0,0.0,0.0,21.6,19.77687
5334,5.9738,258242.0,62.52,0.572515,,,,5780.0,1.0,1.0,4.438,,,,0.0,1.0,0.0,0.0,437.2,631.0477
5335,16.2938,4523.4,9.17,0.06189,,,,6471.0,1.357,1.303,4.287,,,,0.0,0.0,0.0,0.0,562.8,221.83395
5336,3.6097,138366.0,37.24,0.354462,,,,6344.0,0.962,1.024,4.481,,,,0.0,1.0,0.0,0.0,1338.1,4196.6616
5337,4.5707,21306.7,29.95,0.277879,,,,5914.0,0.987,0.938,4.421,,,,0.0,1.0,0.0,0.0,413.8,363.81302
5338,6.1394,247.5,1.57,0.014557,,,,5914.0,0.987,0.938,4.421,,,,0.0,0.0,0.0,0.0,40.1,33.093586
5339,4.7585,63156.0,134.5,0.470304,,,,9191.0,2.619,2.349,3.973,,,,1.0,0.0,0.0,0.0,193.0,1035.9279
5340,4.9406,28869.0,26.65,0.263217,,,,5496.0,0.927,0.798,4.405,,,,0.0,1.0,0.0,0.0,137.6,218.22884
5341,2.3665,10222.9,34.45,0.387116,,,,5402.0,0.815,0.931,4.581,,,,0.0,1.0,1.0,1.0,177.0,227.33113
5342,1.8764,6791.4,35.53,0.376097,,,,5861.0,0.865,0.957,4.546,,,,0.0,1.0,1.0,0.0,205.1,681.10565
5344,11.959,637.1,18.98,0.022287,,,,4852.0,7.797,1.742,2.896,,,,1.0,0.0,0.0,0.0,13.8,7.7376785
5345,11.01,1317.3,2.52,0.042435,,,,4969.0,0.543,0.556,4.713,,,,1.0,0.0,1.0,0.0,107.0,24.011011
5346,2.8754,2234.0,43.5,0.336713,,,,6540.0,1.183,1.066,4.321,,,,0.0,1.0,0.0,0.0,66.4,58.16568
5347,3.6752,1191.0,25.43,0.285711,,,,5452.0,0.815,0.91,4.572,,,,0.0,1.0,1.0,0.0,68.5,54.201195
5348,3.7085,877.9,22.15,0.237792,,,,5699.0,0.853,0.95,4.553,,,,0.0,1.0,1.0,1.0,120.8,133.6375
5349,11.9327,24391.8,44.7,0.426372,,,,5982.0,0.96,1.047,4.493,,,,0.0,1.0,1.0,1.0,488.6,1104.776
5350,5.34,215.0,2.9,0.013125,,,,5109.0,2.02,0.85,3.757,,,,1.0,0.0,0.0,0.0,9.1,7.126412
5353,28.1949,1522.8,3.48,0.046627,,,,4624.0,0.684,0.71,4.619,,,,1.0,0.0,1.0,1.0,113.1,23.167418
5354,5.2094,1027.1,23.25,0.274077,,,,5401.0,0.777,0.871,4.593,,,,0.0,1.0,1.0,1.0,78.3,26.96102
5355,1.6415,755.5,1.9,0.024662,,,,5057.0,0.704,0.676,4.573,,,,0.0,0.0,0.0,0.0,28.9,29.560184
5356,5.898,77.7,0.94,0.008828,,,,5957.0,0.971,1.083,4.498,,,,1.0,0.0,0.0,1.0,11.1,8.861929
5357,2.744,210.4,2.42,0.016108,,,,5808.0,1.374,1.054,4.185,,,,0.0,0.0,0.0,0.0,16.9,13.971096
5358,2.8758,54546.0,24.15,0.21411,,,,5984.0,1.033,0.995,4.408,,,,0.0,1.0,0.0,0.0,192.4,652.76215
5359,5.6736,65620.0,24.01,0.245958,,,,5753.0,0.894,0.771,4.423,,,,0.0,1.0,0.0,0.0,404.9,636.406
5360,7.5384,124646.0,77.23,0.496971,,,,6381.0,1.423,1.055,4.155,,,,0.0,1.0,0.0,0.0,347.3,1967.3052
5362,1.644,37.3,1.53,0.00564,,,,5500.0,2.491,1.348,3.775,,,,1.0,0.0,1.0,0.0,20.8,9.018583
5363,8.75,905.4,2.52,0.02727,,,,5642.0,0.846,0.91,4.542,,,,0.0,0.0,0.0,0.0,13.7,11.702783
5364,16.666,5022.9,10.31,0.068165,,,,5758.0,1.385,1.029,4.168,,,,0.0,0.0,0.0,0.0,170.1,151.85294
5365,2.25012,412710.0,43.7,0.649611,,,,4324.0,0.616,0.604,4.639,,,,0.0,1.0,0.0,0.0,691.2,2790.9668
5366,1.9058,291274.0,144.5,2.821403,,,,4561.0,0.469,0.492,4.788,,,,0.0,1.0,0.0,0.0,620.8,2205.7588
5367,2.0188,220745.0,266.99,3.665677,,,,4756.0,0.667,0.65,4.603,,,,1.0,0.0,0.0,0.0,285.2,1346.8708
5368,7.9136,33546.0,27.85,0.428584,,,,4273.0,0.595,0.581,4.652,,,,0.0,1.0,1.0,0.0,298.6,1187.2838
5369,4.049,42.1,0.56,0.006227,,,,5724.0,0.827,0.845,4.53,,,,0.0,1.0,0.0,1.0,23.8,11.934326
5370,1.93053,358049.0,44.79,0.618606,,,,4509.0,0.663,0.656,4.612,,,,1.0,0.0,0.0,0.0,806.5,1587.1338
5371,25.322,2598.4,4.98,0.056819,,,,5570.0,0.803,0.88,4.573,,,,1.0,0.0,1.0,1.0,54.7,32.588753
5372,1.7423,90282.0,34.74,0.318122,,,,5780.0,1.0,1.0,4.438,,,,0.0,1.0,0.0,0.0,88.6,88.41796
5373,1.8156,2617.7,670.04,0.311548,,,,4993.0,19.695,3.546,2.399,,,,0.0,1.0,1.0,1.0,38.2,66.15947
5375,3.365,1243.1,5.5,0.038689,,,,5678.0,1.303,1.015,4.215,,,,0.0,0.0,0.0,0.0,43.4,28.964092
5376,2.088,330.9,2.55,0.017944,,,,5678.0,1.303,1.015,4.215,,,,0.0,0.0,0.0,0.0,18.3,13.11783
5377,2.714,342.4,2.69,0.018891,,,,5678.0,1.303,1.015,4.215,,,,0.0,0.0,0.0,0.0,14.6,10.384745
5378,2.297,1231.1,41.62,0.334314,,,,6343.0,1.14,1.213,4.408,,,,0.0,0.0,1.0,0.0,110.9,21.833668
5379,19.45,224.4,2.06,0.019271,,,,5472.0,0.981,0.846,4.382,,,,1.0,0.0,1.0,1.0,93.0,25.984766
5380,3.30029,16032.8,62.52,0.406644,,,,6387.0,1.408,1.086,4.178,,,,0.0,1.0,0.0,0.0,453.0,431.18408
5382,3.2864,34953.0,62.25,0.445018,,,,6306.0,1.281,1.148,4.283,,,,0.0,1.0,0.0,0.0,175.6,784.31744
5383,3.16,,,,,,,,,,,,,,1.0,1.0,0.0,0.0,,
5384,2.16452,12302.5,60.47,0.400707,,,,6200.0,1.382,1.009,4.161,,,,0.0,1.0,0.0,0.0,552.8,708.00183
5385,2.7194,10803.4,378.61,0.367551,,,,4969.0,9.433,2.572,2.899,,,,0.0,1.0,1.0,1.0,150.9,250.14325
5386,3.5632,40143.0,18.83,0.193728,,,,6063.0,0.89,0.934,4.51,,,,0.0,1.0,0.0,0.0,145.7,587.48706
5388,3.452,119.4,0.87,0.009681,,,,4922.0,0.823,0.79,4.505,,,,0.0,0.0,1.0,1.0,9.6,8.607123
5389,14.557,19675.0,8.0,0.129228,,,,4594.0,0.567,0.56,4.679,,,,0.0,1.0,0.0,0.0,221.4,297.58325
5390,5.0834,8054.4,49.33,0.391084,,,,6040.0,1.155,0.909,4.271,,,,0.0,1.0,1.0,1.0,309.1,1653.2706
5392,3.9551,22143.0,14.0,0.139233,,,,5687.0,0.921,0.826,4.426,,,,0.0,1.0,0.0,0.0,118.1,202.84846
5393,3.2849,312732.0,66.14,0.605641,,,,5780.0,1.0,1.0,4.438,,,,0.0,1.0,0.0,0.0,195.3,298.1359
5394,5.238,592.6,24.73,0.246927,,,,6192.0,0.917,0.976,4.503,,,,0.0,1.0,1.0,0.0,58.1,43.417957
5395,2.4404,223.8,2.62,0.014989,,,,6338.0,1.602,1.142,4.087,,,,0.0,1.0,1.0,1.0,37.8,49.369427
5396,1.8904,323.3,1.51,0.016387,,,,5763.0,0.842,0.937,4.557,,,,0.0,0.0,0.0,0.0,53.3,43.869167
5397,1.0423,38731.0,23.28,0.499189,,,,3569.0,0.427,0.439,4.82,,,,0.0,1.0,0.0,0.0,236.8,131.51672
5398,12.918,1651.3,82.26,0.453807,,,,6943.0,1.66,1.459,4.162,,,,1.0,0.0,0.0,0.0,38.2,49.50129
5399,2.22035,257616.0,62.38,0.571257,,,,5780.0,1.0,1.0,4.438,,,,1.0,0.0,0.0,0.0,453.9,1495.327
5400,1.469,318.1,2.58,0.016553,,,,6737.0,1.425,1.303,4.243,,,,0.0,0.0,1.0,0.0,8.5,12.32094
5401,4.3809,458463.0,115.31,1.055912,,,,5780.0,1.0,1.0,4.438,,,,0.0,1.0,0.0,0.0,437.1,1036.2004
5402,2.2466,653.2,108.54,0.229288,,,,5321.0,4.335,1.783,3.416,,,,0.0,1.0,0.0,0.0,38.4,28.78788
5403,7.455,1235.3,85.84,0.086932,,,,4735.0,9.043,1.549,2.715,,,,0.0,1.0,1.0,1.0,41.9,29.385788
5404,1.4247,1478.0,5.19,0.057422,,,,5636.0,0.827,0.899,4.557,,,,0.0,1.0,0.0,0.0,93.8,30.504457
5405,2.1689,56.1,1.0,0.006849,,,,5855.0,1.34,0.92,4.148,,,,0.0,0.0,0.0,0.0,18.9,16.726923
5406,1.9204,8611.0,27.47,0.313653,,,,5256.0,0.802,0.745,4.502,,,,0.0,1.0,0.0,0.0,42.6,183.29909
5407,5.7725,27559.0,46.38,0.419687,,,,6063.0,1.012,1.117,4.476,,,,0.0,1.0,0.0,0.0,293.8,272.41782
5408,8.9683,11538.8,46.33,0.40175,,,,6211.0,1.056,0.993,4.389,,,,0.0,1.0,0.0,0.0,224.5,275.98407
5409,6.4524,273309.0,77.18,0.51438,,,,6517.0,1.374,1.313,4.279,,,,0.0,1.0,0.0,0.0,206.3,764.9111
5410,2.214,85.3,0.72,0.00857,,,,5208.0,0.772,0.796,4.563,,,,0.0,0.0,0.0,0.0,8.1,11.155626
5411,0.74,,,,,,,,,,,,,,0.0,1.0,1.0,0.0,,546.562
5412,2.217,452.3,21.42,0.01893,,,,4893.0,10.363,1.725,2.644,,,,1.0,0.0,0.0,0.0,8.3,7.341654
5413,2.42733,37878.8,106.66,0.439788,,,,5770.0,2.221,1.255,3.844,,,,0.0,1.0,0.0,0.0,510.0,1295.1615
5414,11.0659,3007.6,40.83,0.367269,,,,6137.0,1.018,1.086,4.46,,,,0.0,1.0,1.0,1.0,193.4,215.0185
5416,12.506,1392.4,31.39,0.351801,,,,5602.0,0.817,0.913,4.571,,,,0.0,0.0,1.0,0.0,129.3,27.583647
5417,77.983,1583.8,534.47,1.475099,,,,5088.0,3.318,1.294,3.508,,,,0.0,1.0,0.0,0.0,171.5,63.583965
5418,5.509,182.3,1.53,0.012987,,,,6278.0,1.081,1.132,4.425,,,,1.0,0.0,0.0,0.0,7.1,7.448767
5419,1.3738,1391.1,22.76,0.300822,,,,5089.0,0.693,0.666,4.58,,,,0.0,1.0,0.0,0.0,46.1,45.96657
5420,2.1081,114528.0,54.23,0.496587,,,,5780.0,1.0,1.0,4.438,,,,0.0,1.0,0.0,0.0,263.1,266.62195
5422,3.792,408.1,95.19,0.260358,,,,5904.0,3.348,1.635,3.602,,,,0.0,1.0,1.0,0.0,36.3,47.821247
5423,5.896,6951.0,9.69,0.088866,,,,6077.0,0.999,1.077,4.471,,,,0.0,1.0,0.0,0.0,57.7,1173.9052
5424,2.1881,4863.0,25.41,0.406775,,,,4340.0,0.572,0.557,4.67,,,,0.0,1.0,0.0,0.0,34.5,31.495008
5425,2.9403,234.9,1.5,0.014124,,,,5688.0,0.971,0.895,4.415,,,,0.0,0.0,0.0,0.0,30.7,24.820826
5426,8.282,645.4,2.79,0.025242,,,,5330.0,1.013,0.869,4.366,,,,0.0,0.0,0.0,0.0,16.6,12.916696
5427,8.9488,155156.0,100.2,0.519012,,,,6574.0,1.768,1.317,4.061,,,,0.0,1.0,0.0,0.0,1207.6,3630.369
5428,4.2349,94567.0,27.77,0.299531,,,,5528.0,0.849,0.864,4.516,,,,0.0,1.0,0.0,0.0,124.6,356.52017
5429,7.8462,216437.0,89.85,0.822802,,,,5780.0,1.0,1.0,4.438,,,,0.0,1.0,0.0,0.0,541.7,1437.7357
5430,7.708,6861.2,510.48,4.177551,,,,6377.0,1.119,1.147,4.399,,,,0.0,1.0,1.0,1.0,289.1,1472.018
5431,4.50334,112503.0,54.29,0.49712,,,,5780.0,1.0,1.0,4.438,,,,0.0,1.0,0.0,0.0,537.2,883.0695
5432,4.0221,74112.0,43.21,0.463874,,,,5743.0,0.853,0.949,4.553,,,,0.0,1.0,0.0,0.0,286.4,545.42145
5433,5.9083,195071.0,38.95,0.411842,,,,5311.0,0.866,0.804,4.469,,,,0.0,1.0,0.0,0.0,174.4,792.79065
5434,1.5372,1229.7,39.34,0.137045,,,,7021.0,2.629,1.447,3.759,,,,0.0,1.0,0.0,0.0,163.5,179.43181
5435,2.6078,3509.8,215.89,2.43178,,,,5608.0,0.813,0.909,4.573,,,,0.0,1.0,1.0,0.0,83.5,129.729
5436,4.367,85.3,0.82,0.008194,,,,5115.0,0.917,0.842,4.439,,,,1.0,0.0,1.0,1.0,25.1,8.469695
5437,3.8741,6268.2,21.5,0.144652,,,,6770.0,1.361,1.204,4.249,,,,0.0,1.0,0.0,0.0,106.0,111.612656
5438,3.1968,5752.4,37.5,0.114852,,,,5018.0,2.99,1.421,3.639,,,,0.0,1.0,0.0,0.0,126.9,105.792076
5439,2.1145,5664.0,72.16,0.341513,,,,7214.0,1.935,1.69,4.093,,,,0.0,1.0,0.0,0.0,56.8,99.170364
5440,3.45028,510366.0,74.83,0.685266,,,,5780.0,1.0,1.0,4.438,,,,1.0,0.0,0.0,0.0,1069.5,1011.09174
5441,2.7952,898.4,23.55,0.291035,,,,5139.0,0.741,0.825,4.609,,,,0.0,1.0,1.0,0.0,45.5,39.1408
5442,3.96401,293505.0,55.58,0.509016,,,,5780.0,1.0,1.0,4.438,,,,1.0,0.0,0.0,0.0,1571.6,1777.0056
5443,3.5302,662.6,19.46,0.250308,,,,5515.0,0.712,0.785,4.624,,,,0.0,1.0,1.0,1.0,89.2,43.467255
5444,1.576,1370.5,31.84,0.285559,,,,5750.0,1.021,0.816,4.332,,,,0.0,1.0,1.0,0.0,21.5,34.991142
5445,32.16,2015.8,28.57,0.313721,,,,5715.0,0.834,0.873,4.537,,,,1.0,0.0,1.0,1.0,35.3,30.153585
5446,2.1482,66.2,1.45,0.007741,,,,6520.0,1.713,1.094,4.01,,,,0.0,0.0,0.0,0.0,31.5,25.864851
5447,3.112,1563.0,1680.99,0.253653,,,,3942.0,60.688,1.696,1.101,,,,0.0,1.0,1.0,0.0,16.6,31.867895
5448,1.509,31.8,0.54,0.005213,,,,6328.0,0.948,1.012,4.489,,,,0.0,0.0,1.0,0.0,12.0,8.377069
5449,8.9,292.8,1.85,0.020689,,,,5741.0,0.82,0.837,4.533,,,,1.0,0.0,1.0,0.0,68.2,24.32057
5450,5.433,471.0,2.93,0.026429,,,,6095.0,1.016,0.9,4.378,,,,0.0,1.0,1.0,1.0,94.7,25.113312
5451,10.963,263.7,2.21,0.016065,,,,6429.0,1.262,1.011,4.241,,,,0.0,0.0,0.0,0.0,25.6,18.859211
5452,2.491,229.2,1.21,0.013519,,,,5159.0,0.821,0.868,4.548,,,,0.0,0.0,0.0,0.0,16.0,13.530321
5453,7.4997,894203.0,345.7,1.496806,,,,8344.0,2.115,1.79,4.04,,,,0.0,1.0,0.0,0.0,1585.2,9631.165
5455,4.66082,605713.0,118.11,0.759009,,,,6510.0,1.425,1.228,4.219,,,,1.0,0.0,0.0,0.0,1837.9,5796.7534
5456,10.5638,38418.0,22.98,0.186854,,,,5907.0,1.126,0.915,4.296,,,,0.0,1.0,0.0,0.0,449.1,387.69925
5457,6.2205,428557.0,136.47,0.637923,,,,7311.0,1.959,1.442,4.013,,,,0.0,1.0,0.0,0.0,599.8,2507.0483
5458,3.4812,6386.3,49.6,0.389546,,,,6022.0,1.166,1.007,4.308,,,,0.0,1.0,0.0,0.0,114.8,106.91688
5460,3.011,40.0,1.06,0.006355,,,,5496.0,1.533,0.853,3.998,,,,1.0,0.0,1.0,1.0,14.9,12.520057
5461,7.941,1413.0,23.76,0.057292,,,,6635.0,3.798,1.705,3.511,,,,1.0,0.0,0.0,0.0,103.3,197.13326
5462,2.1088,34976.0,37.62,0.438332,,,,5688.0,0.786,0.87,4.583,,,,0.0,1.0,0.0,0.0,224.0,435.6346
5464,29.33,842.7,23.0,0.25255,,,,5715.0,0.834,0.873,4.537,,,,1.0,0.0,1.0,1.0,27.1,19.132133
5465,16.18,3963.0,26.31,0.066604,,,,7643.0,3.618,2.082,3.639,,,,1.0,0.0,0.0,0.0,22.1,43.35713
5467,1.434,159.1,0.99,0.01198,,,,5014.0,0.756,0.756,4.559,,,,0.0,0.0,0.0,0.0,41.6,29.148912
5468,1.5,174.8,1.04,0.012356,,,,5081.0,0.77,0.864,4.596,,,,0.0,0.0,0.0,0.0,12.6,10.515363
5470,4.947,273.8,1.15,0.014665,,,,4955.0,0.721,0.774,4.61,,,,0.0,0.0,0.0,0.0,20.7,13.950242
5471,3.33515,131257.0,43.71,0.501653,,,,5585.0,0.798,0.852,4.564,,,,0.0,1.0,0.0,0.0,631.5,1151.6815
5472,4.58143,394412.0,70.67,0.647193,,,,5780.0,1.0,1.0,4.438,,,,0.0,1.0,0.0,0.0,508.4,1816.9331
5473,3.3394,7559.8,46.24,0.379062,,,,6141.0,1.117,1.051,4.365,,,,0.0,1.0,1.0,1.0,257.4,848.8877
5474,3.4297,357695.0,60.45,0.55359,,,,5780.0,1.0,1.0,4.438,,,,0.0,1.0,1.0,0.0,324.0,1986.1531
5475,3.35773,61573.6,108.78,0.413671,,,,9954.0,2.408,2.485,4.07,,,,0.0,1.0,0.0,0.0,1413.9,4258.92
5476,6.0353,24872.0,42.69,0.427207,,,,6328.0,0.915,1.0,4.516,,,,0.0,1.0,0.0,0.0,216.1,275.90085
5477,2.21,23647.0,101.41,1.176969,,,,4897.0,0.789,0.761,4.526,,,,0.0,1.0,0.0,0.0,82.0,295.8657
5478,2.673,52.6,0.7,0.007177,,,,5853.0,0.895,0.99,4.529,,,,0.0,0.0,1.0,1.0,7.7,7.8202724
5479,25.751,9356.2,8.6,0.101402,,,,5470.0,0.777,0.71,4.509,,,,0.0,1.0,1.0,0.0,201.9,520.8559
5480,7.2897,129093.0,928.96,0.359353,,,,4599.0,23.673,2.799,2.137,,,,0.0,1.0,0.0,0.0,197.0,767.7464
5481,2.3804,129526.0,100.39,0.919362,,,,5780.0,1.0,1.0,4.438,,,,0.0,1.0,0.0,0.0,262.2,1002.6385
5482,1.6038,11701.0,39.19,0.399678,,,,5821.0,0.898,0.742,4.402,,,,0.0,1.0,0.0,0.0,44.9,48.711205
5483,4.1178,727.6,2674.69,0.209409,,,,3306.0,116.965,0.935,0.273,,,,0.0,1.0,0.0,0.0,60.7,711.0138
5484,26.25,81996.0,60.5,0.486841,,,,5891.0,1.138,0.953,4.305,,,,1.0,0.0,0.0,1.0,261.1,25.107641
5485,3.17,18.5,0.49,0.003967,,,,6318.0,1.121,1.046,4.36,,,,0.0,1.0,0.0,1.0,11.1,7.2643948
5486,1.9215,120034.0,36.92,0.338117,,,,5780.0,1.0,1.0,4.438,,,,0.0,1.0,1.0,1.0,239.6,393.88556
5487,21.693,2579.0,7.23,0.047554,,,,6340.0,1.393,1.031,4.163,,,,0.0,0.0,0.0,0.0,181.0,79.50336
5488,1.4313,5497.0,7.13,0.089031,,,,4416.0,0.733,0.728,4.57,,,,0.0,1.0,0.0,0.0,23.8,170.29684
5489,1.9827,147609.0,56.3,0.515605,,,,5780.0,1.0,1.0,4.438,,,,1.0,0.0,0.0,0.0,317.1,1293.5813
5490,2.7117,119.2,1.39,0.010158,,,,5807.0,1.256,0.977,4.23,,,,0.0,1.0,1.0,0.0,38.3,27.806814
5491,20.399,11786.5,32.12,0.392165,,,,5325.0,0.75,0.84,4.607,,,,0.0,1.0,1.0,1.0,304.2,19.587814
5492,1.3568,280.7,1.46,0.01514,,,,5497.0,0.886,0.964,4.527,,,,0.0,0.0,0.0,0.0,47.4,38.891384
5493,1.2585,361.1,7.86,0.018393,,,,5908.0,3.915,1.755,3.497,,,,0.0,1.0,1.0,0.0,39.9,35.13885
5494,2.824,2336.0,39.52,0.217095,,,,7245.0,1.667,1.46,4.158,,,,0.0,1.0,0.0,0.0,17.5,37.423534
5495,8.5116,25805.0,36.16,0.500992,,,,4188.0,0.661,0.656,4.615,,,,0.0,1.0,1.0,1.0,153.3,1857.7231
5496,5.0201,415859.0,71.52,0.654961,,,,5780.0,1.0,1.0,4.438,,,,0.0,1.0,0.0,0.0,1037.3,2132.9998
5497,24.872,255244.0,173.18,0.455185,,,,4905.0,3.484,0.883,3.3,,,,0.0,1.0,0.0,0.0,101.9,742.61383
5498,2.5276,50424.0,533.08,3.447527,,,,6585.0,1.416,1.185,4.208,,,,0.0,1.0,0.0,0.0,247.2,1089.3527
5499,10.1995,30246.0,251.93,0.500445,,,,5073.0,4.61,0.812,3.02,,,,0.0,1.0,1.0,1.0,208.6,916.9888
5500,11.757,211.2,2.65,0.013389,,,,5878.0,1.812,1.212,4.005,,,,0.0,0.0,0.0,0.0,18.9,11.233441
5501,4.836,279.6,3.61,0.022773,,,,5592.0,1.451,1.0,4.115,,,,0.0,0.0,0.0,0.0,14.9,11.854798
5502,5.7425,22012.0,63.42,0.443343,,,,6938.0,1.31,1.198,4.281,,,,0.0,1.0,0.0,0.0,236.6,213.81245
5503,7.55,,,,,,,,,,,,,,1.0,0.0,0.0,0.0,,42.023613
5504,5.5072,13894.8,44.24,0.402352,,,,6124.0,1.007,0.959,4.414,,,,0.0,1.0,0.0,0.0,227.5,199.18625
5505,2.6715,6367.1,9.14,0.088429,,,,5080.0,0.947,0.855,4.417,,,,0.0,1.0,1.0,1.0,174.9,448.16425
5506,1.40392,30192.2,28.21,0.404339,,,,4330.0,0.639,0.632,4.628,,,,0.0,1.0,0.0,0.0,867.8,1162.0043
5507,1.63,4595.9,22.95,0.318427,,,,4550.0,0.66,0.666,4.622,,,,0.0,0.0,0.0,0.0,217.4,156.91629
5508,1.666,224.8,1.29,0.013622,,,,5668.0,0.868,0.963,4.545,,,,0.0,0.0,0.0,0.0,7.0,9.094969
5509,4.714,92.4,122.64,0.008135,,,,3420.0,138.056,1.291,0.269,,,,0.0,1.0,0.0,1.0,40.4,13.638375
5510,10.1083,538716.0,89.79,0.702166,,,,5992.0,1.171,0.96,4.283,,,,0.0,1.0,0.0,0.0,1513.7,8548.616
5511,9.1328,5444.0,51.11,0.081812,,,,4740.0,5.721,0.949,2.9,,,,0.0,1.0,1.0,1.0,223.1,706.30725
5512,2.916,273.2,21.06,0.209878,,,,5849.0,0.919,1.014,4.517,,,,0.0,1.0,1.0,0.0,29.0,33.801666
5513,11.481,8433.0,21.71,0.231978,,,,5305.0,0.857,0.805,4.477,,,,0.0,1.0,0.0,0.0,78.4,65.850716
5514,0.7466,932.5,66.73,0.222864,,,,5173.0,2.742,0.811,3.471,,,,1.0,0.0,0.0,0.0,47.6,33.366905
5515,5.1297,631.7,30.38,0.250172,,,,6325.0,1.112,1.157,4.409,,,,0.0,1.0,1.0,1.0,87.9,43.34529
5516,47.0744,11515.0,54.17,0.095439,,,,4919.0,5.198,0.938,2.979,,,,1.0,0.0,0.0,0.0,619.6,58.87434
5517,12.4124,3628.7,6.11,0.055313,,,,6063.0,1.012,1.117,4.476,,,,0.0,0.0,0.0,0.0,93.8,55.7129
5518,14.502,11311.6,19.17,0.177328,,,,5637.0,0.99,0.866,4.383,,,,0.0,1.0,0.0,0.0,844.7,571.74677
5519,2.9298,37510.0,33.24,0.265158,,,,6078.0,1.148,1.064,4.346,,,,0.0,1.0,0.0,0.0,535.1,616.24414
5520,12.86,,,,,,,,,,,,,,1.0,1.0,0.0,0.0,,10.351632
5521,3.075,99583.0,37.56,0.500675,,,,5306.0,0.687,0.765,4.642,,,,0.0,1.0,0.0,0.0,298.7,1443.7096
5522,3.9037,126194.0,40.37,0.381514,,,,5791.0,0.969,0.91,4.424,,,,0.0,1.0,0.0,0.0,448.0,1564.6682
5523,4.3708,148439.0,165.15,0.519524,,,,8749.0,2.911,1.979,3.806,,,,0.0,1.0,0.0,0.0,563.0,4624.7104
5524,2.0,,,,,,,,,,,,,,1.0,1.0,0.0,0.0,,
5525,6.5043,13929.5,35.2,0.176124,,,,6960.0,1.83,1.435,4.069,,,,0.0,1.0,0.0,0.0,370.9,272.5018
5526,2.9288,7784.1,51.44,0.394488,,,,6261.0,1.194,1.017,4.293,,,,0.0,1.0,0.0,0.0,108.2,220.94595
5528,4.9844,14328.4,458.02,0.130081,,,,3982.0,32.244,1.104,1.464,,,,1.0,0.0,0.0,1.0,209.2,1250.0057
5529,3.4636,25079.0,19.96,0.153067,,,,6078.0,1.194,0.868,4.223,,,,0.0,1.0,0.0,0.0,131.0,375.24503
5530,7.4319,1356.9,3.94,0.042959,,,,5750.0,0.839,0.747,4.464,,,,0.0,1.0,1.0,1.0,160.2,175.87105
5531,5.2334,5673.8,7.08,0.083455,,,,5232.0,0.777,0.727,4.519,,,,0.0,1.0,1.0,0.0,218.7,451.7497
5532,2.637,19.9,0.5,0.004114,,,,6277.0,1.121,0.961,4.322,,,,0.0,0.0,1.0,1.0,9.4,8.568271
5533,2.6779,134761.0,26042.9,24.662711,,,,4770.0,9.67,1.373,2.605,,,,0.0,1.0,0.0,0.0,92.4,1831.0682
5535,8.2163,1651.1,34.34,0.291718,,,,6292.0,1.078,1.129,4.426,,,,0.0,1.0,1.0,1.0,195.7,300.82666
5536,0.8222,1346.4,4.28,0.038383,,,,5888.0,1.02,0.924,4.387,,,,0.0,1.0,0.0,0.0,86.1,37.948864
5537,1.2864,873.1,39.46,0.238656,,,,6022.0,1.514,0.888,4.027,,,,0.0,1.0,0.0,0.0,43.8,39.57395
5538,4.721,25.8,1.26,0.004751,,,,6014.0,2.429,1.303,3.782,,,,0.0,0.0,1.0,0.0,10.3,7.7066283
5539,1.9857,432.6,1.96,0.020303,,,,5620.0,0.884,0.971,4.533,,,,0.0,0.0,0.0,0.0,37.2,31.900154
5540,9.568,272.6,15.7,0.175754,,,,5627.0,0.818,0.91,4.568,,,,0.0,1.0,1.0,1.0,67.0,34.67213
5541,6.9623,784.7,2.84,0.026365,,,,5818.0,0.986,1.032,4.464,,,,0.0,0.0,0.0,0.0,69.3,31.67353
5542,5.116,245681.0,51.69,0.473378,,,,5780.0,1.0,1.0,4.438,,,,0.0,1.0,0.0,0.0,508.6,1942.4447
5543,4.83729,69071.6,45.93,0.469972,,,,5853.0,0.895,0.99,4.529,,,,0.0,1.0,1.0,0.0,834.3,1197.7502
5544,3.46429,121813.0,601.32,4.912193,,,,6167.0,1.121,1.032,4.354,,,,0.0,1.0,0.0,0.0,526.6,823.66846
5546,9.39,1366.9,4.22,0.033986,,,,5741.0,1.136,1.01,4.331,,,,0.0,0.0,0.0,0.0,42.3,31.695293
5547,4.4301,191073.0,47.58,0.404176,,,,6024.0,1.078,1.028,4.385,,,,0.0,1.0,0.0,0.0,352.3,1234.3845
5548,4.36797,126636.0,73.29,0.499714,,,,6282.0,1.343,1.057,4.207,,,,0.0,1.0,1.0,0.0,904.0,3417.2737
5550,2.722,66.2,0.98,0.007617,,,,5700.0,1.176,1.071,4.327,,,,0.0,0.0,0.0,0.0,18.4,15.672577
5552,3.2035,2213.2,450.76,0.349222,,,,5314.0,11.82,3.083,2.782,,,,0.0,1.0,0.0,0.0,76.7,365.53564
5553,2.4136,37571.0,13.66,0.170135,,,,4530.0,0.735,0.725,4.566,,,,0.0,1.0,0.0,0.0,102.4,245.62495
5554,1.46001,19340.5,29.19,0.408688,,,,5319.0,0.654,0.638,4.612,,,,0.0,1.0,0.0,0.0,164.7,1084.5835
5555,5.6067,1088.6,163.25,0.252447,,,,5032.0,5.922,1.41,3.042,,,,0.0,1.0,1.0,1.0,71.2,70.884125
5556,2.1551,3836.0,52.91,0.441301,,,,6313.0,1.098,0.929,4.325,,,,0.0,1.0,0.0,0.0,39.3,116.50082
5557,1.22,63.7,0.75,0.007382,,,,5594.0,0.934,0.981,4.489,,,,0.0,0.0,0.0,0.0,11.5,12.593084
5558,7.0706,5824.7,539.16,0.364464,,,,4727.0,13.547,2.1,2.497,,,,0.0,0.0,1.0,0.0,76.3,43.611156
5559,23.467,2185.9,4.49,0.050688,,,,5555.0,0.811,0.762,4.502,,,,1.0,0.0,1.0,1.0,84.1,65.52295
5560,6.323,2651.8,37.79,0.327751,,,,6220.0,1.056,1.013,4.398,,,,1.0,0.0,1.0,1.0,157.1,467.77933
5562,2.0431,75070.0,39.34,0.509595,,,,5048.0,0.707,0.679,4.571,,,,0.0,1.0,0.0,0.0,89.7,
5563,1.42721,10718.0,49.67,0.465053,,,,5400.0,0.978,0.842,4.382,,,,0.0,1.0,0.0,0.0,164.5,
5564,4.7501,379055.0,60.62,0.618896,,,,5455.0,0.897,0.844,4.458,,,,0.0,1.0,0.0,0.0,241.0,1577.2134
5565,2.0835,25044.0,268.75,4.418495,,,,4577.0,0.557,0.552,4.688,,,,0.0,1.0,0.0,0.0,83.1,789.36035
5566,5.2063,217145.0,59.66,0.546343,,,,5780.0,1.0,1.0,4.438,,,,0.0,1.0,0.0,0.0,204.9,585.96
5567,3.44467,65927.0,70.73,0.457732,,,,5642.0,1.415,0.95,4.114,,,,0.0,1.0,0.0,0.0,639.8,811.5932
5568,9.5545,231450.0,162.67,0.562361,,,,5510.0,2.649,1.119,3.641,,,,0.0,1.0,0.0,0.0,1215.2,5194.2383
5569,5.603,116125.0,71.11,0.502467,,,,6366.0,1.296,1.059,4.239,,,,0.0,1.0,0.0,0.0,250.9,1191.1282
5570,3.2833,289807.0,64.69,0.592374,,,,5780.0,1.0,1.0,4.438,,,,0.0,1.0,0.0,0.0,274.2,1337.8289
5571,2.717,2211.0,22.27,0.050506,,,,7358.0,4.037,2.054,3.538,,,,0.0,0.0,0.0,0.0,56.4,154.73193
5572,7.0845,9766.9,12.01,0.136634,,,,5662.0,0.805,0.899,4.575,,,,1.0,0.0,1.0,0.0,143.2,304.21152
5573,4.85,,,,,,,,,,,,,,1.0,0.0,1.0,0.0,,304.55658
5574,2.4129,722770.0,138.76,1.270693,,,,5780.0,1.0,1.0,4.438,,,,0.0,1.0,0.0,0.0,334.3,1359.3583
5575,4.2844,9886.5,28.73,0.402965,,,,4628.0,0.653,0.723,4.651,,,,0.0,0.0,1.0,0.0,284.0,577.5421
5576,3.4842,151.1,5.08,0.011819,,,,5596.0,3.938,1.707,3.48,,,,0.0,1.0,1.0,0.0,94.5,23.688828
5577,4.5036,27247.4,52.05,0.49963,,,,6247.0,0.954,1.022,4.489,,,,0.0,1.0,0.0,0.0,551.7,2119.8972
5578,7.2492,262582.0,145.36,0.572771,,,,7479.0,2.324,1.634,3.919,,,,1.0,0.0,0.0,0.0,463.4,2031.7355
5579,37.1871,7224.8,34.32,0.081293,,,,5145.0,3.866,1.594,3.466,,,,0.0,1.0,0.0,0.0,751.1,82.679184
5580,2.0179,527.4,29.78,0.235701,,,,6397.0,1.157,1.042,4.331,,,,0.0,1.0,1.0,0.0,118.6,34.659485
5583,6.548,2215.3,2.88,0.041208,,,,4243.0,0.641,0.651,4.637,,,,0.0,0.0,0.0,0.0,25.2,18.9777
5584,2.5845,489.0,19.01,0.230297,,,,5562.0,0.756,0.845,4.601,,,,0.0,1.0,1.0,1.0,42.2,72.62495
5585,1.8432,642.6,26.1,0.220077,,,,6384.0,1.086,1.129,4.419,,,,0.0,0.0,1.0,0.0,37.4,30.388378
5586,10.931,694.9,43.67,0.031487,,,,4694.0,12.701,2.156,2.564,,,,0.0,1.0,0.0,0.0,103.6,35.452194
5587,3.737,62.4,0.64,0.007151,,,,5520.0,0.818,0.917,4.572,,,,0.0,0.0,1.0,0.0,9.7,7.6686325
5588,2.195,141.0,27.25,0.236943,,,,6140.0,1.053,1.001,4.394,,,,0.0,1.0,1.0,1.0,32.0,20.814898
5589,3.1713,159584.0,155.81,0.516792,,,,5299.0,2.761,1.306,3.672,,,,0.0,1.0,0.0,0.0,367.3,1453.2574
5590,2.7714,262602.0,115.26,1.05549,,,,5780.0,1.0,1.0,4.438,,,,0.0,1.0,0.0,0.0,243.2,1719.1823
5591,6.091,177.9,2.49,0.012341,,,,6642.0,1.846,1.421,4.057,,,,0.0,0.0,0.0,0.0,10.5,24.633482
5592,1.9767,32296.0,27.09,0.45607,,,,3979.0,0.544,0.539,4.699,,,,0.0,1.0,0.0,0.0,129.5,898.2408
5593,3.7357,165475.0,38.63,0.379996,,,,5977.0,0.931,0.94,4.472,,,,0.0,1.0,0.0,0.0,617.7,1399.5994
5594,2.3569,68139.0,38.79,0.441845,,,,5704.0,0.804,0.897,4.575,,,,0.0,1.0,0.0,0.0,100.4,483.7699
5595,5.3541,178874.0,57.21,0.523932,,,,5780.0,1.0,1.0,4.438,,,,0.0,1.0,0.0,0.0,154.0,231.59431
5597,19.6214,6641.6,995.22,3.745903,,,,6327.0,2.433,1.495,3.84,,,,0.0,1.0,1.0,1.0,366.4,655.13794
5598,2.8833,142891.0,68.48,0.442225,,,,6572.0,1.418,1.19,4.208,,,,0.0,1.0,0.0,0.0,177.9,327.84207
5599,2.1184,39597.0,25.76,0.29825,,,,5441.0,0.791,0.814,4.553,,,,0.0,1.0,0.0,0.0,231.7,857.9018
5600,4.165,2290.9,57.51,0.312575,,,,5770.0,1.685,0.915,3.946,,,,0.0,1.0,0.0,0.0,90.4,146.04045
5601,6.2233,1733.1,41.19,0.307162,,,,6505.0,1.228,1.211,4.342,,,,0.0,0.0,1.0,0.0,123.1,91.08538
5602,3.8588,2183.6,6.9,0.052321,,,,6586.0,1.207,1.226,4.361,,,,0.0,0.0,1.0,0.0,81.6,72.52251
5603,5.6,761.8,32.26,0.030058,,,,5122.0,9.828,2.707,2.886,,,,0.0,0.0,1.0,0.0,71.9,75.78237
5604,0.968,2496.0,576.14,10.723516,,,,4932.0,0.492,0.528,4.777,,,,0.0,0.0,1.0,0.0,12.6,10.807846
5606,1.7405,846.1,18.16,0.22654,,,,5319.0,0.734,0.694,4.548,,,,0.0,1.0,1.0,0.0,67.3,34.482887
5607,32.24,651.2,3.16,0.032397,,,,5869.0,0.892,0.98,4.528,,,,0.0,1.0,1.0,0.0,38.7,31.690815
5608,22.688,2173.5,34.85,0.042512,,,,4991.0,7.506,1.761,2.933,,,,0.0,1.0,0.0,0.0,98.9,26.01456
5610,1.9699,83.6,0.92,0.008255,,,,5705.0,1.026,1.069,4.444,,,,0.0,0.0,0.0,0.0,33.7,26.65567
5611,2.7543,8290.5,33.14,0.382184,,,,5802.0,0.794,0.714,4.492,,,,0.0,1.0,1.0,0.0,254.8,379.7555
5612,4.5344,172737.0,62.41,0.500435,,,,6289.0,1.142,1.015,4.33,,,,0.0,1.0,0.0,0.0,472.3,790.43805
5613,10.7965,9746.4,8.98,0.090074,,,,5725.0,0.913,0.974,4.506,,,,0.0,0.0,0.0,0.0,696.0,471.11786
5614,6.60887,824392.0,148.25,1.0993,,,,6569.0,1.235,1.06,4.281,,,,0.0,1.0,0.0,0.0,3176.9,4238.1704
5615,4.3194,93395.0,33.3,0.304958,,,,5780.0,1.0,1.0,4.438,,,,0.0,1.0,0.0,0.0,247.0,687.5821
5616,7.0612,88327.0,219.02,0.920896,,,,5516.0,2.178,1.007,3.765,,,,0.0,1.0,1.0,0.0,855.4,1274.0326
5617,4.8707,437862.0,679.44,6.221997,,,,5780.0,1.0,1.0,4.438,,,,0.0,0.0,1.0,0.0,252.4,550.229
5618,9.7769,560970.0,300.82,0.840385,,,,8796.0,3.278,2.014,3.711,,,,0.0,1.0,0.0,0.0,1598.3,9014.932
5619,4.17901,174860.0,112.77,1.033681,,,,6025.0,0.999,1.08,4.472,,,,0.0,1.0,0.0,0.0,2065.8,9778.885
5620,9.661,3089.9,395.94,2.695783,,,,6432.0,1.345,1.06,4.207,,,,0.0,1.0,1.0,1.0,262.4,602.1793
5622,5.74859,175776.0,68.92,0.537589,,,,6690.0,1.174,1.198,4.375,,,,0.0,1.0,0.0,0.0,1475.4,2907.8938
5623,6.822,5794.8,26.2,0.372037,,,,4401.0,0.645,0.634,4.621,,,,0.0,1.0,1.0,1.0,74.1,226.24403
5624,12.3079,1724.4,4.55,0.03884,,,,5611.0,1.073,1.026,4.388,,,,0.0,0.0,0.0,0.0,328.0,153.93245
5625,2.1862,80.0,1.23,0.008702,,,,6422.0,1.295,1.082,4.249,,,,0.0,0.0,1.0,0.0,43.1,37.05557
5626,3.239,913.0,2.6,0.027739,,,,5959.0,0.859,0.948,4.546,,,,1.0,0.0,0.0,0.0,9.9,7.4524474
5627,4.477,1355.2,21.23,0.275783,,,,5649.0,0.705,0.786,4.633,,,,0.0,1.0,1.0,0.0,38.9,42.36293
5628,5.856,307.9,2.09,0.01607,,,,5940.0,1.191,1.03,4.3,,,,0.0,0.0,1.0,0.0,26.1,25.799114
5629,11.226,388.9,25.55,0.21442,,,,6338.0,1.091,1.137,4.418,,,,0.0,0.0,1.0,1.0,69.4,29.88787
5630,2.076,470.9,25.39,0.233462,,,,6347.0,0.996,1.053,4.464,,,,0.0,0.0,1.0,0.0,20.7,18.340466
5631,1.808,77.0,1.17,0.008098,,,,6470.0,1.324,1.281,4.301,,,,0.0,0.0,1.0,0.0,9.2,18.96893
5632,2.205,55.8,1.22,0.007099,,,,6184.0,1.579,1.289,4.151,,,,0.0,0.0,1.0,0.0,19.2,16.932957
5633,1.541,450.8,1.72,0.019741,,,,5910.0,0.796,0.875,4.578,,,,0.0,0.0,1.0,0.0,13.2,24.658587
5634,4.76,,,,,,,,,,,,,,0.0,0.0,0.0,0.0,,
5635,6.35,,,,,,,,,,,,,,0.0,0.0,0.0,0.0,,
5636,2.2137,286389.0,36.87,0.584104,,,,4769.0,0.578,0.574,4.673,,,,1.0,0.0,0.0,0.0,273.8,1934.8656
5637,57.2012,1131.0,21.34,0.263021,,,,4594.0,0.743,0.765,4.58,,,,1.0,0.0,1.0,1.0,58.8,19.546108
5638,10.611,530.2,2.57,0.021092,,,,6014.0,1.115,1.044,4.362,,,,0.0,0.0,0.0,0.0,28.0,21.363085
5639,27.7691,582.1,2.64,0.029607,,,,5645.0,0.817,0.908,4.569,,,,1.0,0.0,1.0,1.0,55.7,18.866179
5640,30.1966,468.6,2.39,0.026842,,,,5645.0,0.817,0.908,4.569,,,,1.0,0.0,1.0,1.0,47.8,18.079721
5641,3.1126,66.9,0.8,0.007725,,,,5607.0,0.948,0.788,4.381,,,,0.0,1.0,0.0,1.0,41.9,24.68217
5643,1.9745,1109.3,120.02,0.281884,,,,5500.0,3.899,1.719,3.491,,,,0.0,1.0,0.0,0.0,277.9,267.62494
5644,2.1267,601.7,26.09,0.275518,,,,6058.0,0.867,0.95,4.54,,,,0.0,1.0,0.0,0.0,28.8,24.57394
5646,2.486,60.5,0.97,0.007091,,,,5897.0,1.259,1.026,4.25,,,,0.0,0.0,0.0,0.0,21.3,18.595211
5647,2.3707,14759.2,16.62,0.172989,,,,5468.0,0.88,0.903,4.505,,,,0.0,1.0,0.0,0.0,268.5,318.1878
5648,3.4873,966.8,2.85,0.028075,,,,5500.0,0.928,0.821,4.416,,,,0.0,0.0,0.0,0.0,31.3,50.714653
5649,9.627,3692.4,4.57,0.069936,,,,4796.0,0.598,0.59,4.656,,,,0.0,0.0,1.0,1.0,70.5,61.071968
5651,4.001,668.3,18.01,0.237257,,,,5283.0,0.695,0.691,4.594,,,,0.0,1.0,1.0,0.0,29.9,29.232168
5652,4.414,176.1,77.99,0.211237,,,,6689.0,3.381,1.639,3.594,,,,0.0,0.0,1.0,0.0,18.3,26.47453
5653,3.103,112.5,0.82,0.009757,,,,5751.0,0.774,0.826,4.577,,,,0.0,0.0,1.0,1.0,16.0,14.808974
5654,14.77,518.1,2.55,0.02098,,,,6372.0,1.112,1.063,4.375,,,,0.0,0.0,0.0,0.0,8.7,
5655,8.35,,,,,,,,,,,,,,0.0,0.0,0.0,0.0,,
5656,2.83,172.8,1.22,0.012797,,,,5516.0,0.872,0.811,4.466,,,,0.0,0.0,1.0,0.0,22.1,17.424297
5657,6.02,,,,,,,,,,,,,,0.0,0.0,0.0,0.0,,
5658,19.97,264.2,1.36,0.014999,,,,5914.0,0.828,0.913,4.563,,,,0.0,0.0,0.0,0.0,6.7,
5659,5.404,313.2,1.27,0.015736,,,,5058.0,0.739,0.827,4.61,,,,0.0,0.0,1.0,0.0,30.1,22.418642
5661,1.1148,247.3,1.84,0.015429,,,,6355.0,1.09,1.134,4.418,,,,0.0,1.0,1.0,0.0,27.2,19.574312
5662,7.498,261.2,0.95,0.015613,,,,3995.0,0.555,0.556,4.694,,,,0.0,0.0,1.0,1.0,35.5,25.229647
5663,13.071,698.5,2.87,0.02726,,,,6074.0,0.965,0.992,4.466,,,,0.0,1.0,1.0,1.0,23.8,
5664,3.619,293.5,21.45,0.197793,,,,5997.0,0.993,1.093,4.483,,,,0.0,1.0,1.0,0.0,58.4,19.120535
5665,2.2003,222.2,1.53,0.014075,,,,6067.0,0.997,0.981,4.433,,,,0.0,0.0,1.0,0.0,20.7,15.396135
5666,1.5794,335.5,13.55,0.127814,,,,6038.0,0.971,0.753,4.34,,,,0.0,1.0,0.0,0.0,27.1,27.503302
5667,1.672,243.1,3.87,0.014895,,,,5959.0,2.382,1.395,3.829,,,,0.0,0.0,1.0,0.0,66.7,53.09929
5668,3.7875,39268.0,37.22,0.193669,,,,5716.0,1.76,1.039,3.963,,,,0.0,1.0,0.0,0.0,339.2,2804.6663
5669,8.984,288.9,2.06,0.019503,,,,6031.0,0.966,1.013,4.476,,,,0.0,0.0,1.0,0.0,11.4,9.525673
5670,5.323,480.5,29.02,0.258989,,,,6174.0,1.026,1.09,4.455,,,,0.0,1.0,1.0,1.0,73.0,19.87083
5671,2.151,6923.8,9.82,0.075454,,,,5833.0,1.192,1.115,4.333,,,,0.0,1.0,1.0,1.0,99.2,580.36395
5672,2.883,125.0,13.73,0.115063,,,,6484.0,1.093,0.998,4.36,,,,0.0,1.0,0.0,0.0,36.6,30.028416
5673,6.0503,32622.1,19.58,0.168982,,,,6214.0,1.061,1.006,4.391,,,,0.0,1.0,0.0,0.0,607.2,2089.7664
5674,7.4918,408.7,4.69,0.024182,,,,6426.0,1.775,1.182,4.013,,,,1.0,0.0,1.0,1.0,147.1,101.209015
5677,1.198,5945.0,24.74,0.318687,,,,4491.0,0.711,0.702,4.58,,,,0.0,1.0,0.0,0.0,20.0,112.449
5678,1.4734,493.8,1.75,0.020266,,,,5080.0,0.793,0.792,4.538,,,,0.0,0.0,1.0,0.0,23.3,19.653214
5679,6.552,351.4,18.29,0.207803,,,,5553.0,0.806,0.903,4.577,,,,0.0,0.0,1.0,1.0,49.1,20.651705
5680,8.77,,,,,,,,,,,,,,0.0,0.0,0.0,0.0,,
5681,1.2496,287.9,1.57,0.015358,,,,5529.0,0.936,0.945,4.471,,,,0.0,1.0,0.0,0.0,57.2,22.166708
5682,5.988,107.0,2.74,0.010313,,,,6541.0,2.43,1.291,3.778,,,,0.0,0.0,1.0,1.0,20.2,12.960483
5683,2.32,,,,,,,,,,,,,,0.0,0.0,0.0,0.0,,
5685,6.8106,3620.9,8.13,0.081695,,,,6168.0,0.911,0.919,4.482,,,,1.0,0.0,0.0,0.0,70.6,14.061095
5686,1.7495,431674.0,37.47,0.647409,,,,3898.0,0.53,0.556,4.735,,,,1.0,0.0,0.0,0.0,628.2,372.58832
5687,13.057,1481.5,2.89,0.041985,,,,4386.0,0.63,0.616,4.629,,,,0.0,0.0,0.0,0.0,25.5,13.840163
5688,5.1498,2533.7,29.7,0.316577,,,,5681.0,0.859,0.957,4.551,,,,0.0,1.0,1.0,1.0,194.9,42.543556
5689,3.6789,17575.0,41.08,0.414325,,,,5989.0,0.908,0.95,4.5,,,,0.0,1.0,1.0,0.0,195.6,910.2304
5690,9.35,393.7,234.99,0.639503,,,,5081.0,3.365,1.258,3.484,,,,0.0,0.0,0.0,0.0,7.8,
5691,3.096,2773.7,31.77,0.35566,,,,5069.0,0.818,0.826,4.53,,,,0.0,1.0,1.0,1.0,153.1,184.90883
5692,2.408,136.9,1.08,0.011071,,,,6065.0,0.896,0.833,4.454,,,,0.0,0.0,1.0,0.0,18.8,15.5107975
5693,2.353,49.3,0.52,0.006287,,,,5171.0,0.76,0.793,4.576,,,,0.0,1.0,1.0,1.0,10.2,7.4449325
5694,2.253,6789.4,32.5,0.380065,,,,5437.0,0.783,0.801,4.554,,,,0.0,1.0,1.0,0.0,86.8,88.837845
5695,1.3784,465.5,20.23,0.175786,,,,6120.0,1.054,1.003,4.395,,,,0.0,0.0,1.0,0.0,43.0,35.082287
5696,6.9988,2286.4,3.79,0.043403,,,,5327.0,0.8,0.891,4.581,,,,0.0,0.0,0.0,0.0,51.8,35.39178
5697,2.6717,76.1,0.81,0.008059,,,,5668.0,0.916,0.908,4.472,,,,0.0,0.0,1.0,0.0,35.5,28.60021
5698,2.0494,2052.1,18.48,0.089511,,,,6065.0,1.891,1.006,3.888,,,,0.0,1.0,0.0,0.0,124.9,274.67276
5699,3.739,78.6,1.43,0.008777,,,,6029.0,1.494,1.091,4.127,,,,0.0,0.0,1.0,0.0,8.3,7.3321085
5701,6.962,429.6,155.18,0.017695,,,,3837.0,80.307,1.585,0.829,,,,0.0,1.0,1.0,1.0,47.5,49.102997
5702,1.4195,906.7,24.81,0.241233,,,,5869.0,0.942,1.054,4.513,,,,0.0,1.0,0.0,0.0,39.1,56.467857
5703,4.048,89.3,1.48,0.00931,,,,6443.0,1.457,1.083,4.146,,,,0.0,0.0,1.0,1.0,43.2,21.895151
5704,2.99,,,,,,,,,,,,,,0.0,0.0,0.0,0.0,,
5705,9.57,,,,,,,,,,,,,,0.0,0.0,0.0,0.0,,
5706,2.718,216.0,1.32,0.01348,,,,5790.0,0.9,0.998,4.528,,,,0.0,0.0,1.0,1.0,21.0,17.590113
5707,4.482,1326.8,1.81,0.03473,,,,3812.0,0.476,0.484,4.767,,,,0.0,0.0,1.0,0.0,21.9,16.209805
5708,6.43,383.6,1.64,0.019056,,,,5662.0,0.789,0.859,4.577,,,,0.0,0.0,0.0,0.0,6.5,
5709,12.42,192.3,1.59,0.012707,,,,6082.0,1.147,1.054,4.342,,,,0.0,0.0,0.0,0.0,6.9,
5710,12.408,301.6,22.63,0.20482,,,,6063.0,1.012,1.117,4.476,,,,0.0,1.0,1.0,1.0,45.3,22.687712
5711,8.996,251.9,1.45,0.014438,,,,5678.0,0.921,0.794,4.409,,,,0.0,0.0,0.0,0.0,13.9,11.090614
5712,4.69,158.3,1.36,0.012447,,,,6150.0,1.004,0.946,4.41,,,,0.0,1.0,1.0,1.0,35.3,24.163162
5713,0.8864,340.4,2.4,0.021817,,,,5888.0,1.008,0.918,4.394,,,,0.0,1.0,0.0,0.0,49.1,17.380436
5714,3.137,690.8,20.11,0.21591,,,,5743.0,0.853,0.949,4.553,,,,0.0,0.0,1.0,0.0,17.1,21.778708
5715,6.276,216.9,2.19,0.013504,,,,6148.0,1.488,1.094,4.132,,,,0.0,0.0,0.0,0.0,16.6,12.382159
5716,3.503,116.6,1.38,0.010683,,,,6221.0,1.18,1.09,4.333,,,,0.0,1.0,1.0,1.0,38.0,28.858698
5717,1.981,94.0,0.68,0.008803,,,,4665.0,0.704,0.695,4.584,,,,0.0,0.0,1.0,1.0,12.9,9.451874
5718,3.877,414.7,1.06,0.018419,,,,4408.0,0.529,0.528,4.713,,,,0.0,0.0,1.0,1.0,32.5,24.285072
5719,2.661,173.2,1.03,0.012596,,,,5266.0,0.749,0.702,4.536,,,,0.0,0.0,1.0,0.0,25.3,21.6187
5720,3.66,119.6,1.7,0.010887,,,,6526.0,1.426,1.226,4.217,,,,0.0,0.0,0.0,1.0,42.1,28.604504
5721,1.072,251.5,1.61,0.014732,,,,5265.0,1.002,0.919,4.4,,,,0.0,0.0,0.0,0.0,21.5,22.85753
5722,17.24,,,,,,,,,,,,,,0.0,0.0,0.0,0.0,,
5723,4.2367,1287.3,29.39,0.319255,,,,5431.0,0.843,0.945,4.563,,,,0.0,1.0,1.0,1.0,108.2,80.84418
5724,0.873,102.3,0.9,0.009512,,,,5815.0,0.87,0.913,4.52,,,,0.0,1.0,1.0,0.0,11.3,8.138825
5725,3.197,344.8,1.33,0.017186,,,,5003.0,0.707,0.681,4.572,,,,0.0,0.0,1.0,1.0,19.3,17.436922
5726,26.715,7956.2,75.08,0.084662,,,,5067.0,8.121,1.812,2.877,,,,0.0,1.0,0.0,0.0,284.3,65.126045
5727,1.7664,322.5,89.35,0.202822,,,,4972.0,4.034,1.668,3.449,,,,0.0,1.0,0.0,0.0,45.7,11.579143
5728,2.252,228.8,1.57,0.014075,,,,5834.0,1.023,1.132,4.472,,,,0.0,0.0,1.0,1.0,19.9,17.869236
5729,5.756,197.2,5.18,0.012604,,,,5254.0,3.761,1.653,3.506,,,,0.0,0.0,0.0,0.0,10.3,
5730,2.324,26.7,0.46,0.004693,,,,5403.0,0.888,0.998,4.54,,,,1.0,0.0,1.0,1.0,14.1,8.214327
5731,4.23,68.0,0.68,0.007617,,,,5693.0,0.816,0.911,4.57,,,,0.0,0.0,0.0,0.0,14.6,10.873741
5732,7.773,512.6,6.3,0.021934,,,,6864.0,2.632,1.535,3.783,,,,0.0,0.0,0.0,0.0,30.5,25.312183
5733,0.9268,215.1,0.91,0.013424,,,,4258.0,0.622,0.61,4.635,,,,0.0,0.0,0.0,0.0,23.6,18.961164
5734,4.384,6071.6,40.6,0.371808,,,,5780.0,1.0,1.0,4.438,,,,0.0,0.0,1.0,0.0,89.9,31.57188
5735,27.24,145.6,19.28,0.170568,,,,5751.0,1.035,0.956,4.389,,,,1.0,0.0,1.0,1.0,44.5,16.960032
5736,5.224,36.9,0.53,0.005557,,,,5629.0,0.87,0.987,4.553,,,,0.0,0.0,1.0,1.0,23.3,10.916473
5737,0.9753,200.7,2.03,0.012845,,,,5305.0,1.449,0.939,4.088,,,,0.0,0.0,0.0,0.0,20.9,20.750189
5738,8.7,202.5,1.7,0.013938,,,,5950.0,1.114,1.126,4.395,,,,0.0,0.0,1.0,1.0,23.1,20.388357
5739,3.672,584.4,31.99,0.253008,,,,6377.0,1.158,1.225,4.398,,,,0.0,1.0,1.0,0.0,19.3,17.020536
5740,3.9236,76.6,2.07,0.008655,,,,6985.0,2.187,1.502,3.936,,,,0.0,0.0,1.0,1.0,49.5,18.205542
5741,10.988,405.9,9.32,0.085673,,,,5999.0,0.996,0.945,4.417,,,,1.0,0.0,1.0,0.0,83.1,30.24658
5742,2.0516,29.7,48.23,0.004918,,,,3705.0,89.806,1.847,0.798,,,,0.0,0.0,1.0,0.0,5.1,16.133057
5743,3.034,242.3,20.05,0.055617,,,,5461.0,3.301,1.463,3.566,,,,0.0,1.0,1.0,0.0,21.3,16.385414
5744,3.0448,908.9,2.72,0.027327,,,,5636.0,0.913,0.881,4.462,,,,0.0,0.0,0.0,1.0,36.8,32.954334
5745,6.442,39994.0,38.11,0.430899,,,,5334.0,0.81,0.743,4.492,,,,0.0,1.0,0.0,0.0,56.5,1006.3216
5746,4.103,150.6,2.16,0.012322,,,,6468.0,1.602,1.195,4.107,,,,0.0,1.0,1.0,1.0,77.1,27.509867
5748,15.37,513.5,2.2,0.021216,,,,6039.0,0.951,1.027,4.493,,,,0.0,0.0,1.0,0.0,9.3,7.5060034
5749,4.498,507.7,71.95,0.216028,,,,5627.0,3.05,1.456,3.633,,,,0.0,1.0,1.0,0.0,38.1,35.45106
5750,1.016,5569.0,5.1,0.06763,,,,4963.0,0.69,0.667,4.585,,,,0.0,0.0,0.0,0.0,7.2,128.10664
5751,2.346,10143.0,10.92,0.100933,,,,5944.0,0.991,0.886,4.393,,,,0.0,1.0,0.0,0.0,52.9,488.81476
5752,4.051,688.6,1.84,0.033126,,,,3841.0,0.509,0.538,4.756,,,,0.0,0.0,1.0,0.0,40.1,37.02943
5753,6.7282,57607.6,53.1,0.464918,,,,6142.0,1.046,1.143,4.456,,,,0.0,1.0,0.0,0.0,701.1,686.34894
5755,1.7306,1932.5,1.93,0.039901,,,,3698.0,0.444,0.464,4.81,,,,0.0,0.0,0.0,0.0,37.0,31.10763
5757,3.39,593.3,2.1,0.023886,,,,4852.0,0.804,0.778,4.519,,,,0.0,0.0,0.0,0.0,18.0,15.960322
5758,0.8552,110.1,1.03,0.009881,,,,6045.0,0.955,1.038,4.494,,,,0.0,0.0,1.0,0.0,21.4,13.519487
5759,7.911,223.3,3.37,0.018018,,,,7592.0,1.714,1.545,4.159,,,,0.0,1.0,1.0,0.0,27.9,12.616539
5760,8.05,,,,,,,,,,,,,,0.0,0.0,0.0,0.0,,
5761,28.0218,117.2,1.55,0.013975,,,,5478.0,1.017,0.845,4.351,,,,1.0,0.0,1.0,1.0,43.0,18.679558
5762,3.997,247.1,1.6,0.014378,,,,6014.0,1.021,1.037,4.436,,,,0.0,0.0,0.0,0.0,18.7,15.079349
5763,1.62,86.9,1.4,0.008551,,,,5340.0,1.504,0.917,4.046,,,,0.0,0.0,1.0,0.0,11.1,14.231704
5764,8.09,352.2,14.28,0.197578,,,,5272.0,0.662,0.732,4.659,,,,0.0,0.0,1.0,1.0,38.9,19.690487
5766,15.855,597.3,2.07,0.022637,,,,5988.0,0.836,0.885,4.541,,,,1.0,0.0,0.0,0.0,11.5,7.478351
5767,4.48335,80917.0,49.25,0.478261,,,,5754.0,0.943,1.061,4.514,,,,0.0,1.0,0.0,0.0,658.3,2088.401
5768,3.304,180.2,1.12,0.012462,,,,5912.0,0.82,0.908,4.566,,,,0.0,1.0,1.0,1.0,24.8,19.388746
5769,2.6391,1455.2,8.85,0.083644,,,,6075.0,0.969,1.048,4.486,,,,0.0,0.0,1.0,1.0,83.5,108.224045
5770,8.99,104.3,1.2,0.009638,,,,6273.0,1.139,1.092,4.364,,,,0.0,0.0,0.0,0.0,6.4,
5771,2.116,502.9,2.17,0.020648,,,,6137.0,0.963,1.038,4.487,,,,0.0,0.0,1.0,0.0,19.0,14.924359
5772,1.4736,112.6,0.68,0.009721,,,,5220.0,0.642,0.63,4.622,,,,0.0,1.0,1.0,0.0,23.5,13.384665
5774,3.533,420.3,4.54,0.024175,,,,6596.0,1.721,1.474,4.135,,,,0.0,0.0,1.0,0.0,34.4,31.05401
5775,3.114,83.9,2.63,0.011494,,,,6640.0,2.099,1.231,3.884,,,,0.0,0.0,1.0,1.0,14.3,11.680578
5776,2.9283,966.7,2.17,0.029689,,,,4702.0,0.67,0.654,4.602,,,,0.0,0.0,1.0,0.0,38.0,34.33378
5778,1.5364,44.8,1.93,0.006026,,,,5267.0,2.935,1.42,3.655,,,,1.0,0.0,0.0,1.0,19.8,9.520501
5779,2.967,106.0,0.85,0.009553,,,,5452.0,0.815,0.91,4.572,,,,0.0,1.0,1.0,1.0,34.0,20.899868
5780,70.405,1379.7,19.02,0.26075,,,,5128.0,0.668,0.647,4.6,,,,0.0,1.0,0.0,0.0,214.5,25.782122
5781,2.695,29.1,0.51,0.004852,,,,5495.0,0.961,0.932,4.442,,,,0.0,0.0,0.0,0.0,13.7,11.438283
5782,3.273,165.9,1.97,0.011686,,,,5689.0,1.542,1.007,4.065,,,,0.0,0.0,0.0,0.0,17.6,14.412554
5783,4.828,40.7,0.61,0.005965,,,,5910.0,0.94,1.032,4.505,,,,0.0,0.0,0.0,0.0,11.8,
5784,1.959,61.2,0.63,0.007096,,,,5341.0,0.808,0.747,4.496,,,,1.0,0.0,0.0,1.0,8.3,8.422979
5785,4.223,227.7,15.83,0.173153,,,,5767.0,0.837,0.927,4.559,,,,0.0,1.0,1.0,1.0,31.2,15.029811
5786,3.5252,2797.1,35.3,0.323275,,,,5780.0,1.0,1.0,4.438,,,,0.0,1.0,0.0,0.0,136.6,47.03784
5787,1.4759,83.3,1.3,0.008499,,,,6557.0,1.406,1.287,4.251,,,,0.0,0.0,1.0,0.0,26.5,22.168465
5788,1.4109,736.5,79.67,0.334674,,,,5354.0,2.18,0.985,3.754,,,,0.0,1.0,0.0,0.0,141.0,24.07097
5789,4.396,248.0,14.43,0.160013,,,,5514.0,0.826,0.926,4.569,,,,0.0,1.0,1.0,1.0,49.1,19.928223
5790,2.2133,5386.3,17.82,0.202708,,,,5193.0,0.805,0.753,4.503,,,,0.0,1.0,0.0,0.0,185.2,198.55354
5791,1.57912,8930.8,237.84,0.387688,,,,5591.0,5.618,1.942,3.227,,,,0.0,1.0,0.0,0.0,954.2,2030.0591
5792,3.1,273.8,55.95,0.221422,,,,5148.0,2.314,0.822,3.624,,,,0.0,0.0,1.0,0.0,23.5,14.961529
5793,1.3699,103.7,2.78,0.009846,,,,7089.0,2.584,1.693,3.842,,,,0.0,1.0,1.0,1.0,61.3,17.413658
5794,6.2598,35221.0,16.0,0.170338,,,,5332.0,0.86,0.798,4.471,,,,0.0,1.0,0.0,0.0,153.0,985.01385
5795,3.88771,75141.7,18.9,0.249791,,,,5089.0,0.693,0.666,4.58,,,,0.0,1.0,0.0,0.0,1343.2,3249.144
5796,1.7478,185.6,1.46,0.012667,,,,6382.0,1.059,1.104,4.432,,,,0.0,0.0,1.0,0.0,23.1,19.829435
5797,6.712,359.2,21.43,0.206384,,,,5900.0,0.951,1.065,4.509,,,,0.0,0.0,1.0,1.0,28.9,24.066193
5798,7.28,211.7,3.63,0.014011,,,,5557.0,2.372,1.271,3.792,,,,0.0,1.0,1.0,1.0,83.9,26.98217
5799,3.945,122.1,1.02,0.01076,,,,5912.0,0.87,0.875,4.501,,,,0.0,1.0,1.0,0.0,27.5,23.824995
5800,1.1886,462.1,2.29,0.025036,,,,5237.0,0.837,0.774,4.481,,,,0.0,0.0,1.0,0.0,46.2,33.417465
5801,12.57,,,,,,,,,,,,,,0.0,0.0,0.0,0.0,,
5802,2.849,33.1,0.59,0.005691,,,,6147.0,0.954,0.932,4.449,,,,0.0,1.0,0.0,1.0,12.0,7.905102
5803,1.1108,108.0,0.88,0.009608,,,,5670.0,0.843,0.732,4.452,,,,0.0,0.0,1.0,0.0,19.6,15.997489
5804,7.037,1957.9,35.36,0.326725,,,,5895.0,0.991,1.105,4.489,,,,0.0,1.0,1.0,0.0,23.3,21.566843
5805,0.8971,119.9,0.58,0.01021,,,,3945.0,0.519,0.515,4.721,,,,0.0,0.0,1.0,0.0,20.6,14.1411295
5806,2.203,69.9,1.82,0.007838,,,,6785.0,2.124,1.113,3.83,,,,0.0,0.0,1.0,0.0,12.3,17.476732
5807,1.1741,134.3,0.95,0.010684,,,,5769.0,0.812,0.9,4.57,,,,0.0,1.0,1.0,0.0,28.1,19.104475
5808,1.2887,145.7,18.09,0.06255,,,,5132.0,2.648,1.211,3.675,,,,0.0,0.0,1.0,0.0,30.0,21.230011
5809,4.56811,581782.0,149.44,0.747799,,,,7131.0,1.83,1.483,4.084,,,,0.0,1.0,0.0,0.0,1560.5,3028.9863
5810,5.574,652.2,3.73,0.023329,,,,5596.0,1.466,0.998,4.105,,,,0.0,0.0,0.0,0.0,17.7,12.341184
5811,4.509,152.2,25.43,0.133675,,,,5854.0,1.742,1.143,4.014,,,,1.0,0.0,1.0,0.0,6.3,10.047848
5812,4.411,63.0,40.82,0.108677,,,,6552.0,3.44,1.694,3.594,,,,0.0,1.0,1.0,1.0,22.7,17.475616
5814,2.058,787.5,2.51,0.034268,,,,5075.0,0.67,0.649,4.598,,,,0.0,1.0,1.0,0.0,38.4,32.580112
5815,5.984,912.8,23.56,0.303875,,,,5150.0,0.71,0.792,4.628,,,,0.0,1.0,1.0,0.0,41.3,30.70073
5816,1.9694,24327.0,17.9,0.164217,,,,5811.0,0.998,0.772,4.328,,,,0.0,1.0,0.0,0.0,145.8,338.30112
5817,3.14624,61690.8,44.9,0.379633,,,,6319.0,1.083,1.007,4.373,,,,0.0,1.0,0.0,0.0,1334.6,2790.9045
5818,6.738,444.2,25.84,0.23666,,,,5917.0,1.0,1.088,4.475,,,,0.0,0.0,1.0,1.0,45.4,34.208046
5819,4.7,21.1,0.69,0.004232,,,,6134.0,1.496,1.131,4.142,,,,1.0,0.0,0.0,1.0,7.4,7.4602804
5820,2.527,135.0,3.74,0.011218,,,,6418.0,3.049,1.541,3.658,,,,0.0,1.0,1.0,0.0,10.6,20.777372
5821,2.569,325.6,1.27,0.01583,,,,4620.0,0.736,0.723,4.564,,,,0.0,0.0,1.0,0.0,23.6,19.914774
5822,4.911,178.7,1.49,0.012533,,,,6246.0,1.092,1.18,4.433,,,,0.0,0.0,1.0,0.0,8.1,16.79538
5823,5.238,238.6,15.78,0.156523,,,,6106.0,0.923,0.974,4.496,,,,0.0,1.0,1.0,1.0,26.5,20.97176
5824,23.516,713.3,2.14,0.033455,,,,4257.0,0.586,0.623,4.691,,,,0.0,0.0,1.0,1.0,55.4,25.655313
5825,4.124,39.4,0.66,0.006105,,,,6108.0,0.997,1.072,4.471,,,,1.0,0.0,0.0,1.0,19.6,9.704991
5826,1.765,282.6,1.37,0.014873,,,,4878.0,0.843,0.82,4.5,,,,0.0,0.0,1.0,0.0,19.8,16.525421
5827,1.0194,331.3,1.43,0.016665,,,,4904.0,0.786,0.758,4.527,,,,0.0,0.0,1.0,0.0,31.2,16.55898
5828,5.03,950.1,3.16,0.028295,,,,6208.0,1.024,1.086,4.454,,,,0.0,0.0,0.0,0.0,17.8,14.534495
5830,0.8473,346.9,2.03,0.0238,,,,5180.0,0.782,0.787,4.547,,,,0.0,1.0,0.0,0.0,53.6,17.57243
5832,1.779,35.9,0.42,0.005444,,,,5481.0,0.708,0.806,4.629,,,,0.0,0.0,1.0,1.0,9.1,8.120108
5833,5.136,202.9,0.99,0.012649,,,,4938.0,0.718,0.697,4.569,,,,0.0,1.0,1.0,1.0,33.9,19.400124
5834,0.7648,236.8,1.27,0.014228,,,,5278.0,0.815,0.911,4.576,,,,0.0,0.0,0.0,0.0,22.4,18.348974
5835,5.294,82.0,0.86,0.008836,,,,5806.0,0.893,0.935,4.507,,,,0.0,0.0,1.0,1.0,29.8,22.035389
5836,2.9334,126.2,1.41,0.012786,,,,5661.0,1.008,0.964,4.415,,,,0.0,0.0,0.0,0.0,27.7,18.537338
5837,9.654,678.8,2.25,0.023396,,,,5431.0,0.879,0.881,4.496,,,,0.0,0.0,0.0,0.0,20.3,17.83006
5840,5.8962,63446.7,68.81,0.840138,,,,5385.0,0.75,0.698,4.532,,,,0.0,1.0,0.0,0.0,1094.6,1709.3473
5841,1.6305,173.4,0.94,0.011726,,,,4955.0,0.735,0.771,4.592,,,,0.0,1.0,1.0,1.0,46.6,53.206104
5842,4.402,662.3,28.34,0.259526,,,,5780.0,1.0,1.0,4.438,,,,0.0,0.0,1.0,0.0,19.7,21.098598
5843,2.954,830.0,21.49,0.253317,,,,5541.0,0.777,0.852,4.587,,,,0.0,1.0,1.0,0.0,6.8,81.7864
5844,3.94,5407.0,24.11,0.36804,,,,5451.0,0.6,0.604,4.663,,,,0.0,1.0,1.0,1.0,86.9,161.10974
5845,3.29,378.0,1.5,0.017486,,,,5150.0,0.784,0.878,4.59,,,,0.0,0.0,1.0,0.0,51.7,26.73127
5846,1.537,109.2,12.6,0.102818,,,,6292.0,1.122,0.959,4.32,,,,0.0,1.0,1.0,0.0,17.2,14.876369
5847,3.614,409.4,23.38,0.19531,,,,6147.0,1.096,1.193,4.435,,,,0.0,0.0,1.0,1.0,31.2,26.197315
5848,5.174,158.3,3.01,0.013956,,,,7121.0,1.972,1.521,4.031,,,,0.0,0.0,0.0,0.0,21.9,14.483508
5849,2.857,610.7,1.96,0.022819,,,,5311.0,0.788,0.884,4.588,,,,0.0,0.0,0.0,0.0,18.3,16.5857
5850,5.467,3113.0,28.27,0.345194,,,,5385.0,0.75,0.698,4.532,,,,0.0,1.0,1.0,1.0,25.7,26.491173
5851,1.4513,336.8,1.32,0.016727,,,,5496.0,0.725,0.81,4.618,,,,0.0,0.0,0.0,0.0,32.7,20.017912
5852,1.891,1006.0,79.14,0.322515,,,,6831.0,2.247,1.675,3.959,,,,0.0,1.0,0.0,0.0,11.6,27.289507
5853,1.4399,218.4,1.29,0.013555,,,,5845.0,0.874,0.968,4.541,,,,0.0,0.0,0.0,0.0,33.5,21.155846
5856,16.828,40.5,1.47,0.006159,,,,6632.0,2.193,1.27,3.86,,,,1.0,0.0,1.0,1.0,19.3,17.245289
5858,6.198,858.1,27.74,0.271356,,,,5771.0,0.936,0.802,4.4,,,,0.0,1.0,1.0,0.0,24.1,18.261812
5859,5.8,819.0,2.91,0.027148,,,,5738.0,0.981,0.936,4.426,,,,0.0,0.0,0.0,0.0,8.7,14.992003
5860,10.767,634.5,3.06,0.022585,,,,5497.0,1.241,0.981,4.243,,,,0.0,0.0,0.0,0.0,17.9,16.485638
5861,1.8238,1046.1,92.86,0.305569,,,,7757.0,2.783,1.941,3.837,,,,1.0,0.0,1.0,0.0,29.5,13.403687
5862,6.094,39873.6,27.32,0.300696,,,,5793.0,0.832,0.921,4.561,,,,0.0,1.0,0.0,0.0,585.0,574.7336
5863,6.06772,42873.4,21.49,0.191456,,,,6124.0,1.028,1.097,4.455,,,,0.0,1.0,0.0,0.0,1170.5,1331.0787
5864,2.4779,531.5,3.98,0.027421,,,,6496.0,1.33,1.209,4.272,,,,0.0,0.0,1.0,1.0,100.3,301.5096
5865,1.895,28.6,1.27,0.005163,,,,8867.0,2.245,1.789,3.988,,,,0.0,0.0,1.0,0.0,21.7,31.02485
5866,4.0632,5494.6,28.98,0.369077,,,,5552.0,0.719,0.786,4.62,,,,0.0,0.0,1.0,0.0,238.7,302.2032
5867,3.083,133.8,1.17,0.010627,,,,6198.0,1.005,1.072,4.464,,,,0.0,0.0,1.0,0.0,25.3,21.940441
5868,25.01,379.1,2.44,0.02202,,,,6157.0,1.016,0.985,4.418,,,,0.0,1.0,1.0,0.0,39.5,18.798174
5869,0.9779,341.8,1.93,0.017291,,,,6257.0,1.022,1.079,4.454,,,,0.0,0.0,0.0,1.0,50.2,33.150772
5870,5.268,387.7,1.6,0.017463,,,,5061.0,0.841,0.793,4.488,,,,0.0,1.0,1.0,1.0,30.1,32.201725
5871,2.427,116.7,36.93,0.179594,,,,5238.0,1.883,0.894,3.84,,,,0.0,0.0,1.0,0.0,27.3,18.558928
5872,3.995,133.4,0.54,0.010672,,,,3725.0,0.46,0.473,4.787,,,,1.0,0.0,1.0,1.0,24.9,11.191967
5873,0.785,356.6,2.08,0.022538,,,,5083.0,0.844,0.844,4.512,,,,0.0,0.0,0.0,0.0,11.4,11.733149
5874,1.8626,676.1,21.42,0.251798,,,,5457.0,0.779,0.712,4.508,,,,0.0,1.0,0.0,0.0,31.7,27.423042
5875,1.6782,236.4,104.18,0.016357,,,,3915.0,58.325,1.846,1.173,,,,0.0,1.0,1.0,0.0,31.9,25.076906
5876,1.343,2098.0,43.81,0.321214,,,,6296.0,1.249,1.005,4.247,,,,0.0,1.0,0.0,0.0,15.8,16.91024
5877,3.195,1032.3,73.15,0.114404,,,,4946.0,5.855,0.824,2.819,,,,0.0,0.0,1.0,0.0,40.8,22.852627
5879,3.819,99.1,2.43,0.00996,,,,6701.0,2.237,1.392,3.882,,,,0.0,0.0,1.0,1.0,24.0,18.389515
5880,4.41,66.3,1.68,0.00777,,,,6208.0,1.975,1.337,3.973,,,,0.0,1.0,1.0,0.0,44.1,21.233849
5881,11.288,2074.0,5.68,0.046078,,,,6194.0,1.129,1.208,4.415,,,,1.0,0.0,0.0,0.0,23.5,
5882,1.1171,152.5,2.82,0.011822,,,,9464.0,2.184,2.272,4.116,,,,1.0,0.0,0.0,1.0,18.0,9.405916
5883,12.925,464.1,3.41,0.025002,,,,5814.0,1.248,1.055,4.269,,,,0.0,0.0,0.0,0.0,27.7,19.096905
5884,5.12,386.0,1.72,0.017606,,,,5327.0,0.896,0.836,4.456,,,,1.0,0.0,0.0,0.0,6.9,7.394858
5885,3.803,891.1,4.79,0.033508,,,,6726.0,1.31,1.354,4.335,,,,0.0,0.0,1.0,0.0,20.3,43.592884
5886,3.545,2282.5,39.49,0.326675,,,,6167.0,1.107,1.2,4.428,,,,0.0,1.0,1.0,0.0,42.3,40.305756
5887,3.568,813.9,1.98,0.033623,,,,4316.0,0.54,0.543,4.709,,,,0.0,0.0,1.0,0.0,17.3,15.567653
5888,5.1675,8372.5,11.12,0.097397,,,,6033.0,1.046,1.153,4.46,,,,0.0,1.0,1.0,1.0,155.1,1109.2784
5889,2.4536,20209.0,21.23,0.400824,,,,4481.0,0.485,0.498,4.763,,,,0.0,1.0,0.0,0.0,74.3,556.3814
5890,2.326,76.5,0.92,0.008342,,,,6039.0,1.005,1.108,4.478,,,,0.0,0.0,1.0,1.0,11.7,9.326961
5891,5.304,268.0,21.19,0.193452,,,,6147.0,1.003,1.064,4.463,,,,0.0,0.0,1.0,1.0,31.7,24.128134
5892,2.4318,232.5,1.88,0.025042,,,,5506.0,0.688,0.682,4.596,,,,0.0,0.0,1.0,0.0,41.7,24.422718
5893,10.174,113.9,1.09,0.013495,,,,5437.0,0.739,0.701,4.547,,,,0.0,1.0,1.0,0.0,28.2,20.126293
5894,11.85,143.0,0.76,0.010801,,,,5227.0,0.643,0.701,4.668,,,,0.0,0.0,0.0,0.0,6.1,
5895,5.097,319.4,49.24,0.431539,,,,6329.0,1.045,1.095,4.44,,,,0.0,0.0,1.0,0.0,17.1,14.521496
5896,3.072,30.7,0.56,0.005094,,,,6063.0,1.004,1.035,4.451,,,,1.0,0.0,1.0,1.0,22.5,11.117434
5898,3.3177,337.9,24.17,0.208381,,,,6274.0,1.062,1.115,4.434,,,,1.0,0.0,1.0,1.0,101.2,22.69835
5899,2.446,224.6,14.96,0.18845,,,,5088.0,0.727,0.699,4.559,,,,0.0,1.0,1.0,0.0,32.8,22.908281
5900,19.861,282.1,2.05,0.015366,,,,6167.0,1.221,1.174,4.333,,,,0.0,0.0,0.0,0.0,76.3,22.407873
5901,2.337,374.1,77.83,0.239346,,,,5974.0,2.978,1.408,3.639,,,,0.0,1.0,1.0,0.0,33.3,23.296267
5903,7.342,1017.5,2.67,0.028288,,,,5064.0,0.864,0.811,4.474,,,,0.0,0.0,0.0,0.0,20.6,18.224667
5904,2.3241,1345.0,3.14,0.038446,,,,4641.0,0.747,0.734,4.557,,,,0.0,0.0,0.0,0.0,22.6,18.003239
5905,40.4,148.7,29.53,0.16612,,,,6070.0,1.628,0.93,3.983,,,,1.0,0.0,0.0,0.0,41.0,16.859093
5906,1.4617,197.1,1.87,0.016376,,,,5761.0,1.046,0.855,4.331,,,,0.0,1.0,0.0,0.0,23.8,18.56189
5907,5.7704,153.7,1.77,0.01257,,,,5949.0,1.292,1.14,4.272,,,,0.0,0.0,0.0,0.0,54.2,41.147057
5908,0.73,,,,,,,,,,,,,,0.0,0.0,0.0,0.0,,
5909,4.1,,,,,,,,,,,,,,0.0,0.0,0.0,0.0,,
5910,2.77,,,,,,,,,,,,,,0.0,0.0,0.0,0.0,,
5911,5.49,150.3,36.77,0.176301,,,,8468.0,1.91,1.728,4.114,,,,0.0,0.0,1.0,1.0,70.6,15.810904
5912,6.999,382.0,6.42,0.0681,,,,5640.0,0.863,0.901,4.52,,,,0.0,0.0,1.0,1.0,64.4,27.822397
5913,2.15,417.0,1.95,0.019604,,,,6171.0,0.91,0.944,4.495,,,,0.0,1.0,1.0,1.0,6.6,34.488934
5914,1.9078,1914.1,29.24,0.311666,,,,5830.0,0.859,0.811,4.479,,,,0.0,1.0,0.0,0.0,43.5,39.760357
5915,7.18,1849.5,3.45,0.051888,,,,4338.0,0.609,0.594,4.643,,,,0.0,0.0,1.0,0.0,34.1,38.988846
5916,2.6079,18.5,0.43,0.004089,,,,5544.0,0.957,0.914,4.438,,,,0.0,0.0,1.0,1.0,11.1,8.666514
5917,8.809,353.5,6.65,0.022549,,,,6739.0,2.702,1.371,3.712,,,,0.0,0.0,1.0,0.0,36.2,30.733412
5918,4.65,916.4,3.55,0.03481,,,,5973.0,0.935,1.024,4.506,,,,0.0,0.0,1.0,0.0,31.4,25.74383
5919,4.263,401.5,28.96,0.316474,,,,6098.0,0.838,0.938,4.562,,,,0.0,0.0,1.0,0.0,22.2,21.089045
5920,2.531,219.0,1.7,0.014736,,,,6211.0,1.058,1.117,4.437,,,,0.0,0.0,1.0,0.0,15.9,14.0001135
5921,3.669,1299.3,4.56,0.045771,,,,5648.0,0.912,0.934,4.489,,,,0.0,0.0,1.0,0.0,29.9,26.405203
5922,2.125,242.7,52.16,0.164888,,,,5160.0,2.897,0.812,3.424,,,,0.0,1.0,1.0,0.0,17.7,25.473112
5923,18.503,586.8,3.28,0.022233,,,,6325.0,1.349,1.252,4.274,,,,0.0,0.0,0.0,0.0,56.8,25.56327
5924,2.1164,2299.0,35.74,0.327311,,,,5780.0,1.0,1.0,4.438,,,,0.0,1.0,1.0,1.0,59.3,26.05576
5925,42.435,2311.0,5.07,0.046445,,,,5780.0,1.0,1.0,4.438,,,,0.0,0.0,1.0,0.0,69.4,16.067936
5926,3.4411,12126.6,48.79,0.403987,,,,6370.0,1.106,1.148,4.41,,,,1.0,0.0,1.0,1.0,454.0,1413.6042
5927,2.643,231.0,1.08,0.013565,,,,5026.0,0.729,0.701,4.557,,,,0.0,1.0,1.0,1.0,26.1,19.507479
5928,3.08,,,,,,,,,,,,,,0.0,0.0,0.0,0.0,,
5930,5.05,,,,,,,,,,,,,,0.0,0.0,0.0,0.0,,
5931,2.28,,,,,,,,,,,,,,0.0,0.0,0.0,0.0,,
5932,54.52,138.3,0.93,0.010841,,,,6116.0,0.782,0.845,4.579,,,,0.0,0.0,0.0,0.0,2.9,
5933,3.41,,,,,,,,,,,,,,0.0,0.0,0.0,0.0,,
5934,3.12,,,,,,,,,,,,,,0.0,0.0,0.0,0.0,,
5935,6.51,,,,,,,,,,,,,,0.0,0.0,0.0,0.0,,
5936,17.21,,,,,,,,,,,,,,0.0,0.0,0.0,0.0,,
5937,4.21,,,,,,,,,,,,,,0.0,0.0,0.0,0.0,,
5938,2.0054,14966.0,28.44,0.386422,,,,5245.0,0.674,0.652,4.594,,,,0.0,1.0,0.0,0.0,177.2,41.593784
5939,3.1229,41320.0,40.73,0.435247,,,,5328.0,0.857,0.845,4.499,,,,0.0,1.0,0.0,0.0,294.8,420.6973
5941,17.136,234.4,20.41,0.215542,,,,5772.0,0.867,0.777,4.452,,,,0.0,0.0,1.0,1.0,51.6,29.569283
5942,9.9816,28241.1,30.77,0.153076,,,,5623.0,1.841,1.038,3.925,,,,0.0,1.0,0.0,0.0,3596.6,3019.4248
5943,4.465,692.2,12.62,0.032285,,,,5432.0,3.581,1.658,3.55,,,,0.0,1.0,1.0,0.0,40.7,27.867413
5944,2.4342,50664.0,24.15,0.247971,,,,5759.0,0.892,0.908,4.495,,,,0.0,1.0,0.0,0.0,108.2,1623.3705
5945,2.7716,345.3,3.09,0.017282,,,,6127.0,1.637,1.109,4.055,,,,0.0,0.0,0.0,0.0,37.6,31.87324
5946,3.596,17.1,0.71,0.003804,,,,6194.0,1.718,1.008,3.971,,,,1.0,0.0,1.0,1.0,17.5,9.616937
5947,2.453,486.5,19.64,0.196178,,,,5213.0,0.917,0.832,4.434,,,,0.0,0.0,1.0,1.0,12.6,22.974052
5948,1.6208,243.4,1.46,0.01461,,,,6075.0,0.916,0.991,4.51,,,,0.0,0.0,1.0,0.0,24.9,21.247154
5949,40.01,27.1,1.21,0.004963,,,,6701.0,2.236,1.472,3.907,,,,0.0,0.0,0.0,0.0,12.9,
5950,2.061,92.9,2.29,0.008993,,,,6385.0,2.327,1.458,3.868,,,,0.0,0.0,1.0,0.0,11.1,10.855893
5951,13.877,161.1,1.41,0.013595,,,,6089.0,0.95,1.031,4.495,,,,0.0,0.0,1.0,0.0,37.6,22.071325
5952,1.999,47.8,0.59,0.006358,,,,5858.0,0.849,0.94,4.553,,,,1.0,0.0,1.0,1.0,8.5,8.537784
5953,5.267,110.8,1.34,0.009651,,,,6178.0,1.267,1.085,4.269,,,,0.0,0.0,0.0,0.0,21.1,17.808954
5954,5.1128,1871.5,33.45,0.317097,,,,6106.0,0.966,1.043,4.487,,,,1.0,0.0,1.0,1.0,150.7,28.251326
5955,4.07,70.6,3.05,0.008326,,,,6103.0,3.358,1.522,3.568,,,,0.0,0.0,1.0,1.0,27.1,22.606804
5956,7.335,2456.5,5.24,0.051019,,,,5893.0,0.941,0.981,4.483,,,,0.0,1.0,0.0,0.0,70.4,919.6245
5957,14.836,452.3,19.66,0.200899,,,,5532.0,0.896,0.904,4.489,,,,1.0,0.0,1.0,0.0,83.2,18.444157
5959,3.8439,13518.0,39.84,0.403166,,,,5582.0,0.905,0.832,4.445,,,,0.0,1.0,0.0,0.0,127.7,400.20093
5960,32.274,3254.1,36.8,0.347764,,,,6075.0,0.969,1.048,4.486,,,,1.0,0.0,1.0,1.0,52.0,76.13904
5961,3.5964,11106.9,50.98,0.401043,,,,5813.0,1.164,1.057,4.33,,,,0.0,1.0,0.0,0.0,147.3,127.23148
5962,6.89,,,,,,,,,,,,,,0.0,0.0,0.0,0.0,,
5963,6.20583,134484.0,23.2,0.342658,,,,4451.0,0.62,0.633,4.654,,,,0.0,1.0,0.0,0.0,5518.2,14980.483
5964,6.172,223.2,65.37,0.19374,,,,6106.0,3.09,1.495,3.633,,,,0.0,0.0,1.0,1.0,45.6,31.895144
5966,12.71,1119.5,44.59,0.256016,,,,5209.0,1.595,0.927,3.999,,,,1.0,0.0,1.0,1.0,45.6,36.876682
5967,5.825,259.4,4.79,0.020296,,,,6079.0,2.163,1.164,3.834,,,,1.0,0.0,1.0,1.0,18.4,19.235224
5968,7.2146,307.5,35.34,0.016573,,,,4907.0,19.53,3.573,2.41,,,,0.0,0.0,0.0,0.0,42.6,32.049522
5969,1.7455,230.8,3.68,0.021495,,,,5792.0,1.567,1.024,4.058,,,,0.0,0.0,1.0,0.0,47.6,25.17076
5970,3.189,272.9,1.82,0.015874,,,,6047.0,1.05,0.998,4.395,,,,0.0,0.0,1.0,1.0,12.7,10.696462
5971,5.835,54.6,3.37,0.039354,,,,5894.0,0.784,0.863,4.585,,,,0.0,0.0,1.0,1.0,12.6,8.509156
5972,6.213,126.4,17.88,0.088706,,,,6712.0,1.846,1.411,4.053,,,,0.0,0.0,1.0,1.0,24.6,20.492586
5973,1.915,116.8,1.5,0.010174,,,,5609.0,1.348,0.862,4.114,,,,0.0,1.0,1.0,0.0,8.3,23.347992
5974,3.242,242.1,1.15,0.014219,,,,5266.0,0.741,0.83,4.611,,,,0.0,0.0,1.0,1.0,12.7,12.49613
5975,3.313,131.0,1.12,0.010499,,,,5523.0,0.981,0.871,4.395,,,,0.0,1.0,1.0,1.0,27.3,23.183445
5976,4.1536,530.4,1.82,0.021681,,,,5081.0,0.77,0.864,4.596,,,,0.0,0.0,0.0,0.0,17.8,15.945106
5977,2.7597,140.6,1.37,0.011172,,,,6078.0,1.119,0.905,4.297,,,,0.0,0.0,1.0,0.0,2.5,10.370495
5978,1.471,610.7,2.17,0.02252,,,,5638.0,0.883,0.875,4.488,,,,0.0,1.0,1.0,0.0,41.8,24.32191
5979,5.9775,1049.5,30.04,0.282994,,,,6046.0,0.972,1.053,4.486,,,,0.0,0.0,1.0,1.0,124.0,24.753668
5980,0.9105,426.2,49.84,0.53884,,,,5524.0,0.847,0.908,4.54,,,,0.0,1.0,0.0,0.0,27.6,21.557814
5981,5.894,231.6,17.38,0.187495,,,,6024.0,0.849,0.934,4.55,,,,1.0,0.0,1.0,1.0,103.3,18.997097
5982,3.3865,113.3,1.14,0.010426,,,,5979.0,0.998,0.999,4.44,,,,0.0,0.0,1.0,1.0,42.0,16.17963
5983,3.456,479.7,4.11,0.022794,,,,6061.0,1.653,1.056,4.025,,,,1.0,0.0,0.0,0.0,12.5,7.152132
5984,1.8511,111.6,1.1,0.010101,,,,5874.0,0.997,0.867,4.378,,,,0.0,0.0,1.0,0.0,27.3,21.33362
5985,1.83,,,,,,,,,,,,,,0.0,0.0,0.0,0.0,,
5986,1.9163,55.8,1.3,0.007215,,,,6061.0,1.653,1.056,4.025,,,,0.0,1.0,1.0,0.0,27.1,34.55773
5988,1.93,343.5,1.91,0.018298,,,,6045.0,0.955,1.038,4.494,,,,0.0,0.0,0.0,0.0,4.9,
5989,3.912,184.4,1.85,0.012379,,,,5837.0,1.366,0.946,4.143,,,,0.0,0.0,0.0,1.0,8.9,26.364002
5991,4.515,667.8,6.64,0.080841,,,,5238.0,0.752,0.836,4.603,,,,0.0,1.0,1.0,0.0,29.7,24.434572
5992,25.863,538.0,5.06,0.027742,,,,6988.0,1.67,1.459,4.155,,,,0.0,0.0,0.0,0.0,19.2,
5993,4.9041,58570.0,19.04,0.21931,,,,5533.0,0.795,0.876,4.577,,,,0.0,1.0,0.0,0.0,639.3,1853.3771
5994,2.5,10984.0,719.49,7.564549,,,,5514.0,0.871,0.883,4.505,,,,0.0,1.0,0.0,0.0,85.4,806.1852
5995,2.25397,61953.4,39.51,0.469243,,,,5592.0,0.771,0.703,4.51,,,,0.0,1.0,0.0,0.0,1227.6,8197.062
5996,4.656,888.7,3.24,0.033375,,,,5436.0,0.888,0.92,4.505,,,,0.0,0.0,0.0,0.0,24.9,21.93725
5998,2.8159,345.5,4.51,0.040184,,,,6092.0,1.028,1.091,4.453,,,,0.0,0.0,1.0,0.0,60.7,40.83907
5999,2.67,117.6,2.89,0.010278,,,,6168.0,2.572,1.358,3.75,,,,0.0,1.0,1.0,0.0,11.4,24.388678
6000,2.748,286.2,1.26,0.015242,,,,5193.0,0.755,0.713,4.535,,,,0.0,0.0,1.0,1.0,18.0,21.422148
6001,3.815,509.5,2.24,0.02049,,,,5780.0,1.0,1.0,4.438,,,,0.0,0.0,1.0,0.0,8.4,7.3859973
6002,6.3373,401.3,27.36,0.204898,,,,6388.0,1.223,1.045,4.284,,,,1.0,0.0,1.0,1.0,110.6,124.39423
6003,1.889,126.9,1.25,0.011237,,,,5757.0,1.017,1.016,4.431,,,,0.0,0.0,0.0,0.0,9.7,8.887124
6004,5.636,529.0,1.97,0.020871,,,,5718.0,0.863,0.96,4.549,,,,0.0,1.0,1.0,0.0,36.0,25.814392
6005,1.0726,275.2,1.72,0.015531,,,,6063.0,1.012,1.117,4.476,,,,0.0,1.0,1.0,0.0,38.4,22.82247
6006,4.3323,9094.6,28.06,0.369714,,,,5176.0,0.695,0.768,4.636,,,,0.0,1.0,1.0,0.0,244.1,430.88116
6007,22.982,919.1,85.25,0.277142,,,,6487.0,2.817,1.439,3.696,,,,1.0,0.0,0.0,0.0,160.1,18.696188
6008,5.282,498.0,3.71,0.024551,,,,5725.0,1.384,0.981,4.148,,,,0.0,0.0,1.0,0.0,48.2,37.31789
6009,20.491,761.7,21.04,0.251168,,,,5798.0,0.767,0.833,4.589,,,,0.0,1.0,1.0,1.0,119.0,376.58157
6010,1.43586,5817.3,13.43,0.087071,,,,6309.0,1.412,1.15,4.199,,,,0.0,1.0,0.0,0.0,1109.7,1154.6663
6011,3.219,519.3,3.12,0.027192,,,,6215.0,1.052,1.111,4.44,,,,0.0,1.0,1.0,0.0,27.4,23.523684
6012,3.04001,36830.1,50.33,0.445271,,,,6197.0,1.035,1.096,4.449,,,,0.0,1.0,0.0,0.0,488.5,545.02
6014,5.23,,,,,,,,,,,,,,0.0,0.0,0.0,0.0,,
6015,1.235,130.0,1.31,0.010922,,,,6268.0,1.1,1.188,4.429,,,,1.0,0.0,1.0,0.0,11.7,10.089086
6016,2.945,788.0,1.06,0.025353,,,,3526.0,0.383,0.394,4.866,,,,0.0,0.0,0.0,0.0,13.3,10.541692
6017,0.7257,203.3,1.16,0.013375,,,,5834.0,0.797,0.875,4.577,,,,0.0,0.0,0.0,0.0,29.3,
6018,0.8408,191.6,1.53,0.013026,,,,6249.0,1.076,1.13,4.428,,,,0.0,0.0,1.0,0.0,18.7,13.448081
6020,1.1627,1679.0,0.49,0.038216,,,,2703.0,0.118,0.096,5.274,,,,0.0,0.0,0.0,0.0,9.6,11.992775
6021,4.0,,,,,,,,,,,,,,0.0,0.0,0.0,0.0,,
6022,2.41,,,,,,,,,,,,,,0.0,0.0,0.0,0.0,,
6023,2.09,,,,,,,,,,,,,,0.0,0.0,0.0,0.0,,
6024,3.7454,160.4,1.53,0.011679,,,,5970.0,1.2,1.089,4.317,,,,0.0,0.0,0.0,0.0,22.7,14.123186
6025,3.812,116.4,1.29,0.009852,,,,5970.0,1.2,1.089,4.317,,,,0.0,0.0,0.0,0.0,19.2,14.816139
6026,1.5942,1027.1,33.18,0.275974,,,,6455.0,1.101,1.136,4.41,,,,0.0,1.0,1.0,0.0,151.7,22.64481
6027,0.9394,321.1,1.34,0.016399,,,,5072.0,0.747,0.837,4.606,,,,0.0,1.0,1.0,0.0,23.0,14.745082
6028,13.79,,,,,,,,,,,,,,0.0,0.0,0.0,0.0,,
6029,1.7603,80.6,0.82,0.008311,,,,5747.0,0.907,0.968,4.508,,,,0.0,1.0,1.0,1.0,21.7,17.108883
6030,0.5925,119.2,0.82,0.010129,,,,5088.0,0.741,0.762,4.58,,,,0.0,1.0,0.0,0.0,29.3,13.88336
6032,1.9626,211.3,1.75,0.014823,,,,6173.0,1.083,1.045,4.39,,,,0.0,0.0,1.0,0.0,25.0,12.071014
6033,2.0705,292.5,1.41,0.015473,,,,5552.0,0.833,0.909,4.555,,,,0.0,0.0,0.0,0.0,21.2,
6034,4.74,,,,,,,,,,,,,,0.0,0.0,0.0,0.0,,
6035,5.476,64.5,1.36,0.007287,,,,5537.0,1.714,0.954,3.949,,,,0.0,0.0,0.0,0.0,7.6,
6037,5.28,,,,,,,,,,,,,,0.0,0.0,0.0,0.0,,
6038,6.52,,,,,,,,,,,,,,0.0,0.0,0.0,0.0,,
6039,1.96,,,,,,,,,,,,,,0.0,0.0,0.0,0.0,,
6040,0.669,210.3,1.69,0.016021,,,,5825.0,0.965,1.083,4.504,,,,0.0,0.0,0.0,0.0,5.5,
6042,2.37,,,,,,,,,,,,,,0.0,0.0,0.0,0.0,,
6043,4.4639,745.4,2.26,0.030674,,,,4580.0,0.675,0.748,4.641,,,,0.0,0.0,0.0,0.0,34.2,26.325363
6044,8.297,1628.1,6.36,0.043589,,,,5791.0,1.336,0.996,4.185,,,,0.0,0.0,0.0,0.0,53.5,58.095493
6045,7.86,,,,,,,,,,,,,,0.0,0.0,0.0,0.0,,
6046,1.52,160.8,1.62,0.013553,,,,5754.0,1.097,0.976,4.348,,,,0.0,0.0,1.0,1.0,17.0,13.953673
6047,11.5,144.3,0.98,0.010881,,,,5637.0,0.821,0.902,4.564,,,,0.0,0.0,0.0,0.0,9.3,
6048,1.23416,1291.9,6.69,0.078833,,,,5614.0,0.777,0.858,4.587,,,,0.0,1.0,0.0,0.0,304.4,29.166555
6049,1.8496,104.7,1.14,0.009649,,,,6116.0,1.084,1.181,4.44,,,,0.0,1.0,1.0,1.0,22.1,15.741236
6050,0.63,264.5,1.29,0.016128,,,,5334.0,0.733,0.712,4.56,,,,0.0,1.0,0.0,0.0,14.5,11.980936
6052,2.027,60.8,0.82,0.007205,,,,6459.0,1.038,1.042,4.425,,,,1.0,0.0,1.0,0.0,21.2,10.06958
6053,1.0198,235.3,0.58,0.014309,,,,3553.0,0.368,0.383,4.887,,,,0.0,1.0,1.0,0.0,33.3,15.108823
6054,1.89,,,,,,,,,,,,,,0.0,0.0,0.0,0.0,,
6055,1.2804,1433.7,32.44,0.308137,,,,5907.0,0.964,1.048,4.49,,,,0.0,1.0,1.0,0.0,146.7,20.043053
6056,1.216,846.8,4.09,0.048155,,,,5390.0,0.777,0.755,4.535,,,,0.0,1.0,1.0,0.0,58.9,19.532959
6057,2.489,118.8,1.1,0.010175,,,,6072.0,0.988,1.05,4.47,,,,0.0,0.0,1.0,0.0,18.8,13.403321
6058,1.16,150.2,1.04,0.011108,,,,5231.0,0.86,0.808,4.476,,,,0.0,0.0,0.0,0.0,13.6,11.064967
6059,1.0183,122.6,1.16,0.010152,,,,5862.0,1.049,1.064,4.424,,,,0.0,0.0,1.0,0.0,18.9,13.662467
6060,2.169,23.5,1.49,0.004499,,,,6456.0,3.03,1.53,3.659,,,,0.0,0.0,0.0,0.0,12.4,
6061,0.9621,456.8,2.25,0.022703,,,,5970.0,0.908,0.996,4.521,,,,0.0,0.0,1.0,0.0,53.8,12.247096
6062,5.2,,,,,,,,,,,,,,0.0,0.0,0.0,0.0,,
6063,1.085,247.9,1.03,0.01474,,,,5257.0,0.639,0.713,4.675,,,,0.0,1.0,1.0,0.0,18.3,12.715554
6064,0.998,114.6,0.9,0.009903,,,,6024.0,0.831,0.916,4.561,,,,0.0,0.0,1.0,0.0,17.0,10.262899
6065,6.31,,,,,,,,,,,,,,0.0,0.0,0.0,0.0,,
6066,1.704,405.5,1.64,0.020221,,,,4791.0,0.742,0.759,4.577,,,,0.0,0.0,0.0,0.0,11.9,10.540477
6067,9.195,482.9,2.62,0.020017,,,,5970.0,1.2,1.089,4.317,,,,0.0,0.0,0.0,0.0,34.4,24.921076
6068,8.45,,,,,,,,,,,,,,0.0,0.0,0.0,0.0,,
6069,17.96,,,,,,,,,,,,,,0.0,0.0,0.0,0.0,,
6070,0.949,710.0,1.33,0.024527,,,,3805.0,0.497,0.526,4.767,,,,0.0,0.0,0.0,0.0,18.0,13.234282
6071,7.183,79.7,0.72,0.008382,,,,5559.0,0.79,0.714,4.496,,,,0.0,0.0,0.0,0.0,17.2,13.224343
6072,1.1144,62.9,1.54,0.007516,,,,6143.0,1.877,1.312,4.009,,,,0.0,1.0,1.0,1.0,21.7,14.513531
6074,3.437,31.7,1.21,0.005186,,,,6131.0,2.142,0.997,3.776,,,,0.0,0.0,0.0,0.0,6.6,
6075,1.3292,2714.4,80.25,0.231327,,,,6287.0,3.177,1.328,3.558,,,,1.0,0.0,0.0,0.0,73.2,10.905089
6076,5.175,376.1,22.29,0.210015,,,,5823.0,0.972,1.02,4.472,,,,0.0,0.0,0.0,0.0,22.6,20.151438
6077,1.3345,1009.8,1.4,0.028909,,,,3698.0,0.444,0.464,4.81,,,,0.0,0.0,0.0,0.0,26.7,21.649065
6079,8.035,250.9,2.44,0.018825,,,,6078.0,1.189,1.005,4.29,,,,0.0,0.0,0.0,0.0,26.2,18.218315
6080,1.2313,109.7,0.91,0.009427,,,,5244.0,0.888,0.808,4.449,,,,0.0,0.0,0.0,0.0,17.6,13.525597
6081,3.609,84.5,0.86,0.008391,,,,5910.0,0.94,1.032,4.505,,,,0.0,1.0,1.0,1.0,9.6,8.97522
6082,1.398,374.8,2.38,0.018499,,,,6429.0,1.177,1.189,4.372,,,,1.0,0.0,0.0,0.0,6.6,
6084,2.359,174.5,2.19,0.011782,,,,4995.0,1.703,0.95,3.954,,,,0.0,0.0,1.0,0.0,10.2,7.8159933
6085,1.802,228.6,1.47,0.013956,,,,6091.0,0.967,1.045,4.487,,,,1.0,0.0,0.0,0.0,6.2,
6086,4.018,200.9,37.61,0.037382,,,,4877.0,9.214,2.138,2.839,,,,0.0,0.0,1.0,0.0,35.3,16.712214
6087,2.227,280.9,0.9,0.015452,,,,4206.0,0.535,0.525,4.703,,,,1.0,0.0,0.0,0.0,6.5,
6088,1.75,,,,,,,,,,,,,,1.0,0.0,0.0,0.0,,
6090,12.472,65.4,0.75,0.007592,,,,6011.0,0.902,0.988,4.522,,,,1.0,0.0,1.0,1.0,19.2,14.571269
6091,15.864,228.5,12.68,0.160826,,,,5558.0,0.722,0.822,4.621,,,,0.0,0.0,1.0,1.0,25.1,18.126625
6095,16.186,542.6,20.5,0.021796,,,,5048.0,8.611,2.571,2.978,,,,1.0,0.0,0.0,0.0,15.7,
6098,2.987,258.0,1.84,0.017058,,,,5893.0,0.986,1.026,4.462,,,,0.0,0.0,1.0,0.0,12.0,10.919985
6099,13.28,1083.0,4.02,0.036134,,,,6289.0,1.02,1.075,4.454,,,,1.0,1.0,1.0,0.0,11.8,13.679681
6100,7.362,330.5,0.74,0.018199,,,,3554.0,0.37,0.386,4.888,,,,0.0,0.0,1.0,0.0,15.4,
6101,6.309,328.7,31.25,0.251489,,,,6434.0,1.138,1.169,4.394,,,,0.0,0.0,1.0,1.0,10.8,9.451863
6103,4.833,163.5,2.97,0.016111,,,,4928.0,1.688,0.962,3.966,,,,0.0,0.0,0.0,0.0,13.2,12.134801
6105,2.45,,,,,,,,,,,,,,1.0,0.0,0.0,0.0,,
6106,1.193,1213.8,3.39,0.032692,,,,5999.0,0.95,0.952,4.461,,,,0.0,1.0,1.0,0.0,136.4,27.208904
6108,10.3088,29233.2,70.53,0.458072,,,,6401.0,1.41,1.084,4.175,,,,0.0,1.0,0.0,0.0,854.1,906.7355
6110,3.91,773.0,2.87,0.025454,,,,5978.0,1.032,0.995,4.408,,,,1.0,0.0,0.0,0.0,6.6,
6113,1.239,115.7,21.02,0.009513,,,,4475.0,20.237,1.939,2.113,,,,0.0,0.0,1.0,0.0,4.1,17.842422
6115,4.07,,,,,,,,,,,,,,1.0,0.0,0.0,0.0,,
6117,3.19,,,,,,,,,,,,,,1.0,0.0,0.0,0.0,,
6119,3.787,469.9,8.0,0.019324,,,,5079.0,3.792,1.442,3.439,,,,1.0,0.0,0.0,0.0,10.6,
6120,0.89164,371061.0,281.62,0.696827,,,,10921.0,3.701,3.235,3.811,,,,1.0,0.0,0.0,0.0,234.3,384.06284
6122,6.78,284.9,16.91,0.021155,,,,5059.0,7.322,1.454,2.871,,,,1.0,0.0,0.0,0.0,8.6,
6125,7.77,561.7,1.34,0.02136,,,,4694.0,0.574,0.575,4.68,,,,1.0,0.0,0.0,0.0,6.2,
6126,3.826,450.7,10.76,0.018936,,,,4994.0,5.205,0.821,2.92,,,,1.0,0.0,0.0,0.0,12.0,
6128,1.991,1068.8,2.67,0.029346,,,,5256.0,0.832,0.768,4.483,,,,0.0,0.0,0.0,0.0,14.8,12.443096
6130,5.5,306.1,164.46,0.19443,,,,5140.0,7.746,1.975,2.955,,,,0.0,0.0,1.0,1.0,35.3,18.972626
6131,25.91,67298.0,399.44,0.453949,,,,4705.0,8.058,1.101,2.667,,,,1.0,0.0,0.0,0.0,416.2,112.898735
6132,19.528,1796.4,5.94,0.039068,,,,6340.0,1.393,1.031,4.163,,,,0.0,0.0,0.0,0.0,121.2,56.63339
6133,11.778,330.6,3.32,0.016809,,,,6513.0,1.81,1.252,4.02,,,,1.0,0.0,0.0,0.0,9.6,
6134,0.9513,78.3,2.28,0.008587,,,,10747.0,2.432,2.718,4.1,,,,0.0,1.0,1.0,0.0,37.0,18.22112
6135,2.263,2045.0,2825.04,35.981037,,,,4936.0,0.719,0.746,4.597,,,,1.0,0.0,0.0,0.0,5.5,
6137,4.855,340.3,30.24,0.20761,,,,6154.0,1.334,1.032,4.201,,,,0.0,0.0,1.0,1.0,8.0,15.150946
6138,19.26,545.5,2.37,0.021412,,,,6148.0,1.015,1.083,4.461,,,,1.0,0.0,0.0,0.0,7.0,
6139,2.256,373.4,1.79,0.017749,,,,5755.0,0.923,0.939,4.48,,,,1.0,0.0,0.0,0.0,5.9,
6141,7.622,393969.0,107.0,0.669772,,,,6160.0,1.463,1.087,4.144,,,,0.0,1.0,0.0,0.0,967.4,4579.5723
6144,2.15,,,,,,,,,,,,,,1.0,0.0,0.0,0.0,,
6145,2.685,413.1,2.39,0.018773,,,,6495.0,1.168,1.19,4.379,,,,1.0,0.0,0.0,0.0,5.7,
6146,1.01493,4658.7,26.81,0.343343,,,,5109.0,0.715,0.684,4.564,,,,0.0,1.0,0.0,0.0,240.0,45.098755
6148,3.033,753.0,1.69,0.024631,,,,3978.0,0.628,0.631,4.642,,,,1.0,0.0,0.0,0.0,7.6,
6149,11.5703,3127.0,402.16,0.36269,,,,4878.0,10.154,2.093,2.745,,,,0.0,1.0,1.0,1.0,297.8,105.32726
6154,1.48,,,,,,,,,,,,,,1.0,0.0,0.0,0.0,,
6155,3.92227,157266.0,57.97,0.527663,,,,6082.0,1.006,0.896,4.385,,,,0.0,1.0,0.0,0.0,2291.1,40705.562
6156,5.13,1502.0,2.49,0.034282,,,,4514.0,0.664,0.673,4.621,,,,1.0,0.0,0.0,0.0,6.1,
6157,2.09,,,,,,,,,,,,,,1.0,0.0,1.0,0.0,,30.730858
6159,3.893,255.2,3.09,0.014711,,,,6233.0,1.921,1.2,3.951,,,,1.0,0.0,0.0,0.0,5.7,
6161,2.814,374.7,4.7,0.024342,,,,6606.0,1.768,1.349,4.071,,,,0.0,0.0,1.0,0.0,13.9,12.361888
6162,5.4768,35652.8,43.7,0.34562,,,,6095.0,1.158,1.154,4.371,,,,0.0,1.0,0.0,0.0,607.5,2278.632
6164,61.73,283.2,37.88,0.196112,,,,6198.0,1.769,1.338,4.069,,,,0.0,1.0,0.0,0.0,30.5,8.6079445
6165,1.7215,13552.6,4.91,0.105209,,,,3386.0,0.427,0.43,4.81,,,,0.0,0.0,0.0,0.0,220.5,234.08769
6167,3.36,794.0,2.83,0.025926,,,,6036.0,0.998,0.789,4.337,,,,1.0,0.0,0.0,0.0,9.1,
6169,7.46,431.0,1.27,0.018707,,,,4256.0,0.624,0.614,4.635,,,,1.0,0.0,1.0,0.0,7.1,
6170,16.89,300.4,1.24,0.015736,,,,5242.0,0.722,0.684,4.556,,,,0.0,0.0,1.0,1.0,22.2,16.066526
6171,3.42,,,,,,,,,,,,,,1.0,0.0,0.0,0.0,,
6172,10.205,2238.0,444.08,0.322421,,,,6513.0,12.613,3.511,2.782,,,,0.0,1.0,0.0,0.0,36.7,29.546896
6173,2.629,89.2,0.98,0.008709,,,,5925.0,1.033,0.898,4.364,,,,1.0,0.0,0.0,0.0,6.5,
6174,18.56,147.0,1.14,0.01113,,,,5869.0,0.942,1.054,4.513,,,,1.0,0.0,1.0,1.0,12.6,9.539831
6175,17.447,47.5,0.82,0.006267,,,,5841.0,1.193,0.985,4.278,,,,1.0,0.0,0.0,1.0,25.3,8.954319
6177,3.112,689.2,19.71,0.023284,,,,4970.0,7.752,2.137,2.989,,,,1.0,0.0,0.0,0.0,9.5,
6179,7.76,,,,,,,,,,,,,,1.0,0.0,0.0,0.0,,
6180,3.31,106.7,1.24,0.009625,,,,6535.0,1.181,1.202,4.373,,,,0.0,0.0,0.0,0.0,11.6,11.426692
6181,7.6419,92642.0,48.77,0.487544,,,,5896.0,0.916,1.008,4.518,,,,0.0,1.0,0.0,0.0,930.8,932.911
6183,6.08509,396401.0,156.91,0.634669,,,,6047.0,2.264,1.15,3.789,,,,0.0,1.0,0.0,1.0,4630.1,25239.281
6184,3.578,519.0,2.04,0.020818,,,,5838.0,0.897,0.992,4.529,,,,1.0,0.0,0.0,0.0,6.5,
6186,2.553,190.0,1.5,0.013558,,,,6158.0,1.016,1.013,4.431,,,,1.0,0.0,0.0,0.0,6.0,
6187,14.29,673.4,2.7,0.023795,,,,6173.0,1.041,1.104,4.447,,,,1.0,0.0,0.0,0.0,25.2,
6188,6.75,332.8,1.36,0.016477,,,,5324.0,0.755,0.739,4.551,,,,1.0,0.0,0.0,0.0,9.2,
6189,4.42,5832.0,20.83,0.077196,,,,6235.0,2.471,1.407,3.801,,,,1.0,0.0,0.0,0.0,20.1,100.06107
6190,2.204,139.6,2.1,0.010796,,,,5873.0,1.78,1.055,3.96,,,,0.0,0.0,1.0,0.0,9.0,8.57842
6193,12.69,464.0,2.08,0.019881,,,,6276.0,0.956,0.953,4.456,,,,1.0,0.0,0.0,0.0,6.2,
6194,3.3996,689.2,17.97,0.228534,,,,4994.0,0.72,0.803,4.62,,,,1.0,0.0,1.0,0.0,133.3,10.655878
6195,29.96,506.4,3.04,0.029134,,,,5977.0,0.956,0.967,4.462,,,,1.0,0.0,0.0,0.0,31.1,9.972437
6196,2.7287,105189.0,45.75,0.484918,,,,5872.0,0.864,0.811,4.474,,,,0.0,1.0,0.0,0.0,432.5,6145.9956
6197,2.5214,55368.0,144.2,1.652686,,,,5747.0,0.799,0.811,4.542,,,,0.0,1.0,0.0,0.0,148.9,1533.95
6198,3.134,568.1,10.13,0.021428,,,,5024.0,4.331,1.193,3.241,,,,1.0,0.0,0.0,0.0,9.3,
6199,2.43,,,,,,,,,,,,,,1.0,0.0,0.0,0.0,,
6201,5.17207,110132.0,116.92,0.663777,,,,6351.0,1.613,1.27,4.126,,,,0.0,1.0,0.0,0.0,6485.8,14262.637
6202,5.39144,58605.3,43.47,0.22401,,,,6582.0,1.777,1.357,4.069,,,,0.0,1.0,0.0,0.0,1107.1,788.595
6203,12.85,212.9,1.11,0.013162,,,,5392.0,0.775,0.79,4.557,,,,1.0,0.0,0.0,0.0,11.9,
6204,1.78462,19400.9,15.64,0.1438,,,,6267.0,0.996,0.976,4.431,,,,0.0,1.0,0.0,0.0,368.9,888.6184
6205,4.848,22.0,0.84,0.004624,,,,7479.0,1.667,1.469,4.162,,,,0.0,1.0,0.0,0.0,22.8,12.79787
6206,3.5979,724.7,89.55,0.249023,,,,5088.0,3.293,1.257,3.502,,,,0.0,1.0,1.0,0.0,103.6,54.168343
6207,2.956,464.3,17.22,0.019622,,,,5096.0,8.038,2.394,3.007,,,,1.0,0.0,0.0,0.0,8.4,
6208,1.674,78.4,1.96,0.008531,,,,6185.0,2.101,1.216,3.878,,,,1.0,0.0,0.0,0.0,5.5,
6209,1.919,263.3,1.69,0.014979,,,,6210.0,1.033,1.093,4.45,,,,1.0,0.0,0.0,0.0,6.8,
6210,4.154,754.0,2.82,0.025428,,,,6137.0,1.016,1.079,4.457,,,,1.0,0.0,0.0,0.0,6.3,
6211,13.86,196.2,1.53,0.013138,,,,5953.0,1.068,0.857,4.314,,,,1.0,0.0,0.0,0.0,5.9,
6212,1.498,277.1,2.36,0.017062,,,,6028.0,1.267,1.02,4.241,,,,1.0,0.0,0.0,0.0,8.3,
6213,35.525,411.2,4.92,0.023534,,,,7663.0,1.913,1.63,4.087,,,,1.0,0.0,0.0,0.0,142.4,27.969324
6214,8.74,133.9,1.69,0.010795,,,,6295.0,1.435,0.927,4.091,,,,1.0,0.0,0.0,0.0,9.2,
6215,1.796,227.7,1.32,0.013793,,,,5799.0,0.878,0.975,4.539,,,,0.0,0.0,1.0,0.0,14.3,12.670282
6217,3.0,,,,,,,,,,,,,,1.0,0.0,0.0,0.0,,
6219,1.699,634.0,1.64,0.02282,,,,5040.0,0.658,0.71,4.652,,,,1.0,0.0,0.0,0.0,6.1,
6220,21.04,341.1,25.26,0.207686,,,,6032.0,1.114,1.033,4.358,,,,1.0,0.0,1.0,0.0,83.4,16.575697
6222,66.892,12435.0,56.94,0.098333,,,,4818.0,5.303,1.366,3.125,,,,0.0,1.0,0.0,0.0,135.6,15.945324
6224,7.72,1449.0,3.69,0.034145,,,,5398.0,0.99,0.847,4.375,,,,1.0,0.0,0.0,0.0,7.0,7.4330287
6225,9.211,47.2,1.88,0.00673,,,,7377.0,2.552,1.784,3.876,,,,0.0,0.0,1.0,0.0,23.4,10.214325
6227,3.813,924.2,22.88,0.026486,,,,4477.0,7.912,0.981,2.633,,,,0.0,0.0,1.0,1.0,78.5,23.37387
6228,3.23,,,,,,,,,,,,,,1.0,0.0,0.0,0.0,,
6229,11.89,227.6,3.11,0.014938,,,,6749.0,1.905,1.062,3.905,,,,1.0,0.0,0.0,0.0,12.0,
6230,11.18,265.6,1.81,0.015257,,,,6553.0,1.086,1.105,4.41,,,,1.0,0.0,0.0,0.0,5.7,
6231,1.007,9918.0,17.45,0.175023,,,,6397.0,0.913,0.978,4.508,,,,1.0,0.0,0.0,0.0,8.4,
6235,1.936,158.6,1.33,0.011579,,,,6188.0,1.049,1.052,4.42,,,,1.0,0.0,0.0,0.0,6.0,
6236,3.0072,447.5,27.45,0.018735,,,,4745.0,13.417,1.747,2.425,,,,0.0,1.0,1.0,0.0,61.3,27.35767
6238,3.418,1221.2,2.49,0.030587,,,,4608.0,0.746,0.734,4.559,,,,0.0,1.0,1.0,0.0,53.6,42.473103
6239,6.825,349.6,24.16,0.221241,,,,5780.0,1.0,1.0,4.438,,,,0.0,1.0,0.0,1.0,23.3,14.315593
6240,4.403,147.4,0.8,0.011335,,,,5120.0,0.65,0.655,4.628,,,,1.0,0.0,0.0,0.0,6.9,
6242,3.525,145.3,1.42,0.011388,,,,6425.0,1.138,1.01,4.331,,,,1.0,0.0,0.0,0.0,6.9,
6243,5.7615,90229.6,50.54,0.491831,,,,6185.0,0.941,0.999,4.49,,,,0.0,1.0,0.0,0.0,2629.0,3018.7659
6245,5.472,395.8,0.92,0.018023,,,,3746.0,0.469,0.48,4.775,,,,0.0,1.0,0.0,1.0,10.0,8.128105
6249,2.111,1350.0,2.72,0.035362,,,,5013.0,0.704,0.678,4.574,,,,1.0,0.0,0.0,0.0,7.2,7.3534703
6250,1.25,462.0,2.96,0.020839,,,,6002.0,1.302,1.146,4.267,,,,1.0,0.0,0.0,0.0,8.7,
6251,6.1245,368004.0,124.23,0.633787,,,,5853.0,1.795,1.101,3.971,,,,0.0,1.0,0.0,0.0,5494.6,36851.938
6252,3.193,76.5,2.42,0.008166,,,,7266.0,2.715,1.807,3.828,,,,1.0,0.0,1.0,0.0,9.6,8.449499
6253,9.52,557.6,25.67,0.246923,,,,5504.0,0.952,0.968,4.466,,,,0.0,0.0,1.0,0.0,12.4,11.01217
6254,4.632,859.0,403.01,0.270334,,,,4799.0,13.652,2.031,2.475,,,,0.0,1.0,1.0,1.0,23.0,16.534456
6255,2.752,47.9,30.47,0.006044,,,,3861.0,46.169,0.893,1.06,,,,0.0,0.0,1.0,0.0,8.3,9.013538
6256,28.26,384.6,9.82,0.018568,,,,10134.0,4.842,3.246,3.579,,,,1.0,0.0,0.0,0.0,20.9,9.4273405
6257,3.958,267.1,4.48,0.015149,,,,7937.0,2.711,2.043,3.882,,,,1.0,0.0,0.0,0.0,5.4,
6258,4.697,410.0,1.2,0.018599,,,,4615.0,0.589,0.579,4.66,,,,0.0,0.0,0.0,1.0,17.4,14.984715
6259,4.656,274.5,23.6,0.014508,,,,4449.0,14.894,0.87,2.031,,,,0.0,1.0,1.0,1.0,15.3,14.156431
6260,6.719,1098.0,1.68,0.030029,,,,3734.0,0.513,0.528,4.74,,,,1.0,0.0,0.0,0.0,6.5,
6261,3.279,34.1,2.6,0.00548,,,,8892.0,4.35,2.697,3.592,,,,1.0,0.0,0.0,0.0,7.0,
6263,1.9278,395.1,12.35,0.019651,,,,5161.0,5.753,1.88,3.192,,,,0.0,0.0,1.0,0.0,42.7,29.80282
6264,23.5615,140332.0,66.64,0.505563,,,,5689.0,1.207,1.058,4.299,,,,1.0,0.0,0.0,0.0,2386.6,1254.9728
6265,5.3,,,,,,,,,,,,,,1.0,0.0,0.0,0.0,,
6266,5.8768,104026.0,109.55,0.501848,,,,7542.0,1.999,1.582,4.036,,,,0.0,1.0,0.0,1.0,525.4,2923.168
6267,3.98767,12960.3,1148.7,0.380085,,,,4217.0,27.676,1.264,1.656,,,,1.0,0.0,0.0,0.0,962.6,2027.9027
6268,9.06,,,,,,,,,,,,,,1.0,0.0,0.0,0.0,,
6269,13.86,93.6,1.18,0.008934,,,,6197.0,1.208,0.93,4.242,,,,1.0,0.0,0.0,0.0,10.0,
6271,3.0,,,,,,,,,,,,,,1.0,0.0,1.0,0.0,,
6272,2.503,772.0,2.22,0.025087,,,,5492.0,0.812,0.911,4.576,,,,1.0,0.0,0.0,0.0,6.9,
6273,3.809,487.0,1.99,0.020118,,,,5796.0,0.906,0.876,4.466,,,,1.0,0.0,0.0,0.0,6.9,
6274,12.999,216.3,1.42,0.013271,,,,5523.0,0.981,0.871,4.395,,,,1.0,0.0,0.0,0.0,9.7,
6275,3.702,669.0,2.67,0.023937,,,,6163.0,1.022,1.09,4.457,,,,1.0,0.0,0.0,0.0,7.1,
6276,16.376,931.8,13.52,0.042957,,,,5327.0,2.882,1.332,3.643,,,,1.0,0.0,1.0,0.0,39.4,22.053621
6277,4.526,568.8,22.6,0.022149,,,,5188.0,9.343,2.707,2.929,,,,1.0,0.0,0.0,0.0,13.7,
6278,4.353,319.4,6.81,0.016121,,,,5155.0,3.87,1.585,3.462,,,,1.0,0.0,0.0,0.0,8.6,
6279,2.129,576.0,2.58,0.02274,,,,5766.0,1.04,1.032,4.418,,,,1.0,0.0,0.0,0.0,6.0,
6280,1.669,86.4,1.09,0.008587,,,,6237.0,1.165,1.211,4.387,,,,0.0,1.0,0.0,1.0,8.4,13.762703
6281,8.93033,66244.1,35.98,0.307384,,,,6357.0,1.072,1.061,4.405,,,,0.0,1.0,0.0,0.0,4607.4,4138.6924
6282,11.781,142.3,1.66,0.011421,,,,6686.0,1.332,1.249,4.283,,,,1.0,0.0,0.0,0.0,12.5,
6283,7.55,125.7,1.62,0.010439,,,,6782.0,1.417,1.291,4.243,,,,1.0,0.0,0.0,0.0,6.9,
6284,1.35,,,,,,,,,,,,,,1.0,0.0,0.0,0.0,,
6285,2.3753,644.5,515.07,0.289833,,,,4893.0,16.274,3.063,2.501,,,,0.0,1.0,1.0,1.0,37.1,22.50075
6286,1.742,361.7,1.88,0.017411,,,,5962.0,0.989,0.994,4.445,,,,1.0,0.0,0.0,0.0,5.6,
6287,3.49,,,,,,,,,,,,,,1.0,0.0,0.0,0.0,,
6288,14.84,,,,,,,,,,,,,,1.0,0.0,0.0,0.0,,10.65276
6289,2.52,,,,,,,,,,,,,,1.0,0.0,0.0,0.0,,
6291,17.3985,86013.1,62.76,0.480108,,,,6461.0,1.197,1.086,4.319,,,,0.0,1.0,0.0,0.0,1740.2,1842.4915
6292,6.012,747.5,18.07,0.035803,,,,4888.0,4.622,1.179,3.18,,,,1.0,0.0,0.0,0.0,10.9,
6293,2.504,557.4,8.98,0.022201,,,,5269.0,3.706,0.78,3.193,,,,1.0,0.0,0.0,0.0,8.8,
6295,5.03,,,,,,,,,,,,,,1.0,0.0,0.0,0.0,,
6296,2.171,243.5,1.7,0.014044,,,,5489.0,1.11,0.981,4.339,,,,1.0,0.0,0.0,0.0,6.3,
6297,16.78,1036.2,1.67,0.029023,,,,4847.0,0.527,0.575,4.755,,,,1.0,0.0,0.0,0.0,13.8,
6299,18.821,4376.9,11.67,0.059597,,,,5548.0,1.793,1.079,3.964,,,,0.0,0.0,0.0,0.0,60.4,48.159397
6301,3.104,926.0,1.96,0.027335,,,,4869.0,0.657,0.703,4.648,,,,1.0,0.0,0.0,0.0,5.8,
6302,6.82,106.7,0.82,0.009468,,,,5514.0,0.79,0.75,4.518,,,,1.0,0.0,0.0,1.0,10.7,9.803946
6304,6.70175,193983.0,69.37,0.544806,,,,6188.0,1.166,1.02,4.314,,,,0.0,1.0,0.0,0.0,2666.0,4324.663
6306,16.57,685.0,2.66,0.024031,,,,6163.0,1.013,1.079,4.461,,,,1.0,0.0,0.0,0.0,8.8,
6307,2.619,34.7,0.54,0.005301,,,,5428.0,0.94,0.816,4.404,,,,0.0,0.0,1.0,0.0,10.8,9.173014
6311,4.5711,2568.8,48.93,0.055645,,,,4992.0,8.052,2.096,2.947,,,,0.0,1.0,0.0,0.0,124.6,88.51406
6313,5.77,294.6,1.5,0.015535,,,,5691.0,0.887,1.003,4.544,,,,1.0,0.0,0.0,0.0,6.1,
6314,10.535,195.2,1.8,0.012851,,,,6035.0,1.283,0.903,4.177,,,,0.0,0.0,0.0,0.0,15.0,
6318,2.182,268.8,1.82,0.015075,,,,6136.0,1.106,1.062,4.378,,,,1.0,0.0,0.0,0.0,5.9,
6320,2.42,1368.0,3.61,0.0353,,,,5957.0,0.937,1.026,4.506,,,,1.0,0.0,0.0,0.0,7.0,
6321,5.67,284.6,1.39,0.015823,,,,5398.0,0.805,0.902,4.58,,,,0.0,0.0,1.0,1.0,9.8,9.805063
6322,2.317,488.7,39.73,0.019743,,,,4883.0,18.427,3.402,2.439,,,,0.0,1.0,1.0,0.0,24.6,21.595844
6325,9.7526,22178.4,65.97,0.19952,,,,5001.0,3.028,0.985,3.469,,,,0.0,1.0,0.0,0.0,664.6,1243.4851
6328,6.944,177.7,2.01,0.01249,,,,6432.0,1.476,1.107,4.145,,,,1.0,0.0,0.0,0.0,9.0,
6329,3.8253,191238.0,79.4,0.548353,,,,6615.0,1.326,1.165,4.257,,,,0.0,1.0,0.0,0.0,438.3,1577.1766
6330,5.45,901.0,2.23,0.028153,,,,5382.0,0.724,0.765,4.603,,,,1.0,0.0,0.0,0.0,6.0,
6332,8.63,,,,,,,,,,,,,,1.0,0.0,0.0,0.0,,
6334,14.139,90.2,1.33,0.008762,,,,6395.0,1.394,1.047,4.17,,,,1.0,0.0,0.0,0.0,9.7,
6336,6.289,1706.0,46743.4,98.880386,,,,5208.0,4.329,1.429,3.321,,,,1.0,0.0,0.0,0.0,14.9,
6337,23.78,257.0,2.89,0.023326,,,,6237.0,1.135,1.02,4.338,,,,1.0,0.0,0.0,0.0,19.3,11.107973
6341,23.51,1445.0,3.07,0.034328,,,,5504.0,0.819,0.918,4.572,,,,1.0,0.0,1.0,0.0,6.5,
6342,4.8691,213262.0,115.49,0.546018,,,,7631.0,1.937,1.564,4.059,,,,0.0,1.0,0.0,0.0,601.5,4765.2236
6343,3.999,290.7,1.79,0.016238,,,,6244.0,1.009,1.069,4.46,,,,1.0,0.0,0.0,0.0,6.5,
6345,1.8,,,,,,,,,,,,,,1.0,0.0,0.0,0.0,,
6346,4.411,147.6,2.86,0.010877,,,,5195.0,2.409,1.151,3.735,,,,1.0,0.0,0.0,0.0,10.3,
6347,2.702,968.7,38.32,0.027148,,,,4403.0,12.927,0.917,2.178,,,,0.0,1.0,0.0,0.0,47.5,141.94147
6349,0.99,22617.0,48.88,0.463328,,,,6106.0,0.966,1.043,4.487,,,,1.0,0.0,0.0,0.0,8.8,
6350,5.034,820.0,0.82,0.02585,,,,3401.0,0.29,0.282,4.964,,,,1.0,0.0,0.0,0.0,6.0,
6352,0.9015,54.0,1.82,0.006805,,,,6122.0,2.455,1.357,3.791,,,,0.0,1.0,1.0,0.0,23.5,12.731151
6353,4.153,1491.0,2.98,0.034991,,,,5524.0,0.78,0.842,4.579,,,,1.0,0.0,0.0,0.0,5.8,
6355,4.68919,53516.1,29.28,0.232135,,,,5794.0,1.155,1.009,4.317,,,,0.0,1.0,0.0,0.0,4731.1,5081.11
6356,2.562,920.0,3.04,0.027847,,,,6063.0,1.001,1.079,4.47,,,,1.0,0.0,0.0,0.0,6.5,
6357,3.875,382.0,7.1,0.017587,,,,5071.0,3.698,0.832,3.222,,,,1.0,0.0,0.0,0.0,9.4,
6358,1.0092,384.8,2.43,0.01816,,,,6602.0,1.223,1.24,4.354,,,,0.0,0.0,1.0,0.0,2.5,23.16145
6359,12.11,337.0,1.39,0.016823,,,,5576.0,0.758,0.76,4.56,,,,1.0,0.0,0.0,0.0,6.0,
6362,5.743,803.8,36.31,0.251106,,,,6556.0,1.324,1.121,4.243,,,,0.0,0.0,0.0,1.0,55.3,19.138454
6363,8.73,522.6,14.02,0.020265,,,,4949.0,6.334,2.0,3.136,,,,1.0,0.0,0.0,0.0,11.8,
6364,15.574,292.2,31.6,0.19972,,,,6770.0,1.449,1.313,4.232,,,,1.0,0.0,0.0,0.0,195.5,10.6122265
6366,1.7237,456.6,18.39,0.019067,,,,4965.0,8.834,2.079,2.863,,,,0.0,1.0,0.0,0.0,64.6,33.87009
6367,10.53,654.0,4.49,0.024724,,,,6637.0,1.662,1.04,4.014,,,,1.0,0.0,0.0,0.0,5.7,
6374,3.01,,,,,,,,,,,,,,1.0,0.0,0.0,0.0,,
6375,6.52033,449091.0,79.99,0.678259,,,,6572.0,1.08,1.088,4.408,,,,0.0,1.0,0.0,0.0,3630.4,120049.68
6377,4.88602,402550.0,360.08,0.651794,,,,5297.0,5.059,0.757,2.909,,,,0.0,1.0,0.0,0.0,4679.3,31474.16
6378,3.861,253.0,14.79,0.01588,,,,5080.0,8.527,2.458,2.967,,,,1.0,0.0,0.0,0.0,9.0,
6380,1.948,560.0,2.03,0.021436,,,,5485.0,0.867,0.986,4.556,,,,1.0,0.0,0.0,0.0,6.6,
6381,5.32,,,,,,,,,,,,,,1.0,0.0,0.0,0.0,,
6383,1.597,40.2,0.76,0.006031,,,,6273.0,1.16,1.002,4.311,,,,1.0,0.0,0.0,0.0,5.4,
6384,3.517,351.1,1.89,0.016993,,,,5651.0,1.02,0.898,4.374,,,,1.0,0.0,0.0,0.0,8.7,
6386,2.5167,356.4,3.06,0.024479,,,,5974.0,1.143,1.022,4.332,,,,0.0,1.0,1.0,0.0,87.5,29.878023
6387,2.997,215.7,1.46,0.013521,,,,6217.0,0.989,1.056,4.472,,,,1.0,0.0,0.0,0.0,6.6,7.384255
6394,12.13,287.8,1.82,0.01567,,,,6300.0,1.064,1.034,4.401,,,,0.0,0.0,0.0,0.0,11.1,
6395,4.747,1488.0,2.45,0.037134,,,,4691.0,0.604,0.627,4.673,,,,1.0,0.0,0.0,0.0,9.2,
6396,1.905,163.0,1.94,0.011887,,,,7158.0,1.494,1.323,4.21,,,,1.0,0.0,0.0,0.0,6.3,
6398,3.549,731.0,1.03,0.024352,,,,3552.0,0.387,0.406,4.867,,,,0.0,0.0,1.0,0.0,7.8,9.08259
6399,4.566,518.2,2.38,0.02095,,,,5858.0,1.04,1.126,4.456,,,,1.0,0.0,0.0,0.0,11.3,
6400,7.07,1078.0,2.48,0.031074,,,,4949.0,0.73,0.708,4.561,,,,1.0,0.0,1.0,0.0,9.2,
6401,14.94,229.1,1.93,0.014082,,,,6014.0,1.258,1.06,4.264,,,,1.0,0.0,0.0,0.0,9.8,
6403,24.74,70.5,1.69,0.00781,,,,5562.0,1.987,1.213,3.925,,,,0.0,1.0,0.0,0.0,13.5,12.309573
6405,13.3898,1381.8,38.71,0.272272,,,,5893.0,1.302,0.926,4.175,,,,0.0,1.0,1.0,0.0,223.5,107.869865
6406,83.31,,,,,,,,,,,,,,1.0,0.0,0.0,0.0,,21.203188
6407,3.039,248.0,1.64,0.014484,,,,6184.0,1.038,1.1,4.448,,,,1.0,0.0,0.0,0.0,6.7,
6408,1.22,59.9,0.71,0.007339,,,,5629.0,0.886,0.878,4.487,,,,1.0,0.0,0.0,0.0,6.3,
6409,7.29719,409714.0,70.62,0.654553,,,,6233.0,0.988,1.054,4.472,,,,0.0,1.0,0.0,0.0,5312.7,18593.936
6410,1.938,643.0,29.97,0.022792,,,,5221.0,12.042,3.083,2.766,,,,1.0,0.0,0.0,0.0,6.7,
6411,2.4385,2067.0,30.51,0.311105,,,,5808.0,0.898,0.743,4.402,,,,1.0,0.0,1.0,1.0,166.0,241.96284
6412,18.0,6847.0,7233.87,66.244209,,,,5780.0,1.0,1.0,4.438,,,,1.0,0.0,1.0,0.0,9.2,
6413,10.08,194.3,1.54,0.013624,,,,6365.0,1.033,1.002,4.411,,,,1.0,0.0,0.0,0.0,6.3,
6416,6.385,2084.0,5.06,0.046343,,,,5780.0,1.0,1.0,4.438,,,,1.0,0.0,0.0,0.0,9.6,
6417,14.49,600.0,1.97,0.022111,,,,5473.0,0.816,0.837,4.537,,,,1.0,0.0,0.0,0.0,10.8,
6418,3.748,315.4,11.33,0.01599,,,,5189.0,6.491,2.026,3.12,,,,1.0,0.0,0.0,0.0,10.6,
6420,1.39,,,,,,,,,,,,,,1.0,0.0,0.0,0.0,,
6421,18.01,89.8,0.77,0.00865,,,,5618.0,0.811,0.884,4.566,,,,1.0,0.0,0.0,0.0,8.4,
6422,1.87,,,,,,,,,,,,,,1.0,0.0,0.0,0.0,,
6423,11.46,,,,,,,,,,,,,,1.0,0.0,0.0,0.0,,
6424,20.67,421.9,2.21,0.019092,,,,6382.0,1.059,1.104,4.432,,,,1.0,0.0,0.0,1.0,14.2,9.276943
6425,16.07,283.2,1.27,0.015837,,,,5216.0,0.735,0.819,4.613,,,,1.0,0.0,0.0,0.0,8.3,
6427,1.55,,,,,,,,,,,,,,1.0,0.0,0.0,0.0,,
6429,12.72,674.6,2.1,0.023579,,,,5377.0,0.814,0.921,4.581,,,,0.0,1.0,0.0,0.0,13.2,
6430,32.21,166.2,2.04,0.012456,,,,5858.0,1.498,1.08,4.12,,,,1.0,0.0,0.0,0.0,18.6,8.894224
6431,4.057,1713.0,2.84,0.039015,,,,4541.0,0.666,0.657,4.608,,,,1.0,0.0,0.0,0.0,6.6,
6432,11.43,160.6,1.05,0.011657,,,,5786.0,0.827,0.724,4.463,,,,1.0,0.0,0.0,0.0,6.7,
6433,8.3881,15350.5,37.15,0.206159,,,,6033.0,1.65,1.17,4.071,,,,0.0,1.0,0.0,0.0,202.3,178.61836
6434,1.689,119.4,1.19,0.010928,,,,5780.0,1.0,1.0,4.438,,,,1.0,0.0,0.0,0.0,6.5,
6435,4.0678,80258.0,116.14,0.479927,,,,6337.0,2.216,1.2,3.826,,,,0.0,1.0,0.0,0.0,272.2,1348.2816
6436,8.025,517.9,2.6,0.02114,,,,6446.0,1.125,1.134,4.391,,,,1.0,0.0,0.0,0.0,11.9,
6437,2.8305,1832.6,3.06,0.039044,,,,5388.0,0.717,0.681,4.56,,,,0.0,0.0,0.0,0.0,49.4,67.59442
6438,2.092,463.0,1.65,0.020024,,,,4910.0,0.755,0.73,4.545,,,,1.0,0.0,0.0,0.0,5.8,
6442,3.2,,,,,,,,,,,,,,1.0,0.0,0.0,0.0,,
6444,5.351,139.3,1.39,0.010841,,,,6224.0,1.177,1.056,4.321,,,,1.0,0.0,0.0,0.0,6.9,
6447,4.742,204.1,1.4,0.013004,,,,5870.0,0.985,0.994,4.449,,,,0.0,0.0,1.0,0.0,15.3,11.905612
6449,3.759,513.3,15.36,0.020338,,,,5075.0,6.918,1.875,3.031,,,,1.0,0.0,0.0,0.0,7.7,
6451,4.13997,40789.1,44.01,0.455936,,,,6477.0,0.884,0.784,4.439,,,,0.0,1.0,0.0,0.0,488.7,685.2717
6452,2.24,301.0,32.86,0.225775,,,,6318.0,1.333,1.168,4.256,,,,0.0,0.0,1.0,0.0,7.7,21.636007
6453,1.069,68.2,124.42,0.007591,,,,3711.0,150.091,3.686,0.652,,,,0.0,1.0,0.0,0.0,6.2,18.478756
6455,3.6768,5447.0,17.47,0.112095,,,,6669.0,1.427,1.251,4.224,,,,0.0,1.0,0.0,0.0,52.1,49.07978
6457,8.552,37.8,0.52,0.00579,,,,5898.0,0.819,0.904,4.567,,,,1.0,0.0,1.0,1.0,14.7,11.622619
6458,10.57,65.2,0.46,0.008843,,,,3724.0,0.48,0.492,4.767,,,,1.0,0.0,1.0,1.0,18.6,13.249312
6459,2.166,39.7,0.65,0.005837,,,,6006.0,1.019,0.975,4.41,,,,0.0,0.0,0.0,1.0,12.5,11.650159
6460,2.447,221.4,1.02,0.013967,,,,5182.0,0.666,0.646,4.601,,,,1.0,0.0,0.0,0.0,7.0,
6462,14.807,34.3,0.81,0.005691,,,,6356.0,1.308,1.085,4.241,,,,0.0,1.0,0.0,0.0,27.8,10.6775055
6463,7.788,471.9,1.43,0.019731,,,,4926.0,0.662,0.727,4.653,,,,0.0,0.0,0.0,0.0,19.3,14.287686
6464,3.408,346.3,1.31,0.01703,,,,4650.0,0.706,0.704,4.589,,,,0.0,0.0,0.0,0.0,11.5,8.681903
6469,13.02,,,,,,,,,,,,,,1.0,0.0,0.0,0.0,,
6471,1.63,57.6,0.58,0.006825,,,,5160.0,0.784,0.738,4.518,,,,0.0,0.0,1.0,1.0,14.8,12.733556
6472,1.8325,485.7,32.54,0.019664,,,,4964.0,15.155,3.055,2.562,,,,0.0,0.0,1.0,1.0,48.6,39.893795
6473,1.75,526.2,2.17,0.021033,,,,5466.0,0.946,0.813,4.396,,,,0.0,0.0,1.0,1.0,72.1,46.5175
6474,2.1961,90.6,2.04,0.008972,,,,6316.0,2.087,1.285,3.908,,,,0.0,0.0,1.0,0.0,26.6,17.512733
6475,12.9395,9304.4,58.37,0.104163,,,,4888.0,5.132,1.734,3.257,,,,0.0,1.0,0.0,0.0,1070.3,634.3075
6476,8.36,307.0,1.04,0.015815,,,,4302.0,0.604,0.589,4.647,,,,1.0,0.0,0.0,0.0,6.0,
6479,2.09,,,,,,,,,,,,,,1.0,0.0,0.0,0.0,,
6480,2.97,,,,,,,,,,,,,,1.0,0.0,0.0,0.0,,
6481,4.65559,78104.0,34.8,0.323557,,,,5938.0,0.985,0.947,4.427,,,,0.0,1.0,0.0,0.0,2384.6,2191.9983
6482,2.36,248.2,2.61,0.014617,,,,6897.0,1.635,1.291,4.121,,,,1.0,0.0,0.0,0.0,5.2,
6483,15.474,326.6,1.77,0.016761,,,,6214.0,0.965,0.972,4.457,,,,1.0,0.0,0.0,0.0,11.0,
6484,2.656,435.2,1.68,0.020167,,,,5510.0,0.762,0.833,4.594,,,,1.0,0.0,0.0,0.0,6.0,
6485,5.918,809.0,2.29,0.027418,,,,5396.0,0.766,0.859,4.599,,,,1.0,0.0,0.0,0.0,7.7,
6486,2.306,156.6,1.22,0.011462,,,,6046.0,0.972,1.053,4.486,,,,1.0,0.0,0.0,0.0,5.7,
6487,2.892,49.7,1.39,0.006719,,,,6475.0,1.9,1.097,3.921,,,,0.0,0.0,1.0,1.0,17.9,12.332084
6488,1.708,355.7,1.75,0.017431,,,,6351.0,0.921,1.008,4.513,,,,1.0,0.0,0.0,0.0,4.7,
6490,2.701,283.3,2.8,0.015514,,,,5880.0,1.65,1.077,4.035,,,,1.0,0.0,0.0,0.0,6.2,
6491,4.163,355.8,2.08,0.021852,,,,5094.0,0.87,0.813,4.469,,,,0.0,0.0,0.0,0.0,11.8,9.773106
6492,5.968,3097.3,44.76,0.273064,,,,6911.0,1.501,0.897,4.038,,,,1.0,0.0,0.0,0.0,39.1,22.960577
6493,3.9071,60715.0,77.15,0.470693,,,,6911.0,1.501,0.897,4.038,,,,0.0,1.0,0.0,0.0,262.6,445.83286
6494,23.88,62160.0,63.06,0.469902,,,,5948.0,1.229,1.025,4.269,,,,1.0,0.0,0.0,0.0,468.4,19.950048
6495,0.8463,29.3,1.3,0.004983,,,,6215.0,2.396,1.327,3.802,,,,0.0,0.0,1.0,0.0,3.2,7.928145
6496,34.146,5211.2,71.79,0.112845,,,,5022.0,5.826,1.421,3.06,,,,1.0,0.0,0.0,0.0,161.3,58.328133
6497,7.96,548.2,20.81,0.198709,,,,5877.0,0.959,0.936,4.445,,,,0.0,1.0,1.0,0.0,27.7,28.107641
6498,14.04,3658.0,27.1,0.356517,,,,4596.0,0.696,0.688,4.59,,,,1.0,0.0,0.0,1.0,11.2,11.839645
6499,3.45121,367102.0,52.26,0.642432,,,,5407.0,0.745,0.694,4.535,,,,0.0,1.0,0.0,0.0,1948.2,8814.739
6500,1.99,8.1,1.08,0.002812,,,,8277.0,3.518,2.225,3.693,,,,0.0,0.0,1.0,0.0,13.9,16.608084
6501,5.077,372.7,1.8,0.017612,,,,5755.0,0.936,0.961,4.478,,,,0.0,0.0,0.0,0.0,11.6,
6502,3.4075,6824.0,48.59,0.442295,,,,5455.0,1.006,0.887,4.381,,,,0.0,1.0,0.0,0.0,51.0,49.642525
6503,12.945,80.8,1.56,0.008482,,,,7351.0,1.679,1.517,4.17,,,,1.0,0.0,0.0,1.0,16.4,
6504,2.246,73.5,0.86,0.008076,,,,5967.0,0.976,0.936,4.43,,,,0.0,0.0,1.0,0.0,9.7,7.7701044
6506,3.2,,,,,,,,,,,,,,1.0,0.0,0.0,0.0,,
6507,5.343,378.1,2.2,0.017856,,,,6171.0,1.127,1.004,4.337,,,,1.0,0.0,0.0,0.0,11.5,
6509,1.77,,,,,,,,,,,,,,1.0,0.0,0.0,0.0,,
6510,7.42,335.6,1.86,0.017054,,,,5931.0,0.997,0.904,4.396,,,,1.0,0.0,0.0,0.0,7.9,8.539273
6511,4.43333,28325.4,1447.13,8.828863,,,,6657.0,1.501,1.255,4.181,,,,0.0,1.0,0.0,0.0,671.1,4066.1853
6512,3.603,393.7,6.99,0.020525,,,,5058.0,3.117,1.114,3.497,,,,1.0,0.0,0.0,0.0,7.6,
6513,16.91,102.9,1.31,0.009206,,,,5831.0,1.305,1.071,4.236,,,,1.0,0.0,0.0,0.0,12.2,
6515,6.76,829.0,1.4,0.026094,,,,3803.0,0.492,0.502,4.755,,,,1.0,0.0,0.0,0.0,6.4,
6520,5.96,,,,,,,,,,,,,,1.0,0.0,0.0,0.0,,
6521,11.137,106.8,0.83,0.010391,,,,5430.0,0.735,0.823,4.613,,,,0.0,0.0,1.0,1.0,20.1,15.496712
6522,5.892,367.8,1.98,0.017222,,,,5370.0,1.055,0.881,4.337,,,,0.0,0.0,0.0,0.0,13.7,10.485104
6523,3.6641,2004.1,29.6,0.323868,,,,6335.0,0.837,0.728,4.455,,,,0.0,1.0,1.0,0.0,71.6,342.46252
6524,2.131,500.0,1.96,0.020363,,,,5750.0,0.882,0.98,4.538,,,,0.0,0.0,1.0,0.0,17.3,15.838327
6525,5.25334,456778.0,55.23,0.676104,,,,5436.0,0.748,0.79,4.587,,,,0.0,1.0,0.0,0.0,1363.9,4289.296
6526,5.46939,376651.0,65.42,0.636665,,,,6022.0,0.941,0.997,4.49,,,,1.0,0.0,0.0,0.0,2402.0,9157.428
6527,1.498,51.0,0.82,0.006758,,,,5818.0,1.116,0.891,4.292,,,,0.0,0.0,1.0,0.0,9.4,10.789661
6528,3.297,287.7,1.18,0.014954,,,,4733.0,0.723,0.706,4.569,,,,0.0,0.0,1.0,0.0,11.2,9.322831
6530,9.029,114900.0,73.06,0.506463,,,,7276.0,1.321,1.342,4.318,,,,0.0,1.0,0.0,0.0,155.5,120.4085
6531,5.069,196.3,3.09,0.013419,,,,6677.0,2.108,1.351,3.92,,,,1.0,0.0,0.0,0.0,14.2,
6532,8.3582,127965.0,58.09,0.378369,,,,5619.0,1.406,0.848,4.07,,,,0.0,1.0,0.0,0.0,304.2,2402.216
6533,17.722,418.7,2.64,0.021668,,,,6067.0,1.116,0.922,4.307,,,,1.0,0.0,1.0,0.0,19.5,
6535,12.17,354.5,1.04,0.018105,,,,4835.0,0.526,0.578,4.758,,,,0.0,1.0,1.0,1.0,13.1,10.015496
6536,12.8,74.3,1.08,0.007976,,,,6098.0,1.245,1.09,4.286,,,,1.0,0.0,1.0,0.0,6.8,
6537,17.72,193.2,1.44,0.012757,,,,6085.0,1.033,1.006,4.412,,,,1.0,0.0,0.0,0.0,12.3,
6538,48.182,512.0,34.61,0.020425,,,,5229.0,15.517,2.688,2.486,,,,1.0,0.0,0.0,0.0,33.5,10.411855
6539,8.618,1210.0,2.92,0.031292,,,,5398.0,0.854,0.857,4.508,,,,1.0,0.0,0.0,0.0,11.4,
6541,1.951,1043.0,2.52,0.02995,,,,5317.0,0.769,0.859,4.595,,,,1.0,0.0,0.0,0.0,6.6,
6546,2.395,229.4,1.28,0.013761,,,,5654.0,0.849,0.904,4.536,,,,0.0,0.0,1.0,1.0,10.5,8.096771
6547,5.79293,185129.0,96.19,0.544103,,,,6791.0,1.619,1.32,4.137,,,,0.0,1.0,0.0,0.0,8755.2,47222.754
6550,3.874,535.2,2.09,0.021177,,,,5966.0,0.904,0.987,4.519,,,,1.0,0.0,0.0,0.0,14.9,
6551,3.399,241.0,2.93,0.014333,,,,6446.0,1.874,1.103,3.935,,,,1.0,0.0,0.0,0.0,9.9,
6552,1.923,195.7,1.37,0.013207,,,,6089.0,0.95,1.031,4.495,,,,1.0,0.0,0.0,0.0,5.2,
6553,2.38,,,,,,,,,,,,,,1.0,0.0,0.0,0.0,,
6554,1.813,154.2,1.09,0.011607,,,,6225.0,0.861,0.931,4.537,,,,1.0,0.0,0.0,0.0,6.1,
6555,3.64,,,,,,,,,,,,,,1.0,0.0,0.0,0.0,,
6556,2.6311,3364.7,50.53,0.34742,,,,6363.0,1.332,1.072,4.22,,,,0.0,1.0,0.0,0.0,108.6,106.86032
6557,2.35,,,,,,,,,,,,,,1.0,0.0,0.0,0.0,,
6558,2.63,,,,,,,,,,,,,,1.0,0.0,0.0,0.0,,
6560,10.0389,250913.0,72.26,0.64621,,,,6130.0,1.024,1.005,4.42,,,,0.0,1.0,0.0,0.0,3295.6,3250.9448
6562,4.65625,24418.4,29.56,0.280184,,,,6081.0,0.966,1.022,4.478,,,,0.0,1.0,0.0,0.0,2148.6,2822.729
6563,4.35,245.0,2.2,0.014498,,,,6609.0,1.391,1.076,4.183,,,,1.0,0.0,0.0,0.0,10.7,
6564,4.245,1360.0,2.54,0.032776,,,,4386.0,0.709,0.708,4.586,,,,1.0,0.0,0.0,0.0,6.7,
6567,3.17,165.1,1.42,0.01228,,,,6077.0,1.058,1.042,4.408,,,,1.0,0.0,0.0,0.0,6.3,
6569,3.89,181.4,4.68,0.012704,,,,7872.0,3.373,2.068,3.698,,,,1.0,0.0,0.0,0.0,5.3,
6572,2.904,878.0,39.78,0.026632,,,,5033.0,13.679,3.01,2.645,,,,1.0,0.0,0.0,0.0,7.7,
6573,7.937,363.0,4.7,0.017657,,,,6195.0,2.439,1.23,3.753,,,,1.0,0.0,0.0,0.0,13.2,
6575,12.91,1659.0,9.57,0.037395,,,,6065.0,2.344,1.162,3.763,,,,1.0,0.0,0.0,0.0,10.6,
6576,25.93,611.2,25.74,0.250457,,,,5893.0,0.941,1.033,4.505,,,,0.0,1.0,1.0,1.0,57.0,18.189226
6577,2.21,,,,,,,,,,,,,,1.0,0.0,0.0,0.0,,
6579,2.37,,,,,,,,,,,,,,1.0,0.0,0.0,0.0,,
6580,3.471,187.3,1.5,0.012604,,,,6174.0,1.089,1.02,4.374,,,,0.0,0.0,1.0,0.0,9.2,7.145041
6582,5.68713,87057.3,56.45,0.495187,,,,6273.0,1.044,1.099,4.442,,,,0.0,1.0,0.0,0.0,2858.1,3279.635
6586,4.2546,9471.7,56.41,0.391033,,,,5696.0,1.321,0.901,4.151,,,,0.0,1.0,0.0,0.0,124.1,102.64325
6589,4.8732,156143.0,48.18,0.523956,,,,5763.0,0.842,0.937,4.557,,,,0.0,1.0,0.0,0.0,584.6,911.7493
6591,4.8361,1282.0,26.56,0.303615,,,,5762.0,0.801,0.892,4.576,,,,0.0,1.0,1.0,1.0,142.7,53.247917
6592,3.85,26456.0,1169.79,19.948524,,,,3960.0,0.537,0.553,4.721,,,,1.0,0.0,0.0,0.0,59.9,
6594,2.67,,,,,,,,,,,,,,1.0,0.0,0.0,0.0,,
6595,6.67,853.0,2.18,0.027518,,,,5255.0,0.727,0.8,4.616,,,,1.0,0.0,0.0,0.0,5.6,
6597,9.346,585.1,2.03,0.021969,,,,5649.0,0.845,0.93,4.553,,,,1.0,0.0,0.0,0.0,10.2,
6599,3.211,264.8,18.7,0.197293,,,,5853.0,0.868,0.961,4.544,,,,0.0,1.0,1.0,1.0,70.9,22.867847
6600,1.881,706.7,1.45,0.02333,,,,3705.0,0.569,0.57,4.683,,,,0.0,0.0,1.0,1.0,12.4,10.684114
6602,7.229,603.3,3.39,0.03408,,,,5778.0,0.911,1.028,4.531,,,,0.0,1.0,1.0,0.0,19.0,11.215458
6605,4.89,153.2,12.88,0.114871,,,,6140.0,1.027,1.094,4.455,,,,1.0,0.0,1.0,1.0,26.2,17.314856
6606,2.05,,,,,,,,,,,,,,1.0,0.0,1.0,0.0,,
6607,2.227,251.9,1.32,0.014599,,,,5960.0,0.828,0.91,4.561,,,,1.0,0.0,0.0,0.0,6.4,
6608,6.451,361.7,1.58,0.017505,,,,6068.0,0.829,0.926,4.568,,,,0.0,0.0,0.0,0.0,7.6,
6611,2.799,282.9,2.37,0.01597,,,,6205.0,1.358,1.05,4.194,,,,1.0,0.0,0.0,0.0,5.6,
6612,7.257,8476.0,8.71,0.110112,,,,4889.0,0.724,0.718,4.574,,,,0.0,0.0,1.0,0.0,36.8,43.374767
6613,8.19,232.1,1.22,0.015008,,,,5227.0,0.744,0.701,4.541,,,,1.0,0.0,0.0,0.0,9.7,
6616,4.202,92.6,4.44,0.008594,,,,5132.0,4.732,1.71,3.321,,,,1.0,0.0,0.0,0.0,6.5,
6617,4.809,11004.0,6.28,0.098439,,,,3869.0,0.584,0.587,4.674,,,,0.0,0.0,0.0,0.0,38.6,39.134
6618,5.15147,205671.0,60.79,0.550113,,,,6063.0,1.012,1.117,4.476,,,,0.0,1.0,0.0,0.0,3452.5,4942.5054
6620,1.373,327.1,1.39,0.016592,,,,5284.0,0.769,0.855,4.594,,,,1.0,0.0,0.0,0.0,4.8,
6621,4.04,666.0,16.67,0.023423,,,,5214.0,6.519,1.996,3.109,,,,1.0,0.0,0.0,0.0,8.3,
6622,17.655,270.3,1.74,0.015153,,,,5892.0,1.054,0.985,4.386,,,,1.0,0.0,0.0,1.0,17.5,
6624,2.061,937.0,91.09,0.045667,,,,4989.0,18.266,3.366,2.442,,,,0.0,1.0,0.0,0.0,18.3,23.761446
6625,10.4143,680398.0,176.4,0.947432,,,,7072.0,1.705,1.428,4.129,,,,0.0,1.0,0.0,0.0,682.9,3916.634
6629,3.321,1137.0,2.91,0.030325,,,,5385.0,0.878,0.81,4.46,,,,1.0,0.0,0.0,0.0,7.5,
6630,2.48,,,,,,,,,,,,,,1.0,0.0,0.0,0.0,,
6632,8.77,,,,,,,,,,,,,,1.0,0.0,0.0,0.0,,
6634,2.666,3446.0,65.27,0.356193,,,,5515.0,1.678,0.813,3.899,,,,0.0,1.0,0.0,0.0,31.8,37.694702
6635,1.65,,,,,,,,,,,,,,1.0,0.0,0.0,0.0,,
6636,2.819,478.7,1.96,0.020542,,,,5695.0,0.872,0.971,4.545,,,,1.0,0.0,0.0,0.0,6.1,
6637,1.901,205.3,2.47,0.013431,,,,7037.0,1.683,1.417,4.136,,,,1.0,0.0,0.0,0.0,5.8,
6638,3.435,326.1,5.24,0.016457,,,,5242.0,2.917,1.253,3.606,,,,1.0,0.0,0.0,0.0,11.8,
6641,5.43155,315914.0,136.3,0.607064,,,,6456.0,2.056,1.244,3.906,,,,0.0,1.0,0.0,0.0,6944.9,23949.96
6646,86.05,1528.9,62.03,0.272181,,,,5485.0,2.087,1.049,3.82,,,,0.0,1.0,0.0,0.0,38.3,12.640693
6647,2.12,,,,,,,,,,,,,,1.0,0.0,0.0,0.0,,
6649,4.05,,,,,,,,,,,,,,1.0,0.0,0.0,0.0,,
6652,1.54684,4398.5,40.94,0.352317,,,,5934.0,1.064,0.885,4.331,,,,0.0,1.0,1.0,0.0,327.4,213.51083
6653,3.78,,,,,,,,,,,,,,1.0,0.0,0.0,0.0,,
6654,2.64,,,,,,,,,,,,,,1.0,0.0,0.0,0.0,,
6655,8.76,117.9,1.84,0.009775,,,,5229.0,1.725,1.048,3.985,,,,1.0,0.0,0.0,0.0,5.7,
6656,52.986,1126.2,5.56,0.050441,,,,5768.0,1.009,0.881,4.375,,,,0.0,0.0,0.0,1.0,62.2,
6660,1.293,386.2,1.82,0.017817,,,,5197.0,0.938,0.847,4.422,,,,1.0,0.0,0.0,0.0,5.7,
6662,1.535,366.4,2.88,0.017514,,,,5938.0,1.504,1.086,4.12,,,,1.0,0.0,0.0,0.0,5.8,
6663,6.56,443.8,2.18,0.019378,,,,6225.0,1.031,1.091,4.45,,,,1.0,0.0,0.0,0.0,7.3,
6664,2.8,206.6,10.58,0.015087,,,,5101.0,6.422,2.123,3.15,,,,1.0,0.0,0.0,0.0,8.8,
6665,14.93,168.0,1.24,0.011916,,,,6120.0,0.955,1.024,4.489,,,,1.0,0.0,0.0,0.0,11.0,
6669,2.54719,384482.0,42.41,0.642973,,,,4612.0,0.604,0.591,4.648,,,,0.0,1.0,0.0,0.0,1583.7,12698.2295
6672,12.8653,6012.3,39.76,0.396232,,,,6099.0,0.919,1.0,4.511,,,,1.0,0.0,0.0,0.0,347.6,23.830833
6676,2.09,,,,,,,,,,,,,,1.0,0.0,0.0,0.0,,
6677,3.95,,,,,,,,,,,,,,1.0,0.0,0.0,0.0,,
6679,1.55,,,,,,,,,,,,,,1.0,0.0,0.0,0.0,,
6681,3.57,,,,,,,,,,,,,,1.0,0.0,0.0,0.0,,
6685,3.94247,23193.1,54.15,0.430819,,,,6327.0,1.151,0.914,4.277,,,,0.0,1.0,0.0,0.0,2360.6,2201.6882
6687,4.303,819.5,21.53,0.025653,,,,5079.0,7.684,2.042,2.977,,,,1.0,0.0,0.0,0.0,9.0,
6688,7.299,199.9,1.18,0.012636,,,,5228.0,0.854,0.787,4.471,,,,1.0,0.0,0.0,0.0,8.4,
6689,0.636,824.0,3.69,0.038256,,,,5574.0,0.884,0.782,4.438,,,,1.0,0.0,0.0,0.0,5.8,
6690,2.49,,,,,,,,,,,,,,1.0,0.0,0.0,0.0,,
6691,11.46,79.2,0.73,0.009376,,,,5260.0,0.717,0.68,4.56,,,,1.0,0.0,0.0,0.0,8.6,
6693,3.9097,3000.4,444.46,0.322441,,,,4630.0,12.623,1.588,2.437,,,,0.0,1.0,0.0,0.0,195.7,255.21222
6694,5.32,136.5,1.85,0.010847,,,,6031.0,1.566,1.132,4.103,,,,1.0,0.0,0.0,0.0,10.7,
6696,10.796,57.6,1.17,0.006935,,,,5966.0,1.551,1.028,4.069,,,,1.0,0.0,0.0,1.0,24.3,14.159852
6697,14.13,223.8,1.3,0.014181,,,,5709.0,0.837,0.92,4.557,,,,1.0,0.0,0.0,0.0,7.9,
6701,3.184,154.6,2.23,0.012166,,,,6084.0,1.677,1.046,4.009,,,,0.0,0.0,1.0,0.0,15.4,9.533497
6703,6.718,13883.0,11761.1,69.261719,,,,11068.0,1.555,2.102,4.377,,,,1.0,0.0,0.0,0.0,10.7,
6707,2.655,152.2,61.97,0.18108,,,,8237.0,3.134,2.032,3.753,,,,0.0,0.0,1.0,0.0,23.1,26.014217
6711,3.461,67.7,0.69,0.007475,,,,5587.0,0.851,0.952,4.556,,,,0.0,0.0,1.0,1.0,16.5,13.32675
6713,10.701,159.0,1.25,0.011621,,,,6250.0,0.986,1.052,4.472,,,,1.0,0.0,0.0,0.0,17.7,9.3792715
6714,9.557,315.4,1.47,0.016555,,,,5492.0,0.812,0.911,4.576,,,,1.0,0.0,0.0,0.0,10.9,
6715,3.567,689.0,2.4,0.024049,,,,5911.0,0.914,1.006,4.519,,,,1.0,0.0,0.0,0.0,5.8,
6716,6.08,957.0,2.87,0.029624,,,,6409.0,0.887,0.956,4.523,,,,1.0,0.0,1.0,1.0,12.2,
6717,10.67,156.7,1.08,0.012087,,,,5665.0,0.82,0.916,4.568,,,,1.0,0.0,0.0,0.0,13.0,10.540383
6719,6.1014,29825.0,64.56,0.434087,,,,5544.0,1.362,0.946,4.146,,,,0.0,1.0,0.0,0.0,395.7,381.0583
6720,8.711,147.5,6.71,0.012505,,,,5889.0,4.912,2.006,3.358,,,,0.0,0.0,0.0,0.0,10.6,9.631921
6721,1.5931,545.5,15.15,0.020643,,,,4678.0,6.72,0.94,2.756,,,,0.0,1.0,1.0,0.0,50.2,38.033276
6723,4.02,190.8,1.49,0.013614,,,,5780.0,1.0,1.0,4.438,,,,1.0,0.0,0.0,1.0,13.1,15.35067
6725,5.26,437.0,6.16,0.018834,,,,5158.0,2.995,1.137,3.541,,,,1.0,0.0,0.0,0.0,7.9,
6727,2.024,631.0,2.42,0.023207,,,,6029.0,0.956,1.04,4.494,,,,1.0,0.0,0.0,0.0,7.5,
6729,5.62958,144955.0,70.42,0.524317,,,,6201.0,1.23,0.9,4.213,,,,0.0,1.0,0.0,0.0,959.6,1696.3828
6730,4.649,886.0,2.19,0.026338,,,,4885.0,0.763,0.738,4.541,,,,0.0,0.0,1.0,0.0,7.4,8.758779
6731,6.59,,,,,,,,,,,,,,1.0,0.0,0.0,0.0,,
6733,5.34,157.9,1.7,0.011599,,,,6407.0,1.344,1.065,4.209,,,,1.0,0.0,0.0,0.0,11.5,
6734,12.7364,687454.0,283.93,1.068667,,,,8105.0,2.433,1.868,3.937,,,,0.0,1.0,0.0,0.0,3867.7,4391.914
6736,1.73,,,,,,,,,,,,,,1.0,0.0,0.0,0.0,,
6737,4.76313,63021.6,69.68,0.561715,,,,6486.0,1.136,1.021,4.337,,,,0.0,1.0,0.0,0.0,5902.4,7212.2847
6741,3.943,72.7,0.82,0.007828,,,,5791.0,0.958,1.071,4.505,,,,0.0,1.0,1.0,1.0,21.0,14.726216
6743,3.74,,,,,,,,,,,,,,1.0,0.0,0.0,0.0,,
6744,14.241,160.3,0.79,0.011875,,,,4347.0,0.609,0.597,4.645,,,,1.0,0.0,1.0,1.0,26.2,17.458336
6745,1.98818,9782.2,41.02,0.384859,,,,5313.0,0.976,0.854,4.39,,,,0.0,1.0,0.0,0.0,451.7,1225.5574
6746,2.57,,,,,,,,,,,,,,1.0,0.0,0.0,0.0,,
6748,12.17,522.5,2.51,0.021571,,,,6043.0,1.065,0.968,4.369,,,,1.0,0.0,0.0,0.0,10.3,
6749,35.472,552.8,2.54,0.027887,,,,5508.0,0.835,0.9,4.549,,,,1.0,0.0,0.0,0.0,18.3,
6750,8.481,1267.0,2.62,0.031704,,,,5037.0,0.756,0.724,4.54,,,,0.0,0.0,0.0,0.0,35.3,21.980738
6751,2.762,45.4,0.81,0.006558,,,,6201.0,1.126,0.998,4.336,,,,0.0,0.0,0.0,1.0,15.0,11.423046
6752,3.6,,,,,,,,,,,,,,1.0,0.0,0.0,0.0,,
6757,10.556,914.6,4.27,0.028862,,,,5636.0,1.354,1.103,4.218,,,,0.0,0.0,0.0,0.0,21.9,14.203887
6758,3.148,2019.5,75.83,0.42575,,,,6176.0,1.631,1.255,4.112,,,,0.0,0.0,1.0,0.0,28.2,38.42689
6759,1.79,,,,,,,,,,,,,,1.0,0.0,0.0,0.0,,
6761,3.271,513.4,2.47,0.022658,,,,5780.0,1.0,1.0,4.438,,,,0.0,0.0,1.0,0.0,12.4,
6763,3.379,465.4,2.2,0.01989,,,,6063.0,1.012,1.117,4.476,,,,1.0,0.0,0.0,0.0,6.1,
6764,17.856,996.6,3.2,0.028707,,,,5977.0,1.022,1.133,4.473,,,,0.0,0.0,0.0,0.0,19.6,12.365484
6766,3.42771,18156.7,22.7,0.148511,,,,5615.0,1.4,0.976,4.136,,,,0.0,1.0,0.0,0.0,723.3,2128.392
6767,3.19,,,,,,,,,,,,,,1.0,0.0,0.0,0.0,,
6770,4.29,270.0,1.29,0.015692,,,,5325.0,0.75,0.84,4.607,,,,0.0,1.0,1.0,1.0,61.4,14.199102
6771,7.6,,,,,,,,,,,,,,1.0,0.0,0.0,0.0,,
6774,5.735,60.3,0.79,0.007145,,,,6024.0,1.009,0.756,4.309,,,,0.0,0.0,0.0,0.0,18.6,14.628814
6776,3.195,128.9,0.94,0.010068,,,,4971.0,0.857,0.813,4.482,,,,0.0,0.0,1.0,0.0,7.0,
6780,7.089,1741.0,8.8,0.049761,,,,5116.0,1.619,0.944,3.994,,,,0.0,1.0,0.0,1.0,98.6,62.36157
6782,19.929,317.9,2.06,0.016373,,,,6231.0,1.152,1.054,4.34,,,,0.0,0.0,0.0,1.0,18.1,
6784,17.8024,499921.0,149.1,0.661541,,,,5323.0,2.064,0.804,3.714,,,,0.0,1.0,0.0,0.0,2345.1,4489.0986
6786,138.54,347.5,2.03,0.021829,,,,5906.0,0.85,0.773,4.467,,,,1.0,0.0,0.0,0.0,139.4,21.385672
6787,3.986,46676.8,42.1,0.359608,,,,6352.0,1.072,1.118,4.427,,,,0.0,1.0,0.0,0.0,890.3,5283.6787
6789,3.182,481.0,2.0,0.020044,,,,5926.0,0.913,1.004,4.519,,,,1.0,0.0,0.0,0.0,5.4,
6790,12.751,242.0,3.2,0.014438,,,,5962.0,2.028,1.143,3.882,,,,1.0,0.0,0.0,0.0,16.2,
6791,6.62,,,,,,,,,,,,,,1.0,0.0,0.0,0.0,,
6792,14.66,,,,,,,,,,,,,,1.0,0.0,0.0,0.0,,
6793,3.7368,83303.0,85.77,0.785402,,,,5780.0,1.0,1.0,4.438,,,,0.0,1.0,1.0,0.0,112.6,189.05971
6795,21.79,367.9,41.44,0.292789,,,,5780.0,1.296,0.924,4.178,,,,0.0,1.0,0.0,0.0,24.2,8.635228
6796,9.6022,58776.2,59.61,0.238071,,,,6025.0,2.293,1.209,3.8,,,,0.0,1.0,0.0,0.0,1159.5,2972.954
6798,2.73,,,,,,,,,,,,,,1.0,0.0,0.0,0.0,,
6801,4.763,1088.0,2.39,0.029576,,,,5183.0,0.739,0.818,4.608,,,,1.0,0.0,1.0,0.0,7.6,
6803,15.541,239.3,4.24,0.014303,,,,6126.0,2.717,1.449,3.731,,,,1.0,0.0,0.0,0.0,12.7,7.565493
6804,15.47,2046.1,8.24,0.049845,,,,6712.0,1.513,1.206,4.159,,,,1.0,0.0,0.0,0.0,662.9,22.628069
6806,4.94,,,,,,,,,,,,,,1.0,0.0,0.0,0.0,,
6807,2.2272,1660.6,44.46,0.300462,,,,5657.0,1.355,1.028,4.186,,,,0.0,1.0,1.0,0.0,66.9,64.58276
6808,18.18,148.2,2.85,0.011083,,,,5636.0,2.357,1.305,3.809,,,,1.0,0.0,0.0,0.0,10.2,
6809,10.65,143.6,1.12,0.011335,,,,5806.0,0.901,0.881,4.473,,,,1.0,0.0,0.0,0.0,5.7,
6810,2.462,181.7,1.75,0.016601,,,,5858.0,0.963,1.056,4.495,,,,0.0,0.0,0.0,0.0,11.6,9.745558
6813,3.932,81.5,0.83,0.008815,,,,5764.0,0.863,0.959,4.548,,,,0.0,1.0,0.0,1.0,22.0,14.565984
6817,2.952,458.6,2.35,0.019695,,,,5911.0,1.091,0.944,4.337,,,,1.0,0.0,0.0,0.0,5.5,
6818,2.383,278.7,6.76,0.014868,,,,4842.0,4.164,0.93,3.167,,,,1.0,0.0,0.0,0.0,7.6,
6819,10.82,255.0,1.04,0.015101,,,,4285.0,0.632,0.622,4.63,,,,1.0,0.0,0.0,0.0,8.8,
6820,2.665,352.6,3.55,0.017225,,,,5220.0,1.887,0.835,3.808,,,,1.0,0.0,0.0,0.0,10.2,
6822,5.161,1335.3,3.65,0.043932,,,,4611.0,0.76,0.748,4.551,,,,0.0,0.0,1.0,1.0,17.5,10.215344
6825,2.581,1227.0,2.69,0.031515,,,,5271.0,0.781,0.786,4.548,,,,1.0,0.0,0.0,0.0,7.0,
6826,4.103,544.2,2.76,0.022184,,,,6343.0,1.14,1.213,4.408,,,,0.0,0.0,1.0,0.0,9.7,8.587905
6827,3.13331,24372.3,27.79,0.269252,,,,6131.0,0.945,1.023,4.497,,,,0.0,1.0,0.0,0.0,449.0,639.65686
6828,0.767,4084.0,30.17,0.37036,,,,5134.0,0.746,0.836,4.609,,,,1.0,0.0,0.0,0.0,9.0,
6829,6.134,133.7,1.23,0.010596,,,,6193.0,1.067,1.127,4.434,,,,0.0,0.0,1.0,1.0,12.0,9.068564
6831,2.548,177.7,6.94,0.012635,,,,5099.0,5.032,1.836,3.299,,,,1.0,0.0,0.0,0.0,6.8,
6832,2.253,51.8,20.93,0.006205,,,,4024.0,30.882,1.636,1.672,,,,0.0,0.0,1.0,0.0,18.4,15.523944
6833,1.607,228.1,1.03,0.013192,,,,4415.0,0.715,0.708,4.58,,,,1.0,0.0,0.0,0.0,6.5,
6834,1.862,450.0,2.44,0.021788,,,,5604.0,1.025,0.909,4.375,,,,1.0,0.0,0.0,0.0,6.3,
6835,2.73,,,,,,,,,,,,,,1.0,0.0,0.0,0.0,,
6836,2.89,,,,,,,,,,,,,,1.0,0.0,0.0,0.0,,
6837,3.95004,101231.0,35.21,0.397063,,,,5840.0,0.812,0.898,4.57,,,,0.0,1.0,0.0,0.0,3096.9,3918.9077
6838,3.16989,90027.8,52.34,0.576032,,,,5487.0,0.832,0.924,4.563,,,,0.0,1.0,0.0,0.0,1406.9,2200.5942
6842,12.455,348.6,2.41,0.017191,,,,6072.0,1.286,0.818,4.133,,,,0.0,0.0,0.0,0.0,34.2,20.549334
6844,40.92,1874.4,4.89,0.050487,,,,5926.0,0.887,0.978,4.532,,,,1.0,0.0,0.0,0.0,37.0,
6845,11.2066,134634.0,38.47,0.385439,,,,5911.0,0.914,1.006,4.519,,,,0.0,1.0,0.0,0.0,1002.8,1005.8648
6847,1.37,,,,,,,,,,,,,,1.0,0.0,0.0,0.0,,
6849,2.172,281.4,1.3,0.01505,,,,5275.0,0.792,0.852,4.571,,,,1.0,0.0,0.0,0.0,5.7,
6855,2.115,1239.0,2.84,0.031582,,,,5122.0,0.824,0.793,4.505,,,,1.0,0.0,0.0,0.0,6.9,
6857,3.06,28831.0,19.47,0.178327,,,,5780.0,1.0,1.0,4.438,,,,0.0,1.0,1.0,1.0,26.6,26.004807
6858,4.282,126.5,0.97,0.010039,,,,5122.0,0.881,0.835,4.469,,,,0.0,1.0,1.0,1.0,15.4,12.558189
6859,4.014,79.1,0.97,0.009163,,,,6091.0,0.967,1.045,4.487,,,,0.0,1.0,1.0,1.0,15.9,13.102346
6860,1.835,1102.0,52.42,0.029789,,,,4770.0,16.114,1.973,2.319,,,,1.0,0.0,1.0,0.0,7.6,12.085586
6863,1.5646,6945.8,25.84,0.144276,,,,7117.0,1.64,1.398,4.153,,,,0.0,0.0,1.0,0.0,226.6,282.0146
6864,1.606,98.2,1.12,0.00917,,,,6343.0,1.115,1.069,4.375,,,,1.0,0.0,0.0,0.0,5.4,
6865,3.835,61.1,1.25,0.00769,,,,6413.0,1.494,1.299,4.203,,,,1.0,0.0,1.0,1.0,21.5,13.067887
6866,3.75,,,,,,,,,,,,,,1.0,0.0,0.0,0.0,,
6867,2.264,348.0,1.94,0.017155,,,,6210.0,1.033,1.093,4.45,,,,1.0,0.0,0.0,0.0,6.0,
6872,2.51246,124930.0,50.85,0.498569,,,,5853.0,0.934,0.967,4.483,,,,0.0,1.0,0.0,0.0,575.0,4845.5713
6874,8.15905,102994.0,66.65,0.354437,,,,5228.0,1.722,0.872,3.906,,,,0.0,1.0,0.0,0.0,3497.6,4035.3816
6875,1.93,303.6,5.18,0.016197,,,,6060.0,2.93,1.401,3.65,,,,1.0,0.0,0.0,0.0,5.4,
6878,1.9948,79201.0,63.1,0.305724,,,,5421.0,1.89,0.803,3.79,,,,0.0,1.0,0.0,0.0,444.4,516.60175
6879,3.465,123.6,0.66,0.009892,,,,4137.0,0.61,0.601,4.646,,,,0.0,0.0,1.0,1.0,16.6,12.985169
6883,2.245,154.7,1.43,0.011521,,,,6302.0,1.135,1.034,4.345,,,,1.0,0.0,0.0,0.0,5.4,
6886,2.17596,15527.2,96.28,0.415316,,,,8982.0,2.123,2.122,4.111,,,,0.0,1.0,0.0,0.0,388.6,480.00497
6887,2.69,,,,,,,,,,,,,,1.0,0.0,0.0,0.0,,
6888,3.44,53.0,2.2,0.007112,,,,6409.0,2.83,1.485,3.706,,,,0.0,0.0,0.0,1.0,14.1,11.282547
6891,4.16321,318404.0,50.7,0.604589,,,,5310.0,0.768,0.849,4.593,,,,0.0,1.0,0.0,0.0,4791.0,8744.302
6892,9.327,1035.7,23.42,0.02892,,,,5068.0,7.417,1.347,2.827,,,,1.0,0.0,0.0,0.0,17.9,7.5904665
6895,3.428,134.5,1.9,0.011224,,,,6821.0,1.548,1.321,4.176,,,,1.0,0.0,0.0,0.0,15.4,10.2657
6896,2.82,,,,,,,,,,,,,,1.0,0.0,0.0,0.0,,
6897,1.67,,,,,,,,,,,,,,1.0,0.0,0.0,0.0,,
6898,2.12,,,,,,,,,,,,,,1.0,0.0,0.0,0.0,,
6900,4.269,276.8,1.26,0.015096,,,,5503.0,0.764,0.768,4.557,,,,1.0,0.0,0.0,0.0,7.2,
6903,2.8637,12946.0,19.25,0.220656,,,,5387.0,0.799,0.892,4.581,,,,0.0,0.0,1.0,0.0,54.5,53.81772
6904,9.541,347.9,2.03,0.017231,,,,6295.0,1.08,1.065,4.401,,,,1.0,0.0,0.0,0.0,12.1,
6905,2.253,649.0,2.18,0.023676,,,,5593.0,0.842,0.92,4.552,,,,1.0,0.0,0.0,0.0,6.3,
6906,10.76,372.3,1.79,0.017731,,,,6072.0,0.923,1.005,4.51,,,,1.0,0.0,0.0,0.0,9.1,
6907,14.903,581.9,1.86,0.021727,,,,5255.0,0.783,0.754,4.527,,,,1.0,0.0,0.0,0.0,18.0,
6908,21.2695,2924.0,101.15,0.375468,,,,6565.0,2.467,1.414,3.803,,,,0.0,1.0,0.0,0.0,643.3,115.58154
6909,3.27,,,,,,,,,,,,,,1.0,0.0,0.0,0.0,,
6910,8.42343,921671.0,373.77,1.128143,,,,8572.0,3.034,2.009,3.776,,,,0.0,1.0,0.0,0.0,3934.3,14113.667
6911,8.4418,635412.0,193.73,1.084426,,,,6792.0,1.636,1.364,4.143,,,,0.0,1.0,0.0,0.0,1572.0,1512.6267
6913,4.079,153.5,0.73,0.011223,,,,4519.0,0.597,0.641,4.688,,,,0.0,1.0,1.0,0.0,13.3,10.801541
6915,2.78,,,,,,,,,,,,,,0.0,1.0,0.0,0.0,,19.860775
6916,4.93,,,,,,,,,,,,,,1.0,0.0,0.0,0.0,,
6917,3.724,242.9,1.1,0.014195,,,,5083.0,0.71,0.68,4.569,,,,1.0,0.0,0.0,0.0,6.7,
6919,5.0912,627633.0,127.25,0.953618,,,,6332.0,1.222,0.991,4.26,,,,0.0,1.0,1.0,0.0,791.0,2691.6582
6920,5.6634,19941.0,19.39,0.148934,,,,6185.0,1.192,1.179,4.356,,,,0.0,0.0,1.0,1.0,186.8,245.38676
6921,5.94855,88771.2,69.4,0.494216,,,,6335.0,1.286,0.894,4.171,,,,0.0,1.0,0.0,0.0,7846.3,8449.908
6923,1.351,562.0,1.5,0.021809,,,,4979.0,0.629,0.618,4.632,,,,1.0,0.0,0.0,0.0,5.7,
6926,2.11,,,,,,,,,,,,,,1.0,0.0,0.0,0.0,,
6928,14.69,237.5,4.63,0.014297,,,,7612.0,2.968,1.969,3.787,,,,1.0,0.0,0.0,0.0,11.2,
6932,5.21,,,,,,,,,,,,,,1.0,0.0,0.0,0.0,,
6934,5.5086,1514.6,196.78,0.28962,,,,5057.0,6.222,1.936,3.137,,,,0.0,1.0,1.0,0.0,150.5,141.27522
6935,1.46,,,,,,,,,,,,,,1.0,0.0,1.0,0.0,,
6937,14.9678,77183.1,40.88,0.36348,,,,5310.0,1.03,0.879,4.356,,,,0.0,1.0,0.0,0.0,2502.9,1383.5038
6940,2.295,333.9,1.71,0.017394,,,,5375.0,0.899,0.8,4.433,,,,1.0,0.0,0.0,0.0,7.0,
6942,13.709,1234.7,3.24,0.038837,,,,5474.0,0.763,0.847,4.598,,,,0.0,0.0,0.0,0.0,18.2,13.892415
6943,15.75,338.6,2.65,0.0168,,,,6003.0,1.442,1.139,4.176,,,,1.0,0.0,0.0,0.0,11.4,7.1517906
6944,19.51,216.0,0.69,0.013439,,,,3754.0,0.473,0.483,4.773,,,,1.0,0.0,0.0,0.0,10.0,
6947,2.562,291.7,1.35,0.015514,,,,5578.0,0.794,0.87,4.578,,,,1.0,0.0,0.0,0.0,5.2,
6951,1.875,192.2,1.09,0.012715,,,,5715.0,0.782,0.872,4.586,,,,0.0,0.0,1.0,1.0,9.8,8.373584
6952,2.72,,,,,,,,,,,,,,1.0,0.0,0.0,0.0,,
6953,1.421,41.0,36.19,0.005552,,,,3749.0,59.684,0.885,0.833,,,,0.0,1.0,1.0,0.0,9.7,12.014157
6954,4.09296,330180.0,52.74,0.612125,,,,5511.0,0.789,0.773,4.531,,,,0.0,1.0,0.0,0.0,3168.8,3682.9192
6955,2.9095,1272.7,167.05,0.281053,,,,4980.0,5.443,1.589,3.167,,,,0.0,1.0,1.0,0.0,166.8,165.9034
6957,2.73,,,,,,,,,,,,,,1.0,0.0,0.0,0.0,,
6958,5.95,218.3,1.66,0.013616,,,,6267.0,1.118,0.981,4.334,,,,1.0,0.0,0.0,0.0,6.7,
6959,3.11,,,,,,,,,,,,,,1.0,0.0,0.0,0.0,,
6960,2.637,592.6,5.29,0.027218,,,,5164.0,1.779,0.876,3.88,,,,0.0,1.0,0.0,1.0,15.1,12.913587
6963,1.586,525.0,1.95,0.020908,,,,5722.0,0.854,0.937,4.547,,,,1.0,0.0,0.0,0.0,5.5,
6964,2.844,287.8,14.14,0.015181,,,,4870.0,8.531,0.812,2.486,,,,0.0,0.0,1.0,0.0,21.0,12.115532
6965,1.65,,,,,,,,,,,,,,1.0,0.0,0.0,0.0,,
6966,5.763,562.5,25.18,0.029487,,,,5047.0,7.821,2.064,2.966,,,,1.0,0.0,0.0,0.0,3.9,
6967,2.93,,,,,,,,,,,,,,1.0,0.0,0.0,0.0,,
6968,17.57,353.7,1.44,0.016771,,,,5196.0,0.784,0.863,4.586,,,,1.0,0.0,0.0,0.0,10.6,
6970,1.711,109.4,0.95,0.009674,,,,5701.0,0.903,0.813,4.437,,,,1.0,0.0,0.0,0.0,5.7,
6971,4.00349,79325.7,46.14,0.485141,,,,5645.0,0.871,0.746,4.431,,,,0.0,1.0,0.0,0.0,1040.1,1837.6675
6973,6.5005,291214.0,93.47,0.511934,,,,6225.0,1.672,1.041,4.009,,,,0.0,1.0,0.0,0.0,911.3,7600.7354
6974,4.044,92.5,1.08,0.008838,,,,6251.0,1.119,1.089,4.378,,,,1.0,0.0,0.0,0.0,7.2,
6975,15.415,171.6,2.92,0.012122,,,,6569.0,2.203,1.232,3.842,,,,1.0,0.0,0.0,0.0,14.0,
6978,2.02,,,,,,,,,,,,,,1.0,0.0,0.0,0.0,,
6980,2.843,154.8,2.22,0.012196,,,,6407.0,1.668,1.311,4.111,,,,0.0,1.0,1.0,0.0,25.3,23.0751
6981,3.54,,,,,,,,,,,,,,1.0,0.0,0.0,0.0,,
6982,5.868,282.5,1.28,0.015069,,,,5222.0,0.78,0.73,4.518,,,,0.0,0.0,1.0,0.0,9.4,8.324707
6985,32.263,27188.0,12.75,0.152085,,,,5273.0,0.768,0.73,4.531,,,,0.0,1.0,0.0,0.0,671.1,198.41777
6988,3.064,286.5,1.59,0.015878,,,,5727.0,0.918,0.827,4.43,,,,1.0,0.0,0.0,0.0,5.8,
6992,17.22,401.7,1.91,0.018407,,,,6025.0,0.949,0.922,4.448,,,,1.0,0.0,0.0,0.0,11.7,
6997,5.06,426.6,1.55,0.018925,,,,5401.0,0.749,0.76,4.569,,,,1.0,0.0,0.0,0.0,6.4,
7000,10.578,488038.0,78.77,0.68964,,,,6060.0,1.046,0.994,4.397,,,,0.0,1.0,0.0,0.0,354.7,762.33295
7003,3.7127,331275.0,65.64,0.601113,,,,5780.0,1.0,1.0,4.438,,,,0.0,1.0,0.0,0.0,145.4,113.14538
7009,12.724,1287.0,2.11,0.032791,,,,4197.0,0.588,0.575,4.659,,,,1.0,0.0,0.0,0.0,12.5,
7014,7.916,251.9,0.63,0.014418,,,,3659.0,0.4,0.42,4.858,,,,1.0,0.0,0.0,0.0,8.5,
7015,2.342,171.8,1.32,0.012022,,,,6054.0,1.009,0.969,4.416,,,,1.0,0.0,0.0,0.0,6.4,
7016,3.305,380.7,1.89,0.017991,,,,6137.0,0.963,1.038,4.487,,,,1.0,0.0,0.0,0.0,5.8,
7017,3.246,253.0,1.32,0.01518,,,,5272.0,0.799,0.751,4.508,,,,0.0,0.0,1.0,0.0,9.2,8.251826
7019,1.049,408.0,2.55,0.019952,,,,6418.0,1.171,1.241,4.395,,,,1.0,0.0,0.0,0.0,4.6,
7020,1.919,416.4,2.28,0.018772,,,,6263.0,1.113,1.084,4.382,,,,1.0,0.0,0.0,0.0,5.7,
7021,4.56,248.5,26.13,0.222599,,,,6322.0,1.075,1.124,4.426,,,,0.0,1.0,0.0,1.0,7.8,15.012003
7023,5.465,397.5,7.88,0.017864,,,,5002.0,4.042,0.979,3.216,,,,1.0,0.0,0.0,0.0,7.6,
7024,15.26,172.8,1.81,0.011937,,,,5786.0,1.388,1.003,4.155,,,,1.0,0.0,0.0,0.0,9.9,7.961684
7025,15.6,136.3,5.26,0.013019,,,,7664.0,3.697,2.039,3.611,,,,1.0,0.0,0.0,0.0,17.7,8.140049
7026,1.71,,,,,,,,,,,,,,1.0,0.0,0.0,0.0,,
7028,2.64,660.0,2.19,0.023109,,,,5340.0,0.867,0.783,4.456,,,,1.0,0.0,0.0,0.0,5.4,
7029,12.968,275.6,7.07,0.014657,,,,4911.0,4.419,1.608,3.354,,,,1.0,0.0,0.0,0.0,10.6,
7030,7.2533,32171.9,56.11,0.43918,,,,5869.0,1.17,0.971,4.288,,,,0.0,1.0,0.0,0.0,486.4,
7031,2.6431,1434.4,72.91,0.290914,,,,5178.0,2.295,0.995,3.714,,,,0.0,1.0,0.0,0.0,83.5,73.669395
7032,17.03,747.8,2.47,0.024821,,,,5539.0,0.913,0.892,4.467,,,,1.0,0.0,0.0,0.0,13.8,
7033,1.125,285.4,2.08,0.016081,,,,6038.0,1.186,0.902,4.245,,,,1.0,0.0,0.0,0.0,6.0,
7034,2.999,47.6,2.02,0.006145,,,,5125.0,3.007,1.411,3.631,,,,0.0,0.0,1.0,0.0,11.1,9.272148
7035,2.293,350.3,14.5,0.016768,,,,4835.0,7.917,0.927,2.608,,,,1.0,0.0,0.0,0.0,3.7,
7036,9.686,120.8,1.47,0.010427,,,,5929.0,1.292,0.914,4.176,,,,1.0,0.0,0.0,0.0,6.9,
7044,11.236,88.0,0.68,0.008442,,,,5359.0,0.741,0.823,4.611,,,,0.0,0.0,0.0,0.0,12.1,
7046,36.756,1344.1,49.49,0.308725,,,,6581.0,1.468,1.23,4.192,,,,0.0,1.0,0.0,0.0,302.6,98.11433
7048,4.954,539.2,6.85,0.032157,,,,5361.0,1.951,0.997,3.856,,,,0.0,0.0,1.0,0.0,18.2,19.09469
7054,4.974,1935.0,5.09,0.040958,,,,6273.0,1.139,1.092,4.364,,,,0.0,0.0,1.0,0.0,17.4,
7060,10.714,329.9,1.87,0.016945,,,,6587.0,1.008,1.078,4.463,,,,0.0,0.0,0.0,0.0,13.1,
7067,13.8,163.9,1.26,0.011866,,,,5997.0,0.971,1.004,4.466,,,,0.0,0.0,0.0,0.0,9.2,
7084,5.69869,312970.0,62.03,0.583206,,,,6175.0,0.974,0.952,4.44,,,,0.0,1.0,0.0,0.0,3582.5,7444.4917
7087,2.296,2118.2,293.01,0.306758,,,,4884.0,8.747,1.522,2.737,,,,0.0,1.0,1.0,1.0,150.6,85.53409
7097,9.841,125.6,1.13,0.010832,,,,5225.0,0.954,0.853,4.41,,,,0.0,0.0,1.0,0.0,10.1,
7098,1.328,127.4,0.89,0.010211,,,,5093.0,0.798,0.777,4.525,,,,1.0,0.0,0.0,0.0,4.7,
7102,6.45,72.1,0.92,0.008318,,,,6063.0,1.012,1.117,4.476,,,,1.0,0.0,1.0,1.0,13.4,11.846182
7103,1.1818,390.4,1.81,0.018813,,,,5783.0,0.88,0.977,4.539,,,,0.0,1.0,1.0,0.0,48.5,34.93605
7107,3.023,427.9,1.61,0.018978,,,,5481.0,0.775,0.709,4.51,,,,1.0,0.0,0.0,0.0,6.2,
7116,1.331,1196.0,2.59,0.030812,,,,4822.0,0.771,0.851,4.594,,,,1.0,0.0,1.0,0.0,7.0,
7117,2.59,467.9,3.67,0.020065,,,,6854.0,1.674,1.308,4.106,,,,1.0,0.0,1.0,0.0,9.3,
7126,16.04,349.7,6.04,0.017252,,,,5490.0,3.204,1.592,3.629,,,,0.0,0.0,0.0,0.0,13.1,10.947841
7128,1.606,255.2,1.75,0.015186,,,,6321.0,1.058,1.108,4.434,,,,0.0,0.0,1.0,1.0,9.9,9.138469
7130,5.91,,,,,,,,,,,,,,1.0,0.0,0.0,0.0,,
7131,5.57527,13170.8,223.75,0.393433,,,,5030.0,5.208,1.498,3.18,,,,0.0,1.0,0.0,0.0,900.9,504.51987
7135,2.89112,6771.6,49.03,0.371989,,,,5846.0,1.207,0.988,4.27,,,,1.0,0.0,1.0,0.0,870.3,1521.19
7136,1.621,369.5,3.88,0.017817,,,,6658.0,1.992,1.244,3.934,,,,1.0,0.0,0.0,0.0,3.6,
7139,17.2,216.7,1.58,0.014068,,,,6195.0,1.029,1.051,4.437,,,,1.0,0.0,0.0,0.0,8.2,
7140,3.02633,389433.0,46.27,0.585308,,,,5264.0,0.724,0.807,4.617,,,,0.0,1.0,0.0,0.0,626.9,4187.339
7143,4.402,916.3,62.51,0.037244,,,,5254.0,15.369,2.687,2.494,,,,0.0,0.0,1.0,0.0,24.6,12.905373
7153,2.951,454.7,2.64,0.021044,,,,6477.0,1.148,1.102,4.361,,,,0.0,0.0,0.0,0.0,13.4,12.829738
7158,4.93,,,,,,,,,,,,,,1.0,0.0,1.0,0.0,,
7162,3.84,322.1,1.52,0.016355,,,,5135.0,0.849,0.792,4.479,,,,0.0,0.0,0.0,0.0,7.4,
7165,14.585,57.6,0.98,0.007489,,,,5929.0,1.202,1.071,4.308,,,,0.0,0.0,0.0,1.0,23.8,9.949767
7172,7.449,312773.0,155.22,0.60744,,,,7796.0,2.34,1.725,3.937,,,,0.0,1.0,0.0,0.0,198.8,3026.1938
7179,19.612,1325.7,27.78,0.042017,,,,4647.0,6.055,0.932,2.843,,,,0.0,1.0,0.0,0.0,76.9,16.155275
7181,12.235,290.8,2.05,0.016278,,,,5903.0,1.156,0.974,4.3,,,,0.0,0.0,0.0,0.0,15.2,12.50597
7184,9.75,298.3,2.44,0.016067,,,,5626.0,1.389,0.991,4.149,,,,0.0,0.0,0.0,0.0,10.9,10.912135
7188,2.946,158.9,1.04,0.013022,,,,5365.0,0.729,0.747,4.586,,,,0.0,0.0,1.0,1.0,14.5,16.398731
7189,4.17,79.0,0.8,0.008651,,,,6338.0,0.847,0.918,4.545,,,,0.0,0.0,0.0,0.0,7.7,7.6864715
7195,3.2601,118965.0,57.6,0.499988,,,,5799.0,1.055,0.861,4.326,,,,0.0,1.0,0.0,0.0,470.0,2077.9587
7196,5.41096,136113.0,50.83,0.354243,,,,6247.0,1.314,1.057,4.225,,,,0.0,1.0,0.0,0.0,5696.2,12396.622
7197,3.556,291510.0,1794.2,22.820008,,,,5616.0,0.72,0.675,4.553,,,,0.0,1.0,0.0,0.0,1229.9,15073.711
7198,8.2678,6501.7,63.99,0.364181,,,,5953.0,1.609,0.91,3.984,,,,0.0,1.0,0.0,0.0,587.2,288.81726
7200,7.7999,864260.0,218.79,1.165546,,,,6723.0,1.719,1.327,4.089,,,,0.0,1.0,0.0,0.0,1103.1,6511.655
7201,1.49242,25338.3,46.44,0.425253,,,,5780.0,1.0,1.0,4.438,,,,0.0,1.0,0.0,0.0,260.9,102.17868
7202,5.07591,164308.0,27.66,0.384903,,,,5251.0,0.658,0.663,4.623,,,,0.0,1.0,0.0,0.0,2841.5,4466.4634
7207,5.55905,409031.0,106.99,0.65273,,,,6231.0,1.501,0.984,4.078,,,,0.0,1.0,0.0,0.0,4247.8,37498.117
7208,14.305,200.8,1.3,0.012918,,,,5671.0,0.919,0.9,4.466,,,,1.0,0.0,0.0,0.0,16.0,
7209,12.964,119.1,2.41,0.010081,,,,6608.0,2.189,1.412,3.907,,,,1.0,0.0,0.0,0.0,9.7,
7210,2.453,691.3,1.72,0.023564,,,,5101.0,0.67,0.699,4.63,,,,0.0,0.0,0.0,0.0,19.9,39.459423
7211,20.5899,3372.0,28.3,0.051572,,,,4968.0,5.026,1.8,3.291,,,,0.0,1.0,0.0,0.0,685.3,178.98315
7213,4.87581,253149.0,60.99,0.578174,,,,6106.0,0.966,1.043,4.487,,,,0.0,1.0,0.0,0.0,4541.1,19929.857
7214,5.6831,256062.0,89.16,0.577,,,,5895.0,1.415,0.926,4.103,,,,0.0,1.0,0.0,0.0,4311.3,11667.681
7215,1.621,145.8,1.0,0.011131,,,,5440.0,0.825,0.779,4.496,,,,0.0,0.0,1.0,1.0,7.7,
7217,1.97,431.7,1.92,0.019874,,,,5638.0,0.883,0.875,4.488,,,,0.0,0.0,0.0,0.0,11.8,9.6594305
7218,4.637,259.2,1.51,0.016698,,,,4963.0,0.826,0.789,4.501,,,,0.0,0.0,0.0,0.0,12.2,10.171093
7219,16.332,110.4,0.88,0.00951,,,,5524.0,0.847,0.908,4.54,,,,1.0,0.0,1.0,1.0,17.6,10.589752
7220,12.81,32.5,1.05,0.005259,,,,6561.0,1.821,1.376,4.054,,,,1.0,0.0,0.0,1.0,4.2,10.004603
7223,4.0336,130722.0,52.58,0.336034,,,,6224.0,1.433,1.094,4.165,,,,0.0,1.0,0.0,0.0,902.8,6226.1455
7226,2.6,18441.0,23.87,0.411601,,,,3857.0,0.531,0.535,4.717,,,,0.0,1.0,1.0,0.0,9.4,143.15234
7227,2.587,736.6,66.22,0.02398,,,,4754.0,25.287,3.644,2.194,,,,0.0,1.0,1.0,0.0,26.8,36.053734
7228,10.977,557.8,2.03,0.02145,,,,5692.0,0.866,0.965,4.547,,,,1.0,0.0,1.0,1.0,14.0,11.206927
7229,2.4078,818.0,39.03,0.025638,,,,4805.0,13.941,2.853,2.605,,,,0.0,1.0,0.0,0.0,36.9,28.072544
7230,4.1774,5283.2,40.38,0.366502,,,,6225.0,1.009,1.07,4.461,,,,0.0,1.0,1.0,0.0,314.0,484.23877
7232,2.07578,4658.5,120.13,0.154904,,,,4846.0,7.102,1.775,2.984,,,,0.0,1.0,1.0,0.0,490.6,485.10043
7233,3.3873,99147.1,25.68,0.298437,,,,5530.0,0.788,0.882,4.586,,,,0.0,1.0,0.0,0.0,1761.4,6136.673
7234,2.04,,,,,,,,,,,,,,1.0,0.0,0.0,0.0,,
7235,2.483,44.0,0.99,0.006188,,,,5929.0,1.463,1.107,4.152,,,,0.0,1.0,0.0,1.0,28.7,14.588038
7237,7.27595,186680.0,93.52,0.551115,,,,5883.0,1.554,0.966,4.04,,,,0.0,1.0,0.0,0.0,2905.9,12287.393
7243,4.8401,278264.0,90.08,0.62116,,,,6645.0,1.328,1.206,4.271,,,,0.0,1.0,1.0,0.0,631.1,3422.971
7244,3.3542,380934.0,124.19,0.642864,,,,5299.0,1.769,0.837,3.865,,,,0.0,1.0,0.0,0.0,155.4,6787.809
7246,3.737,377.6,14.71,0.019095,,,,4902.0,7.056,1.996,3.042,,,,1.0,0.0,0.0,0.0,5.8,
7248,2.6502,69.8,0.91,0.007793,,,,5574.0,1.065,0.933,4.354,,,,0.0,0.0,0.0,0.0,19.2,15.084797
7249,2.657,65.1,0.85,0.007283,,,,5574.0,1.065,0.933,4.354,,,,0.0,0.0,0.0,0.0,19.5,14.8216915
7251,22.445,346.3,1.84,0.01888,,,,5880.0,0.893,0.974,4.525,,,,1.0,0.0,1.0,1.0,15.5,13.463907
7253,1.19,216.1,4.41,0.013877,,,,7843.0,2.909,2.081,3.829,,,,1.0,0.0,0.0,0.0,4.1,
7255,1.847,521.0,2.24,0.021587,,,,6089.0,0.95,1.031,4.495,,,,1.0,0.0,0.0,0.0,4.6,
7256,2.2075,22672.0,29.95,0.19358,,,,6052.0,1.417,0.887,4.084,,,,0.0,1.0,0.0,0.0,201.6,2931.091
7257,3.51946,132624.0,30.97,0.350543,,,,5561.0,0.809,0.864,4.558,,,,0.0,1.0,0.0,0.0,1177.8,8550.145
7258,4.4562,2417.1,49.79,0.291326,,,,6691.0,1.565,1.083,4.084,,,,0.0,1.0,1.0,0.0,301.4,341.26794
7259,3.4648,1028.7,19.43,0.253805,,,,4428.0,0.701,0.697,4.59,,,,0.0,1.0,1.0,0.0,62.5,50.492958
7260,2.43922,25341.5,26.08,0.21339,,,,6316.0,1.119,1.109,4.387,,,,0.0,1.0,0.0,0.0,396.2,6106.5376
7262,10.7925,243702.0,90.12,0.573105,,,,6211.0,1.44,1.013,4.127,,,,0.0,1.0,0.0,0.0,1115.3,2029.207
7263,3.5286,2139.0,24.91,0.321339,,,,5288.0,0.71,0.675,4.566,,,,0.0,1.0,1.0,0.0,91.5,107.04744
7265,17.026,861.0,9.23,0.02813,,,,5874.0,3.006,1.519,3.664,,,,0.0,0.0,0.0,0.0,48.8,35.408863
7266,1.342,27.0,0.6,0.005026,,,,6339.0,1.102,1.075,4.387,,,,0.0,0.0,1.0,0.0,9.8,10.415884
7268,8.232,438.7,2.38,0.023604,,,,5729.0,0.923,0.848,4.436,,,,1.0,0.0,0.0,0.0,21.1,14.221568
7269,30.56,979.2,2.9,0.028736,,,,5729.0,0.923,0.848,4.436,,,,1.0,0.0,0.0,0.0,13.7,
7270,2.857,473.9,5.51,0.020974,,,,8057.0,2.407,1.868,3.946,,,,1.0,0.0,0.0,0.0,6.6,
7271,6.06,,,,,,,,,,,,,,1.0,0.0,0.0,0.0,,
7272,2.1054,43895.0,110.29,0.441619,,,,5692.0,2.287,1.288,3.829,,,,0.0,1.0,0.0,0.0,65.6,3742.9185
7273,5.4548,277249.0,102.31,0.57515,,,,6844.0,1.629,1.358,4.145,,,,0.0,1.0,0.0,0.0,440.1,2203.144
7274,1.32,,,,,,,,,,,,,,1.0,0.0,0.0,0.0,,22.100586
7275,37.7424,136154.0,184.22,0.327893,,,,4809.0,5.145,1.232,3.106,,,,1.0,0.0,0.0,0.0,1656.7,541.31177
7276,14.73,2067.0,5.96,0.041946,,,,6468.0,1.302,1.198,4.288,,,,1.0,0.0,0.0,0.0,9.2,
7278,2.215,1920.0,15056.9,41.808266,,,,7981.0,3.298,2.061,3.716,,,,1.0,0.0,0.0,0.0,5.5,
7279,4.27355,377575.0,150.94,0.636954,,,,7945.0,2.17,1.812,4.023,,,,0.0,1.0,0.0,0.0,779.2,4604.705
7284,1.4446,29.5,0.89,0.005439,,,,6290.0,1.506,1.123,4.133,,,,1.0,0.0,1.0,1.0,2.7,11.274928
7285,11.007,1336.4,2.96,0.032485,,,,5119.0,0.834,0.818,4.508,,,,0.0,0.0,0.0,0.0,13.1,13.001594
7290,15.078,192.7,1.26,0.0127,,,,5754.0,0.905,1.021,4.534,,,,1.0,0.0,1.0,0.0,13.3,10.693657
7291,16.43,165.4,1.12,0.011609,,,,5595.0,0.886,0.933,4.513,,,,1.0,0.0,1.0,1.0,15.2,10.739621
7292,21.841,130.2,1.27,0.011099,,,,5968.0,1.048,1.069,4.426,,,,1.0,0.0,1.0,1.0,30.0,14.575216
7293,117.52,5257.7,259.36,0.348453,,,,4794.0,6.816,1.023,2.781,,,,0.0,1.0,0.0,0.0,302.3,11.5120945
7294,19.859,340.1,1.27,0.016742,,,,4873.0,0.693,0.676,4.586,,,,1.0,0.0,1.0,1.0,28.2,12.56148
7295,27.49,374.4,2.02,0.023678,,,,5442.0,0.783,0.778,4.541,,,,1.0,0.0,1.0,1.0,35.4,15.434728
7296,18.56,144.5,0.84,0.011191,,,,5571.0,0.691,0.776,4.643,,,,1.0,0.0,1.0,1.0,24.9,13.497753
7297,20.282,51.5,2.06,0.007111,,,,6098.0,2.657,1.313,3.707,,,,1.0,0.0,1.0,1.0,21.4,10.922205
7298,27.29,202.6,1.44,0.018364,,,,5279.0,0.72,0.796,4.62,,,,1.0,0.0,1.0,1.0,15.5,9.377767
7300,4.11699,251835.0,81.61,0.576227,,,,6621.0,1.297,1.213,4.294,,,,0.0,1.0,0.0,0.0,6512.7,20960.871
7302,2.389,50.6,1.9,0.006576,,,,6620.0,2.641,1.531,3.779,,,,1.0,0.0,0.0,0.0,8.3,13.11545
7303,2.627,417.5,1.37,0.018046,,,,4746.0,0.696,0.713,4.605,,,,0.0,1.0,1.0,1.0,13.6,12.472815
7305,4.31675,277946.0,92.34,0.585583,,,,6181.0,1.444,0.923,4.084,,,,0.0,1.0,0.0,0.0,5552.2,33027.906
7306,4.53365,175471.0,35.81,0.416638,,,,5512.0,0.787,0.851,4.575,,,,0.0,1.0,0.0,0.0,739.8,5236.927
7307,1.96,,,,,,,,,,,,,,0.0,1.0,0.0,1.0,,19.134943
7308,1.7616,1240.4,47.65,0.298872,,,,7332.0,1.46,1.43,4.265,,,,0.0,1.0,1.0,0.0,120.5,107.69464
7309,6.5605,603811.0,274.78,0.746,,,,7803.0,3.373,2.023,3.688,,,,0.0,1.0,0.0,0.0,637.1,5944.9346
7310,11.3122,60384.4,27.64,0.251598,,,,5843.0,1.006,0.924,4.399,,,,0.0,1.0,0.0,0.0,3602.0,3139.9814
7311,9.1701,68454.0,18.98,0.236195,,,,5250.0,0.736,0.698,4.548,,,,0.0,1.0,0.0,0.0,693.8,1433.228
7312,1.7865,2195.5,42.1,0.318862,,,,5876.0,1.209,0.999,4.273,,,,0.0,1.0,1.0,0.0,152.1,61.495342
7313,2.226,332.6,14.54,0.016279,,,,4748.0,8.179,1.053,2.635,,,,0.0,0.0,1.0,0.0,28.5,19.603708
7317,11.94,,,,,,,,,,,,,,1.0,0.0,0.0,0.0,,
7318,25.71,180.5,1.66,0.017107,,,,5691.0,0.887,1.003,4.544,,,,1.0,0.0,1.0,1.0,24.2,13.675006
7319,18.764,94.2,1.23,0.010301,,,,6246.0,1.092,1.18,4.433,,,,1.0,0.0,1.0,1.0,20.5,9.401906
7320,25.24,139.0,1.35,0.014934,,,,5514.0,0.826,0.926,4.569,,,,1.0,0.0,1.0,1.0,30.7,13.390169
7321,28.88,139.4,1.37,0.015196,,,,5742.0,0.827,0.921,4.564,,,,1.0,0.0,1.0,1.0,21.1,10.874033
7322,30.64,115.1,2.67,0.018004,,,,6367.0,1.357,1.019,4.181,,,,1.0,0.0,1.0,1.0,36.9,13.360286
7323,26.15,214.1,1.59,0.018455,,,,5761.0,0.791,0.881,4.581,,,,1.0,0.0,1.0,1.0,15.5,11.390727
7324,3.60057,164979.0,37.65,0.368371,,,,5301.0,0.936,0.833,4.416,,,,0.0,1.0,0.0,0.0,1208.2,17334.152
7325,2.76331,4856.1,36.91,0.112001,,,,8617.0,3.018,2.002,3.78,,,,0.0,1.0,0.0,0.0,555.6,976.05585
7328,1.6116,2896.6,5.43,0.066636,,,,5511.0,0.746,0.753,4.569,,,,0.0,1.0,0.0,0.0,68.9,110.06401
7332,4.69505,88194.9,75.11,0.282688,,,,6562.0,2.433,1.435,3.822,,,,0.0,1.0,0.0,0.0,6581.3,12647.542
7336,6.51381,364905.0,98.16,0.634819,,,,6630.0,1.416,1.26,4.235,,,,0.0,1.0,0.0,0.0,2443.8,5464.463
7337,18.2848,13695.9,11.71,0.119905,,,,5955.0,0.894,0.814,4.446,,,,0.0,1.0,0.0,0.0,581.0,1621.3397
7338,1.6706,11273.0,37.66,0.39054,,,,5955.0,0.883,0.972,4.534,,,,1.0,0.0,0.0,0.0,45.7,622.50745
7339,7.74,278.5,4.22,0.015318,,,,6049.0,2.522,1.241,3.728,,,,1.0,0.0,0.0,0.0,6.2,
7341,8.46,699.0,1.9,0.023288,,,,4547.0,0.747,0.737,4.559,,,,1.0,0.0,0.0,0.0,6.9,
7343,3.281,267.8,2.81,0.01914,,,,6432.0,1.345,1.06,4.207,,,,0.0,0.0,0.0,0.0,12.1,27.446058
7344,5.255,297.2,2.9,0.019733,,,,6432.0,1.345,1.06,4.207,,,,0.0,0.0,0.0,0.0,12.7,19.670818
7345,2.71,80.9,1.43,0.008264,,,,5802.0,1.59,1.08,4.073,,,,1.0,0.0,0.0,0.0,8.5,
7347,1.053,740.0,906.03,29.631954,,,,3396.0,0.28,0.28,4.991,,,,1.0,0.0,0.0,0.0,5.5,
7348,11.603,403.7,1.88,0.018511,,,,6225.0,0.931,0.958,4.481,,,,1.0,0.0,0.0,0.0,9.2,
7350,6.663,4309.3,31.14,0.361885,,,,6063.0,0.788,0.874,4.584,,,,0.0,1.0,1.0,0.0,103.4,133.67902
7351,3.2209,23692.1,25.84,0.213383,,,,6306.0,1.109,0.991,4.346,,,,0.0,1.0,0.0,0.0,570.6,6098.033
7352,2.85554,22650.6,35.99,0.212787,,,,7049.0,1.549,1.432,4.212,,,,0.0,1.0,0.0,0.0,2246.9,3524.3567
7353,2.97,,,,,,,,,,,,,,1.0,0.0,0.0,0.0,,
7354,3.91517,55296.7,22.32,0.225371,,,,5949.0,0.907,0.848,4.451,,,,0.0,1.0,0.0,0.0,1872.6,2090.239
7355,3.07231,88821.5,82.98,0.497012,,,,6535.0,1.529,1.301,4.183,,,,0.0,1.0,0.0,0.0,2153.0,8271.682
7356,2.8923,104538.0,28.2,0.372108,,,,5067.0,0.694,0.742,4.625,,,,0.0,1.0,0.0,0.0,536.8,3156.4097
7357,7.5491,1626.8,58.2,0.299907,,,,6070.0,1.777,1.074,3.969,,,,0.0,1.0,1.0,0.0,138.8,183.55302
7359,7.06623,435364.0,106.18,0.671019,,,,6064.0,1.449,1.107,4.16,,,,0.0,1.0,0.0,0.0,5557.4,25009.854
7360,1.114,137.2,1.27,0.012568,,,,5650.0,0.926,0.77,4.391,,,,0.0,1.0,1.0,0.0,5.9,12.704475
7361,2.4698,52172.0,32.7,0.303122,,,,5838.0,0.988,0.781,4.342,,,,0.0,1.0,0.0,0.0,190.1,3581.9836
7362,11.0301,6405.9,90.57,0.382557,,,,8675.0,2.168,2.057,4.08,,,,0.0,1.0,0.0,0.0,325.8,372.06815
7363,3.34471,263861.0,66.2,0.482255,,,,6184.0,1.257,0.891,4.19,,,,0.0,1.0,0.0,0.0,2657.6,19467.596
7364,3.1572,67.0,0.73,0.007913,,,,5632.0,0.847,0.736,4.45,,,,0.0,1.0,0.0,0.0,52.4,8.338421
7365,51.666,603.3,67.91,0.235467,,,,6313.0,2.641,1.291,3.706,,,,1.0,0.0,0.0,0.0,121.8,9.4000025
7371,3.82,253.1,3.78,0.014859,,,,5236.0,2.332,1.019,3.711,,,,1.0,0.0,0.0,0.0,8.7,
7372,6.52216,115743.0,135.84,0.510247,,,,6631.0,2.438,1.361,3.798,,,,0.0,1.0,0.0,0.0,4881.9,6291.3022
7373,4.438,47.3,1.44,0.006401,,,,7286.0,2.056,1.532,3.998,,,,0.0,0.0,0.0,1.0,19.8,14.827657
7374,1.9227,39929.0,12.89,0.176656,,,,4535.0,0.668,0.659,4.607,,,,0.0,1.0,0.0,0.0,29.3,258.73877
7376,2.3191,8342.2,34.42,0.380702,,,,5423.0,0.828,0.872,4.542,,,,0.0,1.0,1.0,0.0,173.2,267.3495
7377,3.9058,90827.0,30.98,0.28739,,,,5726.0,0.987,0.899,4.403,,,,0.0,1.0,0.0,0.0,437.8,2717.9407
7378,1.9477,14578.0,31.15,0.156405,,,,5182.0,1.824,1.043,3.935,,,,0.0,1.0,0.0,0.0,32.9,266.28836
7379,2.4682,79078.0,43.89,0.444073,,,,5457.0,0.905,0.827,4.442,,,,0.0,1.0,0.0,0.0,124.3,2126.3347
7380,2.42989,48488.0,49.77,0.259996,,,,6502.0,1.753,1.098,3.991,,,,0.0,1.0,0.0,0.0,529.4,6170.1167
7381,6.4648,375940.0,78.78,0.638469,,,,5988.0,1.13,0.869,4.271,,,,1.0,0.0,0.0,0.0,802.9,1710.2537
7382,2.895,138.8,1.12,0.010807,,,,6117.0,0.947,1.025,4.496,,,,0.0,0.0,1.0,1.0,14.1,11.9860735
7383,3.84264,106334.0,72.01,0.596776,,,,6387.0,1.105,1.145,4.41,,,,0.0,1.0,0.0,0.0,1571.8,2925.4907
7386,28.492,409.0,3.79,0.02436,,,,6381.0,1.423,1.055,4.155,,,,1.0,0.0,1.0,1.0,123.7,21.781315
7387,31.5,8707.6,79.21,0.104342,,,,4849.0,6.952,2.025,3.06,,,,1.0,0.0,1.0,1.0,190.8,21.207773
7389,18.15,30.1,1.12,0.004958,,,,5221.0,2.067,0.819,3.72,,,,0.0,1.0,0.0,1.0,20.1,
7390,11.87,91.2,2.04,0.009053,,,,5221.0,2.067,0.819,3.72,,,,1.0,0.0,0.0,0.0,7.5,
7392,3.918,1005.0,5.83,0.032357,,,,6264.0,1.651,1.352,4.133,,,,0.0,0.0,0.0,0.0,23.8,22.224302
7393,2.167,3345.0,4.85,0.052646,,,,5332.0,0.843,0.821,4.5,,,,1.0,0.0,1.0,0.0,7.8,
7394,6.93402,369228.0,75.28,0.631891,,,,6075.0,1.091,1.149,4.422,,,,0.0,1.0,0.0,0.0,5143.6,18498.5
7396,7.43,240.8,2.69,0.014582,,,,7304.0,1.69,1.475,4.151,,,,1.0,0.0,0.0,0.0,5.0,
7397,2.48392,50681.0,26.98,0.276346,,,,6029.0,0.894,0.972,4.523,,,,0.0,1.0,0.0,0.0,394.0,3979.5732
7399,1.9123,64776.0,21.79,0.298682,,,,5446.0,0.668,0.646,4.599,,,,1.0,0.0,0.0,0.0,119.7,561.2774
7400,14.0957,22720.0,52.74,0.133443,,,,4847.0,3.619,0.905,3.277,,,,1.0,0.0,0.0,0.0,140.9,223.34209
7401,3.19,,,,,,,,,,,,,,1.0,0.0,0.0,0.0,,
7404,4.32532,66719.9,26.36,0.239029,,,,6283.0,1.01,1.067,4.459,,,,0.0,1.0,0.0,0.0,1561.2,5586.1865
7405,2.8951,60401.0,33.44,0.302603,,,,5931.0,1.012,0.981,4.418,,,,0.0,1.0,0.0,0.0,275.6,3879.8943
7406,4.77434,142313.0,31.71,0.344438,,,,5433.0,0.843,0.756,4.465,,,,0.0,1.0,0.0,0.0,1517.7,15810.294
7407,3.2232,65124.0,59.12,0.465884,,,,6192.0,1.162,1.04,4.326,,,,0.0,1.0,0.0,0.0,316.9,2525.8513
7408,3.9623,5754.6,33.1,0.358269,,,,5603.0,0.846,0.941,4.556,,,,0.0,1.0,1.0,0.0,170.8,247.66399
7409,8.57374,430422.0,70.33,0.659199,,,,5841.0,0.977,0.992,4.454,,,,0.0,1.0,0.0,0.0,3921.8,50310.24
7410,2.994,16112.0,66.94,0.396281,,,,5633.0,1.547,0.907,4.016,,,,0.0,1.0,0.0,0.0,33.4,334.5305
7411,6.90375,316750.0,64.49,0.597138,,,,6201.0,0.989,1.058,4.472,,,,0.0,1.0,0.0,0.0,3217.6,18313.04
7413,21.34,29.3,0.81,0.005226,,,,6645.0,1.42,1.259,4.232,,,,0.0,1.0,0.0,0.0,5.6,
7414,7.40348,313168.0,79.72,0.603309,,,,6466.0,1.21,1.011,4.278,,,,0.0,1.0,0.0,0.0,8577.4,47019.348
7416,2.9472,46829.0,41.83,0.263421,,,,6081.0,1.454,1.046,4.133,,,,0.0,1.0,0.0,0.0,290.7,4135.5884
7417,2.29,,,,,,,,,,,,,,1.0,0.0,0.0,0.0,,25.701555
7419,3.548,142.8,1.22,0.010971,,,,6174.0,1.021,1.055,4.445,,,,0.0,0.0,1.0,0.0,10.6,9.643873
7420,4.751,417.6,1.88,0.021087,,,,5723.0,0.818,0.857,4.546,,,,0.0,0.0,0.0,0.0,19.7,16.050957
7421,3.4421,366901.0,306.28,3.075391,,,,5615.0,0.912,0.865,4.455,,,,0.0,1.0,0.0,0.0,560.2,10819.678
7422,2.7742,136135.0,28.94,0.34237,,,,5193.0,0.774,0.732,4.525,,,,0.0,1.0,0.0,0.0,204.7,4143.89
7423,2.4676,137404.0,38.24,0.512661,,,,5461.0,0.683,0.656,4.586,,,,0.0,1.0,0.0,0.0,354.4,1101.064
7424,11.63,293.0,3.46,0.016053,,,,6643.0,1.976,1.259,3.946,,,,1.0,0.0,0.0,0.0,11.3,
7425,2.3512,3289.3,30.76,0.336926,,,,5772.0,0.836,0.903,4.549,,,,0.0,1.0,0.0,0.0,120.4,108.528564
7426,5.18,449.0,2.25,0.019283,,,,5929.0,1.069,1.079,4.413,,,,0.0,0.0,0.0,0.0,6.0,18.333866
7427,2.4329,4391.1,92.61,0.370991,,,,9565.0,2.286,2.335,4.088,,,,0.0,1.0,0.0,0.0,257.5,1791.9784
7428,4.8045,5021.3,158.25,0.354413,,,,5051.0,4.089,1.014,3.22,,,,0.0,1.0,0.0,0.0,380.5,324.9946
7429,2.481,282.9,0.9,0.015667,,,,4722.0,0.527,0.536,4.723,,,,1.0,0.0,0.0,0.0,7.7,
7430,2.4777,1325.4,73.82,0.376402,,,,7429.0,1.796,1.634,4.143,,,,0.0,1.0,1.0,0.0,23.6,36.18742
7431,2.8343,1128.4,2.92,0.030579,,,,5619.0,0.874,0.956,4.536,,,,0.0,0.0,1.0,0.0,43.1,34.475395
7432,3.695,243.8,1.39,0.014651,,,,5650.0,0.87,0.971,4.546,,,,0.0,0.0,0.0,0.0,15.8,12.554839
7436,5.487,355.7,2.1,0.018607,,,,6197.0,1.035,1.096,4.449,,,,1.0,0.0,0.0,0.0,10.5,7.907219
7437,6.152,176.3,1.17,0.012494,,,,5639.0,0.859,0.959,4.551,,,,1.0,0.0,0.0,0.0,12.7,10.77723
7438,3.581,365.4,1.37,0.016935,,,,4871.0,0.741,0.822,4.606,,,,0.0,1.0,1.0,0.0,6.2,9.463428
7440,8.6122,174830.0,75.88,0.538664,,,,6505.0,1.29,1.078,4.25,,,,0.0,1.0,0.0,0.0,1863.4,3243.4172
7441,3.8559,9817.8,40.32,0.395786,,,,5885.0,0.933,0.821,4.413,,,,0.0,1.0,1.0,0.0,397.6,584.5861
7442,5.08572,176998.0,31.77,0.441434,,,,5278.0,0.659,0.723,4.658,,,,0.0,1.0,0.0,0.0,3373.3,6029.956
7443,9.25,187.5,3.76,0.013258,,,,6790.0,2.597,1.631,3.822,,,,1.0,0.0,1.0,0.0,12.9,8.71064
7444,4.14212,119350.0,35.22,0.33531,,,,5960.0,0.962,0.927,4.438,,,,0.0,1.0,0.0,0.0,1520.0,9442.416
7445,3.5116,235104.0,88.22,1.344266,,,,5340.0,0.601,0.685,4.715,,,,0.0,1.0,0.0,0.0,386.0,9092.194
7446,2.159,115.1,3.58,0.009969,,,,6705.0,3.293,1.682,3.629,,,,0.0,1.0,1.0,1.0,11.4,9.148967
7447,10.6988,119812.0,172.66,0.496418,,,,8212.0,3.185,2.016,3.736,,,,0.0,1.0,0.0,0.0,508.0,348.49265
7448,2.2432,3670.4,325.51,0.394665,,,,5037.0,7.553,2.091,3.002,,,,0.0,1.0,0.0,1.0,107.4,175.70143
7453,24.312,1025.9,2.15,0.028332,,,,4641.0,0.694,0.682,4.589,,,,0.0,0.0,1.0,1.0,37.6,14.341499
7454,4.529,275.4,5.37,0.015333,,,,6626.0,3.206,1.776,3.676,,,,1.0,0.0,0.0,0.0,10.1,
7455,8.99,742.4,2.3,0.02485,,,,5818.0,0.848,0.937,4.554,,,,0.0,0.0,0.0,0.0,16.2,12.034195
7456,3.357,117981.0,38.85,0.336264,,,,6304.0,1.058,1.11,4.435,,,,0.0,1.0,0.0,0.0,3665.4,4687.2827
7457,1.659,68.4,0.42,0.007737,,,,4604.0,0.501,0.514,4.749,,,,1.0,0.0,1.0,1.0,9.3,7.8239374
7458,2.169,186.2,1.46,0.012644,,,,6304.0,1.058,1.11,4.435,,,,0.0,0.0,1.0,0.0,11.4,11.591718
7459,6.394,133.8,2.2,0.010743,,,,7102.0,1.874,1.497,4.068,,,,1.0,0.0,0.0,0.0,11.7,
7464,1.5528,3856.2,31.12,0.325674,,,,5544.0,0.875,0.761,4.435,,,,0.0,1.0,0.0,0.0,126.1,80.96738
7465,7.6706,6155.3,18.7,0.085487,,,,5971.0,2.003,1.202,3.914,,,,1.0,0.0,1.0,0.0,239.5,525.4354
7466,5.5479,12867.3,60.59,0.387727,,,,6558.0,1.431,1.096,4.167,,,,1.0,0.0,1.0,1.0,231.4,1991.6088
7467,3.4546,41770.0,119.91,0.418487,,,,7279.0,2.624,1.8,3.856,,,,0.0,1.0,0.0,0.0,326.1,505.18005
7469,2.53163,72584.2,105.22,0.299344,,,,6651.0,3.219,1.503,3.6,,,,0.0,1.0,0.0,0.0,1594.1,9029.422
7470,7.803,37979.8,49.01,0.195145,,,,5870.0,2.3,1.239,3.808,,,,0.0,1.0,0.0,0.0,813.6,3967.372
7471,6.278,523.2,14.87,0.022446,,,,4833.0,6.065,1.81,3.13,,,,1.0,0.0,0.0,0.0,11.5,7.1892066
7472,6.8769,10939.4,38.19,0.388171,,,,5714.0,0.901,0.939,4.501,,,,0.0,1.0,1.0,0.0,364.0,1239.2777
7473,16.1937,332900.0,182.09,0.530194,,,,5147.0,3.145,0.957,3.424,,,,0.0,1.0,0.0,0.0,1767.3,3081.883
7474,4.812,649.9,4.07,0.025068,,,,6486.0,1.485,1.098,4.136,,,,0.0,0.0,0.0,0.0,20.6,13.204513
7475,5.953,620.4,3.73,0.023004,,,,6486.0,1.485,1.098,4.136,,,,0.0,0.0,0.0,0.0,17.9,13.629135
7477,4.96038,87426.1,52.18,0.277148,,,,7201.0,1.724,1.488,4.138,,,,0.0,1.0,0.0,0.0,5784.8,11840.263
7478,2.297,86.0,1.1,0.008908,,,,6461.0,1.131,1.162,4.396,,,,0.0,0.0,1.0,0.0,9.8,8.125563
7479,6.33505,121544.0,129.2,0.328562,,,,7666.0,3.601,2.153,3.658,,,,0.0,1.0,0.0,0.0,8022.8,24308.674
7480,2.09,,,,,,,,,,,,,,1.0,0.0,0.0,0.0,,
7481,1.117,275.6,1.06,0.015451,,,,4013.0,0.63,0.63,4.639,,,,0.0,0.0,1.0,0.0,10.1,36.27747
7482,0.9938,347.6,1.84,0.019024,,,,5491.0,0.887,0.776,4.432,,,,0.0,1.0,1.0,0.0,4.0,15.929204
7483,6.9735,184074.0,89.96,0.779419,,,,6300.0,1.057,1.028,4.404,,,,0.0,1.0,0.0,0.0,933.5,2830.888
7486,17.302,114.3,25.56,0.201577,,,,6769.0,1.161,1.188,4.379,,,,1.0,0.0,0.0,0.0,41.7,8.539365
7487,10.2,253.4,4.91,0.014263,,,,5295.0,3.152,1.501,3.617,,,,1.0,0.0,0.0,0.0,7.7,
7490,6.03,32609.2,32.36,0.166402,,,,6195.0,1.781,1.0,3.937,,,,0.0,1.0,0.0,0.0,674.9,1726.6969
7491,14.0841,841897.0,221.55,1.136618,,,,7026.0,1.785,1.36,4.068,,,,0.0,1.0,0.0,0.0,710.9,1259.5651
7492,1.7084,1941.7,180.8,0.351374,,,,11360.0,4.712,3.504,3.636,,,,1.0,0.0,0.0,0.0,45.8,50.83642
7493,5.5924,13857.7,32.56,0.402406,,,,5510.0,0.741,0.822,4.608,,,,0.0,1.0,0.0,0.0,343.5,325.32214
7494,3.5943,2533.7,31.58,0.328641,,,,5783.0,0.88,0.977,4.539,,,,0.0,1.0,0.0,0.0,111.3,114.71242
7495,6.4649,36133.0,16.73,0.176679,,,,5872.0,0.867,0.83,4.481,,,,0.0,1.0,0.0,0.0,310.0,1248.4381
7496,4.4389,465.3,21.3,0.226795,,,,5927.0,0.86,0.944,4.544,,,,0.0,1.0,1.0,1.0,59.5,52.450905
7497,4.11466,69923.0,35.71,0.243325,,,,6208.0,1.344,1.107,4.226,,,,0.0,1.0,0.0,0.0,731.2,5444.6987
7500,22.08,530.4,1.93,0.020742,,,,5421.0,0.852,0.969,4.564,,,,1.0,0.0,1.0,1.0,25.4,15.880621
7502,7.844,645.1,230.33,0.02144,,,,3599.0,98.38,1.688,0.679,,,,0.0,1.0,0.0,0.0,16.4,17.391762
7503,5.45573,499989.0,128.17,0.691241,,,,7426.0,1.698,1.373,4.116,,,,0.0,1.0,0.0,0.0,899.3,5719.617
7504,2.52,,,,,,,,,,,,,,1.0,0.0,0.0,0.0,,52.84276
7505,4.02594,286812.0,61.16,0.583397,,,,5372.0,0.96,0.836,4.396,,,,0.0,1.0,0.0,0.0,1550.9,16794.674
7506,2.1988,96134.0,19.36,0.300955,,,,5022.0,0.589,0.589,4.668,,,,0.0,1.0,0.0,0.0,312.3,3099.3726
7507,3.6347,29236.3,29.32,0.279646,,,,5940.0,0.96,0.904,4.429,,,,0.0,1.0,0.0,0.0,393.9,1499.5348
7511,3.10316,25015.2,28.11,0.218176,,,,6617.0,1.18,1.202,4.373,,,,0.0,1.0,0.0,0.0,584.8,794.98206
7512,4.60837,362327.0,66.06,0.629529,,,,5721.0,0.961,0.956,4.453,,,,0.0,1.0,0.0,0.0,1967.2,17093.107
7513,0.91,,,,,,,,,,,,,,1.0,0.0,0.0,0.0,,53.488964
7515,5.21924,108889.0,32.33,0.299669,,,,5516.0,0.988,0.825,4.364,,,,0.0,1.0,0.0,0.0,1797.6,7242.694
7516,2.0101,19796.0,9.96,0.144714,,,,4483.0,0.63,0.616,4.629,,,,0.0,1.0,1.0,0.0,166.0,891.057
7517,5.4958,9876.3,26.11,0.270214,,,,5388.0,0.885,0.802,4.449,,,,0.0,1.0,1.0,0.0,415.0,776.90173
7518,3.4851,3153.1,22.09,0.11196,,,,6244.0,1.807,1.152,3.986,,,,0.0,1.0,0.0,0.0,427.6,386.6577
7519,5.1339,40110.4,23.34,0.184697,,,,6435.0,1.157,1.186,4.385,,,,0.0,1.0,0.0,0.0,506.4,1638.1337
7520,5.06514,43491.0,37.51,0.223318,,,,6712.0,1.538,1.294,4.174,,,,0.0,1.0,0.0,0.0,4638.1,5860.6807
7521,8.8452,100158.0,33.81,0.358753,,,,5873.0,0.863,0.954,4.547,,,,0.0,1.0,0.0,0.0,616.3,847.60876
7522,8.8577,31778.0,25.56,0.234765,,,,6108.0,0.997,1.072,4.471,,,,0.0,1.0,0.0,1.0,154.7,361.84592
7523,1.225,184.4,1.97,0.012633,,,,6669.0,1.427,1.251,4.224,,,,1.0,0.0,0.0,0.0,6.9,
7524,7.607,1020.0,3.73,0.029258,,,,6299.0,1.167,1.249,4.401,,,,1.0,0.0,0.0,0.0,12.5,
7525,2.5,,,,,,,,,,,,,,1.0,0.0,0.0,0.0,,
7526,6.276,45966.0,44.08,0.265593,,,,6826.0,1.52,1.307,4.187,,,,0.0,1.0,0.0,0.0,34.2,385.94577
7529,16.45,105.4,1.13,0.009528,,,,6003.0,1.085,0.954,4.346,,,,1.0,0.0,0.0,0.0,6.0,
7530,23.85,1056.2,51.47,0.328199,,,,6428.0,1.436,1.049,4.144,,,,0.0,1.0,0.0,0.0,272.8,38.111343
7531,1.7543,12319.1,32.99,0.176052,,,,6384.0,1.716,1.14,4.026,,,,0.0,1.0,0.0,0.0,238.9,1992.975
7532,2.4462,29862.0,145.18,0.412115,,,,7517.0,3.226,1.98,3.717,,,,0.0,1.0,0.0,0.0,86.5,611.1291
7536,2.371,76.4,1.03,0.008179,,,,6188.0,1.155,1.038,4.33,,,,0.0,1.0,1.0,0.0,10.4,8.748803
7538,1.19,501.0,2.29,0.020762,,,,6208.0,1.009,1.072,4.462,,,,1.0,0.0,0.0,0.0,4.7,
7540,2.55435,12978.3,25.33,0.179945,,,,6399.0,1.289,1.246,4.312,,,,0.0,1.0,0.0,0.0,2126.1,2201.4736
7541,2.6002,173007.0,23.96,0.387641,,,,4601.0,0.566,0.559,4.681,,,,0.0,1.0,0.0,0.0,297.2,333.75443
7544,4.5905,74177.0,42.29,0.500312,,,,5654.0,0.774,0.865,4.59,,,,1.0,0.0,0.0,0.0,613.1,840.43097
7545,7.464,9482.0,10.85,0.10354,,,,5812.0,0.96,0.912,4.434,,,,0.0,1.0,1.0,1.0,98.1,313.64734
7546,3.94804,94124.0,29.98,0.282768,,,,5957.0,0.971,1.083,4.498,,,,0.0,1.0,0.0,0.0,1117.0,3800.485
7547,3.3465,38832.0,38.37,0.444182,,,,5761.0,0.791,0.881,4.581,,,,0.0,1.0,0.0,0.0,249.4,2110.4111
7548,4.26585,205698.0,59.2,0.50055,,,,6103.0,1.083,0.987,4.363,,,,0.0,1.0,0.0,0.0,2200.0,10478.589
7549,5.342,334.0,3.47,0.016932,,,,6731.0,1.876,1.42,4.043,,,,1.0,0.0,0.0,0.0,16.6,23.22646
7551,2.52,,,,,,,,,,,,,,1.0,0.0,0.0,0.0,,
7552,3.7294,2373.0,1192.79,0.306008,,,,4289.0,35.695,1.863,1.603,,,,0.0,1.0,1.0,0.0,122.3,405.81424
7553,2.407,1337.2,5.41,0.032713,,,,5254.0,1.514,0.937,4.05,,,,0.0,0.0,0.0,0.0,16.2,18.332762
7554,2.135,1058.4,4.81,0.029092,,,,5254.0,1.514,0.937,4.05,,,,0.0,0.0,0.0,0.0,15.3,18.156115
7555,6.8091,73081.0,21.37,0.245249,,,,5495.0,0.798,0.812,4.543,,,,0.0,1.0,0.0,0.0,350.4,1350.6888
7556,8.419,1657.8,3.23,0.038919,,,,4895.0,0.759,0.817,4.589,,,,0.0,0.0,0.0,0.0,25.9,20.487455
7560,1.2638,244.0,1.22,0.014221,,,,4821.0,0.788,0.765,4.529,,,,0.0,0.0,0.0,0.0,29.5,20.960924
7561,10.539,135.8,1.11,0.011058,,,,5815.0,0.918,0.974,4.5,,,,1.0,0.0,1.0,1.0,17.8,14.571878
7562,1.92,,,,,,,,,,,,,,1.0,0.0,0.0,0.0,,
7564,3.35989,203491.0,28.96,0.425013,,,,4947.0,0.624,0.614,4.636,,,,0.0,1.0,0.0,0.0,1284.0,9107.342
7565,7.5348,2672.9,4.13,0.046587,,,,5478.0,0.812,0.906,4.573,,,,0.0,1.0,1.0,1.0,70.1,456.50208
7566,4.89701,85995.2,45.87,0.27895,,,,6297.0,1.506,1.18,4.155,,,,0.0,1.0,0.0,0.0,7878.0,11636.365
7567,8.098,2750.0,35.54,0.326094,,,,5763.0,0.998,1.107,4.484,,,,0.0,1.0,1.0,1.0,92.8,107.227135
7568,1.6107,3026.0,23.51,0.362481,,,,5008.0,0.594,0.592,4.663,,,,0.0,1.0,0.0,0.0,35.9,28.37828
7571,2.9526,9520.1,42.27,0.392589,,,,5993.0,0.986,1.093,4.489,,,,0.0,1.0,1.0,0.0,168.0,255.40018
7576,3.981,236.2,1.94,0.014234,,,,6443.0,1.248,1.198,4.325,,,,1.0,0.0,0.0,0.0,7.8,
7577,4.013,88.5,1.07,0.009123,,,,5899.0,1.07,0.979,4.37,,,,0.0,0.0,1.0,1.0,21.0,12.690968
7578,1.56,,,,,,,,,,,,,,1.0,0.0,0.0,0.0,,
7579,7.08365,314928.0,64.15,0.608805,,,,6074.0,0.965,0.992,4.466,,,,0.0,1.0,0.0,0.0,3069.4,16876.35
7582,11.94,292.2,2.57,0.018261,,,,6115.0,1.291,1.077,4.249,,,,0.0,0.0,0.0,0.0,21.1,16.111782
7588,3.493,1917.9,2.38,0.038688,,,,3891.0,0.564,0.605,4.718,,,,0.0,0.0,0.0,0.0,22.7,16.18784
7589,3.82224,34565.1,45.92,0.353651,,,,6385.0,1.189,1.062,4.316,,,,0.0,1.0,0.0,0.0,635.5,2449.7307
7590,3.82353,80226.0,26.15,0.264897,,,,5796.0,0.904,0.885,4.472,,,,0.0,1.0,0.0,0.0,759.1,2409.2993
7591,3.3828,23268.7,39.04,0.143473,,,,9696.0,2.492,2.444,4.033,,,,0.0,1.0,0.0,0.0,511.7,571.6555
7592,3.0646,2063.6,426.98,0.30313,,,,4822.0,12.899,2.785,2.662,,,,0.0,1.0,0.0,0.0,163.9,63.973824
7593,9.363,966.7,18.39,0.258652,,,,4852.0,0.651,0.634,4.613,,,,1.0,0.0,1.0,0.0,92.1,10.047079
7594,2.771,154870.0,52.0,0.439667,,,,5949.0,1.083,0.876,4.311,,,,0.0,1.0,0.0,0.0,1041.8,13815.108
7595,2.7233,59095.0,164.61,1.4851,,,,6372.0,1.015,1.066,4.453,,,,0.0,1.0,0.0,0.0,515.5,838.71173
7597,8.45037,44315.3,17.09,0.194457,,,,5899.0,0.805,0.889,4.574,,,,0.0,1.0,0.0,0.0,2019.7,1800.4244
7599,1.936,2560.0,7.27,0.096073,,,,5350.0,0.693,0.663,4.578,,,,0.0,1.0,1.0,0.0,2.6,147.19641
7600,2.876,5915.0,21.68,0.115642,,,,7301.0,1.717,1.384,4.11,,,,0.0,1.0,0.0,0.0,15.8,107.57253
7601,3.64,,,,,,,,,,,,,,1.0,0.0,0.0,0.0,,
7604,1.206,37.1,1.04,0.005708,,,,7193.0,1.671,1.46,4.156,,,,0.0,0.0,1.0,0.0,15.9,10.398751
7606,4.49,1661.7,2.25,0.03659,,,,3891.0,0.564,0.605,4.718,,,,0.0,0.0,0.0,0.0,18.6,12.787113
7610,3.042,503.5,8.02,0.142852,,,,3729.0,0.514,0.52,4.733,,,,0.0,0.0,1.0,0.0,10.8,8.314332
7612,2.373,147.7,1.0,0.011217,,,,5413.0,0.82,0.931,4.579,,,,0.0,0.0,0.0,0.0,12.3,10.144701
7617,3.699,5259.0,69.44,0.364388,,,,5893.0,1.745,0.979,3.945,,,,0.0,1.0,0.0,0.0,56.6,408.60593
7619,2.9845,14608.0,9.55,0.132887,,,,4608.0,0.658,0.73,4.648,,,,0.0,1.0,0.0,0.0,86.7,732.3129
7620,21.4259,467860.0,71.61,0.683762,,,,5999.0,0.959,1.045,4.494,,,,0.0,1.0,0.0,0.0,1365.9,11276.919
7621,6.9616,4325.0,36.96,0.360084,,,,5910.0,0.94,1.032,4.505,,,,0.0,1.0,1.0,0.0,171.3,188.76498
7623,4.94674,56841.0,50.78,0.224521,,,,7249.0,2.071,1.537,3.993,,,,0.0,1.0,0.0,0.0,4146.7,10491.035
7624,4.9153,171132.0,40.94,0.379057,,,,5720.0,0.989,0.912,4.407,,,,0.0,1.0,0.0,0.0,338.2,3223.9841
7626,5.733,5.9,0.54,0.002284,,,,7589.0,2.169,1.809,4.023,,,,0.0,0.0,0.0,1.0,16.3,7.4731584
7627,10.85,31.2,1.28,0.005888,,,,7608.0,1.991,1.738,4.08,,,,1.0,0.0,0.0,0.0,8.6,
7628,3.286,136.0,39.06,0.222735,,,,6144.0,1.606,1.14,4.083,,,,0.0,1.0,0.0,0.0,18.1,12.879899
7629,13.02,120.3,1.59,0.016734,,,,5971.0,0.868,0.898,4.514,,,,1.0,0.0,0.0,0.0,10.4,
7630,4.85,,,,,,,,,,,,,,1.0,0.0,0.0,0.0,,
7631,5.54,38.4,1.32,0.005744,,,,5424.0,2.11,1.11,3.832,,,,1.0,0.0,0.0,0.0,3.0,
7632,5.86,17.1,0.91,0.003795,,,,6003.0,2.193,1.173,3.825,,,,1.0,0.0,0.0,0.0,8.1,
7633,7.94066,186528.0,61.52,0.544292,,,,6095.0,1.035,1.041,4.427,,,,0.0,1.0,0.0,0.0,5388.3,
7634,5.281,15.0,1.0,0.003731,,,,10346.0,2.449,2.609,4.077,,,,1.0,0.0,0.0,0.0,32.9,9.994092
7635,9.259,92.8,3.17,0.00902,,,,9030.0,3.218,2.505,3.822,,,,1.0,0.0,0.0,0.0,11.6,
7636,9.23,62.5,2.36,0.007525,,,,8914.0,2.867,2.357,3.896,,,,1.0,0.0,0.0,0.0,10.6,
7637,1.37,98.2,3.02,0.012163,,,,6362.0,2.27,1.36,3.858,,,,1.0,0.0,0.0,0.0,6.9,
7638,22.346,408.5,115.4,0.379729,,,,7682.0,2.783,1.949,3.838,,,,1.0,0.0,0.0,0.0,32.1,
7639,2.741,57.8,0.78,0.007177,,,,5780.0,1.0,1.0,4.438,,,,0.0,0.0,1.0,0.0,13.2,8.53183
7640,9.94,41.2,0.83,0.005943,,,,6070.0,1.277,0.778,4.117,,,,1.0,0.0,0.0,0.0,5.7,
7642,12.84,576.7,30.29,0.152586,,,,7296.0,1.818,1.526,4.103,,,,1.0,0.0,0.0,0.0,19.9,
7643,1.689,24.4,0.48,0.004495,,,,5689.0,0.976,0.918,4.422,,,,0.0,0.0,1.0,0.0,9.3,10.425457
7644,5.549,34.9,1.34,0.007279,,,,7076.0,1.691,1.467,4.147,,,,1.0,0.0,0.0,0.0,30.4,8.4416685
7645,1.127,28.6,1.14,0.00515,,,,9456.0,2.022,2.213,4.172,,,,0.0,0.0,1.0,0.0,14.8,9.095842
7646,9.03,,,,,,,,,,,,,,1.0,0.0,0.0,0.0,,
7647,4.487,63.9,0.98,0.007559,,,,6745.0,1.182,1.174,4.361,,,,1.0,0.0,0.0,0.0,6.7,
7648,8.989,56.3,0.92,0.006883,,,,6181.0,1.227,1.044,4.279,,,,1.0,0.0,0.0,0.0,8.9,
7649,10.78,,,,,,,,,,,,,,1.0,0.0,0.0,0.0,,
7650,2.513,293.9,23.04,0.254797,,,,5797.0,0.828,0.916,4.563,,,,0.0,0.0,1.0,1.0,12.3,11.441388
7651,11.874,465.5,2.21,0.019987,,,,6295.0,1.014,1.073,4.456,,,,0.0,0.0,1.0,0.0,14.7,
7652,3.762,2388.2,24.76,0.340387,,,,5182.0,0.666,0.646,4.601,,,,0.0,1.0,1.0,0.0,32.2,46.379704
7653,5.149,367.7,1.99,0.01754,,,,5868.0,1.037,0.978,4.397,,,,0.0,0.0,1.0,0.0,14.2,
7655,5.8043,104599.0,54.58,0.499783,,,,5780.0,1.0,1.0,4.438,,,,0.0,1.0,1.0,1.0,97.3,142.66794
7656,6.01,591.0,2.14,0.023873,,,,5504.0,0.819,0.918,4.572,,,,1.0,0.0,0.0,0.0,5.4,
7657,15.23,678.2,2.08,0.023523,,,,5381.0,0.811,0.903,4.575,,,,1.0,0.0,0.0,0.0,11.1,
7658,11.942,498.7,3.37,0.025738,,,,5970.0,1.2,1.089,4.317,,,,0.0,0.0,0.0,0.0,24.4,18.204784
7659,2.28163,332340.0,235.58,0.601921,,,,4884.0,3.584,0.891,3.279,,,,1.0,0.0,0.0,0.0,573.2,2483.3396
7660,15.869,1114.6,22.78,0.303216,,,,5333.0,0.688,0.74,4.633,,,,1.0,0.0,1.0,0.0,58.1,
7661,16.1723,372425.0,61.58,0.563899,,,,5780.0,1.0,1.0,4.438,,,,0.0,1.0,0.0,0.0,280.6,2454.2456
7662,63.196,8772.9,5.01,0.087107,,,,4040.0,0.527,0.525,4.714,,,,0.0,1.0,0.0,0.0,200.6,55.1036
7663,5.404,878.3,1.67,0.026364,,,,4260.0,0.58,0.565,4.663,,,,0.0,0.0,1.0,1.0,18.7,15.309192
7665,9.331,270.2,3.04,0.019208,,,,5592.0,1.451,1.0,4.115,,,,0.0,0.0,0.0,0.0,12.9,11.244823
7666,24.3711,94008.0,59.07,0.289251,,,,9341.0,1.87,2.128,4.222,,,,1.0,0.0,0.0,0.0,576.6,129.59291
7667,1.43,1112.0,27.81,0.169655,,,,6911.0,1.501,0.897,4.038,,,,0.0,1.0,0.0,0.0,9.7,34.07148
7668,14.48,55654.0,35.89,0.218937,,,,6911.0,1.501,0.897,4.038,,,,0.0,1.0,0.0,0.0,112.3,282.77557
7670,5.045,61867.0,24.3,0.24559,,,,5984.0,0.906,0.993,4.521,,,,0.0,1.0,0.0,0.0,700.5,2587.2346
7671,9.251,223.2,126.77,0.194448,,,,6715.0,5.97,2.114,3.211,,,,1.0,0.0,0.0,1.0,63.4,9.473499
7672,2.58667,278086.0,36.01,0.575498,,,,4789.0,0.573,0.571,4.678,,,,0.0,1.0,0.0,0.0,1228.9,16605.479
7673,7.79748,48374.6,61.35,0.203914,,,,6300.0,2.755,1.223,3.646,,,,0.0,1.0,0.0,0.0,5156.6,5343.073
7674,6.5974,121807.0,44.48,0.50282,,,,5616.0,0.81,0.905,4.574,,,,1.0,0.0,0.0,0.0,2541.2,3781.766
7675,3.024,174.0,1.16,0.012164,,,,5649.0,0.875,0.787,4.45,,,,0.0,0.0,1.0,0.0,7.9,7.3192124
7676,2.3544,1684.2,6.96,0.037816,,,,6180.0,1.686,1.053,4.007,,,,0.0,1.0,0.0,0.0,112.8,358.12863
7679,7.06068,278997.0,63.78,0.584086,,,,5722.0,1.0,1.037,4.454,,,,0.0,1.0,0.0,0.0,2389.2,5312.4517
7680,3.9753,92.2,1.01,0.008907,,,,6197.0,1.035,1.096,4.449,,,,0.0,1.0,1.0,0.0,3.6,10.793255
7681,1.421,185.1,1.38,0.012745,,,,6153.0,0.993,1.065,4.471,,,,0.0,0.0,1.0,0.0,8.9,8.018877
7682,2.64151,253683.0,47.63,0.499618,,,,6205.0,0.873,0.948,4.534,,,,0.0,1.0,0.0,0.0,643.6,6061.718
7683,2.54242,157754.0,40.61,0.520137,,,,5067.0,0.715,0.686,4.565,,,,0.0,1.0,0.0,0.0,514.4,11568.972
7685,4.73495,45399.6,32.48,0.19721,,,,6269.0,1.508,1.065,4.109,,,,0.0,1.0,0.0,0.0,4313.4,6392.967
7686,11.13,,,,,,,,,,,,,,1.0,0.0,0.0,0.0,,9.792963
7687,1.84,80.9,0.77,0.008318,,,,5672.0,0.853,0.742,4.447,,,,0.0,0.0,0.0,1.0,9.9,11.808661
7688,3.416,62.3,0.84,0.007321,,,,6221.0,1.05,1.008,4.4,,,,1.0,0.0,0.0,0.0,8.1,7.4262424
7691,8.73393,378548.0,48.72,0.590973,,,,5938.0,0.755,0.844,4.605,,,,0.0,1.0,0.0,0.0,2624.6,20355.152
7693,2.08375,178470.0,14.72,0.386166,,,,3520.0,0.349,0.358,4.906,,,,0.0,1.0,0.0,0.0,502.0,3452.277
7694,5.32062,121991.0,44.29,0.491022,,,,5973.0,0.826,0.907,4.562,,,,0.0,1.0,0.0,0.0,2541.7,3967.1553
7695,14.0996,221205.0,55.0,0.431208,,,,5657.0,1.168,0.846,4.23,,,,0.0,1.0,0.0,0.0,2648.4,16099.348
7696,4.90392,155614.0,60.35,0.429764,,,,6350.0,1.286,1.03,4.233,,,,0.0,1.0,0.0,0.0,5497.0,13901.998
7697,3.85011,48673.6,72.76,0.45386,,,,6367.0,1.468,1.066,4.133,,,,0.0,1.0,0.0,0.0,3062.6,9399.8545
7698,4.295,65832.8,46.72,0.468628,,,,5926.0,0.913,1.004,4.519,,,,0.0,1.0,0.0,0.0,1053.1,1880.2516
7699,3.59854,10088.0,30.11,0.391049,,,,5185.0,0.705,0.673,4.571,,,,0.0,1.0,0.0,0.0,585.4,580.1726
7701,5.01919,315131.0,50.46,0.605584,,,,5623.0,0.763,0.853,4.596,,,,0.0,1.0,0.0,0.0,3786.7,32753.13
7702,2.14715,2707.8,129.93,0.338588,,,,6587.0,3.514,1.53,3.531,,,,0.0,1.0,0.0,0.0,504.1,593.68713
7703,7.53677,341973.0,53.87,0.615142,,,,5256.0,0.802,0.745,4.502,,,,0.0,1.0,0.0,0.0,2957.7,12528.959
7704,7.638,66.1,0.62,0.007496,,,,5525.0,0.753,0.843,4.603,,,,0.0,0.0,0.0,1.0,18.2,9.527407
7705,11.5917,522879.0,232.39,0.693192,,,,8117.0,3.07,1.922,3.748,,,,0.0,1.0,0.0,0.0,1487.2,3443.7498
7706,11.4071,70781.0,159.34,0.475282,,,,8117.0,3.07,1.922,3.748,,,,0.0,1.0,0.0,0.0,283.7,403.76572
7707,11.5142,394232.0,93.94,1.323478,,,,5191.0,0.65,0.635,4.615,,,,0.0,1.0,0.0,0.0,3458.3,8702.419
7709,1.477,53.5,2.48,0.006735,,,,5742.0,3.374,1.378,3.521,,,,0.0,0.0,0.0,1.0,10.1,8.412362
7710,1.97644,308504.0,51.1,1.010664,,,,4399.0,0.463,0.48,4.788,,,,1.0,0.0,0.0,0.0,808.3,8782.887
7712,3.0271,49833.0,40.15,0.291345,,,,5826.0,1.262,1.091,4.273,,,,0.0,1.0,0.0,0.0,351.1,7721.653
7713,6.881,20.0,0.97,0.004374,,,,7331.0,2.041,1.668,4.041,,,,1.0,0.0,0.0,0.0,24.3,10.076053
7714,4.34296,120272.0,56.15,0.501167,,,,6033.0,1.026,0.961,4.398,,,,0.0,1.0,0.0,0.0,502.0,13952.613
7715,2.208,302.0,1.4,0.015824,,,,5593.0,0.812,0.723,4.478,,,,1.0,0.0,0.0,0.0,5.9,7.6205
7716,1.79962,190191.0,30.8,0.536261,,,,4627.0,0.526,0.53,4.721,,,,0.0,1.0,0.0,0.0,1049.3,3594.6064
7717,3.87956,53075.2,58.77,0.460769,,,,6154.0,1.168,1.247,4.399,,,,0.0,1.0,0.0,0.0,602.3,7656.48
7718,4.7847,126975.0,108.33,0.516428,,,,7652.0,1.921,1.707,4.104,,,,0.0,1.0,0.0,0.0,472.8,31448.91
7720,4.32742,124933.0,62.08,0.626114,,,,5970.0,0.908,0.996,4.521,,,,0.0,1.0,0.0,0.0,2025.7,5191.9297
7721,1.17,127.3,21.22,0.010249,,,,5283.0,18.959,2.948,2.352,,,,0.0,0.0,1.0,0.0,8.3,20.868204
7722,2.84685,29838.9,36.91,0.425743,,,,6018.0,0.794,0.853,4.569,,,,0.0,1.0,0.0,0.0,443.6,3564.7332
7723,3.72527,375343.0,70.52,0.616794,,,,6065.0,1.047,0.954,4.377,,,,0.0,1.0,0.0,0.0,1737.7,16859.463
7724,2.45699,35756.4,43.45,0.50044,,,,5419.0,0.795,0.885,4.581,,,,0.0,1.0,0.0,0.0,445.3,773.0808
7725,5.7219,150682.0,35.62,0.396857,,,,5391.0,0.822,0.854,4.539,,,,0.0,1.0,0.0,0.0,489.6,7268.926
7726,2.66475,76162.0,37.64,0.277757,,,,6440.0,1.241,1.153,4.313,,,,0.0,1.0,0.0,0.0,1150.7,6111.0522
7727,21.1764,352808.0,42.91,0.548107,,,,5260.0,0.717,0.68,4.56,,,,0.0,1.0,0.0,0.0,1834.5,9825.477
7730,1.772,92.5,0.68,0.009047,,,,5367.0,0.687,0.757,4.639,,,,1.0,0.0,1.0,0.0,14.0,9.257696
7731,2.4864,224.7,18.2,0.188743,,,,5977.0,0.883,0.929,4.514,,,,1.0,0.0,1.0,0.0,40.2,11.749644
7733,1.9,85.5,0.69,0.008449,,,,5216.0,0.751,0.755,4.564,,,,0.0,0.0,1.0,0.0,8.8,8.005492
7736,1.0597,46.1,1.16,0.006706,,,,6514.0,1.585,1.127,4.09,,,,0.0,0.0,0.0,1.0,15.9,9.910051
7738,6.001,528.9,2.06,0.021938,,,,5591.0,0.86,0.977,4.559,,,,0.0,0.0,0.0,1.0,10.5,8.979768
7739,3.799,60.9,0.66,0.007058,,,,5582.0,0.85,0.937,4.551,,,,0.0,0.0,0.0,1.0,9.6,9.167092
7740,15.9897,399167.0,123.34,0.653253,,,,6569.0,1.729,1.11,4.008,,,,1.0,0.0,0.0,0.0,915.3,4108.7007
7742,7.63621,96480.3,93.29,0.490678,,,,6011.0,1.741,1.1,3.998,,,,0.0,1.0,0.0,0.0,4403.8,7443.9375
7743,2.851,27.1,0.58,0.004806,,,,6428.0,1.109,0.992,4.345,,,,0.0,1.0,0.0,0.0,11.7,7.3173795
7745,4.03833,69414.0,45.85,0.466485,,,,6024.0,0.9,0.985,4.523,,,,0.0,1.0,0.0,0.0,1186.0,5342.1294
7746,5.315,62.9,5.86,0.007309,,,,6286.0,7.342,2.233,3.056,,,,1.0,0.0,0.0,0.0,16.0,10.178919
7747,14.41,83.5,1.26,0.010126,,,,6594.0,1.138,1.158,4.39,,,,1.0,0.0,0.0,0.0,14.1,7.236802
7748,3.2605,4184.6,36.25,0.373854,,,,5929.0,0.888,0.867,4.479,,,,0.0,1.0,1.0,0.0,82.6,500.239
7749,18.534,421.3,95.86,0.22878,,,,6564.0,3.837,1.757,3.515,,,,1.0,0.0,0.0,0.0,102.3,11.520877
7750,12.62,289.9,4.25,0.022179,,,,6877.0,1.753,1.196,4.028,,,,1.0,0.0,0.0,0.0,27.2,7.2290244
7751,7.847,31.9,1.94,0.007366,,,,6028.0,2.412,1.122,3.724,,,,1.0,0.0,0.0,0.0,12.5,7.8120313
7752,2.6494,41142.0,64.99,0.441483,,,,5433.0,1.348,0.944,4.154,,,,0.0,1.0,0.0,1.0,339.5,905.40314
7753,0.1046,283.3,3.27,0.019633,,,,6333.0,1.523,1.338,4.198,,,,1.0,0.0,0.0,0.0,4.7,7.195924
7754,5.3012,237595.0,51.89,0.573221,,,,5569.0,0.829,0.928,4.566,,,,0.0,1.0,0.0,0.0,3164.4,25761.838
7755,1.8478,4759.6,26.71,0.34891,,,,4963.0,0.701,0.781,4.63,,,,0.0,1.0,1.0,0.0,181.3,343.8974
7756,3.5521,230736.0,47.49,0.601527,,,,5622.0,0.723,0.803,4.619,,,,0.0,1.0,0.0,0.0,1111.9,15494.061
7757,5.07999,222364.0,90.67,0.559159,,,,5993.0,1.485,1.046,4.114,,,,0.0,1.0,0.0,0.0,4456.6,11564.339
7758,10.287,502.5,12.35,0.027019,,,,6681.0,4.185,1.866,3.465,,,,1.0,0.0,0.0,0.0,21.6,10.227767
7760,5.48853,236718.0,34.94,0.569347,,,,3977.0,0.562,0.572,4.697,,,,0.0,1.0,0.0,0.0,2907.6,6626.6484
7761,10.32,54.4,31.28,0.136014,,,,6831.0,2.106,1.511,3.971,,,,1.0,0.0,0.0,0.0,15.8,9.453849
7762,4.19,581.4,14.63,0.021516,,,,4992.0,6.226,1.179,2.921,,,,1.0,0.0,0.0,0.0,10.9,7.1754837
7763,3.57993,333641.0,64.84,0.617872,,,,5446.0,0.961,0.825,4.388,,,,0.0,1.0,0.0,0.0,713.8,15106.515
7766,5.90232,349695.0,75.09,0.565488,,,,6818.0,1.216,1.24,4.357,,,,0.0,1.0,0.0,0.0,8168.6,20670.848
7768,3.723,13.7,0.35,0.003442,,,,5922.0,0.921,0.881,4.454,,,,0.0,1.0,0.0,0.0,9.0,7.9041343
7769,13.4919,280751.0,83.75,0.569395,,,,6674.0,1.347,1.284,4.286,,,,0.0,1.0,0.0,0.0,2583.7,15425.731
7770,15.76,,,,,,,,,,,,,,1.0,0.0,0.0,0.0,,8.967848
7771,4.62417,58790.4,52.66,0.464111,,,,5857.0,1.039,0.981,4.396,,,,0.0,1.0,0.0,0.0,1599.1,5104.599
7772,9.8,246.4,3.35,0.014984,,,,6295.0,2.049,1.237,3.907,,,,1.0,0.0,0.0,0.0,9.8,8.195831
7773,3.9377,6084.6,51.6,0.376799,,,,5953.0,1.254,0.831,4.161,,,,0.0,1.0,1.0,0.0,258.1,1225.7109
7774,4.11779,140584.0,69.11,0.49952,,,,6011.0,1.267,0.966,4.217,,,,0.0,1.0,1.0,0.0,1589.6,16096.433
7775,1.0114,139.9,14.74,0.010813,,,,4994.0,12.487,2.731,2.682,,,,1.0,0.0,1.0,0.0,19.2,11.277555
7776,2.883,221.0,1.0,0.013335,,,,5017.0,0.688,0.663,4.585,,,,1.0,0.0,0.0,0.0,7.4,7.7047367
7777,13.01,307.1,3.7,0.016903,,,,5258.0,2.004,0.864,3.771,,,,1.0,0.0,0.0,0.0,11.1,7.2363176
7778,8.3777,238224.0,50.0,0.500443,,,,6126.0,0.915,0.994,4.513,,,,0.0,1.0,0.0,0.0,156.8,5966.992
7779,4.05376,77323.6,43.98,0.477765,,,,5873.0,0.843,0.93,4.554,,,,1.0,0.0,0.0,0.0,976.0,6199.2515
7780,6.9719,217538.0,30.13,0.424455,,,,5030.0,0.65,0.717,4.665,,,,0.0,1.0,0.0,0.0,268.7,4912.5977
7781,48.69,115.8,16.17,0.147908,,,,5515.0,1.001,0.831,4.357,,,,0.0,1.0,0.0,0.0,36.1,14.326993
7782,5.59653,296478.0,51.51,0.513326,,,,6099.0,0.919,1.0,4.511,,,,0.0,1.0,0.0,0.0,6979.7,14686.157
7783,5.94104,130083.0,40.08,0.335823,,,,6284.0,1.093,0.986,4.355,,,,0.0,1.0,0.0,0.0,5131.4,14726.335
7784,10.0915,359086.0,62.75,0.626615,,,,5623.0,0.917,0.77,4.4,,,,0.0,1.0,0.0,0.0,2415.6,12874.616
7785,8.0666,132864.0,23.94,0.373543,,,,5030.0,0.587,0.587,4.67,,,,0.0,1.0,0.0,0.0,312.5,4202.9165
7786,3.16757,71631.0,47.55,0.471271,,,,5622.0,0.924,0.864,4.443,,,,0.0,1.0,0.0,0.0,563.9,3174.9177
7787,2.79,461.0,31.78,0.018956,,,,4840.0,15.355,3.121,2.56,,,,0.0,0.0,1.0,0.0,23.5,15.072552
7789,2.539,42.7,1.58,0.006638,,,,6596.0,2.176,1.415,3.913,,,,1.0,0.0,0.0,0.0,15.4,9.142647
7790,1.2082,54.9,0.69,0.006914,,,,5381.0,0.911,0.806,4.426,,,,0.0,1.0,1.0,1.0,16.8,14.339321
7791,4.9442,4143.4,5.35,0.070473,,,,5220.0,0.695,0.665,4.578,,,,0.0,1.0,1.0,0.0,79.8,181.69836
7793,9.7746,357470.0,76.06,0.630297,,,,6522.0,1.105,1.135,4.407,,,,0.0,1.0,0.0,0.0,3813.5,22832.904
7794,7.77203,120206.0,54.13,0.322717,,,,6109.0,1.536,1.076,4.097,,,,0.0,1.0,0.0,0.0,8251.5,12819.482
7795,4.37027,165034.0,120.0,0.524793,,,,7742.0,2.094,1.687,4.024,,,,0.0,1.0,0.0,0.0,1071.6,21201.256
7796,2.655,78.9,0.47,0.00794,,,,3931.0,0.544,0.564,4.717,,,,0.0,0.0,0.0,1.0,8.5,7.4616175
7797,5.36124,97123.4,42.54,0.340794,,,,6425.0,1.143,1.04,4.341,,,,0.0,1.0,0.0,0.0,1587.6,6211.1597
7798,1.0,,,,,,,,,,,,,,1.0,0.0,0.0,0.0,,8.255654
7799,3.301,19.3,0.54,0.004151,,,,6056.0,1.196,0.975,4.271,,,,0.0,0.0,1.0,1.0,9.8,8.795994
7801,3.654,298.8,1.4,0.017495,,,,5602.0,0.732,0.832,4.614,,,,0.0,0.0,1.0,0.0,10.7,9.662641
7802,1.6393,34957.0,31.98,0.452671,,,,5110.0,0.647,0.632,4.618,,,,1.0,0.0,0.0,0.0,79.8,48.65337
7803,4.36387,118355.0,56.94,0.319873,,,,5870.0,1.63,0.775,3.903,,,,0.0,1.0,0.0,0.0,4696.8,7447.298
7804,10.0879,358575.0,86.76,0.571184,,,,6773.0,1.391,1.427,4.306,,,,0.0,1.0,0.0,0.0,3017.9,48732.562
7805,22.106,338.1,4.66,0.023224,,,,6917.0,1.837,1.383,4.05,,,,1.0,0.0,0.0,0.0,27.0,7.791055
7806,7.28274,317670.0,52.38,0.561719,,,,5644.0,0.854,0.943,4.55,,,,0.0,1.0,0.0,0.0,6707.7,12087.34
7807,2.01,,,,,,,,,,,,,,1.0,0.0,0.0,0.0,,8.896677
7808,5.73122,82601.4,53.53,0.482449,,,,6095.0,1.016,0.9,4.378,,,,0.0,1.0,0.0,0.0,2768.6,4422.4136
7809,16.5797,2477.0,14.32,0.060438,,,,7094.0,2.17,1.379,3.905,,,,0.0,1.0,0.0,0.0,304.0,46.47178
7812,3.41062,269847.0,57.6,0.554622,,,,6116.0,0.951,0.888,4.431,,,,0.0,1.0,0.0,0.0,1575.9,20417.725
7813,3.069,60.0,8.61,0.051553,,,,6850.0,1.53,1.35,4.196,,,,0.0,0.0,0.0,1.0,8.8,11.837865
7815,7.8377,104242.0,152.74,0.498842,,,,7216.0,2.804,1.682,3.768,,,,0.0,1.0,0.0,0.0,175.7,399.30194
7817,3.682,106.5,34.87,0.00954,,,,4297.0,33.474,1.883,1.663,,,,1.0,0.0,0.0,0.0,14.3,49.580254
7820,4.563,4946.0,7.1,0.075359,,,,5873.0,0.863,0.954,4.547,,,,1.0,1.0,0.0,0.0,34.3,32.636223
7821,4.013,1530.0,4.69,0.043088,,,,6108.0,0.997,1.072,4.471,,,,1.0,1.0,1.0,1.0,11.6,12.845109
7822,4.393,317.6,153.72,0.039437,,,,4289.0,35.695,1.863,1.603,,,,0.0,1.0,0.0,0.0,7.1,16.037567
7823,4.73492,76412.9,36.62,0.47764,,,,5951.0,0.702,0.796,4.638,,,,0.0,1.0,0.0,0.0,1797.4,3704.5034
7825,2.67349,59429.0,29.74,0.297295,,,,5896.0,0.916,1.008,4.518,,,,0.0,1.0,0.0,0.0,394.4,1560.35
7826,1.67,,,,,,,,,,,,,,1.0,0.0,0.0,0.0,,7.376212
7827,5.1822,9662.2,22.89,0.388134,,,,4831.0,0.54,0.548,4.713,,,,0.0,1.0,0.0,0.0,151.8,165.07071
7828,5.43677,42548.8,42.72,0.446583,,,,5774.0,0.876,0.903,4.508,,,,0.0,1.0,1.0,0.0,942.6,1558.1451
7829,1.4145,5995.4,50.41,0.388885,,,,6140.0,1.187,0.899,4.243,,,,0.0,1.0,0.0,0.0,231.8,443.6691
7830,7.25775,38851.4,41.77,0.183373,,,,6100.0,2.086,1.244,3.895,,,,0.0,1.0,0.0,0.0,2390.4,5434.5547
7831,3.76585,337545.0,41.01,0.612716,,,,4867.0,0.613,0.665,4.687,,,,0.0,1.0,0.0,0.0,850.4,4319.8896
7833,11.4007,205866.0,95.58,0.427376,,,,6468.0,2.048,1.196,3.893,,,,0.0,1.0,0.0,0.0,3150.9,13503.378
7834,1.86,,,,,,,,,,,,,,1.0,0.0,0.0,0.0,,8.693157
7835,2.8029,408767.0,32.58,0.657162,,,,4239.0,0.454,0.466,4.793,,,,0.0,1.0,0.0,0.0,997.7,20016.305
7836,4.58,,,,,,,,,,,,,,1.0,0.0,0.0,0.0,,12.740726
7837,56.84,129.7,32.41,0.317724,,,,5956.0,0.934,1.017,4.504,,,,1.0,0.0,0.0,0.0,24.1,8.377711
7838,5.67,,,,,,,,,,,,,,1.0,0.0,0.0,0.0,,13.514008
7839,1.0713,743.6,12.6,0.036768,,,,6429.0,3.137,1.479,3.615,,,,0.0,1.0,1.0,0.0,182.9,44.47429
7840,8.689,38.4,1.76,0.006,,,,9451.0,2.679,2.441,3.97,,,,1.0,0.0,0.0,0.0,16.0,9.385214
7841,4.54864,293717.0,46.55,0.593703,,,,5519.0,0.718,0.811,4.621,,,,0.0,1.0,0.0,0.0,590.7,12307.685
7842,27.29,166.8,64.0,0.221012,,,,6541.0,2.652,1.519,3.773,,,,1.0,0.0,0.0,0.0,79.5,11.254124
7844,1.249,70.4,0.78,0.007834,,,,6075.0,0.909,0.957,4.501,,,,0.0,1.0,1.0,1.0,11.1,8.966737
7845,1.0,110.4,0.76,0.009434,,,,4949.0,0.741,0.715,4.552,,,,0.0,0.0,1.0,1.0,12.1,9.963305
7846,4.9939,149304.0,56.93,0.388484,,,,6785.0,1.342,1.374,4.321,,,,0.0,1.0,0.0,0.0,174.5,2790.9436
7847,3.85009,137295.0,80.87,0.488817,,,,6271.0,1.515,1.261,4.178,,,,0.0,1.0,0.0,0.0,1666.6,7476.891
7849,2.394,13.5,0.68,0.003675,,,,8847.0,1.685,1.643,4.2,,,,0.0,1.0,1.0,0.0,7.8,16.560652
7850,4.523,48.0,0.7,0.006797,,,,6100.0,0.94,0.883,4.438,,,,0.0,0.0,1.0,0.0,8.5,7.962308
7851,2.2865,57.7,1.84,0.007109,,,,6224.0,2.368,1.337,3.815,,,,0.0,1.0,0.0,1.0,38.8,13.154512
7852,0.993,23.5,1.22,0.004549,,,,6280.0,2.449,1.366,3.795,,,,0.0,1.0,1.0,0.0,9.0,7.7939034
7853,9.55999,63501.9,49.17,0.245783,,,,9454.0,1.832,2.144,4.244,,,,1.0,0.0,0.0,0.0,4419.3,4749.86
7854,5.8262,209006.0,40.9,0.431542,,,,5704.0,0.868,0.822,4.476,,,,0.0,1.0,0.0,0.0,2807.8,7646.191
7856,8.0331,154381.0,100.79,0.519997,,,,7128.0,1.775,1.461,4.105,,,,0.0,1.0,0.0,0.0,583.6,1806.0754
7859,3.251,185.7,18.1,0.012142,,,,4820.0,13.654,2.009,2.471,,,,0.0,0.0,1.0,1.0,10.9,10.04428
7860,1.11196,375227.0,366.76,13.434557,,,,3354.0,0.25,0.245,5.031,,,,0.0,1.0,0.0,0.0,222.8,2272.7131
7861,8.82403,308873.0,94.1,0.607287,,,,6894.0,1.419,1.317,4.25,,,,0.0,1.0,0.0,0.0,3602.0,13456.09
7863,3.57105,277001.0,48.67,0.589555,,,,5591.0,0.756,0.812,4.59,,,,1.0,0.0,0.0,0.0,893.6,10011.819
7864,10.405,451.0,140.49,0.870432,,,,6640.0,1.478,1.291,4.208,,,,1.0,0.0,0.0,0.0,20.8,10.168651
7866,5.8097,497657.0,131.16,0.687126,,,,6919.0,1.748,1.406,4.099,,,,1.0,0.0,0.0,1.0,711.8,890.72577
7867,4.4135,9568.3,8.78,0.102661,,,,5629.0,0.783,0.875,4.586,,,,1.0,0.0,0.0,1.0,153.3,604.4801
7868,2.7,,,,,,,,,,,,,,1.0,0.0,0.0,0.0,,10.023202
7869,3.5342,399778.0,57.14,0.648402,,,,5284.0,0.807,0.783,4.518,,,,0.0,1.0,0.0,0.0,445.6,11471.744
7870,5.56983,300506.0,93.46,0.892422,,,,6089.0,0.959,0.942,4.449,,,,0.0,1.0,0.0,0.0,5606.7,14431.752
7871,3.639,122.1,0.56,0.01015,,,,3787.0,0.505,0.514,4.742,,,,0.0,0.0,0.0,1.0,14.7,12.494745
7872,3.96227,48152.7,50.02,0.284347,,,,5925.0,1.611,1.066,4.052,,,,0.0,1.0,0.0,0.0,5446.9,5528.5713
7873,84.32,271.7,55.34,0.185632,,,,6821.0,2.73,1.733,3.805,,,,1.0,0.0,0.0,0.0,141.5,12.07556
7874,5.49531,317484.0,161.02,0.612852,,,,6881.0,2.406,1.43,3.831,,,,0.0,1.0,0.0,0.0,1365.1,23853.852
7877,4.34991,44979.8,58.51,0.373137,,,,6175.0,1.436,0.97,4.111,,,,0.0,1.0,0.0,0.0,2281.0,3634.8604
7879,3.101,6547.8,48.61,0.40951,,,,5880.0,1.087,0.854,4.296,,,,0.0,1.0,1.0,0.0,284.4,912.41644
7880,10.6304,340671.0,67.45,0.67432,,,,5557.0,0.916,0.859,4.448,,,,0.0,1.0,0.0,0.0,5867.8,14270.752
7881,4.31197,17120.2,180.25,0.406353,,,,5260.0,4.062,1.73,3.459,,,,0.0,1.0,0.0,0.0,711.4,858.71075
7882,3.7184,231167.0,101.37,0.558222,,,,6297.0,1.663,1.023,4.006,,,,0.0,1.0,0.0,0.0,2046.8,13937.326
7884,13.39,,,,,,,,,,,,,,1.0,0.0,0.0,0.0,,16.475885
7885,1.9216,11657.0,26.94,0.327603,,,,4961.0,0.753,0.725,4.545,,,,0.0,1.0,0.0,0.0,43.3,392.86017
7886,2.23102,87205.0,37.02,0.484349,,,,5427.0,0.7,0.776,4.633,,,,0.0,1.0,0.0,0.0,740.2,4893.0938
7888,5.0698,29265.0,25.1,0.224642,,,,6065.0,1.023,1.018,4.427,,,,0.0,1.0,0.0,0.0,284.7,1316.6489
7889,4.22504,185514.0,30.6,0.395822,,,,5359.0,0.708,0.673,4.566,,,,0.0,1.0,0.0,0.0,3641.6,31861.896
7890,19.4093,393412.0,277.38,1.80664,,,,5618.0,1.406,0.922,4.107,,,,0.0,1.0,0.0,0.0,4414.3,4479.3794
7892,5.23,1901.0,5.91,0.092307,,,,4892.0,0.586,0.583,4.669,,,,1.0,0.0,0.0,0.0,3.4,8.084198
7893,2.2396,104562.0,26.69,0.311769,,,,5426.0,0.784,0.726,4.511,,,,0.0,1.0,0.0,0.0,303.0,3349.8833
7894,5.14771,383431.0,63.08,0.583471,,,,5843.0,0.99,0.926,4.413,,,,0.0,1.0,0.0,0.0,1070.6,33388.266
7895,6.384,105259.0,29.25,0.372578,,,,5335.0,0.719,0.803,4.624,,,,0.0,1.0,0.0,0.0,476.7,4536.029
7898,5.241,78.7,2.14,0.008873,,,,7117.0,2.211,1.641,3.964,,,,1.0,0.0,0.0,0.0,51.1,9.85308
7900,1.871,23842.0,36.72,0.414612,,,,5258.0,0.811,0.772,4.508,,,,0.0,1.0,0.0,0.0,262.6,1033.5088
7901,17.26,286.8,2.01,0.015382,,,,5866.0,1.198,1.045,4.301,,,,1.0,0.0,0.0,0.0,20.0,13.118262
7902,1.64247,6683.5,56.1,0.375255,,,,6437.0,1.369,1.18,4.237,,,,0.0,1.0,0.0,0.0,279.1,789.7803
7903,12.85,259.4,3.28,0.015047,,,,6248.0,1.996,1.218,3.924,,,,1.0,0.0,0.0,0.0,6.6,9.068654
7904,0.971,163.7,1.25,0.011805,,,,6032.0,0.973,1.055,4.485,,,,0.0,0.0,1.0,0.0,6.6,7.3039784
7906,16.791,288.1,9.76,0.032816,,,,7046.0,2.724,1.834,3.831,,,,1.0,0.0,0.0,0.0,79.9,9.873019
7907,1.119,16.6,0.72,0.003797,,,,6218.0,1.726,1.263,4.066,,,,0.0,0.0,1.0,0.0,12.0,9.048398
7910,6.10362,366585.0,51.08,0.578886,,,,5610.0,0.808,0.813,4.533,,,,0.0,1.0,0.0,0.0,3809.8,24137.738
7911,22.25,6223.0,24.62,0.126616,,,,7239.0,1.781,1.558,4.129,,,,1.0,0.0,0.0,0.0,74.6,14.600416
7912,1.5908,3590.8,57.46,0.315275,,,,5496.0,1.669,1.063,4.02,,,,0.0,1.0,0.0,0.0,100.1,322.26666
7913,5.0308,19681.0,368.42,1.248165,,,,5638.0,2.703,1.055,3.597,,,,1.0,0.0,0.0,0.0,118.1,870.9407
7914,4.26661,75927.4,59.16,0.500266,,,,6098.0,1.083,1.034,4.384,,,,0.0,1.0,0.0,0.0,1691.5,6209.734
7915,2.974,126.0,0.96,0.010289,,,,5561.0,0.854,0.968,4.561,,,,0.0,0.0,1.0,1.0,9.0,7.215924
7916,6.78534,91307.3,81.49,0.488395,,,,6248.0,1.528,0.955,4.05,,,,0.0,1.0,0.0,0.0,4262.1,11115.283
7917,4.2703,1321.6,4633.66,0.260764,,,,3198.0,162.725,1.075,0.047,,,,0.0,1.0,1.0,0.0,147.7,778.3558
7918,12.263,619.3,2.3,0.023301,,,,6011.0,0.902,0.988,4.522,,,,1.0,0.0,0.0,0.0,10.2,7.99709
7919,2.8712,9880.5,35.94,0.396577,,,,5967.0,0.83,0.824,4.516,,,,0.0,1.0,0.0,0.0,299.2,592.5316
7921,7.5902,20.4,0.48,0.004153,,,,6305.0,1.052,1.06,4.422,,,,1.0,0.0,0.0,0.0,4.5,7.5939636
7923,9.726,15.2,1.32,0.003959,,,,7450.0,3.063,1.637,3.68,,,,1.0,0.0,0.0,0.0,50.1,7.3997245
7924,5.17846,73960.9,41.68,0.403906,,,,6079.0,0.945,1.019,4.495,,,,0.0,1.0,0.0,0.0,3830.9,4368.355
7927,2.293,13.7,0.29,0.003391,,,,5506.0,0.782,0.725,4.512,,,,0.0,1.0,0.0,0.0,7.4,9.304928
7928,7.72717,37582.6,39.12,0.325381,,,,6015.0,1.101,0.942,4.329,,,,0.0,1.0,0.0,0.0,1504.9,1550.1805
7929,2.218,384.7,18.03,0.017427,,,,5029.0,9.476,2.653,2.909,,,,0.0,1.0,0.0,0.0,37.2,22.437555
7931,5.53385,302584.0,49.21,0.596057,,,,5293.0,0.756,0.846,4.604,,,,0.0,1.0,0.0,0.0,3990.5,12060.722
7932,3.633,46.2,1.17,0.006332,,,,7274.0,1.698,1.523,4.161,,,,1.0,0.0,0.0,0.0,15.1,9.096734
7933,2.33,20.1,0.77,0.004299,,,,6527.0,1.631,1.409,4.162,,,,1.0,0.0,0.0,0.0,7.4,7.6880116
7934,5.8919,74653.3,125.96,0.472949,,,,7617.0,2.439,1.558,3.856,,,,1.0,0.0,0.0,0.0,2882.0,13887.202
7935,8.31171,228680.0,51.72,0.571344,,,,5633.0,0.829,0.906,4.558,,,,0.0,1.0,0.0,0.0,3245.9,5374.158
7936,13.8913,662677.0,302.18,3.679748,,,,5375.0,0.752,0.7,4.531,,,,0.0,1.0,0.0,0.0,1602.7,5770.4634
7937,5.51934,206811.0,63.14,0.553344,,,,6200.0,1.045,1.047,4.422,,,,0.0,1.0,0.0,0.0,4284.2,19405.742
7938,3.98088,399528.0,53.63,0.646168,,,,5176.0,0.76,0.735,4.542,,,,1.0,0.0,0.0,0.0,1093.2,11023.33
7939,7.2871,268.5,81.88,0.258907,,,,11076.0,2.896,2.984,3.989,,,,1.0,0.0,0.0,0.0,256.3,24.489475
7941,9.88456,256094.0,164.06,0.580078,,,,6807.0,2.59,1.723,3.848,,,,0.0,1.0,0.0,0.0,5260.3,31312.152
7943,15.5723,261730.0,51.31,0.479913,,,,6085.0,0.979,0.959,4.438,,,,0.0,1.0,0.0,0.0,4263.6,26927.043
7944,4.164,221.7,1.81,0.014163,,,,6495.0,1.168,1.19,4.379,,,,1.0,0.0,0.0,0.0,27.8,7.8989997
7946,1.7606,43.7,0.65,0.006206,,,,5982.0,0.96,1.047,4.493,,,,0.0,0.0,1.0,0.0,23.8,9.619407
7947,7.80412,55165.0,24.93,0.220601,,,,6197.0,1.035,1.096,4.449,,,,0.0,1.0,0.0,0.0,2046.2,2386.545
7948,2.352,58.4,3.46,0.007246,,,,10894.0,4.378,3.249,3.667,,,,1.0,0.0,0.0,0.0,11.1,8.220598
7950,1.27896,2019.5,158.5,0.348326,,,,5022.0,4.167,1.298,3.311,,,,0.0,1.0,0.0,0.0,457.8,168.30475
7951,2.117,181.9,1.15,0.012463,,,,5659.0,0.842,0.839,4.511,,,,0.0,0.0,1.0,0.0,9.6,8.608186
7952,3.349,136.0,1.05,0.011688,,,,5392.0,0.819,0.814,4.521,,,,0.0,0.0,1.0,1.0,9.9,7.609726
7953,2.4577,289817.0,42.06,0.548722,,,,4765.0,0.702,0.69,4.584,,,,0.0,1.0,0.0,0.0,542.2,6546.4233
7954,6.99715,153902.0,117.51,0.519355,,,,6263.0,2.072,1.173,3.875,,,,0.0,1.0,0.0,0.0,3033.4,12056.819
7955,3.30141,7342.5,369.2,0.361368,,,,4927.0,9.356,2.434,2.882,,,,0.0,1.0,0.0,0.0,1159.9,895.15826
7956,2.04757,157612.0,34.23,0.500009,,,,5182.0,0.627,0.619,4.635,,,,0.0,1.0,0.0,0.0,431.3,1527.7057
7957,10.4634,361615.0,78.14,0.617911,,,,6267.0,1.158,0.94,4.284,,,,0.0,1.0,0.0,0.0,3044.1,37991.027
7958,4.21133,34469.8,62.9,0.19144,,,,7259.0,3.009,1.808,3.739,,,,0.0,1.0,0.0,1.0,3642.0,7082.3174
7959,5.50884,168776.0,92.08,0.517012,,,,7162.0,1.631,1.484,4.185,,,,0.0,1.0,0.0,0.0,1753.5,6964.22
7960,4.82208,55374.3,36.68,0.294356,,,,6356.0,1.141,0.941,4.297,,,,0.0,1.0,0.0,0.0,2884.0,6259.572
7961,0.627,50.0,0.76,0.006637,,,,5812.0,1.055,1.065,4.419,,,,1.0,0.0,0.0,0.0,12.7,9.073817
7962,5.64674,97563.5,49.2,0.28991,,,,6295.0,1.554,1.267,4.158,,,,0.0,1.0,0.0,0.0,8326.3,10078.414
7963,13.8604,134176.0,63.68,0.344646,,,,6322.0,1.692,1.051,4.003,,,,1.0,0.0,0.0,0.0,8616.1,15279.348
7966,5.98531,214604.0,85.76,0.5554,,,,5864.0,1.414,1.005,4.139,,,,1.0,0.0,0.0,0.0,1408.6,19375.854
7968,4.34882,346183.0,66.59,0.616539,,,,5753.0,0.989,0.94,4.42,,,,1.0,0.0,0.0,0.0,644.7,7223.803
7969,2.521,59.6,0.97,0.006916,,,,5403.0,1.284,0.955,4.201,,,,0.0,1.0,1.0,0.0,10.0,7.42086
7971,6.88069,213838.0,400.4,1.271367,,,,6461.0,2.884,1.418,3.67,,,,0.0,1.0,0.0,0.0,4407.8,16704.756
7972,11.5759,58975.4,20.71,0.221789,,,,5330.0,0.855,0.776,4.464,,,,0.0,1.0,0.0,0.0,1797.6,3216.8652
7973,5.19791,125477.0,35.61,0.327404,,,,6122.0,0.996,1.07,4.471,,,,0.0,1.0,0.0,0.0,2964.7,3512.5398
7974,2.971,66.0,0.69,0.007303,,,,5436.0,0.869,0.973,4.548,,,,0.0,0.0,1.0,1.0,8.9,8.219778
7975,5.015,144.9,1.14,0.012222,,,,5390.0,0.852,0.798,4.479,,,,0.0,0.0,1.0,1.0,16.0,11.577681
7976,3.892,351.4,10.28,0.01762,,,,5016.0,5.344,1.072,3.013,,,,0.0,0.0,1.0,1.0,27.1,10.125289
7977,21.6014,156160.0,42.57,0.373373,,,,5463.0,1.044,0.894,4.353,,,,0.0,1.0,0.0,0.0,2927.4,6381.008
7978,20.7947,630524.0,60.26,0.767438,,,,5538.0,0.719,0.676,4.555,,,,0.0,1.0,0.0,0.0,2055.9,3228.0088
7979,19.1378,410080.0,69.08,0.656244,,,,6122.0,0.964,1.041,4.487,,,,0.0,1.0,0.0,0.0,2126.1,25656.36
7980,3.77887,37662.9,116.84,0.448628,,,,6351.0,2.385,1.352,3.814,,,,0.0,1.0,0.0,0.0,658.2,2836.99
7981,4.05563,185861.0,51.79,0.545171,,,,5387.0,0.87,0.837,4.482,,,,0.0,1.0,0.0,0.0,1542.6,4963.4756
7982,3.643,84.8,0.95,0.00857,,,,6047.0,1.013,0.988,4.422,,,,0.0,1.0,0.0,1.0,11.8,10.076007
7983,6.02685,247175.0,73.59,0.467996,,,,6664.0,1.44,1.135,4.176,,,,0.0,1.0,0.0,0.0,5758.7,17241.697
7985,1.5795,47337.0,14.59,0.195583,,,,4664.0,0.683,0.668,4.594,,,,0.0,1.0,0.0,0.0,476.0,1942.0485
7986,4.1603,37721.0,42.03,0.443981,,,,5858.0,0.867,0.84,4.486,,,,0.0,1.0,0.0,0.0,164.2,2384.6194
7987,28.2,49.9,1.66,0.009118,,,,6923.0,1.664,1.336,4.12,,,,1.0,0.0,0.0,0.0,17.6,9.358089
7990,6.26327,702439.0,217.25,1.067906,,,,6230.0,1.863,1.396,4.043,,,,0.0,1.0,0.0,0.0,2651.1,18140.393
7991,11.4277,341790.0,81.21,0.611069,,,,5912.0,1.217,0.907,4.225,,,,0.0,1.0,0.0,0.0,3691.9,12864.678
7992,8.11952,300713.0,177.78,0.507005,,,,5788.0,3.211,1.52,3.607,,,,0.0,1.0,0.0,0.0,2082.6,8039.8467
7994,7.0245,164848.0,34.03,0.390538,,,,5653.0,0.798,0.868,4.573,,,,0.0,1.0,0.0,0.0,671.3,2266.0671
7995,3.685,551.5,37.37,0.020423,,,,4475.0,16.755,2.185,2.329,,,,0.0,1.0,1.0,1.0,18.3,13.35582
7996,4.1847,37338.0,48.18,0.441189,,,,5780.0,1.0,1.0,4.438,,,,0.0,1.0,0.0,0.0,229.7,494.1162
7997,2.1931,76.7,12.52,0.054373,,,,9609.0,2.108,2.284,4.149,,,,1.0,0.0,0.0,0.0,31.4,28.616533
7998,29.059,690235.0,162.84,0.795303,,,,6915.0,1.875,1.322,4.012,,,,0.0,1.0,0.0,0.0,655.2,2327.0876
7999,6.32492,117113.0,114.63,0.509557,,,,5923.0,2.06,1.242,3.904,,,,0.0,1.0,0.0,0.0,2951.2,5625.374
8000,16.467,3348.7,26.29,0.357175,,,,5226.0,0.674,0.743,4.651,,,,1.0,0.0,1.0,0.0,131.0,27.067478
8001,2.79,316.0,23.61,0.015585,,,,4597.0,13.874,1.845,2.42,,,,0.0,0.0,1.0,0.0,9.8,7.2436705
8003,3.72007,68184.5,77.97,0.400013,,,,5537.0,1.785,0.798,3.837,,,,0.0,1.0,0.0,0.0,3442.2,10441.636
8005,4.24721,124833.0,65.5,0.512667,,,,6492.0,1.17,1.041,4.32,,,,0.0,1.0,0.0,0.0,2671.7,8921.615
8006,4.33,329.0,3.65,0.018844,,,,7392.0,1.772,1.563,4.135,,,,1.0,0.0,0.0,0.0,15.3,9.278296
8007,24.79,337.8,89.95,0.381164,,,,6955.0,2.161,1.308,3.885,,,,1.0,0.0,0.0,0.0,18.1,8.450701
8008,3.496,14.2,0.58,0.003668,,,,6609.0,1.455,1.144,4.17,,,,1.0,0.0,0.0,0.0,12.8,9.067134
8009,16.261,202.4,18.8,0.166204,,,,6300.0,1.036,1.012,4.414,,,,1.0,0.0,0.0,0.0,87.1,11.341519
8010,16.1346,532.9,3.62,0.026231,,,,6612.0,1.264,1.173,4.303,,,,1.0,0.0,0.0,0.0,210.1,10.471365
8011,5.71731,42518.6,47.26,0.447541,,,,5838.0,0.967,0.936,4.438,,,,0.0,1.0,0.0,0.0,1537.8,1765.5177
8012,19.4,100.5,1.8,0.013079,,,,6190.0,1.259,1.052,4.261,,,,1.0,0.0,1.0,0.0,71.7,8.391111
8015,0.6624,450.7,2.47,0.020138,,,,6312.0,1.122,0.998,4.338,,,,1.0,0.0,0.0,0.0,20.2,19.136074
8016,5.4458,280066.0,94.2,0.57973,,,,7002.0,1.488,1.261,4.193,,,,0.0,1.0,0.0,0.0,419.9,1836.5867
8017,1.75,,,,,,,,,,,,,,0.0,1.0,0.0,0.0,,8.518518
8019,2.42645,13437.5,33.55,0.402084,,,,5508.0,0.764,0.855,4.598,,,,0.0,1.0,0.0,0.0,733.6,2563.2917
8020,13.4849,80671.0,63.58,0.30773,,,,6703.0,1.892,1.365,4.018,,,,0.0,1.0,0.0,0.0,604.3,1858.3221
8021,1.83,,,,,,,,,,,,,,1.0,0.0,0.0,0.0,,8.035858
8023,5.6357,1118.1,28.63,0.272513,,,,5951.0,0.962,0.869,4.411,,,,0.0,0.0,1.0,0.0,145.3,129.5754
8024,1.55,147.2,1.04,0.011296,,,,5646.0,0.841,0.914,4.549,,,,1.0,0.0,0.0,0.0,7.7,7.32387
8025,5.36467,340908.0,69.23,0.606056,,,,5780.0,1.046,0.921,4.364,,,,0.0,1.0,0.0,0.0,1379.1,13211.092
8026,2.309,114.6,0.86,0.009885,,,,5855.0,0.797,0.885,4.578,,,,0.0,1.0,0.0,1.0,13.8,10.975639
8027,2.91005,161926.0,53.1,0.634783,,,,5452.0,0.766,0.854,4.594,,,,0.0,1.0,0.0,0.0,1899.1,4803.0005
8028,5.2235,68002.0,38.01,0.432923,,,,5655.0,0.804,0.716,4.482,,,,0.0,1.0,0.0,0.0,374.8,2959.7893
8030,11.56,17.3,0.98,0.003862,,,,8027.0,2.314,1.94,3.997,,,,1.0,0.0,0.0,0.0,13.4,7.9177785
8031,5.47901,342094.0,56.33,0.622211,,,,5973.0,0.829,0.915,4.562,,,,0.0,1.0,0.0,0.0,3314.7,17013.705
8034,4.73293,140032.0,64.04,0.499541,,,,6467.0,1.174,1.197,4.377,,,,0.0,1.0,0.0,0.0,1329.6,6210.0146
8036,3.46341,57315.5,50.13,0.313809,,,,6215.0,1.463,1.073,4.138,,,,0.0,1.0,0.0,0.0,1048.1,8218.204
8037,8.275,278035.0,75.47,0.498296,,,,6271.0,1.387,1.109,4.199,,,,0.0,1.0,0.0,0.0,4680.2,15276.729
8038,6.4205,116050.0,40.43,0.490345,,,,5458.0,0.755,0.845,4.603,,,,0.0,1.0,0.0,0.0,759.7,1928.346
8040,1.368,290.2,1.11,0.015156,,,,4535.0,0.668,0.659,4.607,,,,0.0,0.0,1.0,0.0,8.5,9.748285
8041,2.46338,44575.7,18.8,0.27158,,,,5085.0,0.634,0.699,4.679,,,,0.0,1.0,0.0,0.0,907.2,2562.812
8042,3.653,48.6,9.32,0.086135,,,,6185.0,0.991,1.06,4.472,,,,0.0,0.0,1.0,1.0,12.1,8.710615
8043,3.8102,378394.0,92.29,0.852795,,,,5951.0,0.991,0.983,4.439,,,,0.0,1.0,0.0,0.0,671.9,5892.1704
8044,4.92516,144603.0,130.46,0.51629,,,,8027.0,2.314,1.94,3.997,,,,0.0,1.0,0.0,0.0,1662.0,9310.233
8045,11.6768,391261.0,79.17,0.649035,,,,6618.0,1.117,1.128,4.393,,,,0.0,1.0,0.0,0.0,2164.4,40551.402
8046,6.6038,74.5,4.71,0.025613,,,,7138.0,1.684,1.419,4.137,,,,1.0,0.0,0.0,0.0,3.5,11.119111
8047,7.39097,45979.0,19.12,0.251225,,,,5315.0,0.697,0.772,4.636,,,,0.0,1.0,0.0,0.0,2393.2,4153.327
8049,4.81451,28976.8,114.14,0.432821,,,,6422.0,2.415,1.284,3.78,,,,0.0,1.0,0.0,0.0,1262.3,1860.0121
8050,1.032,53.9,0.95,0.006941,,,,6302.0,1.258,1.15,4.299,,,,0.0,0.0,1.0,0.0,7.0,7.777736
8051,3.6713,311051.0,70.64,0.607972,,,,6100.0,1.064,1.029,4.397,,,,0.0,1.0,0.0,0.0,537.4,19132.963
8052,8.529,45.8,0.75,0.006185,,,,5831.0,1.109,0.873,4.289,,,,0.0,0.0,1.0,1.0,13.4,7.6422644
8053,2.887,105.4,0.92,0.009349,,,,5822.0,0.898,0.994,4.529,,,,1.0,0.0,1.0,1.0,10.6,11.85715
8054,0.95,,,,,,,,,,,,,,1.0,0.0,0.0,0.0,,11.656789
8055,3.20209,400007.0,47.81,0.610647,,,,5260.0,0.717,0.68,4.56,,,,0.0,1.0,0.0,0.0,1095.9,4264.69
8056,7.90317,43086.6,50.33,0.208169,,,,6770.0,2.214,1.389,3.89,,,,0.0,1.0,0.0,0.0,3799.5,6275.6
8057,4.657,408.4,2.71,0.019947,,,,6474.0,1.242,1.148,4.311,,,,0.0,0.0,0.0,0.0,9.4,11.82582
8058,3.1925,131941.0,58.67,0.498378,,,,5962.0,1.078,1.126,4.423,,,,0.0,1.0,0.0,0.0,1149.3,6334.498
8061,6.168,172.1,103.98,0.180609,,,,4909.0,5.272,1.386,3.136,,,,0.0,0.0,1.0,1.0,25.5,10.400062
8062,3.491,114.9,0.99,0.010508,,,,5766.0,0.866,0.895,4.514,,,,0.0,0.0,0.0,1.0,18.9,10.098068
8063,3.151,12.9,0.37,0.003315,,,,6300.0,1.025,0.942,4.391,,,,0.0,0.0,0.0,1.0,11.2,8.7347975
8064,2.38,,,,,,,,,,,,,,1.0,0.0,0.0,0.0,,23.798134
8065,14.242,414352.0,77.25,0.654977,,,,5731.0,1.08,0.972,4.359,,,,0.0,1.0,0.0,0.0,1337.0,14578.166
8066,4.9641,66012.0,57.48,0.500818,,,,6134.0,1.051,0.962,4.378,,,,0.0,1.0,0.0,0.0,204.0,1330.6115
8068,5.8903,393895.0,75.21,0.646123,,,,6247.0,1.066,1.122,4.433,,,,1.0,0.0,0.0,0.0,2540.6,10816.09
8069,5.965,165.9,1.23,0.011667,,,,5226.0,0.962,0.857,4.404,,,,0.0,1.0,0.0,0.0,18.0,8.173248
8070,5.23771,46564.7,43.42,0.441799,,,,5754.0,0.9,0.847,4.458,,,,0.0,1.0,0.0,0.0,785.0,2542.8926
8071,1.467,214.1,2.4,0.013347,,,,5791.0,1.646,1.127,4.057,,,,0.0,0.0,1.0,1.0,10.5,10.221546
8072,4.4621,92672.5,35.03,0.333116,,,,5941.0,0.963,1.038,4.487,,,,0.0,1.0,0.0,0.0,1620.8,2878.115
8074,1.395,84.1,0.79,0.008448,,,,5799.0,0.86,0.955,4.548,,,,0.0,0.0,1.0,1.0,14.8,11.508818
8075,1.3693,26.1,0.42,0.004605,,,,5367.0,0.828,0.817,4.514,,,,0.0,0.0,0.0,1.0,2.3,12.947563
8076,4.0656,15298.0,44.35,0.406151,,,,5780.0,1.0,1.0,4.438,,,,0.0,1.0,1.0,1.0,85.5,104.93398
8077,3.152,185.6,1.27,0.013251,,,,5385.0,0.875,0.835,4.476,,,,0.0,0.0,1.0,1.0,11.4,9.878232
8078,7.41807,219219.0,32.57,0.550315,,,,3892.0,0.542,0.546,4.708,,,,0.0,1.0,0.0,0.0,1566.8,3280.7974
8080,8.7,64.6,0.6,0.007212,,,,5261.0,0.768,0.784,4.562,,,,0.0,1.0,1.0,0.0,2.8,7.8121953
8082,2.82428,34769.5,72.32,0.434552,,,,6531.0,1.524,1.117,4.12,,,,0.0,1.0,0.0,0.0,477.0,3760.1272
8083,7.6066,448.9,46.02,0.215545,,,,7514.0,1.955,1.571,4.052,,,,1.0,0.0,1.0,0.0,40.3,26.635138
8084,2.48,,,,,,,,,,,,,,1.0,0.0,0.0,0.0,,8.780834
8085,3.2604,176.6,0.81,0.01188,,,,4447.0,0.625,0.611,4.632,,,,1.0,0.0,0.0,0.0,49.6,10.505587
8086,6.29783,436506.0,47.87,0.631613,,,,5282.0,0.694,0.665,4.578,,,,0.0,1.0,0.0,0.0,3167.9,23640.102
8087,2.924,60.6,1.19,0.007216,,,,5691.0,1.508,1.032,4.095,,,,0.0,0.0,0.0,1.0,10.5,9.086045
8088,1.549,313.8,1.36,0.016628,,,,5210.0,0.749,0.707,4.538,,,,0.0,1.0,0.0,1.0,12.4,10.339706
8089,5.3934,8245.0,14.94,0.096847,,,,5583.0,1.413,0.95,4.115,,,,0.0,1.0,0.0,0.0,105.8,327.72806
8090,1.216,72.0,1.93,0.008048,,,,8098.0,2.199,1.819,4.013,,,,1.0,0.0,1.0,0.0,4.9,9.881925
8092,20.143,328.2,50.25,0.204145,,,,6440.0,2.254,1.386,3.874,,,,0.0,1.0,0.0,0.0,99.5,8.387549
8093,3.487,318.5,2.92,0.016477,,,,6534.0,1.622,1.294,4.128,,,,1.0,0.0,0.0,0.0,12.5,11.378876
8094,2.0,,,,,,,,,,,,,,1.0,0.0,0.0,0.0,,14.4641485
8095,3.72,,,,,,,,,,,,,,1.0,0.0,0.0,0.0,,7.566701
8096,2.73,,,,,,,,,,,,,,1.0,0.0,0.0,0.0,,8.254839
8097,7.22,412.0,2.49,0.022765,,,,5780.0,1.0,1.0,4.438,,,,1.0,0.0,1.0,0.0,40.9,9.576893
8099,15.43,2434.0,9.08,0.054212,,,,6881.0,1.534,1.535,4.252,,,,0.0,1.0,0.0,0.0,3.1,10.772918
8100,4.329,70.0,1.95,0.008091,,,,8497.0,2.211,2.095,4.07,,,,0.0,1.0,0.0,0.0,1.7,7.913667
8101,1.3176,4174.5,9.97,0.076322,,,,5745.0,1.196,1.018,4.29,,,,0.0,1.0,0.0,0.0,419.6,267.45206
8102,2.31285,41160.0,54.03,0.500324,,,,5899.0,0.989,0.869,4.387,,,,0.0,1.0,0.0,0.0,641.4,1854.5978
8103,10.1279,106837.0,65.6,0.317825,,,,7138.0,1.89,1.5,4.062,,,,0.0,1.0,0.0,0.0,1856.9,1043.3983
8105,1.7626,1530.6,31.43,0.286647,,,,6031.0,1.004,0.983,4.427,,,,0.0,1.0,0.0,0.0,181.9,92.82493
8107,5.78491,347519.0,49.36,0.617449,,,,5079.0,0.732,0.741,4.579,,,,0.0,1.0,0.0,0.0,2450.1,35910.473
8108,4.17961,71766.5,38.87,0.479747,,,,5503.0,0.742,0.69,4.536,,,,0.0,1.0,0.0,0.0,1986.1,5153.021
8109,6.562,499.2,3.35,0.033205,,,,6072.0,0.923,1.005,4.51,,,,0.0,1.0,1.0,1.0,12.2,10.746073
8110,1.842,288.4,1.4,0.015554,,,,5233.0,0.824,0.764,4.489,,,,0.0,0.0,1.0,1.0,70.3,16.864174
8112,2.40541,426554.0,52.75,0.655382,,,,4446.0,0.737,0.729,4.567,,,,0.0,1.0,0.0,0.0,541.4,7103.9355
8113,3.1718,18836.7,54.93,0.395781,,,,6174.0,1.271,1.012,4.235,,,,0.0,1.0,0.0,0.0,616.9,4094.099
8114,3.473,42.3,0.67,0.005986,,,,6045.0,1.028,1.055,4.439,,,,0.0,0.0,0.0,1.0,10.5,9.055794
8115,7.48973,98872.1,40.62,0.490681,,,,5787.0,0.758,0.734,4.544,,,,0.0,1.0,0.0,0.0,1203.4,4677.569
8116,4.43017,241360.0,69.55,0.56063,,,,6300.0,1.136,1.047,4.349,,,,0.0,1.0,0.0,0.0,881.5,7542.876
8117,1.82,64.2,0.75,0.007401,,,,5989.0,0.933,0.986,4.492,,,,1.0,0.0,1.0,1.0,16.9,12.523453
8118,3.21,,,,,,,,,,,,,,1.0,0.0,0.0,0.0,,9.716297
8119,3.631,29.7,0.69,0.005188,,,,5921.0,1.211,0.888,4.22,,,,0.0,0.0,1.0,0.0,17.1,14.286963
8120,6.8524,140158.0,139.36,0.499864,,,,5587.0,2.553,1.35,3.754,,,,0.0,1.0,0.0,0.0,379.7,1593.5996
8121,1.35349,7984.0,65.47,0.38733,,,,6370.0,1.548,0.986,4.053,,,,1.0,0.0,0.0,0.0,1219.8,1078.5906
8123,5.23595,94675.0,75.1,0.364854,,,,5947.0,1.885,1.137,3.943,,,,0.0,1.0,0.0,0.0,1071.9,4732.754
8124,23.0124,682175.0,237.79,1.601176,,,,6270.0,1.36,1.064,4.199,,,,0.0,1.0,0.0,0.0,3076.6,952.0325
8125,13.2105,75053.7,272.44,0.720646,,,,7854.0,3.462,2.039,3.669,,,,0.0,1.0,0.0,1.0,1554.1,3506.5667
8126,4.51,,,,,,,,,,,,,,1.0,0.0,0.0,0.0,,8.771823
8128,13.7687,313094.0,2912.48,13.443089,,,,7355.0,1.984,1.581,4.042,,,,0.0,1.0,0.0,0.0,1614.7,4617.4
8129,3.50007,24616.5,33.11,0.418193,,,,5232.0,0.725,0.686,4.554,,,,0.0,1.0,0.0,0.0,928.2,1055.2822
8130,4.75315,347012.0,78.24,0.555008,,,,6225.0,1.291,0.943,4.191,,,,0.0,1.0,0.0,0.0,7428.7,27916.77
8131,1.95901,20729.3,82.29,0.407995,,,,6465.0,1.847,1.101,3.947,,,,0.0,1.0,0.0,0.0,726.2,2811.7288
8132,4.4698,60118.0,33.99,0.34282,,,,5812.0,0.908,0.916,4.484,,,,0.0,1.0,0.0,0.0,712.6,2283.5522
8133,2.7481,327656.0,125.64,0.645629,,,,5096.0,1.782,0.898,3.889,,,,0.0,1.0,0.0,0.0,541.2,5435.022
8134,1.988,127.7,0.92,0.010063,,,,5101.0,0.84,0.824,4.506,,,,0.0,0.0,1.0,1.0,11.2,10.4126625
8135,1.17,,,,,,,,,,,,,,1.0,0.0,0.0,0.0,,7.4840536
8137,4.24033,140917.0,110.14,0.443554,,,,7498.0,2.274,1.735,3.964,,,,1.0,0.0,0.0,1.0,3250.1,3235.7192
8139,1.69478,2236.6,35.67,0.320271,,,,6183.0,1.02,0.969,4.407,,,,0.0,1.0,0.0,0.0,298.0,212.96266
8141,3.04508,45264.7,47.22,0.43239,,,,5780.0,1.0,1.0,4.438,,,,0.0,1.0,0.0,0.0,918.0,1828.5056
8143,4.15602,414950.0,63.25,0.656708,,,,5750.0,0.882,0.98,4.538,,,,0.0,1.0,0.0,0.0,1809.8,10896.543
8144,8.96181,103144.0,52.88,0.478548,,,,6137.0,1.012,1.043,4.448,,,,0.0,1.0,0.0,0.0,1435.1,3230.6797
8146,1.3875,6571.5,67.45,0.368524,,,,5164.0,1.676,0.91,3.949,,,,0.0,1.0,0.0,0.0,100.1,52.619453
8147,3.441,67.7,0.85,0.00755,,,,6170.0,1.032,1.04,4.43,,,,0.0,0.0,1.0,0.0,13.3,11.170518
8148,3.939,36.0,0.9,0.006048,,,,6356.0,1.358,1.101,4.215,,,,0.0,0.0,0.0,1.0,11.4,7.833779
8149,4.6688,108965.0,100.89,0.503754,,,,7247.0,1.834,1.584,4.111,,,,0.0,1.0,0.0,0.0,902.5,2020.3435
8150,2.33166,247744.0,75.31,0.46755,,,,5321.0,1.475,0.931,4.069,,,,0.0,1.0,0.0,0.0,706.1,6960.519
8151,1.879,212.7,1.15,0.013195,,,,5497.0,0.8,0.896,4.581,,,,1.0,0.0,0.0,0.0,7.6,7.364884
8153,12.2384,153407.0,59.22,0.521492,,,,6201.0,1.04,1.059,4.431,,,,0.0,1.0,0.0,0.0,1146.6,1227.1696
8154,3.94095,190567.0,39.08,0.413775,,,,6071.0,0.865,0.947,4.541,,,,0.0,1.0,0.0,0.0,833.4,5297.631
8155,41.04,182.8,11.67,0.146251,,,,5289.0,0.731,0.809,4.614,,,,1.0,0.0,1.0,1.0,18.9,11.006483
8156,40.02,124.5,17.41,0.167657,,,,5900.0,0.951,1.065,4.509,,,,1.0,0.0,1.0,1.0,26.6,13.029428
8157,2.578,378.4,1.84,0.017716,,,,5628.0,0.953,1.054,4.503,,,,1.0,0.0,1.0,0.0,8.6,8.043951
8158,5.677,33.8,0.42,0.005274,,,,4986.0,0.733,0.709,4.558,,,,0.0,0.0,1.0,1.0,15.1,12.21854
8159,5.08,31.0,1.19,0.005493,,,,5850.0,1.977,0.749,3.72,,,,0.0,0.0,1.0,1.0,19.4,13.832259
8160,4.674,128.9,0.92,0.01037,,,,5658.0,0.815,0.895,4.567,,,,1.0,0.0,0.0,1.0,8.9,8.342985
8161,12.8138,339056.0,110.85,0.618216,,,,5784.0,1.642,0.951,3.985,,,,0.0,1.0,0.0,0.0,1974.6,20777.648
8162,7.42888,271858.0,57.95,0.578733,,,,5496.0,0.917,0.907,4.471,,,,1.0,0.0,0.0,0.0,2278.9,8439.168
8163,2.3496,2374.1,49.16,0.329783,,,,6032.0,1.365,0.954,4.147,,,,0.0,1.0,1.0,0.0,296.0,362.73096
8164,8.79024,143685.0,116.52,0.515495,,,,6078.0,2.07,1.38,3.946,,,,0.0,1.0,0.0,0.0,4421.6,7545.498
8165,8.24958,641910.0,399.93,0.785578,,,,11287.0,4.662,3.471,3.642,,,,0.0,1.0,0.0,0.0,4211.8,23752.709
8166,8.724,49.9,6.57,0.095967,,,,4267.0,0.627,0.622,4.637,,,,0.0,0.0,1.0,1.0,16.7,12.005167
8167,12.1777,233258.0,54.72,0.5637,,,,5912.0,0.889,0.98,4.532,,,,0.0,1.0,0.0,0.0,880.3,3383.6199
8168,3.74512,267053.0,67.08,0.586135,,,,6240.0,1.048,0.983,4.391,,,,0.0,1.0,0.0,0.0,1063.2,16342.825
8169,5.96,1541400.0,243.21,2.732772,,,,5997.0,0.815,0.904,4.572,,,,1.0,0.0,0.0,0.0,10.3,7697.6025
8170,7.08223,434329.0,81.61,0.670243,,,,6280.0,1.115,1.036,4.361,,,,0.0,1.0,0.0,0.0,2890.7,39571.637
8171,0.9698,839.5,4.64,0.04355,,,,5628.0,0.976,0.85,4.388,,,,0.0,0.0,1.0,0.0,30.9,22.96634
8172,2.235,99376.0,53.32,0.488258,,,,5780.0,1.0,1.0,4.438,,,,0.0,1.0,0.0,0.0,86.8,366.59155
8173,2.2974,17481.0,41.48,0.420608,,,,5697.0,0.903,0.857,4.46,,,,0.0,1.0,0.0,0.0,267.3,1223.7506
8174,1.9188,233.6,6.85,0.013856,,,,4936.0,4.527,0.848,3.055,,,,1.0,0.0,1.0,1.0,46.5,12.262509
8175,2.532,39.4,0.75,0.00581,,,,6082.0,1.184,0.802,4.195,,,,0.0,0.0,0.0,1.0,12.1,8.403945
8176,2.9283,11.5,1.35,0.003648,,,,8107.0,3.385,2.086,3.698,,,,1.0,0.0,0.0,0.0,15.4,10.159832
8177,3.38646,118321.0,90.32,0.809337,,,,6188.0,1.022,1.013,4.427,,,,0.0,1.0,0.0,0.0,1268.7,5276.976
8178,21.7174,80571.0,97.23,0.255563,,,,4905.0,3.484,0.883,3.3,,,,1.0,0.0,0.0,1.0,852.2,1441.8278
8180,2.384,181.0,2.04,0.012517,,,,7118.0,1.489,1.322,4.212,,,,1.0,0.0,0.0,0.0,20.4,21.337992
8181,1.1836,123.5,5.02,0.010159,,,,4891.0,4.529,1.106,3.169,,,,0.0,1.0,1.0,0.0,24.0,14.126729
8182,4.4649,8150.9,888.7,0.477823,,,,4697.0,17.032,1.691,2.204,,,,0.0,1.0,0.0,0.0,471.2,429.70676
8184,6.32201,145045.0,50.72,0.517837,,,,5691.0,0.897,0.881,4.477,,,,0.0,1.0,0.0,0.0,3016.9,7536.0137
8185,3.952,57.7,2.51,0.007505,,,,6661.0,3.067,1.589,3.666,,,,1.0,0.0,0.0,0.0,18.1,7.1598363
8186,2.75173,28998.7,57.95,0.248775,,,,6148.0,2.133,1.03,3.793,,,,0.0,1.0,0.0,0.0,2184.7,2583.0154
8188,14.3309,107594.0,90.36,0.319244,,,,5425.0,2.592,1.166,3.678,,,,0.0,1.0,0.0,0.0,864.9,2794.6814
8189,4.40308,234086.0,90.34,0.560512,,,,6967.0,1.476,1.414,4.25,,,,0.0,1.0,0.0,0.0,1178.5,4796.0713
8190,1.3741,334.5,1.29,0.016228,,,,4842.0,0.726,0.815,4.616,,,,0.0,1.0,1.0,0.0,40.3,13.060915
8192,8.88876,87880.8,56.52,0.277988,,,,7605.0,1.862,1.677,4.123,,,,0.0,1.0,0.0,0.0,6113.7,9778.412
8193,2.18,14.8,0.35,0.003508,,,,5680.0,0.908,0.988,4.516,,,,1.0,0.0,0.0,1.0,13.1,10.3276825
8194,3.662,34.9,0.52,0.005381,,,,5548.0,0.889,0.856,4.473,,,,0.0,1.0,1.0,1.0,21.9,10.803962
8195,3.257,27.6,0.49,0.004905,,,,5674.0,0.911,0.97,4.506,,,,1.0,0.0,1.0,1.0,13.5,9.278763
8196,3.315,104.0,0.58,0.01014,,,,3844.0,0.526,0.531,4.721,,,,1.0,0.0,1.0,1.0,18.1,9.742745
8197,3.814,101.1,0.86,0.009188,,,,5812.0,0.853,0.947,4.551,,,,1.0,0.0,1.0,1.0,22.1,10.175743
8198,3.156,69.5,0.55,0.007736,,,,4987.0,0.654,0.637,4.611,,,,1.0,0.0,0.0,1.0,21.0,12.433122
8199,4.227,18.2,0.79,0.004153,,,,6108.0,1.753,0.876,3.893,,,,0.0,0.0,0.0,1.0,19.2,8.050465
8200,4.109,69.4,0.64,0.007529,,,,5313.0,0.784,0.727,4.51,,,,1.0,0.0,1.0,1.0,18.8,9.402396
8202,2.83787,12367.1,91.91,0.408987,,,,6792.0,2.058,1.444,3.971,,,,0.0,1.0,0.0,0.0,632.4,2497.3538
8203,1.92467,14159.9,25.98,0.405257,,,,4937.0,0.587,0.585,4.669,,,,0.0,1.0,0.0,0.0,669.1,1379.998
8204,4.01883,59618.5,56.94,0.460632,,,,6480.0,1.132,1.045,4.351,,,,0.0,1.0,0.0,0.0,2049.1,5815.3506
8205,6.0662,17749.0,291.01,0.392824,,,,4830.0,6.784,1.628,2.987,,,,0.0,1.0,0.0,0.0,117.0,715.11835
8206,4.2269,321239.0,67.03,0.613788,,,,5780.0,1.0,1.0,4.438,,,,0.0,1.0,0.0,0.0,86.4,173.55508
8207,4.49213,244952.0,52.84,0.573978,,,,5926.0,0.843,0.844,4.513,,,,0.0,1.0,0.0,0.0,3356.8,15643.117
8208,18.812,6177.1,45.99,0.379426,,,,6057.0,1.11,1.009,4.352,,,,0.0,1.0,1.0,0.0,351.1,987.9984
8209,8.80873,324547.0,67.36,0.621808,,,,6170.0,0.992,1.063,4.472,,,,0.0,1.0,0.0,0.0,1151.6,5592.0337
8211,5.16326,238518.0,119.09,0.918743,,,,5837.0,1.187,0.983,4.282,,,,0.0,1.0,0.0,0.0,2168.4,15644.75
8212,5.26926,245217.0,67.38,0.463953,,,,6610.0,1.33,1.236,4.281,,,,0.0,1.0,0.0,0.0,5461.0,14594.91
8216,12.8464,386979.0,101.44,0.592804,,,,6198.0,1.567,0.817,3.96,,,,1.0,0.0,0.0,0.0,3590.2,7491.814
8218,1.94,106.1,0.89,0.009588,,,,5906.0,0.852,0.826,4.494,,,,0.0,0.0,1.0,0.0,12.3,9.608114
8219,6.691,68.0,0.52,0.007459,,,,4964.0,0.633,0.621,4.628,,,,0.0,0.0,1.0,1.0,10.0,8.476594
8220,4.72,46.1,0.56,0.006224,,,,5475.0,0.818,0.734,4.479,,,,0.0,0.0,0.0,1.0,7.8,8.064324
8221,35.6374,35477.1,374.78,2.159874,,,,6793.0,1.589,1.162,4.101,,,,1.0,0.0,0.0,0.0,291.7,46.709198
8223,5.98883,212828.0,59.62,0.445655,,,,6550.0,1.225,1.157,4.324,,,,0.0,1.0,0.0,0.0,1819.1,42422.914
8224,3.50695,344205.0,74.77,0.564488,,,,6322.0,1.213,0.872,4.211,,,,0.0,1.0,0.0,0.0,2051.3,18805.271
8227,5.33373,220418.0,72.9,0.55816,,,,5897.0,1.196,0.99,4.278,,,,1.0,0.0,0.0,0.0,2041.6,9906.112
8228,6.30646,225250.0,118.99,0.566059,,,,6613.0,1.925,1.4,4.014,,,,0.0,1.0,0.0,0.0,5915.4,26073.732
8229,3.4913,59134.0,59.19,0.461726,,,,6478.0,1.174,1.018,4.307,,,,0.0,1.0,0.0,0.0,554.4,3952.0674
8230,3.356,62.2,0.38,0.008277,,,,3615.0,0.42,0.445,4.839,,,,1.0,0.0,1.0,1.0,9.2,8.618405
8232,2.84811,37637.5,52.43,0.424908,,,,6075.0,1.13,0.962,4.315,,,,0.0,1.0,1.0,0.0,454.6,8572.063
8233,6.4006,101478.0,68.91,0.313154,,,,7675.0,2.015,1.665,4.051,,,,0.0,1.0,0.0,0.0,756.4,1408.2031
8234,8.03,229.8,37.72,0.120954,,,,6875.0,2.856,1.868,3.798,,,,1.0,0.0,0.0,0.0,145.3,10.657019
8235,4.37878,153233.0,61.14,0.593091,,,,5855.0,0.944,0.852,4.418,,,,0.0,1.0,0.0,0.0,3170.1,7700.6265
8237,74.26,481.1,19.71,0.226779,,,,5667.0,0.796,0.791,4.535,,,,1.0,0.0,0.0,0.0,72.3,10.531839
8238,3.12422,81103.0,44.0,0.476272,,,,5461.0,0.846,0.858,4.517,,,,0.0,1.0,0.0,0.0,664.1,1841.8331
8241,5.47323,373662.0,60.49,0.584329,,,,5704.0,0.948,0.996,4.483,,,,0.0,1.0,0.0,0.0,2842.2,9152.434
8242,1.585,50793.0,19.09,0.235958,,,,4627.0,0.741,0.734,4.564,,,,0.0,1.0,0.0,0.0,137.3,248.5699
8243,6.986,176.2,164.49,0.219581,,,,5086.0,6.86,0.784,2.66,,,,0.0,0.0,1.0,1.0,17.4,8.071873
8244,7.892,11969.0,48.13,0.408862,,,,6483.0,1.078,1.114,4.42,,,,0.0,1.0,0.0,0.0,72.6,57.660034
8245,2.424,3367.1,54.36,0.363114,,,,6491.0,1.371,1.147,4.223,,,,0.0,1.0,0.0,0.0,292.0,529.47314
8247,5.02692,64776.0,40.0,0.243233,,,,6701.0,1.506,1.092,4.121,,,,0.0,1.0,0.0,0.0,1227.3,1867.3774
8249,4.6414,310679.0,51.58,0.601755,,,,5564.0,0.785,0.878,4.587,,,,1.0,0.0,0.0,0.0,1907.8,8292.623
8250,37.2,10579.0,8.99,0.11318,,,,4907.0,0.727,0.737,4.582,,,,0.0,1.0,0.0,0.0,35.1,211.52629
8251,2.27811,127786.0,29.45,0.422048,,,,5233.0,0.639,0.627,4.625,,,,0.0,1.0,0.0,0.0,578.2,6615.4873
8252,3.3374,32.7,0.54,0.005316,,,,5709.0,0.938,0.824,4.409,,,,0.0,0.0,1.0,0.0,3.8,11.343463
8253,3.073,560314.0,141.82,0.728004,,,,5023.0,1.784,0.921,3.9,,,,0.0,1.0,0.0,0.0,1236.1,9099.94
8254,5.768,3001.0,13.92,0.313969,,,,3624.0,0.406,0.425,4.848,,,,0.0,1.0,1.0,1.0,13.5,28.17266
8255,5.678,728.8,52.64,0.023076,,,,4029.0,20.888,0.972,1.786,,,,0.0,1.0,0.0,0.0,41.0,186.12543
8257,29.254,6907.1,59.95,0.079755,,,,4764.0,6.883,1.035,2.777,,,,1.0,0.0,0.0,0.0,91.3,62.217365
8258,5.14519,481370.0,83.16,0.677492,,,,6600.0,1.124,0.796,4.238,,,,0.0,1.0,0.0,0.0,2019.4,11229.342
8259,16.13,295.1,1.56,0.015956,,,,5689.0,0.894,0.906,4.493,,,,0.0,1.0,0.0,0.0,8.6,7.1636825
8260,2.81832,41596.1,77.4,0.500222,,,,6343.0,1.417,1.157,4.199,,,,0.0,1.0,1.0,0.0,845.0,3385.6416
8261,4.3876,7473.8,319.52,0.416626,,,,5096.0,7.023,2.233,3.094,,,,0.0,1.0,0.0,0.0,416.1,272.91116
8262,7.3736,136386.0,23.48,0.395929,,,,4869.0,0.543,0.552,4.71,,,,0.0,1.0,0.0,0.0,180.9,2291.9294
8264,23.7545,563292.0,75.86,0.703816,,,,5661.0,0.987,0.859,4.383,,,,0.0,1.0,0.0,0.0,1331.5,3825.1863
8265,2.74361,232350.0,45.91,0.471324,,,,5530.0,0.892,0.773,4.425,,,,0.0,1.0,0.0,0.0,1191.2,7401.102
8266,13.93,1148.0,6.2,0.037888,,,,7296.0,1.498,1.45,4.249,,,,0.0,1.0,0.0,0.0,1.6,10.776869
8267,3.637,32.3,2.18,0.005161,,,,5216.0,3.871,1.058,3.287,,,,0.0,0.0,1.0,1.0,20.3,12.269742
8268,5.21948,82364.4,105.07,0.500336,,,,6873.0,1.923,1.518,4.051,,,,0.0,1.0,0.0,0.0,943.7,16217.379
8269,3.60482,36700.0,26.96,0.270452,,,,6063.0,0.913,0.806,4.424,,,,0.0,1.0,0.0,0.0,1508.7,2145.6328
8271,11.04,4147.0,6149.09,70.387939,,,,5227.0,0.8,0.894,4.584,,,,1.0,0.0,0.0,0.0,10.8,12.376148
8272,2.46345,199901.0,42.33,0.536836,,,,5297.0,0.722,0.746,4.594,,,,1.0,0.0,0.0,0.0,545.0,3538.811
8273,10.1,93.5,1.03,0.009893,,,,6029.0,0.956,1.005,4.481,,,,0.0,0.0,1.0,1.0,13.1,9.159836
8274,10.53,93.5,0.88,0.009365,,,,6212.0,0.862,0.932,4.537,,,,1.0,0.0,1.0,1.0,10.4,8.911058
8275,8.235,128.6,0.76,0.010067,,,,4634.0,0.689,0.685,4.597,,,,0.0,0.0,0.0,1.0,11.3,9.498561
8276,3.074,7.5,0.27,0.002516,,,,6045.0,0.999,0.863,4.375,,,,0.0,0.0,0.0,1.0,11.2,7.6669817
8277,4.933,99.5,0.79,0.008959,,,,5376.0,0.806,0.897,4.576,,,,0.0,0.0,1.0,1.0,11.8,9.579306
8278,9.65516,266552.0,82.04,0.590144,,,,6438.0,1.273,0.899,4.182,,,,0.0,1.0,0.0,0.0,2132.0,19598.863
8279,8.14155,72975.7,66.69,0.474898,,,,5957.0,1.286,0.888,4.168,,,,0.0,1.0,0.0,0.0,2173.1,4569.121
8280,3.067,110.6,3.5,0.010423,,,,6315.0,3.075,1.381,3.603,,,,0.0,1.0,0.0,0.0,23.9,9.2297125
8281,17.66,560.0,2.35,0.021508,,,,5780.0,1.0,1.0,4.438,,,,1.0,0.0,0.0,0.0,7.4,7.8874006
8282,6.7598,123355.0,57.06,0.345116,,,,6256.0,1.514,0.911,4.037,,,,0.0,1.0,0.0,0.0,951.4,4234.7983
8284,3.52048,110948.0,43.68,0.435206,,,,6267.0,0.919,0.946,4.487,,,,0.0,1.0,0.0,0.0,3769.0,12031.498
8285,6.56935,236246.0,53.4,0.454483,,,,6387.0,1.076,1.051,4.398,,,,0.0,1.0,0.0,0.0,9054.7,29184.463
8286,3.37392,71070.9,51.06,0.469029,,,,6067.0,0.997,0.981,4.433,,,,0.0,1.0,0.0,0.0,1812.6,4450.9976
8287,6.159,372.0,26.41,0.238988,,,,6063.0,1.012,1.117,4.476,,,,0.0,1.0,1.0,0.0,59.5,11.384615
8288,7.13,,,,,,,,,,,,,,1.0,0.0,0.0,0.0,,17.25547
8289,2.91121,62962.0,67.05,0.452116,,,,6163.0,1.358,0.922,4.137,,,,0.0,1.0,0.0,0.0,469.2,5744.826
8290,4.24308,77832.4,73.8,0.474955,,,,5575.0,1.423,0.86,4.066,,,,0.0,1.0,0.0,0.0,1947.8,3017.7617
8292,7.70289,415020.0,93.43,0.662236,,,,6860.0,1.292,1.3,4.326,,,,0.0,1.0,0.0,0.0,1375.1,20393.861
8293,6.55436,294547.0,133.79,0.992082,,,,6292.0,1.235,1.002,4.256,,,,0.0,1.0,0.0,0.0,2074.5,32003.787
8294,8.1018,488408.0,127.57,0.683154,,,,6794.0,1.71,1.356,4.102,,,,0.0,1.0,0.0,0.0,3788.7,20726.29
8295,2.64,,,,,,,,,,,,,,1.0,0.0,0.0,0.0,,8.084571
8296,6.83787,173954.0,246.75,0.526347,,,,5017.0,4.293,1.505,3.35,,,,0.0,1.0,0.0,0.0,1975.1,12051.091
8297,4.85013,364349.0,52.52,0.615852,,,,5810.0,0.781,0.808,4.56,,,,0.0,1.0,0.0,0.0,675.7,21998.168
8298,8.9943,28617.7,43.08,0.430244,,,,5941.0,0.917,0.817,4.426,,,,0.0,1.0,0.0,0.0,485.8,742.5148
8299,21.335,19.7,1.07,0.006165,,,,6313.0,1.594,1.22,4.12,,,,1.0,0.0,0.0,0.0,23.6,8.157245
8300,3.02199,70873.0,33.93,0.333741,,,,6109.0,0.931,0.946,4.476,,,,0.0,1.0,0.0,0.0,1397.7,3518.5803
8301,6.8899,11851.5,15.47,0.149292,,,,6053.0,0.949,1.025,4.494,,,,0.0,1.0,0.0,0.0,268.1,247.0394
8302,2.321,136.0,1.22,0.011727,,,,6053.0,0.949,1.025,4.494,,,,0.0,0.0,1.0,1.0,13.8,12.735517
8303,3.8834,304072.0,77.59,0.604175,,,,6126.0,1.176,0.972,4.285,,,,0.0,1.0,0.0,0.0,476.6,23205.584
8304,1.637,37.4,0.44,0.005493,,,,5096.0,0.737,0.758,4.582,,,,0.0,0.0,0.0,1.0,9.2,8.224546
8305,1.561,594.0,1.59,0.021795,,,,4331.0,0.666,0.675,4.62,,,,0.0,0.0,1.0,0.0,20.2,8.522534
8306,4.6979,1943.6,26.57,0.305249,,,,5459.0,0.797,0.893,4.583,,,,1.0,0.0,1.0,1.0,189.9,16.149845
8308,3.917,25.2,0.85,0.004755,,,,7257.0,1.631,1.487,4.185,,,,1.0,0.0,0.0,0.0,14.2,8.409726
8309,2.0171,37224.0,34.05,0.432421,,,,5134.0,0.721,0.688,4.56,,,,0.0,1.0,0.0,0.0,174.0,174.58801
8310,5.39585,245988.0,80.71,0.468086,,,,6472.0,1.579,1.093,4.08,,,,0.0,1.0,0.0,0.0,2717.0,26728.982
8312,6.52705,79329.6,53.72,0.477159,,,,5691.0,1.031,0.875,4.354,,,,0.0,1.0,0.0,0.0,1779.1,3414.6118
8313,13.05,71.9,2.97,0.01137,,,,5446.0,2.39,1.293,3.793,,,,0.0,0.0,1.0,1.0,16.8,7.728842
8314,0.953,45.1,1.2,0.006656,,,,6781.0,1.651,1.333,4.125,,,,0.0,0.0,1.0,1.0,12.7,10.149691
8315,5.62354,56616.3,123.02,0.776929,,,,6328.0,1.45,1.107,4.16,,,,0.0,1.0,0.0,0.0,5402.0,10837.834
8316,1.40211,7339.5,29.98,0.370942,,,,5237.0,0.74,0.698,4.543,,,,1.0,0.0,0.0,0.0,563.0,1141.6361
8317,10.69,433.6,2.02,0.019292,,,,6168.0,0.96,1.034,4.488,,,,1.0,0.0,0.0,0.0,6.9,7.8885713
8318,1.79,,,,,,,,,,,,,,1.0,0.0,0.0,0.0,,13.143417
8319,4.95211,226981.0,129.87,0.453231,,,,7279.0,2.624,1.8,3.856,,,,0.0,1.0,0.0,0.0,1315.5,5707.508
8320,2.43,109.1,0.66,0.01048,,,,4205.0,0.578,0.567,4.668,,,,0.0,1.0,1.0,0.0,10.1,8.472225
8321,2.822,43.1,0.93,0.006237,,,,6720.0,1.368,1.294,4.276,,,,1.0,0.0,1.0,0.0,15.9,12.09475
8322,2.44433,10308.2,149.19,0.385945,,,,5092.0,3.54,1.201,3.42,,,,0.0,1.0,0.0,0.0,773.4,723.0637
8324,3.465,75.6,1.21,0.00801,,,,6290.0,1.385,0.99,4.151,,,,1.0,0.0,1.0,0.0,8.0,7.6573257
8325,4.52648,103972.0,104.26,0.490353,,,,6389.0,1.947,1.134,3.914,,,,0.0,1.0,0.0,0.0,2047.9,13958.094
8326,8.5,633.0,11.4,0.022235,,,,4850.0,4.696,1.095,3.134,,,,0.0,0.0,1.0,1.0,27.9,15.686422
8327,11.3096,47751.3,59.94,0.208384,,,,7079.0,2.634,1.695,3.827,,,,0.0,1.0,0.0,0.0,814.1,2495.9023
8328,6.606,101310.0,34.05,0.322419,,,,5566.0,0.967,0.822,4.382,,,,0.0,1.0,0.0,0.0,1026.0,6797.841
8329,3.29,,,,,,,,,,,,,,1.0,0.0,0.0,0.0,,14.466742
8331,6.15281,227141.0,82.03,0.563514,,,,6316.0,1.333,1.102,4.231,,,,1.0,0.0,0.0,0.0,4355.5,15525.91
8333,7.71925,85951.6,74.25,0.274826,,,,6590.0,2.474,1.368,3.787,,,,0.0,1.0,0.0,0.0,2526.2,6793.911
8334,10.2264,326626.0,71.42,0.609498,,,,5527.0,1.073,0.867,4.315,,,,0.0,1.0,0.0,0.0,1347.9,18311.057
8335,23.92,103788.0,50.74,0.623715,,,,5432.0,0.745,0.834,4.608,,,,0.0,1.0,0.0,0.0,864.5,657.6279
8336,2.12,,,,,,,,,,,,,,1.0,0.0,0.0,0.0,,20.069117
8337,4.58598,179042.0,39.79,0.499178,,,,5068.0,0.73,0.698,4.556,,,,0.0,1.0,0.0,0.0,2141.3,3120.1123
8338,9.48995,213900.0,39.18,0.426581,,,,5442.0,0.841,0.759,4.469,,,,0.0,1.0,0.0,0.0,3902.3,3758.235
8339,5.5728,247561.0,98.04,0.574424,,,,7141.0,1.563,1.442,4.208,,,,0.0,1.0,0.0,0.0,792.9,43282.883
8340,3.3781,2363.8,47.68,0.329252,,,,6331.0,1.326,0.898,4.146,,,,0.0,1.0,1.0,0.0,251.4,403.21106
8341,5.00366,512474.0,54.56,0.694921,,,,4464.0,0.719,0.711,4.577,,,,0.0,1.0,0.0,0.0,1758.7,8454.857
8342,5.9942,30745.9,46.3,0.43438,,,,5930.0,0.976,1.029,4.472,,,,0.0,1.0,0.0,0.0,1378.9,6016.9214
8343,2.31,,,,,,,,,,,,,,1.0,0.0,0.0,0.0,,11.2284565
8345,1.239,93.8,1.06,0.009284,,,,6142.0,1.046,1.143,4.456,,,,0.0,0.0,1.0,0.0,8.8,8.346061
8346,5.3022,262984.0,104.57,0.500326,,,,8144.0,1.914,1.841,4.139,,,,0.0,1.0,0.0,0.0,4761.5,31373.201
8347,4.35014,38119.2,56.11,0.430688,,,,6469.0,1.193,1.26,4.385,,,,0.0,1.0,0.0,0.0,2271.0,11932.856
8348,3.2922,2749.5,29.19,0.340124,,,,5152.0,0.786,0.741,4.517,,,,0.0,1.0,0.0,0.0,103.1,95.97969
8349,5.24058,315517.0,86.12,0.532167,,,,6526.0,1.482,1.223,4.182,,,,0.0,1.0,0.0,0.0,6009.0,40941.543
8350,17.4877,617987.0,571.07,1.289667,,,,5467.0,4.055,1.62,3.432,,,,0.0,1.0,0.0,0.0,1587.7,4352.5903
8352,16.01,162.4,0.87,0.01136,,,,4995.0,0.698,0.677,4.58,,,,1.0,0.0,1.0,1.0,12.8,9.14662
8353,2.69771,465918.0,46.59,0.682637,,,,4794.0,0.625,0.612,4.633,,,,0.0,1.0,0.0,0.0,1012.9,13127.424
8354,3.828,44.7,0.64,0.006236,,,,5869.0,0.942,1.054,4.513,,,,0.0,0.0,0.0,1.0,14.8,12.076575
8356,5.9968,121323.0,43.95,0.341926,,,,5757.0,1.177,0.818,4.209,,,,0.0,1.0,0.0,0.0,680.4,2577.3557
8358,18.47,119.4,2.83,0.033836,,,,5047.0,0.766,0.802,4.574,,,,0.0,1.0,1.0,1.0,10.7,10.103962
8359,9.82,143.8,0.81,0.010715,,,,4920.0,0.691,0.768,4.636,,,,1.0,0.0,1.0,1.0,14.2,8.5237255
8360,9.69,90.1,0.91,0.009001,,,,6060.0,0.925,1.008,4.509,,,,0.0,0.0,0.0,1.0,10.5,9.560071
8361,11.268,29.9,0.58,0.005478,,,,5952.0,0.971,1.057,4.489,,,,0.0,0.0,1.0,1.0,13.5,10.936631
8362,6.47393,118864.0,51.9,0.52694,,,,6011.0,0.902,0.988,4.522,,,,0.0,1.0,0.0,0.0,1216.8,4660.4795
8363,2.352,16.2,0.57,0.003854,,,,5966.0,1.349,1.014,4.184,,,,1.0,0.0,0.0,1.0,13.8,9.085316
8364,4.399,68.9,1.15,0.010029,,,,6395.0,1.049,1.094,4.436,,,,1.0,0.0,0.0,1.0,21.7,7.8475046
8365,3.487,73.9,0.88,0.008292,,,,6075.0,0.969,1.048,4.486,,,,1.0,0.0,1.0,1.0,23.3,11.458723
8366,2.77,125.7,1.54,0.014498,,,,5836.0,0.97,1.087,4.5,,,,1.0,0.0,0.0,1.0,14.1,13.419197
8367,3.641,64.0,0.89,0.00744,,,,6100.0,1.093,0.993,4.358,,,,1.0,0.0,1.0,1.0,22.6,10.264639
8368,4.097,46.7,0.77,0.006244,,,,5576.0,1.132,0.928,4.297,,,,0.0,0.0,1.0,1.0,12.5,11.464546
8369,4.176,92.1,1.07,0.009594,,,,6273.0,1.021,1.077,4.454,,,,1.0,0.0,0.0,1.0,26.4,12.875926
8370,5.13753,77410.4,29.77,0.266744,,,,6214.0,1.022,1.051,4.444,,,,0.0,1.0,0.0,0.0,2822.1,3942.5735
8371,5.10744,173168.0,33.8,0.391811,,,,5294.0,0.79,0.733,4.507,,,,0.0,1.0,0.0,0.0,3487.8,4760.222
8372,88.1118,316.3,31.72,0.197178,,,,5930.0,1.473,0.96,4.084,,,,1.0,0.0,0.0,0.0,153.7,10.391341
8373,7.7489,246568.0,41.52,0.463146,,,,5863.0,0.821,0.908,4.566,,,,0.0,1.0,0.0,0.0,996.8,10472.216
8375,10.16,47.0,1.54,0.006736,,,,7117.0,2.09,1.548,3.988,,,,1.0,0.0,0.0,0.0,42.0,8.347826
8376,19.27,82.6,1.23,0.008897,,,,6602.0,1.269,1.178,4.301,,,,1.0,0.0,0.0,0.0,23.7,9.87049
8378,5.51392,417901.0,115.45,0.652608,,,,6962.0,1.62,1.352,4.148,,,,0.0,1.0,0.0,0.0,2309.2,19628.61
8379,12.079,227.2,21.07,0.229677,,,,5662.0,0.84,0.937,4.56,,,,1.0,0.0,1.0,0.0,21.1,8.52728
8380,3.90851,87567.2,88.64,0.462512,,,,6980.0,1.755,1.292,4.06,,,,0.0,1.0,0.0,0.0,3979.1,12755.756
8382,2.616,61.3,0.48,0.007074,,,,4556.0,0.615,0.669,4.676,,,,1.0,0.0,1.0,0.0,23.6,13.4554205
8383,11.8874,164608.0,127.38,0.379342,,,,5934.0,3.075,1.315,3.581,,,,0.0,1.0,0.0,0.0,1255.2,5305.2124
8384,4.72808,314683.0,118.28,0.521493,,,,5977.0,2.077,1.125,3.854,,,,0.0,1.0,0.0,0.0,920.8,39165.887
8385,2.523,277.6,1.9,0.015325,,,,6343.0,1.137,1.213,4.411,,,,1.0,0.0,0.0,0.0,6.7,7.926327
8387,5.42,842.0,2.63,0.027213,,,,5941.0,0.885,0.975,4.533,,,,1.0,0.0,1.0,0.0,7.9,8.185003
8388,5.94523,131002.0,83.26,0.509325,,,,6499.0,1.497,0.993,4.084,,,,0.0,1.0,0.0,0.0,3290.5,23911.836
8389,0.3969,99.0,1.09,0.010742,,,,6240.0,0.929,1.0,4.502,,,,1.0,0.0,1.0,0.0,7.8,8.125923
8390,11.06,75.2,1.07,0.008055,,,,6099.0,1.212,0.856,4.204,,,,1.0,0.0,0.0,0.0,11.2,7.2163043
8392,5.96595,416030.0,45.65,0.645094,,,,5290.0,0.648,0.723,4.669,,,,0.0,1.0,0.0,0.0,2341.5,11420.147
8393,7.60143,123177.0,71.55,0.51272,,,,6039.0,1.278,1.041,4.242,,,,0.0,1.0,0.0,0.0,2674.6,4593.534
8396,3.64361,131660.0,72.82,0.502932,,,,6679.0,1.326,1.246,4.286,,,,0.0,1.0,0.0,0.0,598.4,14669.238
8397,6.84312,263637.0,131.41,0.563641,,,,7128.0,2.135,1.479,3.95,,,,0.0,1.0,0.0,0.0,1488.6,5851.445
8398,11.29,57.0,2.11,0.007435,,,,6628.0,2.595,1.489,3.783,,,,1.0,0.0,0.0,0.0,38.1,8.757065
8399,0.4199,58.3,1.42,0.008071,,,,5927.0,1.607,0.914,3.988,,,,0.0,0.0,1.0,0.0,28.4,11.157958
8401,3.7,78.9,0.54,0.007778,,,,4237.0,0.631,0.62,4.63,,,,0.0,1.0,1.0,1.0,17.6,13.790248
8402,2.669,13.9,0.84,0.003453,,,,6619.0,2.23,1.408,3.89,,,,1.0,0.0,1.0,1.0,8.5,7.5792
8403,3.338,51.3,0.81,0.006601,,,,5600.0,1.118,0.951,4.32,,,,1.0,0.0,1.0,1.0,10.8,7.714208
8405,8.52,42.9,0.87,0.006036,,,,5846.0,1.323,0.942,4.169,,,,0.0,0.0,0.0,1.0,9.2,7.7449193
8406,4.87531,41579.9,68.93,0.323684,,,,7199.0,1.95,1.571,4.055,,,,0.0,1.0,0.0,0.0,827.0,5257.548
8409,2.69,36.5,1.16,0.005681,,,,6306.0,1.874,0.862,3.828,,,,0.0,0.0,0.0,1.0,5.9,9.299339
8410,4.17722,36484.5,51.63,0.441436,,,,5594.0,1.071,0.841,4.303,,,,0.0,1.0,0.0,0.0,1098.3,3020.4734
8411,2.7415,99056.0,51.42,0.472261,,,,6108.0,0.997,1.072,4.471,,,,0.0,1.0,0.0,0.0,429.7,2211.5642
8412,1.569,94.1,0.98,0.008968,,,,6406.0,1.005,1.057,4.458,,,,0.0,0.0,1.0,1.0,10.4,8.0354805
8414,8.27762,248937.0,41.84,0.573586,,,,5246.0,0.668,0.653,4.604,,,,0.0,1.0,0.0,0.0,1524.1,13155.155
8415,5.14,66.8,0.73,0.007594,,,,5741.0,0.884,0.781,4.438,,,,0.0,0.0,1.0,1.0,10.7,8.967308
8416,3.37146,25208.0,62.55,0.410287,,,,6309.0,1.396,1.306,4.265,,,,0.0,1.0,0.0,0.0,568.7,2201.347
8417,5.67553,150465.0,61.45,0.395421,,,,5865.0,1.423,1.09,4.169,,,,0.0,1.0,0.0,0.0,5640.0,19184.824
8418,7.60963,54518.0,85.64,0.456473,,,,6425.0,1.718,1.179,4.04,,,,0.0,1.0,0.0,0.0,1513.2,5531.697
8419,2.097,27.8,0.57,0.004837,,,,6028.0,1.078,0.994,4.371,,,,0.0,1.0,1.0,1.0,11.2,9.137777
8420,1.434,282.5,1.54,0.015515,,,,5941.0,0.911,1.001,4.519,,,,0.0,0.0,1.0,1.0,9.8,9.417973
8421,3.16223,69626.0,119.64,0.472034,,,,8162.0,2.321,1.845,3.973,,,,0.0,1.0,0.0,0.0,548.5,6146.4287
8422,4.64294,325530.0,92.55,0.603654,,,,6300.0,1.404,1.106,4.188,,,,1.0,0.0,0.0,0.0,1703.0,4828.945
8423,12.6047,341717.0,71.45,0.620771,,,,5979.0,1.054,0.986,4.386,,,,0.0,1.0,0.0,0.0,963.5,9944.694
8424,8.42272,115171.0,178.47,0.385464,,,,7221.0,4.24,2.018,3.488,,,,0.0,1.0,0.0,0.0,1876.9,18902.256
8425,4.62051,406770.0,81.28,0.629216,,,,6440.0,1.183,1.194,4.369,,,,0.0,1.0,0.0,0.0,2165.3,13455.348
8426,2.437,61.1,1.51,0.007386,,,,5712.0,1.872,1.162,3.959,,,,0.0,1.0,0.0,1.0,22.3,11.674036
8427,2.965,149.8,0.95,0.01372,,,,4186.0,0.635,0.686,4.662,,,,0.0,0.0,1.0,1.0,10.2,9.475645
8428,4.09326,143628.0,59.02,0.600525,,,,6024.0,0.9,0.985,4.523,,,,0.0,1.0,0.0,0.0,2096.8,6885.695
8429,2.6923,52609.0,37.78,0.499951,,,,5229.0,0.692,0.664,4.58,,,,0.0,1.0,0.0,0.0,324.4,2079.1316
8430,1.3,,,,,,,,,,,,,,1.0,0.0,0.0,0.0,,13.663539
8431,4.48448,44998.1,43.23,0.198938,,,,6348.0,1.99,1.431,3.996,,,,0.0,1.0,0.0,0.0,987.8,3670.6821
8432,24.44,182.1,1.05,0.012463,,,,5833.0,0.775,0.753,4.537,,,,0.0,0.0,1.0,0.0,12.0,8.021092
8433,36.048,2797.5,22.46,0.051985,,,,5043.0,3.956,1.098,3.284,,,,0.0,1.0,0.0,0.0,306.7,18.77201
8434,14.7088,255953.0,139.59,0.564869,,,,6562.0,2.263,1.279,3.835,,,,0.0,1.0,0.0,0.0,772.7,2593.268
8435,3.7278,200403.0,38.82,0.416305,,,,5655.0,0.854,0.788,4.472,,,,0.0,1.0,0.0,0.0,1234.3,22089.055
8436,6.5468,29988.7,44.91,0.423538,,,,5712.0,0.971,0.912,4.424,,,,0.0,1.0,0.0,0.0,687.5,661.25793
8437,6.82752,119630.0,99.66,0.401178,,,,5605.0,2.275,1.226,3.813,,,,0.0,1.0,0.0,0.0,2595.9,10096.773
8438,11.39,88.3,1.1,0.008818,,,,6598.0,1.145,1.166,4.387,,,,0.0,0.0,1.0,0.0,14.5,9.098638
8439,10.767,56.0,0.48,0.007244,,,,5017.0,0.605,0.601,4.653,,,,0.0,1.0,0.0,1.0,15.1,8.020395
8440,19.45,249668.0,73.04,0.934191,,,,5328.0,0.716,0.695,4.571,,,,0.0,1.0,0.0,0.0,401.5,229.20734
8443,2.651,128.2,1.04,0.010208,,,,5525.0,0.93,0.906,4.458,,,,1.0,0.0,1.0,0.0,8.1,7.8697085
8444,3.58,18.0,0.75,0.004048,,,,6773.0,1.69,1.207,4.063,,,,0.0,0.0,0.0,1.0,14.2,10.36154
8445,1.031,26.6,0.57,0.004794,,,,6224.0,1.096,1.031,4.373,,,,1.0,0.0,0.0,0.0,5.7,7.3137946
8446,5.15682,45699.5,25.25,0.203868,,,,5963.0,1.134,0.986,4.322,,,,0.0,1.0,0.0,0.0,2171.4,2927.8442
8447,4.929,100.3,1.17,0.012949,,,,5707.0,0.828,0.864,4.538,,,,0.0,1.0,1.0,1.0,18.3,11.146606
8448,2.708,98.8,1.04,0.009444,,,,6046.0,1.007,1.111,4.478,,,,0.0,0.0,0.0,1.0,12.3,10.666842
8449,3.20763,44116.4,50.53,0.451432,,,,6117.0,1.025,1.095,4.457,,,,0.0,1.0,1.0,0.0,717.5,2687.6384
8450,7.61037,252699.0,47.71,0.469276,,,,6343.0,0.931,0.988,4.495,,,,0.0,1.0,0.0,0.0,7795.3,15465.727
8451,3.47128,195090.0,33.46,0.544206,,,,4448.0,0.563,0.558,4.684,,,,0.0,1.0,0.0,0.0,1680.0,6639.07
8452,4.11282,107665.0,41.17,0.500012,,,,5578.0,0.754,0.843,4.601,,,,0.0,1.0,0.0,0.0,1483.2,4479.9624
8453,1.7556,71.8,216.92,0.00864,,,,3681.0,229.908,3.426,0.25,,,,0.0,0.0,1.0,0.0,6.3,7.4198027
8455,3.17788,163091.0,54.35,0.462121,,,,6318.0,1.077,0.98,4.366,,,,0.0,1.0,0.0,0.0,1305.8,10680.992
8457,1.75182,372128.0,47.64,0.592721,,,,4429.0,0.736,0.733,4.569,,,,0.0,1.0,0.0,0.0,1066.7,4041.614
8458,37.68,188.2,19.93,0.199678,,,,5896.0,0.914,1.0,4.516,,,,0.0,1.0,0.0,0.0,25.4,13.839084
8459,6.6666,150998.0,40.3,0.384842,,,,5539.0,0.959,0.807,4.381,,,,0.0,1.0,0.0,0.0,622.8,6156.7637
8460,5.61993,361389.0,71.49,0.631344,,,,6502.0,1.037,1.077,4.44,,,,0.0,1.0,0.0,0.0,6104.8,39759.39
8461,3.53,,,,,,,,,,,,,,1.0,0.0,0.0,0.0,,10.0192
8463,2.902,418.1,16.24,0.210692,,,,5488.0,0.706,0.79,4.629,,,,0.0,1.0,1.0,1.0,27.3,11.447451
8465,5.583,39.0,1.42,0.006234,,,,6854.0,2.088,1.368,3.934,,,,1.0,0.0,0.0,0.0,29.9,13.188535
8466,5.02151,477104.0,178.15,0.693626,,,,8751.0,2.352,2.14,4.026,,,,0.0,1.0,0.0,0.0,3289.1,5266.8877
8467,7.34648,101786.0,28.99,0.479255,,,,4462.0,0.554,0.561,4.7,,,,0.0,1.0,0.0,0.0,1884.3,4314.3325
8468,7.6494,261346.0,108.46,0.500633,,,,6350.0,1.984,1.195,3.921,,,,0.0,1.0,0.0,0.0,2851.3,21785.168
8470,1.93637,30099.2,78.0,0.43188,,,,5658.0,1.654,0.798,3.903,,,,0.0,1.0,0.0,0.0,642.2,4087.1533
8471,1.383,618.6,97.92,0.021646,,,,4148.0,41.424,1.796,1.458,,,,0.0,1.0,1.0,1.0,10.0,39.183315
8472,18.99,203.6,1.52,0.018208,,,,5531.0,0.764,0.855,4.597,,,,0.0,1.0,1.0,1.0,25.9,15.499315
8474,2.62,187.1,1.23,0.016144,,,,4867.0,0.696,0.78,4.63,,,,0.0,0.0,1.0,1.0,10.1,9.422949
8475,3.54486,117463.0,35.8,0.421893,,,,5624.0,0.777,0.722,4.516,,,,0.0,1.0,0.0,0.0,1676.8,9521.749
8476,7.04412,266180.0,186.53,0.585781,,,,7703.0,2.916,2.165,3.844,,,,0.0,1.0,0.0,0.0,7232.1,10815.986
8477,2.05573,13054.3,31.2,0.178782,,,,6195.0,1.598,1.09,4.069,,,,0.0,1.0,0.0,0.0,443.9,1668.0709
8478,3.8281,26189.8,91.21,0.434803,,,,6531.0,1.921,1.234,3.962,,,,1.0,0.0,0.0,0.0,486.3,2205.003
8481,9.8341,404836.0,82.4,0.654471,,,,6484.0,1.153,1.178,4.386,,,,0.0,1.0,0.0,0.0,1763.5,14502.88
8485,7.083,124.6,2.64,0.013463,,,,8709.0,1.797,2.012,4.232,,,,1.0,0.0,0.0,0.0,63.3,19.184177
8486,4.99923,200864.0,109.33,0.424042,,,,8143.0,2.361,1.854,3.96,,,,0.0,1.0,0.0,0.0,3260.0,23904.42
8487,3.203,45.1,2.16,0.006019,,,,5088.0,3.293,1.257,3.502,,,,0.0,0.0,1.0,1.0,12.7,8.535784
8488,6.09676,142059.0,44.96,0.515255,,,,5702.0,0.799,0.711,4.485,,,,0.0,1.0,0.0,0.0,2506.6,2538.9429
8489,5.974,198.9,8.93,0.079873,,,,6224.0,1.024,1.084,4.454,,,,1.0,0.0,0.0,1.0,35.9,8.976294
8490,3.11152,103474.0,29.45,0.481581,,,,4623.0,0.56,0.556,4.686,,,,0.0,1.0,0.0,0.0,1065.9,1997.5936
8491,3.444,145.9,9.04,0.010754,,,,4929.0,7.7,2.167,3.001,,,,0.0,0.0,1.0,1.0,17.0,10.635635
8492,5.28519,188923.0,141.7,0.423361,,,,8529.0,3.065,2.017,3.769,,,,0.0,1.0,0.0,0.0,6016.2,39875.934
8493,1.7347,11348.0,224.79,10.292369,,,,3246.0,0.2,0.178,5.087,,,,0.0,1.0,0.0,0.0,44.7,14.008121
8494,2.397,51.6,0.58,0.006544,,,,5696.0,0.812,0.902,4.57,,,,0.0,0.0,1.0,1.0,9.6,7.730833
8495,4.7781,188219.0,87.4,0.546314,,,,5726.0,1.465,0.935,4.077,,,,0.0,1.0,0.0,0.0,541.9,21226.611
8496,9.01353,222167.0,146.47,0.563821,,,,7967.0,2.379,2.069,4.001,,,,0.0,1.0,0.0,0.0,3733.6,11930.486
8497,19.092,349630.0,114.2,0.540476,,,,5383.0,1.935,1.105,3.908,,,,0.0,1.0,0.0,0.0,1021.3,47208.527
8498,14.2561,315892.0,63.57,0.595809,,,,5995.0,0.977,0.946,4.434,,,,0.0,1.0,0.0,0.0,1215.8,1302.7651
8502,3.3039,504406.0,47.62,0.673033,,,,5325.0,0.648,0.695,4.657,,,,0.0,1.0,0.0,0.0,1288.0,18911.455
8503,1.663,98.5,0.86,0.00913,,,,5749.0,0.864,0.961,4.547,,,,0.0,0.0,1.0,1.0,8.9,8.841096
8504,5.806,496.4,16.5,0.182913,,,,5514.0,0.826,0.926,4.569,,,,0.0,0.0,1.0,0.0,11.6,7.605683
8506,7.645,182171.0,49.46,0.470832,,,,6071.0,0.962,0.898,4.425,,,,0.0,1.0,0.0,0.0,836.0,4110.014
8507,5.7545,129696.0,82.22,0.4993,,,,6793.0,1.508,1.346,4.208,,,,1.0,0.0,0.0,0.0,224.9,2238.2502
8509,7.44219,508772.0,68.86,0.701428,,,,5427.0,0.899,0.826,4.448,,,,0.0,1.0,0.0,0.0,1618.4,12515.727
8511,11.243,145.6,66.58,0.125844,,,,6720.0,4.845,2.02,3.373,,,,0.0,1.0,0.0,0.0,58.1,8.90709
8512,10.0159,31525.9,378.99,0.189363,,,,4588.0,18.328,2.09,2.232,,,,0.0,1.0,0.0,0.0,1566.6,1024.2103
8515,5.49,27.1,0.42,0.005036,,,,5433.0,0.769,0.766,4.55,,,,0.0,0.0,1.0,1.0,16.7,10.201152
8516,10.05,198.6,1.26,0.013288,,,,5853.0,0.868,0.961,4.544,,,,0.0,0.0,1.0,1.0,10.5,8.9485
8517,10.969,464960.0,67.11,0.680543,,,,5642.0,0.903,0.936,4.498,,,,0.0,1.0,0.0,0.0,2008.1,35714.492
8519,12.43,306.9,1.83,0.016146,,,,6316.0,1.036,1.01,4.413,,,,1.0,0.0,0.0,0.0,10.3,7.554866
8521,4.88748,149524.0,61.66,0.519442,,,,6367.0,1.087,1.131,4.419,,,,0.0,1.0,0.0,0.0,1398.8,14410.808
8523,13.55,33.9,0.86,0.005564,,,,7225.0,1.414,1.397,4.281,,,,1.0,0.0,0.0,1.0,6.7,8.814673
8524,21.826,126.6,1.66,0.010086,,,,5349.0,1.505,0.914,4.044,,,,0.0,1.0,0.0,1.0,28.3,7.420866
8525,29.09,92.2,1.88,0.012023,,,,5948.0,1.432,0.957,4.106,,,,1.0,0.0,1.0,1.0,39.0,10.666088
8526,6.666,12264.0,39.52,0.381399,,,,5371.0,0.949,0.83,4.403,,,,1.0,0.0,0.0,0.0,118.7,10.657215
8527,1.322,54.8,0.9,0.006786,,,,5869.0,1.221,1.021,4.274,,,,0.0,0.0,1.0,0.0,10.8,8.410327
8528,8.1633,93038.0,101.02,0.475393,,,,5210.0,1.946,0.829,3.778,,,,0.0,1.0,0.0,0.0,217.0,1346.4364
8529,24.205,5732.0,64333.8,99.870651,,,,5087.0,5.899,1.935,3.183,,,,0.0,1.0,0.0,0.0,96.0,78.474846
8531,8.19,565.0,4.3,0.021978,,,,6668.0,1.791,1.395,4.074,,,,1.0,0.0,0.0,0.0,8.3,8.689171
8533,9.06,43.2,0.49,0.005868,,,,5074.0,0.761,0.725,4.536,,,,1.0,0.0,0.0,0.0,15.5,7.456211
8534,3.054,22.7,0.68,0.004418,,,,6195.0,1.405,0.92,4.106,,,,0.0,0.0,0.0,1.0,9.3,7.8936915
8535,1.95401,21245.0,48.15,0.423201,,,,5999.0,1.042,1.046,4.423,,,,1.0,0.0,0.0,0.0,1582.9,4295.017
8536,5.74622,182828.0,96.65,0.532513,,,,6951.0,1.662,1.328,4.119,,,,0.0,1.0,0.0,0.0,904.8,5622.3394
8537,4.65638,62755.2,114.45,0.466023,,,,5684.0,2.249,1.134,3.788,,,,0.0,1.0,0.0,0.0,1951.8,8574.474
8538,2.99104,47187.6,78.6,0.451558,,,,6226.0,1.594,1.264,4.135,,,,0.0,1.0,0.0,0.0,560.0,2369.1526
8539,0.996,704.0,0.54,0.024733,,,,3229.0,0.201,0.178,5.08,,,,1.0,0.0,0.0,0.0,9.8,7.7024612
8540,5.543,198.0,1.27,0.014788,,,,5488.0,0.789,0.877,4.584,,,,1.0,0.0,0.0,1.0,54.0,12.937914
8541,2.79,18.9,0.64,0.004206,,,,6130.0,1.393,1.003,4.151,,,,1.0,0.0,1.0,1.0,12.4,8.498971
8542,3.65814,336981.0,67.17,0.613898,,,,5385.0,1.002,0.855,4.369,,,,0.0,1.0,0.0,0.0,1143.6,9375.488
8543,4.937,60.9,0.75,0.007115,,,,5949.0,0.962,1.05,4.493,,,,1.0,0.0,1.0,1.0,18.7,9.262784
8545,4.5963,330907.0,52.93,0.540318,,,,5838.0,0.897,0.992,4.529,,,,0.0,1.0,0.0,0.0,2025.2,9167.076
8546,3.34624,61541.9,32.19,0.241853,,,,6586.0,1.219,1.131,4.319,,,,0.0,1.0,0.0,0.0,2493.3,10464.102
8549,3.035,43.8,0.87,0.006234,,,,6558.0,1.28,1.035,4.239,,,,1.0,0.0,0.0,0.0,9.9,8.77838
8550,0.167,43.0,2.99,0.011873,,,,6157.0,2.306,1.302,3.827,,,,1.0,0.0,1.0,0.0,8.0,14.142551
8551,7.07032,205256.0,61.56,0.422933,,,,5945.0,1.333,0.953,4.168,,,,0.0,1.0,0.0,0.0,3250.0,14268.942
8552,19.9499,219095.0,142.04,0.441986,,,,5261.0,2.943,1.013,3.506,,,,0.0,1.0,0.0,0.0,3272.4,11994.642
8553,2.73115,20527.0,112.28,0.393185,,,,6757.0,2.615,1.734,3.842,,,,0.0,1.0,0.0,0.0,1412.4,4705.1978
8554,4.45731,71589.0,30.85,0.280835,,,,6008.0,1.006,1.018,4.44,,,,0.0,1.0,0.0,0.0,982.3,2901.104
8555,3.54768,534625.0,83.69,0.714233,,,,5960.0,1.073,0.986,4.371,,,,0.0,1.0,0.0,0.0,742.8,20769.879
8557,2.622,27.8,1.13,0.00513,,,,6839.0,2.02,1.497,4.003,,,,0.0,1.0,0.0,1.0,14.4,9.512498
8558,4.14104,141387.0,149.52,0.648608,,,,6258.0,2.111,1.237,3.882,,,,0.0,1.0,0.0,0.0,6579.3,17207.559
8559,2.7986,40248.0,47.48,0.448692,,,,5815.0,0.969,0.764,4.349,,,,0.0,1.0,0.0,0.0,308.5,5044.028
8560,4.4854,177074.0,52.0,0.499713,,,,5846.0,0.953,0.984,4.472,,,,0.0,1.0,0.0,0.0,368.8,10896.961
8562,3.94306,456346.0,49.49,0.666432,,,,4268.0,0.68,0.675,4.602,,,,1.0,0.0,0.0,0.0,3072.5,15275.126
8565,8.18,125.1,1.04,0.010552,,,,5219.0,0.905,0.823,4.441,,,,0.0,0.0,1.0,0.0,8.8,7.9241037
8566,5.3181,136655.0,96.85,0.418151,,,,7053.0,2.121,1.489,3.958,,,,0.0,1.0,0.0,0.0,520.3,2191.3906
8567,6.157,337.0,1.85,0.016967,,,,6092.0,0.998,1.074,4.471,,,,0.0,0.0,1.0,1.0,14.5,10.790104
8568,1.89,,,,,,,,,,,,,,1.0,0.0,0.0,0.0,,8.01427
8569,4.48893,259761.0,62.69,0.486133,,,,6253.0,1.181,0.95,4.271,,,,0.0,1.0,0.0,0.0,5742.0,24443.072
8570,4.38191,730498.0,267.59,0.837206,,,,8011.0,2.927,1.855,3.773,,,,0.0,1.0,0.0,0.0,3732.8,15415.899
8571,2.8,,,,,,,,,,,,,,0.0,0.0,0.0,0.0,,28.887737
8572,2.974,167696.0,57.56,0.527086,,,,5780.0,1.0,1.0,4.438,,,,0.0,1.0,0.0,0.0,240.1,904.5378
8574,5.27765,464521.0,57.97,0.682386,,,,5622.0,0.778,0.862,4.588,,,,0.0,1.0,0.0,0.0,1496.8,24390.424
8575,5.83451,202685.0,44.78,0.413415,,,,5655.0,0.992,0.873,4.386,,,,0.0,1.0,0.0,0.0,2368.6,15515.924
8576,4.0869,2122.3,28.44,0.301758,,,,5662.0,0.863,0.909,4.524,,,,0.0,1.0,1.0,1.0,390.8,140.8643
8577,3.5323,4879.8,256.2,0.354453,,,,5149.0,6.619,2.055,3.109,,,,0.0,1.0,0.0,0.0,337.2,290.11032
8579,2.46683,69814.1,59.71,0.470993,,,,6525.0,1.161,1.183,4.381,,,,0.0,1.0,0.0,0.0,1243.7,5666.6855
8580,2.2821,25302.2,68.65,0.43179,,,,6486.0,1.456,1.156,4.174,,,,0.0,1.0,0.0,0.0,511.4,5275.132
8581,42.737,1003.0,89.55,0.283951,,,,6956.0,2.888,1.664,3.738,,,,0.0,1.0,0.0,0.0,154.4,19.447906
8582,4.24027,418375.0,56.59,0.606844,,,,5605.0,0.854,0.816,4.486,,,,0.0,1.0,0.0,0.0,1495.4,35453.266
8583,2.249,127.3,0.91,0.010318,,,,5546.0,0.81,0.907,4.575,,,,0.0,0.0,1.0,1.0,8.9,7.8041596
8584,2.706,163.3,0.81,0.011675,,,,5110.0,0.637,0.697,4.674,,,,0.0,0.0,0.0,1.0,7.8,7.7261925
8585,7.29811,345937.0,110.46,0.615641,,,,6060.0,1.643,1.129,4.059,,,,0.0,1.0,0.0,0.0,6499.9,26640.668
8587,3.36034,60039.0,47.02,0.500122,,,,5819.0,0.861,0.858,4.501,,,,0.0,1.0,0.0,0.0,964.8,2268.2866
8588,22.86,967.3,28.22,0.257403,,,,5334.0,1.004,0.865,4.372,,,,0.0,0.0,1.0,1.0,15.3,10.978225
8589,1.799,43.4,0.9,0.006091,,,,5945.0,1.346,1.039,4.196,,,,1.0,0.0,0.0,0.0,10.8,8.724697
8594,2.501,82.9,0.7,0.008903,,,,4914.0,0.724,0.783,4.61,,,,0.0,0.0,0.0,1.0,5.3,10.042057
8596,7.2877,415163.0,191.42,0.664481,,,,7563.0,2.638,1.938,3.883,,,,0.0,1.0,0.0,0.0,1351.5,44989.64
8597,10.994,158.2,1.98,0.016126,,,,5910.0,1.124,0.959,4.318,,,,1.0,0.0,1.0,1.0,33.6,13.197882
8598,3.31024,24989.1,55.69,0.409001,,,,6338.0,1.247,1.021,4.256,,,,0.0,1.0,0.0,0.0,757.0,5466.532
8599,4.124,72.2,5.65,0.007754,,,,5321.0,6.669,2.334,3.158,,,,0.0,0.0,1.0,1.0,17.8,11.146896
8600,4.513,105.9,0.85,0.009317,,,,5481.0,0.835,0.821,4.508,,,,1.0,0.0,0.0,1.0,9.1,7.4813848
8601,3.03316,129645.0,121.59,0.684799,,,,5146.0,1.626,0.934,3.986,,,,0.0,1.0,0.0,0.0,3361.5,9141.622
8602,5.62797,182722.0,45.2,0.40426,,,,6208.0,1.024,1.086,4.454,,,,0.0,1.0,0.0,0.0,2003.1,5111.854
8603,1.271,75.3,1.9,0.008239,,,,5445.0,2.117,0.977,3.776,,,,0.0,0.0,1.0,0.0,23.3,12.861093
8604,5.84235,276139.0,78.3,0.584886,,,,6228.0,1.226,1.034,4.277,,,,0.0,1.0,0.0,0.0,732.5,26435.945
8605,3.7232,104692.0,110.91,0.4996,,,,5908.0,2.033,1.103,3.865,,,,0.0,1.0,0.0,0.0,454.1,9342.362
8606,3.82433,53046.4,42.15,0.390263,,,,6322.0,0.989,0.99,4.444,,,,0.0,1.0,0.0,0.0,696.5,3631.662
8607,15.4308,340408.0,62.08,0.613905,,,,5291.0,0.926,0.828,4.423,,,,0.0,1.0,0.0,0.0,4578.3,42138.434
8608,7.8391,193828.0,157.82,0.540267,,,,7823.0,2.675,2.002,3.885,,,,0.0,1.0,0.0,0.0,967.7,7336.0117
8609,4.713,64.6,0.92,0.007809,,,,6249.0,1.076,1.13,4.428,,,,0.0,0.0,1.0,1.0,13.0,10.267005
8610,5.44,42.8,0.7,0.006415,,,,5930.0,0.997,0.99,4.436,,,,0.0,0.0,1.0,1.0,12.0,9.1849785
8611,2.643,134.1,20.96,0.010448,,,,4981.0,18.374,3.369,2.437,,,,0.0,0.0,1.0,0.0,10.8,8.249648
8612,5.0042,13137.9,21.57,0.188658,,,,6373.0,1.047,1.094,4.438,,,,0.0,1.0,0.0,0.0,796.5,859.69916
8613,4.35647,205223.0,81.1,0.550517,,,,5931.0,1.349,1.042,4.196,,,,0.0,1.0,0.0,0.0,3617.5,12182.578
8614,1.892,25.1,0.51,0.005856,,,,5339.0,0.793,0.731,4.503,,,,0.0,0.0,1.0,0.0,9.6,7.1957045
8615,5.72501,393266.0,138.54,0.664601,,,,5807.0,1.909,1.13,3.93,,,,0.0,1.0,0.0,0.0,1728.1,10308.177
8617,5.32432,143753.0,53.0,0.520189,,,,6136.0,0.933,0.973,4.487,,,,0.0,1.0,0.0,0.0,2642.2,5924.18
8618,2.7822,293637.0,37.93,0.512254,,,,4348.0,0.678,0.669,4.601,,,,0.0,1.0,0.0,0.0,553.0,3169.214
8620,17.67,261.5,1.3,0.014676,,,,5497.0,0.809,0.907,4.577,,,,1.0,0.0,1.0,1.0,23.6,12.322731
8621,50.68,147.9,1.66,0.014734,,,,6225.0,1.031,1.091,4.45,,,,1.0,0.0,1.0,0.0,35.7,8.208407
8622,7.06797,48942.8,46.92,0.20488,,,,6020.0,2.097,1.162,3.86,,,,0.0,1.0,0.0,0.0,3181.5,5703.485
8623,5.762,71.0,3.13,0.013266,,,,5473.0,2.162,1.065,3.796,,,,0.0,0.0,0.0,1.0,10.1,8.280344
8624,8.52557,526949.0,68.52,0.683496,,,,5547.0,0.918,0.862,4.447,,,,0.0,1.0,0.0,0.0,3487.5,22029.355
8625,2.56725,40368.3,46.27,0.454182,,,,5885.0,0.933,0.821,4.413,,,,0.0,1.0,0.0,0.0,679.8,5203.446
8626,2.80468,305452.0,39.98,0.526784,,,,5220.0,0.695,0.665,4.578,,,,0.0,1.0,0.0,0.0,1509.3,4442.473
8627,3.40234,412554.0,43.5,0.655143,,,,5058.0,0.608,0.603,4.651,,,,0.0,1.0,0.0,0.0,1054.4,20847.062
8628,4.4215,78713.8,89.71,0.678383,,,,6047.0,1.211,0.943,4.246,,,,0.0,1.0,0.0,0.0,1307.0,6998.6523
8629,5.628,252.2,42.47,0.287894,,,,6881.0,1.351,1.34,4.301,,,,0.0,0.0,1.0,0.0,19.1,10.819631
8630,2.2,49.3,0.66,0.006819,,,,5691.0,0.887,1.003,4.544,,,,1.0,0.0,0.0,1.0,15.6,11.938858
8631,8.61629,483487.0,99.05,0.691322,,,,6508.0,1.312,1.217,4.287,,,,1.0,0.0,0.0,0.0,2121.8,9708.388
8632,3.88,48.2,0.74,0.006627,,,,6158.0,1.026,1.092,4.455,,,,0.0,1.0,1.0,1.0,13.6,11.723129
8633,1.626,89.7,0.55,0.008589,,,,4208.0,0.583,0.57,4.662,,,,1.0,0.0,0.0,1.0,27.0,21.414711
8634,4.03025,251484.0,49.53,0.570473,,,,5932.0,0.795,0.882,4.58,,,,0.0,1.0,0.0,0.0,2338.3,15679.817
8636,1.22,,,,,,,,,,,,,,0.0,0.0,0.0,1.0,,13.985345
8637,6.19,200.0,1.49,0.018177,,,,5593.0,0.752,0.791,4.584,,,,1.0,0.0,0.0,1.0,45.9,11.801067
8638,3.752,129.1,23.19,0.206142,,,,6108.0,1.03,1.132,4.466,,,,1.0,0.0,0.0,0.0,17.0,8.335669
8639,13.953,49618.4,91.26,0.209933,,,,5154.0,3.981,1.672,3.461,,,,1.0,0.0,0.0,0.0,1292.0,3179.7195
8640,2.45449,16876.4,30.54,0.405309,,,,5009.0,0.69,0.666,4.584,,,,0.0,1.0,0.0,0.0,939.5,1543.4167
8642,4.1768,41109.0,61.04,0.4367,,,,6287.0,1.28,1.015,4.231,,,,0.0,1.0,0.0,0.0,285.4,436.86713
8644,25.65,227.3,1.63,0.014455,,,,6103.0,1.03,0.953,4.391,,,,1.0,0.0,0.0,0.0,7.1,7.245392
8645,1.301,50.8,0.41,0.006559,,,,5037.0,0.568,0.574,4.689,,,,0.0,0.0,1.0,1.0,11.0,10.3683195
8647,2.952,254.7,1.14,0.015394,,,,5176.0,0.681,0.657,4.589,,,,0.0,1.0,0.0,0.0,20.5,8.5434475
8648,7.59461,161389.0,67.43,0.532779,,,,6234.0,1.159,1.097,4.351,,,,0.0,1.0,0.0,0.0,2274.7,16765.291
8649,5.771,40.8,0.99,0.006683,,,,6276.0,1.353,0.988,4.17,,,,0.0,0.0,0.0,1.0,12.4,9.124913
8650,15.18,29.2,15.68,0.045763,,,,6742.0,3.138,1.752,3.688,,,,1.0,0.0,0.0,0.0,27.9,8.996354
8654,17.3269,243231.0,31.3,0.526828,,,,5231.0,0.544,0.569,4.721,,,,0.0,1.0,0.0,0.0,2829.0,7513.4863
8655,5.00309,121562.0,50.28,0.449196,,,,6105.0,1.025,0.99,4.412,,,,0.0,1.0,0.0,0.0,1545.8,15222.97
8656,3.743,59.5,0.63,0.006993,,,,4895.0,0.828,0.796,4.502,,,,0.0,0.0,1.0,1.0,13.0,9.4107895
8657,3.4844,31.0,0.96,0.005219,,,,6600.0,1.681,1.148,4.047,,,,0.0,0.0,1.0,1.0,5.0,10.710653
8658,3.997,278.2,28.37,0.015757,,,,5154.0,16.486,2.7,2.435,,,,0.0,0.0,1.0,1.0,31.4,12.361612
8659,3.088,174.9,16.03,0.011665,,,,4601.0,12.581,1.209,2.321,,,,0.0,0.0,1.0,1.0,11.9,12.394887
8660,3.987,78.4,0.67,0.007995,,,,5309.0,0.763,0.843,4.595,,,,0.0,0.0,1.0,1.0,16.1,14.2724905
8661,4.081,60.9,0.84,0.007733,,,,6108.0,0.997,1.072,4.471,,,,0.0,1.0,1.0,1.0,16.4,13.244247
8662,61.23,454.5,28.97,0.228932,,,,6543.0,1.159,1.181,4.382,,,,1.0,0.0,0.0,0.0,109.9,19.733057
8664,4.0537,50163.0,29.61,0.22245,,,,5888.0,1.219,0.796,4.167,,,,0.0,1.0,0.0,0.0,239.2,2719.1772
8665,3.866,1431.0,3.29,0.047917,,,,4406.0,0.628,0.632,4.643,,,,0.0,0.0,0.0,0.0,15.6,12.053264
8666,2.57,54.0,1.42,0.00696,,,,6328.0,1.864,1.374,4.035,,,,1.0,0.0,0.0,0.0,5.1,7.8874955
8668,7.1617,192283.0,58.48,0.544813,,,,6151.0,0.983,1.048,4.473,,,,0.0,1.0,0.0,0.0,5083.9,9553.544
8669,13.3991,83468.4,24.35,0.266068,,,,5845.0,0.838,0.926,4.558,,,,0.0,1.0,0.0,0.0,1595.1,2418.022
8671,3.4079,5675.1,32.62,0.34182,,,,5845.0,0.874,0.968,4.541,,,,0.0,1.0,0.0,0.0,197.5,572.669
8672,2.102,102.9,2.5,0.009443,,,,6581.0,2.42,1.428,3.824,,,,1.0,0.0,0.0,0.0,6.2,7.492699
8674,18.4531,901661.0,406.97,1.384397,,,,7598.0,2.692,1.945,3.867,,,,0.0,1.0,0.0,0.0,4885.3,8050.697
8675,8.0461,17703.4,47.96,0.160651,,,,5524.0,2.734,1.346,3.693,,,,0.0,1.0,0.0,0.0,1364.9,1717.3049
8676,4.954,157.1,1.17,0.011641,,,,5475.0,0.923,0.829,4.426,,,,0.0,0.0,0.0,1.0,10.1,8.002485
8677,4.291,320.4,18.93,0.212412,,,,5693.0,0.816,0.911,4.57,,,,0.0,1.0,1.0,1.0,94.0,23.61648
8678,13.6817,516932.0,83.5,0.69015,,,,6315.0,1.108,0.875,4.292,,,,0.0,1.0,0.0,0.0,1694.6,9994.969
8679,15.0402,202488.0,43.15,0.423955,,,,6003.0,0.932,1.019,4.507,,,,0.0,1.0,0.0,0.0,4750.2,9013.35
8680,7.89,76.7,1.8,0.008101,,,,6823.0,2.037,1.66,4.04,,,,0.0,1.0,0.0,0.0,68.2,11.96055
8690,6.9796,114625.0,84.49,0.496613,,,,8529.0,1.558,1.572,4.249,,,,0.0,1.0,0.0,0.0,724.0,2549.221
8692,2.2828,38007.0,22.11,0.255027,,,,5448.0,0.794,0.721,4.497,,,,0.0,1.0,0.0,0.0,87.9,1307.7428
8693,5.891,68.4,0.99,0.008174,,,,6387.0,1.105,1.145,4.41,,,,0.0,0.0,1.0,1.0,10.3,8.937359
8694,9.43866,662832.0,446.29,1.213101,,,,8104.0,3.369,1.957,3.675,,,,0.0,1.0,0.0,0.0,3316.5,14795.117
8695,7.275,70.8,0.89,0.008208,,,,6122.0,0.996,1.07,4.471,,,,0.0,1.0,1.0,0.0,37.9,8.494896
8696,2.732,91.6,0.83,0.008629,,,,5495.0,0.882,0.887,4.495,,,,1.0,0.0,1.0,1.0,12.6,7.6691084
8697,16.6,342.9,1.94,0.017177,,,,6363.0,1.035,1.083,4.444,,,,1.0,0.0,0.0,0.0,11.7,15.014378
8698,3.053,121.0,1.01,0.010053,,,,5807.0,0.922,1.036,4.524,,,,0.0,0.0,1.0,0.0,10.0,8.241066
8699,1.221,36.0,2.12,0.005392,,,,5176.0,3.605,1.621,3.534,,,,0.0,0.0,1.0,0.0,11.9,9.2776575
8700,2.74503,410723.0,51.97,0.645784,,,,4524.0,0.737,0.727,4.566,,,,0.0,1.0,0.0,0.0,524.8,9404.604
8701,3.4248,240156.0,45.91,0.561344,,,,4926.0,0.749,0.724,4.548,,,,0.0,1.0,0.0,0.0,459.9,17090.652
8702,3.01179,118440.0,74.5,0.507247,,,,5757.0,1.345,0.898,4.134,,,,0.0,1.0,0.0,0.0,2594.9,8053.333
8703,1.091,497.0,1.88,0.020507,,,,5301.0,0.84,0.869,4.528,,,,0.0,1.0,0.0,1.0,14.7,11.460257
8704,1.273,206.8,0.85,0.014108,,,,3929.0,0.55,0.559,4.705,,,,0.0,1.0,0.0,1.0,8.9,8.439913
8705,19.781,115.3,1.14,0.009789,,,,5925.0,1.066,1.07,4.412,,,,0.0,1.0,1.0,1.0,26.8,7.3641725
8706,28.083,2964.8,4.72,0.061347,,,,4922.0,0.704,0.681,4.576,,,,1.0,0.0,0.0,1.0,122.0,21.62828
8707,29.122,936.0,8.43,0.035212,,,,8691.0,2.193,2.069,4.072,,,,1.0,0.0,1.0,1.0,49.6,19.788036
8708,24.98,378.9,2.17,0.022225,,,,5853.0,0.895,0.99,4.529,,,,1.0,0.0,1.0,1.0,36.0,14.412345
8709,7.5583,123880.0,40.11,0.335774,,,,6596.0,1.094,1.098,4.4,,,,0.0,1.0,0.0,0.0,1280.3,9217.836
8710,7.3232,125416.0,55.26,0.500082,,,,6363.0,1.012,1.065,4.456,,,,0.0,1.0,0.0,0.0,877.8,3531.5542
8711,2.619,23.2,0.47,0.004451,,,,5606.0,0.962,0.829,4.39,,,,0.0,0.0,1.0,1.0,12.9,11.096972
8712,3.371,76.7,0.19,0.008231,,,,3256.0,0.207,0.184,5.071,,,,1.0,0.0,1.0,1.0,13.4,9.460423
8713,3.489,125.9,1.02,0.011095,,,,5952.0,0.844,0.932,4.554,,,,0.0,0.0,0.0,1.0,14.2,13.0653105
8714,3.0255,55.5,0.79,0.00734,,,,5779.0,0.99,0.827,4.364,,,,0.0,0.0,1.0,1.0,3.4,9.829932
8715,2.355,164.9,1.08,0.011679,,,,5631.0,0.847,0.946,4.557,,,,0.0,0.0,1.0,0.0,10.9,10.421445
8716,4.66961,376200.0,69.18,0.633509,,,,6153.0,1.0,0.927,4.405,,,,0.0,1.0,0.0,0.0,2731.0,37195.07
8717,1.873,86.5,0.78,0.009161,,,,5252.0,0.783,0.896,4.593,,,,0.0,0.0,1.0,0.0,10.7,9.108955
8718,6.08966,334158.0,63.46,0.614952,,,,5759.0,0.945,0.984,4.481,,,,0.0,1.0,0.0,0.0,4093.9,35257.8
8719,8.90236,21566.9,34.98,0.134636,,,,5750.0,2.379,1.041,3.703,,,,0.0,1.0,0.0,0.0,4262.9,3336.719
8720,1.69459,20505.9,37.5,0.420848,,,,5813.0,0.816,0.903,4.568,,,,0.0,1.0,0.0,0.0,997.0,1043.6171
8721,1.21,1773.0,7.22,0.047936,,,,7229.0,1.38,1.32,4.278,,,,1.0,0.0,0.0,0.0,9.1,7.809862
8722,5.938,84.2,0.93,0.00849,,,,6247.0,1.002,1.045,4.458,,,,1.0,0.0,0.0,0.0,11.5,8.163521
8723,3.399,141.6,0.64,0.010722,,,,4373.0,0.544,0.569,4.722,,,,1.0,0.0,0.0,1.0,23.4,12.698673
8724,2.06,,,,,,,,,,,,,,0.0,0.0,0.0,1.0,,11.974897
8725,4.71,145.1,0.77,0.010897,,,,5092.0,0.645,0.712,4.671,,,,1.0,0.0,0.0,1.0,28.9,11.9268465
8726,3.404,81.8,0.79,0.008583,,,,5603.0,0.846,0.941,4.556,,,,1.0,0.0,0.0,1.0,14.0,8.664175
8727,4.503,72.6,0.65,0.00764,,,,5230.0,0.777,0.873,4.594,,,,1.0,0.0,1.0,1.0,14.0,8.948728
8728,1.861,49.2,1.29,0.006762,,,,6487.0,1.748,1.343,4.08,,,,0.0,0.0,1.0,1.0,14.4,11.583959
8730,3.233,30.9,0.47,0.005142,,,,6068.0,0.829,0.926,4.568,,,,0.0,0.0,0.0,1.0,14.8,7.313697
8732,4.50984,287602.0,44.56,0.586321,,,,5081.0,0.696,0.668,4.578,,,,0.0,1.0,0.0,0.0,2177.0,4610.6934
8733,4.985,105.6,10.04,0.101732,,,,5952.0,0.904,0.913,4.486,,,,1.0,0.0,1.0,0.0,42.8,10.613564
8734,4.61248,232468.0,74.23,0.465605,,,,6728.0,1.46,1.257,4.206,,,,0.0,1.0,0.0,0.0,2607.6,5698.0557
8735,2.6423,60334.0,60.74,0.458574,,,,6038.0,1.213,0.864,4.206,,,,1.0,0.0,0.0,0.0,385.4,2844.7083
8736,4.29947,129243.0,105.82,0.499517,,,,7343.0,1.94,1.436,4.02,,,,1.0,0.0,0.0,0.0,3152.6,14969.1
8737,6.6324,65410.8,30.92,0.245552,,,,5619.0,1.153,0.901,4.269,,,,0.0,1.0,0.0,0.0,912.0,3401.5417
8738,3.14,74.6,1.22,0.008052,,,,6344.0,1.39,0.869,4.091,,,,1.0,0.0,0.0,0.0,8.0,7.403691
8739,8.43812,252721.0,42.58,0.570845,,,,5079.0,0.683,0.659,4.588,,,,0.0,1.0,0.0,0.0,1938.7,5939.2256
8740,3.855,112262.0,42.05,0.493645,,,,5356.0,0.78,0.872,4.589,,,,0.0,1.0,0.0,0.0,252.0,4648.02
8741,3.82527,151432.0,103.41,0.5,,,,7207.0,1.894,1.499,4.06,,,,0.0,1.0,0.0,0.0,1752.6,19901.574
8742,2.595,45.5,0.68,0.006227,,,,6122.0,0.996,1.07,4.471,,,,0.0,0.0,1.0,1.0,7.2,7.9788203
8743,2.90121,120249.0,34.88,0.39437,,,,5546.0,0.81,0.907,4.575,,,,0.0,1.0,0.0,0.0,1607.2,1828.4366
8745,4.16343,233337.0,59.24,0.500905,,,,5593.0,1.083,0.876,4.311,,,,0.0,1.0,0.0,0.0,2387.8,23061.596
8746,1.77,,,,,,,,,,,,,,1.0,0.0,0.0,0.0,,7.3837485
8747,15.81,1364.2,161858.0,87.751617,,,,5026.0,16.891,3.319,2.504,,,,1.0,0.0,0.0,0.0,15.9,9.735018
8749,8.2852,88625.0,200.24,0.498009,,,,7624.0,3.682,2.068,3.622,,,,0.0,1.0,0.0,0.0,977.2,24773.266
8750,3.9741,133317.0,28.69,0.375283,,,,4817.0,0.7,0.767,4.624,,,,0.0,1.0,0.0,0.0,645.9,6088.897
8752,4.14334,127971.0,20.51,0.327827,,,,4340.0,0.573,0.561,4.671,,,,0.0,1.0,0.0,0.0,2098.9,4269.7866
8753,4.5776,173843.0,88.52,0.531206,,,,6604.0,1.526,1.283,4.178,,,,0.0,1.0,0.0,0.0,422.1,5474.818
8754,1.296,73.5,0.85,0.007986,,,,6018.0,0.975,1.058,4.485,,,,0.0,1.0,1.0,0.0,12.3,9.755557
8755,6.07183,439208.0,90.93,0.674816,,,,6599.0,1.234,1.248,4.35,,,,0.0,1.0,0.0,0.0,969.3,44979.66
8756,47.2475,116722.0,25.44,0.316079,,,,5288.0,0.737,0.748,4.577,,,,1.0,0.0,0.0,0.0,3568.1,5202.703
8757,4.16284,106527.0,31.39,0.308055,,,,6214.0,0.933,1.005,4.501,,,,0.0,1.0,0.0,0.0,742.1,7120.9536
8758,1.712,38.8,0.48,0.005752,,,,5151.0,0.761,0.874,4.602,,,,0.0,1.0,1.0,1.0,13.4,11.056647
8760,13.2895,459877.0,45.9,0.629284,,,,5229.0,0.668,0.659,4.607,,,,0.0,1.0,0.0,0.0,2599.0,17068.826
8761,5.49699,76826.0,50.18,0.473278,,,,6244.0,0.971,1.021,4.473,,,,0.0,1.0,0.0,0.0,822.9,5828.961
8762,6.03491,224329.0,74.4,0.560736,,,,6085.0,1.215,1.055,4.293,,,,0.0,1.0,0.0,0.0,2941.0,8313.724
8763,6.83577,83412.4,28.97,0.26853,,,,6161.0,0.988,0.829,4.367,,,,0.0,1.0,0.0,0.0,4542.8,5243.204
8764,10.4532,61032.0,188.89,0.499778,,,,8026.0,3.461,1.95,3.65,,,,0.0,1.0,0.0,0.0,370.6,1626.8871
8765,4.45367,119590.0,56.62,0.50385,,,,6109.0,1.029,1.099,4.455,,,,0.0,1.0,0.0,0.0,673.3,2824.9478
8767,10.5972,222232.0,46.42,0.56077,,,,5985.0,0.758,0.846,4.603,,,,0.0,1.0,0.0,0.0,1157.6,13889.975
8768,2.70314,58143.5,17.21,0.303606,,,,4717.0,0.519,0.536,4.737,,,,0.0,1.0,0.0,0.0,1144.8,1289.0034
8769,2.263,28.4,1.12,0.004997,,,,5800.0,2.053,1.129,3.866,,,,0.0,1.0,0.0,1.0,16.3,10.786979
8770,1.67598,1520.3,151.56,0.353327,,,,6450.0,3.928,1.782,3.501,,,,0.0,1.0,0.0,0.0,237.7,169.76242
8771,4.6617,323029.0,114.4,0.610513,,,,6987.0,1.716,1.343,4.096,,,,0.0,1.0,0.0,0.0,596.0,1472.2588
8778,14.94,148.2,1.57,0.011407,,,,6327.0,1.259,1.089,4.276,,,,1.0,0.0,0.0,0.0,14.3,7.907537
8779,0.87,,,,,,,,,,,,,,0.0,0.0,1.0,0.0,,10.815136
8780,2.24307,75590.0,46.75,0.50075,,,,5561.0,0.855,0.866,4.512,,,,0.0,1.0,1.0,0.0,398.1,1812.5457
8781,5.07707,92284.9,89.62,0.485917,,,,6026.0,1.689,1.315,4.101,,,,0.0,1.0,0.0,1.0,3230.4,16176.761
8782,5.2003,70355.0,31.35,0.405528,,,,5462.0,0.708,0.799,4.628,,,,0.0,1.0,0.0,0.0,187.0,2460.9387
8783,2.24,,,,,,,,,,,,,,0.0,1.0,1.0,0.0,,9.124281
8787,3.5426,850.5,22.17,0.280392,,,,4975.0,0.724,0.818,4.614,,,,0.0,1.0,1.0,0.0,130.5,27.271313
8788,1.0727,55.9,10.23,0.006943,,,,4897.0,13.499,1.935,2.464,,,,0.0,0.0,1.0,0.0,4.8,8.718766
8789,8.27486,86749.2,146.33,0.487824,,,,6675.0,2.747,1.54,3.748,,,,0.0,1.0,0.0,0.0,1451.7,4129.7866
8790,6.7828,116633.0,96.62,0.513822,,,,7323.0,1.722,1.587,4.167,,,,0.0,1.0,0.0,0.0,217.7,225.69688
8792,3.62479,37964.0,35.68,0.439752,,,,5496.0,0.743,0.825,4.607,,,,0.0,1.0,0.0,0.0,386.1,1957.8331
8793,3.1088,1840.6,82.42,0.315913,,,,6071.0,2.389,1.301,3.796,,,,0.0,1.0,0.0,0.0,181.4,176.00334
8794,4.39793,181820.0,41.38,0.439064,,,,5873.0,0.863,0.954,4.547,,,,0.0,1.0,0.0,0.0,1564.3,2797.7131
8795,3.1273,67298.6,38.21,0.468421,,,,5679.0,0.747,0.849,4.605,,,,0.0,1.0,0.0,0.0,849.3,2281.505
8797,2.95,13.7,0.5,0.003534,,,,6168.0,1.307,1.105,4.25,,,,1.0,0.0,0.0,1.0,9.6,8.268402
8798,2.734,70.0,0.91,0.007807,,,,6090.0,1.071,1.173,4.447,,,,0.0,0.0,1.0,1.0,15.9,12.889453
8799,5.04732,276277.0,61.88,0.494921,,,,6507.0,1.145,1.049,4.343,,,,0.0,1.0,0.0,0.0,5286.2,20876.672
8800,1.996,27.0,0.94,0.005034,,,,6862.0,1.712,1.395,4.114,,,,1.0,0.0,0.0,1.0,10.9,10.434645
8801,3.71841,152685.0,106.84,0.519578,,,,6700.0,1.883,1.424,4.041,,,,1.0,0.0,0.0,0.0,1120.8,2188.515
8802,6.23451,105346.0,49.22,0.495271,,,,5955.0,0.91,0.999,4.52,,,,0.0,1.0,0.0,0.0,1754.8,2895.6172
8804,14.8694,447716.0,74.87,0.667642,,,,5539.0,1.027,0.95,4.393,,,,0.0,1.0,0.0,0.0,3469.5,21190.113
8806,6.17216,513813.0,75.54,0.691753,,,,5780.0,1.0,1.0,4.438,,,,0.0,1.0,0.0,1.0,1153.4,11945.657
8807,6.43532,251876.0,45.2,0.480699,,,,5807.0,0.861,0.771,4.455,,,,0.0,1.0,0.0,0.0,1496.5,29097.979
8808,12.5252,107382.0,52.8,0.294295,,,,5226.0,1.643,0.921,3.97,,,,1.0,0.0,0.0,0.0,2085.7,2952.7942
8810,2.208,45.9,0.96,0.006287,,,,6175.0,1.405,0.904,4.099,,,,1.0,0.0,0.0,0.0,21.4,9.220894
8813,4.77204,386682.0,55.3,0.640248,,,,5618.0,0.791,0.884,4.583,,,,0.0,1.0,0.0,0.0,3095.0,16250.8955
8814,5.88678,76231.1,64.66,0.255131,,,,6154.0,2.321,1.219,3.793,,,,0.0,1.0,0.0,0.0,5547.2,7206.972
8815,6.84353,85531.5,34.62,0.340205,,,,5761.0,0.932,0.821,4.413,,,,0.0,1.0,0.0,0.0,1767.8,3651.523
8817,0.8161,2265.0,0.95,0.04497,,,,3236.0,0.193,0.169,5.097,,,,0.0,0.0,0.0,0.0,15.0,22.398544
8818,4.008,25.4,0.4,0.004848,,,,5799.0,0.758,0.836,4.6,,,,0.0,0.0,0.0,1.0,15.4,10.46042
8819,4.181,82.6,0.91,0.008837,,,,6165.0,0.942,0.965,4.474,,,,1.0,0.0,0.0,1.0,22.5,11.398376
8820,3.71613,124878.0,67.24,0.499372,,,,6826.0,1.233,1.211,4.337,,,,0.0,1.0,0.0,0.0,1003.0,4980.3623
8821,1.738,29.5,0.62,0.005078,,,,6398.0,1.111,1.023,4.358,,,,1.0,0.0,0.0,1.0,19.2,11.650965
8822,1.8481,100.6,1.13,0.009761,,,,6300.0,1.057,1.028,4.404,,,,0.0,0.0,1.0,1.0,33.1,9.659952
8823,4.161,91.1,0.74,0.009417,,,,5402.0,0.717,0.731,4.591,,,,0.0,0.0,1.0,0.0,15.0,10.898611
8826,3.18229,32096.1,50.48,0.437751,,,,6469.0,1.056,1.095,4.431,,,,0.0,1.0,0.0,0.0,593.6,4060.7317
8827,2.22271,13941.0,29.17,0.396962,,,,5112.0,0.673,0.651,4.596,,,,0.0,1.0,0.0,0.0,531.5,1592.999
8828,8.12253,113967.0,52.42,0.314179,,,,6327.0,1.528,1.252,4.168,,,,0.0,1.0,0.0,0.0,2152.8,8886.378
8829,7.8216,87537.0,140.23,0.484238,,,,7970.0,2.652,1.906,3.871,,,,0.0,1.0,0.0,0.0,404.8,2523.8948
8830,4.7565,419437.0,95.83,0.675588,,,,6338.0,1.299,1.065,4.239,,,,0.0,1.0,0.0,0.0,1194.9,794.8993
8831,3.829,93.7,2.89,0.009437,,,,6240.0,2.803,1.385,3.684,,,,1.0,0.0,1.0,0.0,45.0,11.029754
8832,4.479,152.1,1.0,0.011479,,,,5222.0,0.795,0.828,4.556,,,,0.0,1.0,0.0,1.0,16.8,10.075876
8834,5.721,13.4,0.76,0.003499,,,,7693.0,1.984,1.737,4.083,,,,1.0,0.0,0.0,0.0,16.0,11.297451
8835,4.14769,66328.2,21.11,0.241376,,,,6081.0,0.801,0.786,4.526,,,,0.0,1.0,0.0,0.0,1107.7,3501.177
8836,3.9122,311858.0,58.19,0.600079,,,,5306.0,0.888,0.802,4.445,,,,0.0,1.0,0.0,0.0,2981.6,30114.742
8838,8.64,77.5,14.47,0.145429,,,,5941.0,0.911,1.001,4.519,,,,0.0,0.0,0.0,1.0,12.5,10.1937
8841,3.69044,232683.0,50.23,0.591183,,,,5481.0,0.778,0.871,4.592,,,,0.0,1.0,0.0,0.0,1959.2,9368.571
8842,2.4602,20524.2,71.9,0.447326,,,,5791.0,1.472,0.89,4.052,,,,0.0,1.0,0.0,0.0,347.5,2799.471
8843,3.433,54.9,1.26,0.007416,,,,7141.0,1.56,1.558,4.243,,,,1.0,0.0,0.0,0.0,29.1,12.54859
8844,1.52,,,,,,,,,,,,,,1.0,0.0,0.0,0.0,,26.610167
8846,9.3564,41865.1,27.38,0.207722,,,,5911.0,1.207,1.112,4.321,,,,0.0,1.0,0.0,0.0,1304.8,2060.8857
8847,2.283,497.6,2.11,0.02222,,,,5668.0,0.868,0.963,4.545,,,,1.0,0.0,0.0,0.0,7.7,7.4219
8848,1.188,133.1,3.1,0.01077,,,,4976.0,2.638,0.868,3.534,,,,0.0,0.0,1.0,0.0,11.3,10.970546
8849,3.515,81901.0,26.43,0.462694,,,,3887.0,0.523,0.553,4.743,,,,0.0,1.0,0.0,0.0,395.3,2057.406
8850,1.22,,,,,,,,,,,,,,1.0,0.0,0.0,0.0,,12.765939
8851,3.82706,16676.0,68.58,0.42291,,,,6496.0,1.485,1.312,4.212,,,,0.0,1.0,0.0,0.0,1845.6,3051.2244
8852,1.9378,5880.0,89.22,0.375137,,,,8851.0,2.178,2.106,4.085,,,,1.0,0.0,0.0,0.0,133.4,119.209984
8853,2.69834,8846.9,618.37,0.377415,,,,5210.0,15.004,3.512,2.631,,,,0.0,1.0,0.0,0.0,801.7,1136.3066
8854,5.9056,455661.0,64.42,0.665088,,,,5492.0,0.887,0.978,4.533,,,,0.0,1.0,0.0,0.0,2246.9,12773.515
8856,2.31547,37454.3,43.95,0.44673,,,,6134.0,0.901,0.932,4.498,,,,0.0,1.0,0.0,0.0,873.6,5119.3984
8857,4.43906,388005.0,47.06,0.583164,,,,5541.0,0.739,0.747,4.574,,,,0.0,1.0,0.0,0.0,820.9,6237.347
8858,1.7433,15911.0,134.45,0.390852,,,,5273.0,3.15,1.511,3.621,,,,0.0,1.0,0.0,0.0,60.8,22.675352
8859,1.5,,,,,,,,,,,,,,1.0,0.0,0.0,0.0,,14.112396
8860,2.2613,2486.5,30.32,0.319159,,,,5157.0,0.87,0.806,4.465,,,,0.0,1.0,1.0,0.0,200.9,136.53409
8861,4.65505,36784.3,188.55,0.424975,,,,5146.0,4.063,1.795,3.475,,,,0.0,1.0,0.0,0.0,1157.5,2277.6797
8862,0.606,216.0,1.03,0.013925,,,,5414.0,0.678,0.759,4.648,,,,0.0,0.0,1.0,0.0,12.4,7.9397616
8863,5.2403,72609.0,42.98,0.457086,,,,5461.0,0.861,0.851,4.497,,,,0.0,1.0,0.0,0.0,180.0,2093.8186
8864,2.77023,370600.0,35.68,0.639362,,,,4675.0,0.511,0.523,4.74,,,,0.0,1.0,0.0,0.0,1289.0,17552.738
8866,5.187,70.8,1.13,0.008054,,,,5576.0,1.289,0.963,4.201,,,,0.0,0.0,1.0,1.0,16.0,12.093395
8873,13.416,610.2,216.31,0.230713,,,,4850.0,8.586,1.969,2.865,,,,1.0,0.0,1.0,1.0,100.8,18.994589
8874,28.81,23.6,0.65,0.004506,,,,6192.0,1.322,0.999,4.195,,,,1.0,0.0,0.0,0.0,6.4,9.010221
8875,1.102,217.5,1.05,0.013818,,,,4606.0,0.699,0.696,4.591,,,,0.0,0.0,1.0,0.0,10.4,9.119333
8876,6.2852,106051.0,88.56,0.498785,,,,5751.0,1.626,1.028,4.028,,,,0.0,1.0,0.0,0.0,893.0,3890.0283
8877,7.289,40509.0,49.38,0.207158,,,,5269.0,2.183,0.806,3.667,,,,0.0,1.0,0.0,0.0,140.4,1501.9526
8878,1.2174,422.9,49.08,0.194328,,,,5869.0,2.313,1.302,3.825,,,,0.0,1.0,1.0,0.0,104.1,24.274488
8879,2.2033,66994.0,43.47,0.462389,,,,5551.0,0.861,0.842,4.493,,,,0.0,1.0,0.0,0.0,152.9,56.17832
8881,1.675,95.9,0.94,0.008961,,,,5966.0,0.961,1.049,4.493,,,,0.0,0.0,1.0,1.0,9.7,8.287623
8882,4.367,13859.0,49.63,0.394152,,,,6484.0,1.153,1.178,4.386,,,,0.0,1.0,1.0,0.0,331.7,892.98584
8883,15.22,270.0,1.53,0.0151,,,,6032.0,0.929,1.014,4.508,,,,1.0,0.0,0.0,0.0,12.2,7.9523144
8884,5.06776,208732.0,112.24,0.552011,,,,6300.0,1.862,1.214,3.982,,,,0.0,1.0,0.0,0.0,5148.8,10362.109
8886,2.3,,,,,,,,,,,,,,1.0,0.0,0.0,0.0,,22.87598
8887,4.46886,129896.0,68.69,0.431738,,,,6225.0,1.457,1.242,4.204,,,,0.0,1.0,0.0,0.0,2435.4,14441.138
8888,1.30166,17368.7,12.44,0.169749,,,,5370.0,0.671,0.649,4.598,,,,0.0,1.0,0.0,0.0,961.9,1180.8059
8889,2.203,260.1,19.94,0.014278,,,,4507.0,12.787,1.467,2.391,,,,1.0,0.0,1.0,0.0,7.8,8.873278
8891,4.34648,108824.0,41.58,0.490732,,,,5143.0,0.776,0.796,4.559,,,,0.0,1.0,0.0,0.0,6873.9,9970.42
8892,12.4949,156249.0,93.1,0.521136,,,,6567.0,1.636,1.084,4.045,,,,0.0,1.0,0.0,0.0,440.0,4181.029
8893,24.1,2059.6,200346.0,99.230606,,,,5015.0,18.489,2.725,2.34,,,,1.0,0.0,0.0,0.0,21.5,8.359932
8895,5.00453,358893.0,205.64,0.627086,,,,8615.0,3.003,2.002,3.784,,,,0.0,1.0,0.0,0.0,2584.7,10690.468
8896,2.134,39.1,1.13,0.005777,,,,6534.0,1.797,1.395,4.074,,,,0.0,0.0,1.0,1.0,8.2,8.921289
8897,6.01687,174006.0,68.05,0.413232,,,,6237.0,1.508,1.156,4.145,,,,0.0,1.0,0.0,0.0,7486.2,10354.355
8898,12.8097,429759.0,164.02,0.653041,,,,6047.0,2.3,1.021,3.724,,,,1.0,0.0,0.0,0.0,2585.5,39695.543
8899,5.50262,437142.0,67.76,0.626194,,,,5955.0,0.991,0.961,4.429,,,,0.0,1.0,0.0,0.0,5258.2,20156.541
8900,3.21178,195748.0,48.86,0.415869,,,,6038.0,1.076,0.958,4.356,,,,0.0,1.0,0.0,0.0,665.5,7732.065
8902,1.70116,3063.0,299.87,0.37184,,,,5838.0,7.385,2.172,3.038,,,,0.0,1.0,0.0,0.0,445.3,934.83826
8903,1.129,153.0,18.65,0.010926,,,,4555.0,15.63,1.974,2.346,,,,0.0,1.0,1.0,0.0,9.8,16.753216
8904,17.1759,32548.4,77.1,0.163049,,,,4938.0,4.33,1.669,3.388,,,,0.0,1.0,0.0,0.0,1708.1,1211.8698
8905,10.5199,325703.0,97.12,0.614184,,,,6143.0,1.448,1.118,4.165,,,,0.0,1.0,0.0,0.0,5027.8,32845.676
8906,2.04,,,,,,,,,,,,,,1.0,0.0,0.0,0.0,,11.241107
8907,6.8413,114931.0,128.15,0.499998,,,,8051.0,2.347,1.856,3.966,,,,0.0,1.0,0.0,0.0,861.6,4048.6965
8908,6.98414,305233.0,61.52,0.604473,,,,6156.0,0.932,1.0,4.5,,,,0.0,1.0,0.0,0.0,5776.1,19001.207
8909,3.347,33.6,0.7,0.005385,,,,6025.0,1.193,1.036,4.3,,,,0.0,0.0,0.0,1.0,13.0,10.0529375
8911,1.676,150.9,1.12,0.011996,,,,5576.0,0.852,0.953,4.556,,,,0.0,0.0,1.0,0.0,13.8,10.48579
8912,3.52,125.1,0.9,0.010068,,,,5438.0,0.82,0.92,4.574,,,,0.0,0.0,1.0,1.0,12.4,10.601633
8913,5.09197,174198.0,125.25,0.528324,,,,6725.0,2.171,1.247,3.86,,,,0.0,1.0,0.0,0.0,823.8,3106.0845
8914,6.72,,,,,,,,,,,,,,1.0,0.0,0.0,0.0,,9.380074
8915,3.19585,32091.2,40.79,0.303185,,,,6656.0,1.232,1.248,4.351,,,,0.0,1.0,0.0,0.0,2857.7,8612.662
8916,1.646,105.9,0.74,0.009335,,,,4856.0,0.728,0.793,4.609,,,,0.0,0.0,0.0,1.0,7.7,8.421863
8919,4.39594,152120.0,157.33,0.518451,,,,7832.0,2.779,1.93,3.836,,,,0.0,1.0,0.0,0.0,1096.1,9171.004
8920,2.292,1664.0,9.2,0.039866,,,,5548.0,2.113,1.021,3.797,,,,0.0,0.0,1.0,0.0,8.4,7.366976
8921,3.369,25.7,0.83,0.004639,,,,6002.0,1.629,1.041,4.032,,,,1.0,0.0,0.0,1.0,9.7,8.316652
8923,8.853,231000.0,213.31,0.561645,,,,5786.0,3.478,1.536,3.542,,,,1.0,0.0,0.0,0.0,2895.8,12854.877
8925,3.373,144.9,0.62,0.010864,,,,3823.0,0.519,0.525,4.729,,,,0.0,0.0,1.0,0.0,9.1,8.49586
8926,11.0593,487818.0,231.93,0.67147,,,,8199.0,3.163,2.039,3.747,,,,0.0,1.0,0.0,0.0,3684.9,9604.212
8927,4.05643,215961.0,107.13,0.513647,,,,6413.0,1.91,1.453,4.038,,,,0.0,1.0,0.0,0.0,2947.8,17189.713
8928,22.49,48.3,1.53,0.008982,,,,6593.0,1.561,1.302,4.164,,,,1.0,0.0,0.0,0.0,32.5,7.954615
8929,12.2001,85309.1,51.5,0.286534,,,,6225.0,1.646,1.08,4.039,,,,0.0,1.0,0.0,0.0,2499.7,3130.3047
8930,5.9498,158913.0,40.58,0.381164,,,,5806.0,0.975,0.923,4.425,,,,0.0,1.0,0.0,0.0,840.7,6943.262
8931,1.451,14.7,0.81,0.003608,,,,9763.0,2.045,2.303,4.179,,,,1.0,0.0,0.0,0.0,5.2,7.8799343
8932,44.463,791.6,56.23,0.235036,,,,6407.0,2.191,1.355,3.888,,,,0.0,1.0,0.0,0.0,256.3,38.8334
8933,4.28582,199157.0,124.05,0.552263,,,,5768.0,2.057,0.993,3.809,,,,0.0,1.0,0.0,0.0,936.1,11209.847
8934,4.8798,64104.0,98.13,0.467084,,,,6706.0,1.924,1.436,4.026,,,,0.0,1.0,0.0,0.0,669.6,4497.0063
8936,3.076,69.5,0.82,0.007869,,,,6045.0,0.955,1.038,4.494,,,,0.0,0.0,0.0,1.0,13.1,10.544072
8938,4.23892,152666.0,34.37,0.362978,,,,5636.0,0.867,0.846,4.489,,,,0.0,1.0,0.0,0.0,1837.9,7390.869
8939,5.772,81.8,2.41,0.010118,,,,7163.0,2.177,1.392,3.906,,,,1.0,0.0,0.0,0.0,35.3,7.1052256
8940,1.00718,885.0,30.37,0.295257,,,,6429.0,0.942,0.91,4.449,,,,0.0,1.0,1.0,0.0,172.7,19.428377
8941,5.71941,16188.3,55.45,0.406208,,,,6640.0,1.25,1.261,4.343,,,,0.0,1.0,1.0,0.0,1148.3,2859.2012
8943,6.00488,279647.0,95.98,0.591862,,,,6698.0,1.485,1.197,4.171,,,,1.0,0.0,0.0,0.0,5246.5,12314.379
8944,4.6373,299739.0,58.32,0.526691,,,,6028.0,1.014,0.849,4.355,,,,0.0,1.0,0.0,0.0,2456.3,8823.995
8945,4.76885,224011.0,123.25,0.557638,,,,7360.0,2.024,1.521,4.008,,,,0.0,1.0,0.0,0.0,741.5,4280.2217
8947,2.558,5663.8,36.15,0.370753,,,,5615.0,0.893,0.929,4.504,,,,0.0,1.0,0.0,0.0,178.3,349.87384
8950,4.23835,391305.0,46.82,0.690404,,,,4859.0,0.621,0.61,4.637,,,,0.0,1.0,0.0,0.0,1748.3,10346.397
8951,17.88,548.3,2.44,0.021483,,,,6184.0,1.038,1.1,4.448,,,,1.0,0.0,0.0,0.0,9.4,7.674573
8952,1.602,327.6,1.0,0.01632,,,,4551.0,0.56,0.59,4.713,,,,0.0,0.0,1.0,1.0,20.3,14.081818
8955,2.36464,46801.5,16.79,0.278534,,,,4705.0,0.552,0.552,4.696,,,,0.0,1.0,0.0,0.0,582.0,1693.6122
8956,1.746,16536.0,2.44,0.118356,,,,3327.0,0.189,0.169,5.113,,,,0.0,0.0,0.0,0.0,9.2,7.1269426
8957,6.19,137.5,0.81,0.010375,,,,4808.0,0.715,0.723,4.589,,,,1.0,0.0,1.0,0.0,9.2,7.6943254
8958,1.55,,,,,,,,,,,,,,1.0,0.0,0.0,0.0,,208.04103
8959,2.581,20.7,1.12,0.004208,,,,6638.0,2.445,1.349,3.792,,,,0.0,0.0,0.0,1.0,12.1,9.332012
8964,3.839,120.5,12.63,0.133357,,,,5904.0,0.867,0.958,4.543,,,,1.0,0.0,1.0,1.0,19.4,10.345437
8966,1.186,155.8,1.63,0.011583,,,,6661.0,1.29,1.33,4.341,,,,0.0,1.0,1.0,0.0,10.2,11.445304
8969,11.0494,6782.2,9.39,0.106918,,,,5354.0,0.804,0.737,4.495,,,,0.0,1.0,0.0,0.0,252.3,183.02061
8970,1.155,191.1,1.42,0.012682,,,,5977.0,1.022,1.133,4.473,,,,1.0,0.0,0.0,0.0,5.8,7.224046
8972,2.4774,7583.4,40.68,0.382477,,,,6609.0,0.974,1.073,4.484,,,,0.0,1.0,0.0,0.0,249.5,414.0475
8973,9.587,64.5,2.22,0.009493,,,,7537.0,2.145,1.703,4.007,,,,1.0,0.0,0.0,0.0,13.5,8.688242
8975,5.39796,66876.8,51.71,0.402008,,,,6410.0,1.178,1.077,4.329,,,,0.0,1.0,0.0,0.0,1133.5,2873.105
8976,2.2534,28290.0,20.88,0.21699,,,,5968.0,0.881,0.97,4.534,,,,0.0,1.0,0.0,0.0,173.2,1277.6678
8977,5.748,82.3,0.83,0.008547,,,,5584.0,0.885,0.974,4.532,,,,1.0,0.0,1.0,0.0,10.9,7.5739937
8978,3.0999,596.8,20.76,0.237891,,,,5210.0,0.799,0.786,4.528,,,,0.0,1.0,1.0,1.0,57.4,10.321272
8979,4.453,169.1,24.27,0.011745,,,,4899.0,18.92,3.05,2.356,,,,0.0,1.0,0.0,1.0,25.8,10.007565
8980,3.336,34.1,0.43,0.005486,,,,5919.0,0.715,0.66,4.55,,,,1.0,0.0,1.0,0.0,15.7,7.656622
8982,4.686,29.4,1.92,0.007028,,,,6234.0,2.5,1.255,3.741,,,,0.0,1.0,0.0,0.0,11.2,11.588787
8983,12.8716,93327.0,124.34,0.485566,,,,6050.0,2.345,1.332,3.823,,,,0.0,1.0,0.0,0.0,201.9,3021.7864
8984,6.209,57.2,1.07,0.009845,,,,6057.0,0.999,0.896,4.392,,,,0.0,0.0,0.0,1.0,13.8,9.947273
8985,1.02608,2671.5,36.82,0.325502,,,,5681.0,1.036,0.807,4.315,,,,0.0,1.0,1.0,0.0,295.6,82.748825
8986,1.907,59.7,0.47,0.006913,,,,4936.0,0.628,0.689,4.681,,,,1.0,0.0,0.0,0.0,7.7,7.560964
8987,17.7344,72895.3,55.22,0.24583,,,,5653.0,2.057,1.24,3.905,,,,0.0,1.0,0.0,0.0,4563.5,2963.028
8991,5.0,,,,,,,,,,,,,,1.0,0.0,0.0,0.0,,9.891173
8992,7.1803,187430.0,102.12,0.533774,,,,6782.0,1.752,1.155,4.014,,,,0.0,1.0,0.0,0.0,873.7,5937.5747
8993,2.352,574.6,2.04,0.021847,,,,5713.0,0.856,0.948,4.551,,,,0.0,1.0,1.0,0.0,12.4,9.83044
8997,40.963,5948.7,85.77,0.073347,,,,4797.0,10.709,1.791,2.632,,,,0.0,1.0,0.0,0.0,182.5,23.622097
8999,2.6358,1643.5,79.23,0.307288,,,,6712.0,2.361,1.467,3.859,,,,0.0,1.0,0.0,0.0,202.0,352.9586
9000,16.0851,266298.0,56.89,0.560775,,,,5956.0,0.929,0.797,4.403,,,,1.0,0.0,0.0,0.0,942.6,2533.9915
9001,0.781,93.0,0.96,0.009365,,,,5973.0,0.935,1.024,4.506,,,,0.0,0.0,1.0,1.0,13.2,10.060088
9003,12.81,533.5,1.92,0.020985,,,,5695.0,0.839,0.923,4.556,,,,1.0,0.0,0.0,0.0,7.8,7.731715
9005,6.86103,237120.0,429.0,1.198089,,,,5160.0,3.279,1.45,3.568,,,,0.0,1.0,0.0,0.0,4484.5,19899.49
9006,8.3059,172126.0,24.64,0.420242,,,,4969.0,0.537,0.574,4.736,,,,0.0,1.0,0.0,0.0,1446.7,5985.5723
9007,0.6743,420.1,2.88,0.02826,,,,5638.0,0.933,0.868,4.437,,,,1.0,0.0,0.0,0.0,44.1,16.333935
9008,2.09643,26067.9,30.47,0.448547,,,,5242.0,0.622,0.616,4.64,,,,0.0,1.0,0.0,0.0,683.7,5735.352
9009,3.6017,108504.0,42.51,0.315745,,,,6487.0,1.233,1.085,4.292,,,,0.0,1.0,0.0,0.0,185.1,983.47864
9010,5.98633,520067.0,69.66,0.708788,,,,5497.0,0.9,0.782,4.423,,,,0.0,1.0,0.0,0.0,2039.1,14178.571
9011,5.64264,349110.0,94.23,0.565458,,,,6604.0,1.526,1.283,4.178,,,,0.0,1.0,0.0,0.0,2680.5,42297.773
9012,3.94526,95343.5,90.39,0.402021,,,,6078.0,2.059,1.156,3.874,,,,0.0,1.0,0.0,0.0,1174.5,16412.3
9013,3.146,128.6,0.95,0.01026,,,,5587.0,0.851,0.952,4.556,,,,0.0,0.0,1.0,1.0,9.6,8.638941
9014,9.969,189.9,1.09,0.012491,,,,5579.0,0.798,0.892,4.58,,,,0.0,0.0,0.0,0.0,12.3,7.6023917
9015,5.4932,2337.1,35.68,0.317796,,,,6181.0,1.028,0.925,4.38,,,,0.0,0.0,1.0,0.0,215.6,163.33897
9017,4.89465,611523.0,135.43,0.757593,,,,7358.0,1.637,1.449,4.171,,,,1.0,0.0,1.0,0.0,1037.2,1867.5491
9018,8.17997,561687.0,132.05,0.73335,,,,6988.0,1.649,1.448,4.163,,,,0.0,1.0,0.0,0.0,4129.6,18744.709
9019,2.70353,118533.0,35.67,0.498721,,,,5033.0,0.655,0.638,4.611,,,,0.0,1.0,0.0,0.0,548.3,2801.3472
9021,4.80903,245319.0,67.96,0.475456,,,,6735.0,1.309,1.275,4.307,,,,0.0,1.0,0.0,0.0,2434.8,4624.558
9022,8.33598,41685.3,92.28,0.308855,,,,5757.0,2.736,1.283,3.672,,,,0.0,1.0,0.0,0.0,2186.0,4029.8372
9023,5.07753,57385.6,34.24,0.442281,,,,4504.0,0.709,0.701,4.582,,,,0.0,1.0,0.0,0.0,1253.6,5357.774
9024,8.18777,324573.0,76.4,0.618569,,,,6461.0,1.131,1.162,4.396,,,,1.0,0.0,0.0,0.0,3481.8,9252.22
9025,7.8219,55965.0,34.03,0.465854,,,,5382.0,0.669,0.749,4.654,,,,0.0,1.0,0.0,0.0,529.0,2159.8782
9026,4.45367,198766.0,75.64,0.552408,,,,6140.0,1.254,1.014,4.247,,,,0.0,1.0,0.0,0.0,2409.8,16558.959
9027,6.975,179.3,1.21,0.013549,,,,5602.0,0.817,0.913,4.571,,,,0.0,0.0,1.0,1.0,9.8,8.96796
9028,9.49469,269518.0,140.07,0.58465,,,,6331.0,2.194,1.142,3.813,,,,0.0,1.0,0.0,0.0,5324.6,1585.6364
9030,4.37759,155117.0,125.31,0.511844,,,,7652.0,2.242,1.723,3.974,,,,0.0,1.0,0.0,0.0,1440.7,9405.26
9033,2.36064,154278.0,29.91,0.383122,,,,5388.0,0.715,0.701,4.576,,,,0.0,1.0,0.0,0.0,781.2,6441.7886
9034,4.219,60.2,0.59,0.007221,,,,5413.0,0.754,0.786,4.578,,,,0.0,0.0,1.0,0.0,15.5,8.133816
9035,0.655,139.2,0.96,0.011036,,,,5595.0,0.796,0.89,4.581,,,,0.0,0.0,1.0,0.0,10.9,8.4888525
9037,3.2593,92511.0,49.66,0.502466,,,,5883.0,0.905,0.885,4.471,,,,0.0,1.0,0.0,0.0,485.0,4630.5156
9038,26.752,1582.2,12.22,0.048667,,,,8912.0,2.299,2.164,4.05,,,,1.0,0.0,0.0,0.0,55.2,22.979578
9041,4.539,22.0,0.58,0.004304,,,,5888.0,1.227,1.036,4.275,,,,1.0,0.0,0.0,0.0,8.0,7.5820146
9042,2.47,,,,,,,,,,,,,,0.0,1.0,0.0,0.0,,8.720793
9045,1.11,170.9,22.24,0.219276,,,,6032.0,0.929,0.0,4.508,,,,0.0,0.0,1.0,0.0,25.2,13.334711
9049,3.76683,52760.0,14.0,0.234843,,,,3849.0,0.546,0.549,4.703,,,,0.0,1.0,0.0,0.0,439.3,1355.6526
9050,14.0075,54.8,2.26,0.009117,,,,6438.0,2.266,1.263,3.829,,,,1.0,0.0,0.0,0.0,41.5,11.668316
9051,2.6005,64325.0,40.85,0.489639,,,,5631.0,0.764,0.702,4.518,,,,0.0,1.0,0.0,0.0,252.8,3704.027
9052,2.8044,55123.0,48.81,0.446999,,,,5780.0,1.0,1.0,4.438,,,,0.0,1.0,1.0,1.0,340.4,704.6299
9053,2.80168,70614.6,117.33,0.47064,,,,7394.0,2.283,1.502,3.897,,,,0.0,1.0,0.0,1.0,997.9,7840.81
9054,0.4495,110.8,2.43,0.010608,,,,5313.0,2.095,1.095,3.835,,,,1.0,0.0,0.0,0.0,8.6,8.760416
9055,2.399,58.7,0.93,0.007106,,,,6469.0,1.193,1.26,4.385,,,,1.0,0.0,0.0,1.0,13.0,9.039548
9056,3.86492,112151.0,41.8,0.312477,,,,6368.0,1.225,1.151,4.323,,,,0.0,1.0,0.0,0.0,1829.3,7169.2666
9057,5.33,,,,,,,,,,,,,,0.0,1.0,0.0,0.0,,7.445567
9058,12.74,462.4,2.03,0.019913,,,,6003.0,0.932,1.019,4.507,,,,1.0,0.0,0.0,0.0,11.5,8.124471
9059,87.013,23052.8,82.92,0.136377,,,,4894.0,5.568,1.051,2.968,,,,0.0,1.0,0.0,0.0,210.7,191.87526
9061,14.21,,,,,,,,,,,,,,1.0,0.0,0.0,0.0,,12.413385
9062,15.42,152.0,1.3,0.011409,,,,6258.0,1.046,1.102,4.442,,,,1.0,0.0,0.0,0.0,10.4,7.9458246
9063,3.435,18.6,0.36,0.00399,,,,6302.0,0.815,0.831,4.535,,,,0.0,0.0,1.0,1.0,14.3,10.910735
9064,4.036,55.4,0.63,0.007295,,,,5611.0,0.787,0.764,4.53,,,,0.0,0.0,1.0,1.0,16.5,10.687607
9065,4.296,147.6,0.84,0.010704,,,,4753.0,0.717,0.72,4.585,,,,0.0,0.0,1.0,1.0,13.4,10.339386
9066,4.444,81.4,0.78,0.008526,,,,5619.0,0.838,0.927,4.558,,,,0.0,0.0,0.0,1.0,10.8,8.41551
9067,3.446,64.6,0.6,0.007434,,,,5649.0,0.741,0.841,4.606,,,,1.0,0.0,1.0,1.0,9.5,8.739529
9068,9.698,322.4,7.12,0.0185,,,,6335.0,3.523,1.774,3.593,,,,1.0,0.0,0.0,0.0,11.2,8.537511
9069,12.0,148.7,3.13,0.011315,,,,7064.0,2.531,1.806,3.888,,,,1.0,0.0,0.0,0.0,9.3,11.53765
9071,7.18,73.5,0.89,0.007929,,,,6297.0,1.031,1.084,4.448,,,,1.0,0.0,0.0,0.0,6.9,8.32201
9072,23.69,180.1,2.13,0.012285,,,,6098.0,1.59,1.152,4.097,,,,1.0,0.0,0.0,0.0,14.1,8.733687
9073,1.27,,,,,,,,,,,,,,1.0,0.0,0.0,0.0,,7.601143
9075,8.6711,31.1,0.71,0.005366,,,,6017.0,1.21,1.064,4.3,,,,1.0,0.0,0.0,1.0,24.5,11.125593
9076,4.92,280.6,3.92,0.019379,,,,7454.0,1.853,1.602,4.107,,,,1.0,0.0,0.0,0.0,22.8,8.253043
9078,23.7,136.3,44.77,0.170311,,,,5947.0,2.407,1.378,3.814,,,,1.0,0.0,0.0,0.0,36.9,10.51384
9081,1.679,29.5,0.55,0.005001,,,,6210.0,1.014,1.067,4.456,,,,0.0,0.0,0.0,1.0,13.2,11.369061
9082,13.413,1374.5,45.69,0.038734,,,,4916.0,10.801,1.587,2.572,,,,1.0,0.0,0.0,0.0,16.3,9.5327635
9083,2.314,58.6,0.68,0.00694,,,,5713.0,0.893,1.01,4.541,,,,0.0,0.0,0.0,0.0,14.2,10.725665
9085,3.303,58.7,1.0,0.0069,,,,5534.0,1.326,0.948,4.17,,,,0.0,0.0,0.0,1.0,9.7,8.886183
9086,0.1866,37.6,1.53,0.009357,,,,6823.0,1.493,1.332,4.212,,,,1.0,0.0,0.0,0.0,11.0,7.557003
9087,10.4891,198399.0,151.0,0.410212,,,,5180.0,3.371,1.112,3.428,,,,0.0,1.0,0.0,0.0,1942.5,12535.334
9088,11.8851,427948.0,77.01,0.666546,,,,6360.0,1.058,1.105,4.433,,,,1.0,0.0,0.0,0.0,2637.0,15089.309
9089,3.3,,,,,,,,,,,,,,0.0,1.0,0.0,0.0,,7.711879
9092,2.733,202.2,1.17,0.013035,,,,5904.0,0.819,0.899,4.565,,,,0.0,1.0,1.0,0.0,9.3,7.5464654
9093,1.9618,575.9,417.01,0.224211,,,,4697.0,17.032,1.691,2.204,,,,0.0,1.0,1.0,0.0,36.1,14.443006
9094,1.4959,774.1,28.97,0.277516,,,,5761.0,0.956,1.035,4.492,,,,0.0,1.0,1.0,0.0,26.1,12.203586
9095,15.631,872.9,2.55,0.026929,,,,5853.0,0.868,0.961,4.544,,,,1.0,0.0,0.0,0.0,16.3,8.817567
9096,10.052,55.0,12.44,0.02152,,,,6431.0,5.294,1.932,3.276,,,,1.0,0.0,0.0,0.0,25.2,8.80291
9097,0.8927,110.6,27.04,0.024505,,,,6244.0,10.105,2.936,2.897,,,,1.0,0.0,0.0,0.0,1.4,10.0181265
9098,40.787,15379.5,78.44,0.111425,,,,4774.0,6.447,0.871,2.759,,,,0.0,1.0,0.0,0.0,519.2,205.55244
9100,2.4428,85.0,2.94,0.009042,,,,6228.0,2.975,1.504,3.668,,,,1.0,0.0,1.0,0.0,43.8,7.790252
9101,5.55,149.0,15.33,0.145356,,,,6106.0,0.966,1.043,4.487,,,,1.0,0.0,1.0,1.0,19.6,9.831114
9102,6.088,907419.0,73.1,0.941516,,,,5714.0,0.711,0.78,4.627,,,,0.0,1.0,0.0,1.0,105.8,5918.7495
9103,2.089,255.1,1.29,0.014391,,,,5383.0,0.822,0.861,4.543,,,,0.0,1.0,1.0,0.0,8.4,7.6262884
9104,5.189,57.3,1.53,0.007102,,,,8784.0,1.967,2.017,4.156,,,,1.0,0.0,0.0,0.0,26.1,13.6367035
9105,10.16,,,,,,,,,,,,,,1.0,0.0,0.0,0.0,,7.345877
9106,11.04,168.0,15.82,0.080263,,,,6525.0,1.805,1.167,3.993,,,,1.0,0.0,0.0,0.0,66.6,7.5382447
9107,6.629,440516.0,139.55,1.106412,,,,6446.0,1.155,1.17,4.381,,,,1.0,0.0,0.0,1.0,130.3,3740.2493
9109,1.955,74.1,8.86,0.007707,,,,5000.0,10.533,2.615,2.81,,,,0.0,0.0,1.0,1.0,11.9,8.32597
9110,7.68,12.9,0.47,0.00332,,,,6472.0,1.299,1.146,4.271,,,,1.0,0.0,0.0,0.0,9.7,7.7295556
9111,18.8,19268.0,20.12,0.136252,,,,5845.0,1.352,1.003,4.178,,,,1.0,0.0,0.0,0.0,13.7,17.860266
9114,2.614,31.1,2.6,0.005062,,,,4973.0,4.708,1.306,3.208,,,,0.0,0.0,1.0,1.0,15.0,8.239934
9115,3.01,,,,,,,,,,,,,,1.0,0.0,0.0,0.0,,9.706936
9117,4.808,51.5,6.09,0.007173,,,,6691.0,7.781,2.703,3.088,,,,1.0,0.0,0.0,0.0,17.3,11.689283
9118,13.47,80.0,1.85,0.008445,,,,9024.0,2.005,2.092,4.154,,,,1.0,0.0,0.0,0.0,12.0,8.700826
9119,12.43,457.3,1.43,0.019534,,,,4541.0,0.669,0.661,4.608,,,,1.0,0.0,0.0,0.0,8.8,7.729804
9120,17.33,,,,,,,,,,,,,,1.0,0.0,0.0,0.0,,7.4720497
9122,16.25,717.4,1.14,0.024293,,,,3622.0,0.43,0.451,4.826,,,,1.0,0.0,0.0,0.0,9.0,7.6112046
9123,1.3,,,,,,,,,,,,,,1.0,0.0,0.0,0.0,,8.412301
9125,0.811,91.4,0.86,0.008852,,,,5926.0,0.887,0.978,4.532,,,,1.0,0.0,1.0,0.0,14.9,10.950261
9126,3.231,50.9,1.21,0.00685,,,,6266.0,1.613,1.108,4.067,,,,1.0,0.0,0.0,0.0,27.9,9.753922
9128,3.545,31.7,1.08,0.005053,,,,5102.0,1.961,0.86,3.787,,,,1.0,0.0,1.0,1.0,14.3,8.546892
9129,5.194,114.8,1.5,0.013315,,,,6319.0,1.032,1.084,4.447,,,,1.0,0.0,0.0,1.0,33.3,10.296306
9130,2.893,63.8,0.84,0.007606,,,,6063.0,1.012,1.117,4.476,,,,1.0,0.0,1.0,1.0,16.5,11.893497
9131,2.846,23.0,0.79,0.004525,,,,6432.0,1.603,0.977,4.018,,,,1.0,0.0,1.0,1.0,14.3,10.835607
9132,3.813,93.2,0.88,0.009229,,,,6215.0,0.872,0.968,4.543,,,,1.0,0.0,1.0,1.0,18.3,9.035715
9133,5.723,31.4,21.63,0.007232,,,,3789.0,27.384,0.969,1.549,,,,1.0,0.0,0.0,1.0,79.8,11.654417
9134,2.777,59.9,0.68,0.007001,,,,5490.0,0.887,0.783,4.436,,,,1.0,0.0,1.0,1.0,12.8,8.358847
9135,1.73,64.5,0.75,0.007344,,,,5766.0,0.94,0.874,4.433,,,,1.0,0.0,0.0,1.0,2.4,7.335228
9136,38.8558,84633.4,18.68,0.269442,,,,4374.0,0.635,0.621,4.626,,,,1.0,0.0,0.0,0.0,3567.5,356.78256
9137,3.29,,,,,,,,,,,,,,1.0,0.0,0.0,0.0,,7.6098957
9138,1.362,144.1,1.1,0.011109,,,,5730.0,0.908,0.96,4.503,,,,1.0,0.0,1.0,0.0,18.1,12.062356
9139,2.16,31.5,0.94,0.004986,,,,5018.0,1.734,0.985,3.953,,,,1.0,0.0,1.0,1.0,12.3,9.9529705
9140,5.148,26.1,1.13,0.006672,,,,5616.0,1.547,0.958,4.04,,,,1.0,0.0,0.0,1.0,28.8,12.163339
9141,10.19,3025.0,12.16,0.066497,,,,6664.0,1.675,1.415,4.141,,,,1.0,0.0,0.0,0.0,27.7,11.888517
9143,26.2259,69792.0,24.7,0.278895,,,,5810.0,0.811,0.885,4.567,,,,0.0,1.0,0.0,0.0,884.9,192.59683
9146,5.557,25.4,1.55,0.004786,,,,8596.0,2.968,1.994,3.793,,,,0.0,1.0,0.0,0.0,51.1,7.2128606
9150,24.017,70.8,1.93,0.010598,,,,6593.0,1.67,1.335,4.117,,,,1.0,0.0,0.0,0.0,60.5,7.26901
9151,28.4832,148.0,36.9,0.163018,,,,6183.0,2.073,1.268,3.908,,,,1.0,0.0,0.0,0.0,31.0,8.938494
9153,6.445,54.5,59.33,0.177207,,,,7846.0,3.066,1.898,3.743,,,,1.0,0.0,0.0,0.0,104.9,11.32462
9154,16.79,40.5,0.96,0.008132,,,,6137.0,1.076,0.96,4.357,,,,1.0,0.0,1.0,1.0,22.6,12.390906
9155,11.03,1575.0,6140.44,62.968838,,,,6054.0,0.893,0.938,4.508,,,,1.0,0.0,0.0,0.0,11.2,11.9296875
9156,15.5056,420329.0,81.48,0.66033,,,,5915.0,1.13,0.992,4.329,,,,0.0,1.0,0.0,0.0,1969.5,19001.273
9157,6.28773,417340.0,69.8,0.656218,,,,5620.0,0.974,0.797,4.363,,,,0.0,1.0,0.0,0.0,2236.7,9272.036
9158,4.16665,461962.0,102.31,0.686399,,,,6457.0,1.365,1.233,4.259,,,,0.0,1.0,0.0,0.0,1126.4,63391.19
9159,8.9592,196280.0,87.18,0.545292,,,,6217.0,1.464,0.882,4.052,,,,1.0,0.0,0.0,0.0,6395.7,13999.103
9160,3.19576,37749.6,23.52,0.283033,,,,4936.0,0.761,0.734,4.54,,,,0.0,1.0,0.0,0.0,912.7,1278.7318
9161,7.70352,539175.0,58.76,0.697893,,,,5420.0,0.771,0.864,4.596,,,,0.0,1.0,0.0,0.0,1886.6,7238.858
9162,6.376,61.8,2.46,0.007027,,,,5198.0,3.207,1.552,3.614,,,,0.0,1.0,1.0,0.0,17.9,10.2427435
9163,2.11,,,,,,,,,,,,,,1.0,0.0,0.0,0.0,,7.3869934
9164,73.8068,192887.0,830.99,0.535184,,,,4857.0,14.219,1.95,2.422,,,,0.0,1.0,0.0,0.0,8248.4,623.455
9165,16.45,132.4,2.51,0.010655,,,,6176.0,2.16,1.31,3.885,,,,1.0,0.0,0.0,0.0,13.0,7.77734
9166,2.878,25.8,1.57,0.005103,,,,5490.0,2.825,1.396,3.681,,,,0.0,1.0,0.0,1.0,7.0,7.411391
9169,13.75,398.0,2.22,0.018484,,,,6268.0,1.1,1.188,4.429,,,,1.0,0.0,0.0,0.0,6.9,7.2276206
9170,2.366,58.5,0.65,0.007136,,,,5813.0,0.833,0.925,4.561,,,,1.0,0.0,0.0,1.0,7.7,7.5917745
9171,4.18831,212526.0,87.26,0.549168,,,,6576.0,1.455,1.147,4.171,,,,0.0,1.0,0.0,0.0,1751.1,7178.434
9172,4.868,235.9,6.85,0.014603,,,,9492.0,4.298,2.806,3.619,,,,1.0,0.0,0.0,0.0,9.3,8.140951
9173,2.285,56.8,0.74,0.006824,,,,5470.0,0.994,0.837,4.366,,,,0.0,0.0,1.0,0.0,9.5,8.332356
9174,0.7656,161.4,1.72,0.011757,,,,6045.0,1.34,1.205,4.264,,,,0.0,1.0,1.0,0.0,77.8,9.054461
9176,13.486,1944.0,4.4,0.050387,,,,5606.0,0.8,0.841,4.557,,,,1.0,0.0,0.0,0.0,15.9,8.60779
9177,2.901,1658.0,3.75,0.037835,,,,6112.0,0.908,0.981,4.513,,,,0.0,1.0,0.0,0.0,9.6,8.223518
9178,2.012,205.1,1.22,0.013228,,,,5818.0,0.848,0.937,4.554,,,,1.0,0.0,0.0,0.0,6.8,7.1336327
9179,3.232,125.2,2.17,0.011205,,,,5786.0,1.771,1.124,3.992,,,,1.0,0.0,0.0,0.0,8.2,7.1929727
9180,17.0849,235.1,4.67,0.014694,,,,5382.0,2.909,1.363,3.645,,,,1.0,0.0,0.0,1.0,8.4,8.667117
9181,4.564,714.4,2.03,0.026305,,,,4450.0,0.707,0.698,4.583,,,,0.0,0.0,0.0,0.0,13.6,12.511366
9183,6.69,182.5,0.98,0.01201,,,,5010.0,0.75,0.72,4.545,,,,1.0,0.0,0.0,0.0,10.6,7.4145985
9184,0.8358,164.1,3.91,0.012153,,,,6240.0,2.948,1.515,3.679,,,,0.0,1.0,1.0,0.0,20.6,9.583482
9185,4.9,2236.4,5.88,0.05335,,,,6340.0,1.01,1.066,4.457,,,,0.0,1.0,0.0,0.0,44.8,29.183687
9186,1.193,134.4,1.1,0.010799,,,,5892.0,0.935,0.781,4.389,,,,0.0,0.0,1.0,0.0,9.2,8.674343
9187,2.145,19.9,1.87,0.004251,,,,6894.0,4.032,1.774,3.476,,,,1.0,0.0,0.0,0.0,8.9,9.152053
9188,0.841,39.3,0.83,0.006146,,,,6636.0,1.236,1.251,4.349,,,,0.0,0.0,1.0,0.0,7.4,9.043147
9189,13.088,1046.2,51.64,0.039532,,,,4959.0,11.963,1.934,2.569,,,,1.0,0.0,0.0,0.0,15.7,7.5808687
9190,1.8383,151.2,1.13,0.011755,,,,5717.0,0.884,0.984,4.538,,,,0.0,0.0,1.0,0.0,4.7,9.210644
9192,19.87,175.1,2.41,0.012781,,,,6664.0,1.73,1.3,4.075,,,,1.0,0.0,0.0,0.0,17.0,7.660612
9193,7.627,243.5,1.68,0.014339,,,,6306.0,1.076,1.126,4.426,,,,1.0,0.0,0.0,0.0,5.0,9.309969
9194,22.414,1257.9,3.57,0.035588,,,,5845.0,0.918,0.838,4.435,,,,1.0,0.0,0.0,0.0,21.3,8.71937
9199,7.627,440.6,117.25,0.018065,,,,3974.0,59.437,1.467,1.056,,,,1.0,0.0,0.0,0.0,16.6,9.729291
9200,7.111,566.9,16.81,0.126701,,,,6520.0,1.215,1.279,4.375,,,,1.0,0.0,0.0,1.0,77.7,8.870523
9201,13.999,385.6,15.34,0.017482,,,,5096.0,8.038,2.394,3.007,,,,1.0,0.0,0.0,0.0,17.0,7.406564
9202,2.063,28.6,1.0,0.004946,,,,6511.0,1.851,1.261,4.003,,,,0.0,0.0,0.0,1.0,9.7,7.883851
9203,12.55,100.1,1.63,0.009146,,,,5884.0,1.628,0.921,3.979,,,,1.0,0.0,0.0,0.0,8.7,7.1536813
9204,5.2727,77349.2,46.59,0.461721,,,,5941.0,0.924,0.962,4.49,,,,0.0,1.0,1.0,1.0,384.6,63.58368
9205,4.8236,420.2,3.53,0.018814,,,,6045.0,1.719,0.975,3.956,,,,1.0,0.0,0.0,0.0,3.1,7.5186343
9206,20.688,349.5,2.11,0.020725,,,,5708.0,0.933,0.926,4.465,,,,1.0,0.0,1.0,1.0,13.7,9.132104
9207,16.78,382.7,2.19,0.017978,,,,5846.0,1.116,0.821,4.258,,,,1.0,0.0,0.0,0.0,10.3,7.3172426
9208,2.438,731.0,32.31,0.024557,,,,4932.0,12.048,2.632,2.697,,,,1.0,0.0,0.0,0.0,9.8,7.859926
9209,6.613,4928.8,34.7,0.36032,,,,5568.0,0.882,0.873,4.488,,,,0.0,1.0,0.0,0.0,251.4,41.60894
9210,15.38,212.7,2.5,0.013475,,,,5845.0,1.702,1.115,4.024,,,,1.0,0.0,0.0,0.0,12.3,10.301572
9211,16.97,1363.8,2.5,0.033137,,,,5188.0,0.69,0.768,4.642,,,,1.0,0.0,0.0,0.0,16.4,8.45378
9212,5.702,1966.0,40.48,0.440765,,,,5648.0,0.841,0.939,4.559,,,,1.0,0.0,0.0,0.0,8.5,7.448296
9213,18.494,1298.0,3.17,0.034486,,,,5648.0,0.841,0.939,4.559,,,,1.0,0.0,0.0,0.0,13.4,7.134018
9214,12.167,162.0,1.72,0.011971,,,,6732.0,1.316,1.185,4.271,,,,1.0,0.0,0.0,0.0,10.8,7.6664257
9215,3.726,1415.0,78.77,0.03388,,,,4742.0,21.291,2.075,2.099,,,,1.0,0.0,0.0,0.0,7.0,7.9720397
9217,7.51,592.9,1.96,0.022141,,,,5334.0,0.81,0.743,4.492,,,,1.0,0.0,0.0,0.0,8.5,7.4592237
9219,3.596,31.7,1.18,0.005421,,,,6532.0,1.987,1.319,3.961,,,,0.0,0.0,0.0,1.0,20.3,11.828938
9221,12.446,419.1,2.35,0.019807,,,,6136.0,1.087,1.005,4.368,,,,1.0,0.0,0.0,0.0,9.1,7.171099
9222,4.637,226.2,0.18,0.014217,,,,2661.0,0.116,0.094,5.283,,,,1.0,0.0,1.0,1.0,9.3,8.501308
9223,2.207,58.6,0.84,0.007602,,,,6046.0,1.007,1.111,4.478,,,,0.0,1.0,0.0,1.0,25.1,11.86967
9224,7.28,719.0,2.22,0.024768,,,,5665.0,0.82,0.916,4.568,,,,1.0,0.0,0.0,0.0,8.4,9.949626
9225,10.85,866.0,1.64,0.026088,,,,4403.0,0.576,0.606,4.7,,,,1.0,0.0,0.0,0.0,10.0,7.3089366
9226,9.312,289.1,2.43,0.015612,,,,6228.0,1.427,1.156,4.193,,,,1.0,0.0,0.0,0.0,10.2,8.586791
9228,11.9,260.2,5.75,0.01591,,,,6565.0,3.308,1.493,3.573,,,,1.0,0.0,0.0,0.0,16.4,8.2426
9230,20.52,1230.0,3.64,0.032567,,,,6089.0,1.024,1.125,4.468,,,,1.0,0.0,0.0,0.0,13.7,7.54234
9231,35.42,387.8,47.48,0.185196,,,,6122.0,2.348,1.299,3.811,,,,1.0,0.0,0.0,0.0,19.1,8.831488
9232,31.46,1272.6,29.24,0.277163,,,,6296.0,0.966,1.03,4.481,,,,1.0,0.0,0.0,0.0,20.5,7.294347
9233,2.707,94.0,79.51,0.008621,,,,3940.0,84.461,1.498,0.76,,,,0.0,1.0,1.0,1.0,8.9,27.426477
9234,9.197,242.5,0.96,0.015265,,,,4326.0,0.575,0.56,4.667,,,,1.0,0.0,0.0,0.0,10.8,7.4252834
9235,15.0,11296.0,76.66,0.157367,,,,4878.0,4.461,0.874,3.08,,,,1.0,0.0,0.0,0.0,16.5,11.256061
9237,42.77,431.8,42.55,0.266722,,,,6564.0,1.461,1.235,4.198,,,,1.0,0.0,0.0,0.0,28.2,7.2580624
9238,11.438,87.3,4.48,0.009063,,,,11357.0,4.528,3.472,3.667,,,,1.0,0.0,0.0,0.0,15.3,9.834385
9239,1.645,61.7,0.78,0.007429,,,,6014.0,0.958,1.043,4.494,,,,0.0,0.0,0.0,1.0,10.4,8.4102
9241,3.706,72.7,0.63,0.007612,,,,4938.0,0.753,0.836,4.601,,,,1.0,0.0,0.0,1.0,9.2,8.307386
9242,4.156,39.6,0.64,0.005813,,,,6223.0,1.006,1.063,4.459,,,,1.0,0.0,1.0,1.0,10.5,7.742544
9243,2.582,18.9,0.48,0.004037,,,,6367.0,1.087,1.131,4.419,,,,0.0,0.0,1.0,1.0,8.4,8.6427
9246,15.396,696.9,1.91,0.023276,,,,4594.0,0.752,0.744,4.557,,,,1.0,0.0,0.0,0.0,12.9,7.8583794
9247,2.285,432.6,15.03,0.019473,,,,4763.0,7.068,0.882,2.685,,,,1.0,0.0,0.0,0.0,7.7,7.51491
9248,4.52,367.6,55.75,0.222932,,,,6056.0,2.29,1.252,3.816,,,,1.0,0.0,0.0,0.0,8.6,7.113357
9249,12.62,81.0,0.47,0.008275,,,,3778.0,0.515,0.533,4.742,,,,1.0,0.0,0.0,0.0,9.2,10.831279
9250,8.93,299.3,2.13,0.015515,,,,5533.0,1.255,1.009,4.244,,,,1.0,0.0,0.0,0.0,9.2,7.1159897
9252,11.39,415.1,2.05,0.018796,,,,5780.0,1.0,1.0,4.438,,,,1.0,0.0,0.0,0.0,9.5,10.039756
9253,19.4,834.9,2.48,0.026643,,,,5743.0,0.853,0.949,4.553,,,,1.0,0.0,0.0,0.0,12.1,7.6106863
9255,10.53,631.0,2.24,0.023563,,,,5511.0,0.872,0.833,4.477,,,,1.0,0.0,0.0,0.0,8.5,7.4638596
9257,19.95,719.9,2.55,0.024883,,,,6106.0,0.94,1.013,4.497,,,,1.0,0.0,0.0,0.0,12.9,7.446954
9258,4.069,1385.0,71.66,0.033119,,,,5013.0,19.813,3.549,2.394,,,,1.0,0.0,0.0,0.0,9.5,8.991948
9260,10.27,,,,,,,,,,,,,,0.0,1.0,0.0,0.0,,31.968304
9261,3.842,98.1,0.79,0.008997,,,,5628.0,0.808,0.903,4.575,,,,0.0,0.0,1.0,1.0,12.6,9.449483
9262,3.385,31.3,0.64,0.005177,,,,6363.0,1.131,1.17,4.399,,,,0.0,0.0,1.0,1.0,9.9,8.961337
9263,3.074,34.3,0.63,0.005282,,,,5593.0,1.094,0.976,4.349,,,,0.0,0.0,1.0,1.0,7.3,7.839946
9264,3.629,49.9,0.63,0.006515,,,,6102.0,0.887,0.968,4.528,,,,0.0,0.0,1.0,1.0,11.6,10.029812
9265,4.344,61.3,0.7,0.007237,,,,5734.0,0.883,0.982,4.538,,,,0.0,0.0,1.0,1.0,10.3,8.372116
9266,12.009,2060.7,3.13,0.047082,,,,5250.0,0.608,0.65,4.684,,,,1.0,0.0,0.0,0.0,25.7,11.023978
9267,7.99,360.7,33.2,0.212181,,,,6743.0,1.433,1.043,4.144,,,,1.0,0.0,1.0,0.0,6.3,11.249644
9268,10.869,2568.0,68.39,0.048671,,,,5083.0,12.868,3.083,2.708,,,,1.0,0.0,0.0,0.0,11.9,12.306401
9269,5.503,389.3,34.52,0.161284,,,,6793.0,1.96,1.181,3.926,,,,0.0,0.0,1.0,0.0,22.1,10.73477
9271,11.24,403.9,1.89,0.018342,,,,5947.0,0.945,1.0,4.487,,,,1.0,0.0,0.0,0.0,11.1,8.058489
9272,14.197,1370.0,2.05,0.032293,,,,3749.0,0.581,0.582,4.674,,,,1.0,0.0,0.0,0.0,15.9,8.669573
9273,25.36,519.1,2.88,0.025264,,,,6164.0,1.045,1.109,4.446,,,,1.0,0.0,0.0,0.0,14.4,7.6460996
9274,17.03,151.6,1.9,0.011853,,,,6740.0,1.471,1.155,4.165,,,,1.0,0.0,0.0,0.0,10.1,8.54988
9275,4.76,1330.0,14.33,0.043743,,,,5078.0,3.0,0.989,3.479,,,,1.0,0.0,0.0,0.0,10.1,8.253642
9276,11.683,232.8,1.48,0.01394,,,,6032.0,0.973,1.055,4.485,,,,1.0,0.0,0.0,0.0,9.0,7.4239483
9277,20.18,5058.0,25.19,0.352124,,,,4559.0,0.655,0.641,4.612,,,,1.0,0.0,0.0,0.0,15.9,8.720685
9278,9.98,184.8,1.64,0.012599,,,,6070.0,1.191,0.794,4.186,,,,1.0,0.0,0.0,0.0,7.2,8.059101
9280,3.747,55.6,0.61,0.006836,,,,5665.0,0.82,0.916,4.568,,,,1.0,0.0,1.0,1.0,10.5,8.714329
9281,2.544,30.0,0.43,0.004968,,,,5595.0,0.796,0.89,4.581,,,,1.0,0.0,1.0,1.0,8.4,7.283076
9282,3.182,56.5,0.4,0.006809,,,,3885.0,0.54,0.545,4.71,,,,0.0,0.0,0.0,1.0,9.5,7.4996095
9283,2.591,17.0,0.41,0.003855,,,,6221.0,0.983,0.995,4.452,,,,0.0,0.0,0.0,1.0,7.9,7.328449
9284,4.517,35.1,0.57,0.00545,,,,6028.0,0.95,0.969,4.47,,,,1.0,0.0,1.0,1.0,10.8,7.846678
9285,3.504,57.8,0.66,0.007162,,,,5978.0,0.846,0.932,4.554,,,,0.0,0.0,1.0,1.0,8.4,8.053959
9286,3.052,31.2,0.59,0.005273,,,,5984.0,1.017,0.991,4.419,,,,1.0,0.0,1.0,0.0,8.2,7.943396
9287,14.85,438.7,2.01,0.019933,,,,5818.0,0.925,1.039,4.523,,,,1.0,0.0,0.0,0.0,11.9,10.018782
9288,18.11,1001.4,2.74,0.028607,,,,5587.0,0.877,0.891,4.502,,,,1.0,0.0,0.0,0.0,12.2,7.777109
9289,13.39,184.4,2.61,0.013178,,,,6486.0,1.812,1.174,3.992,,,,1.0,0.0,0.0,0.0,12.4,7.215234
9290,18.71,226.2,84.37,0.288625,,,,10974.0,2.677,2.873,4.041,,,,1.0,0.0,0.0,0.0,15.1,8.287655
9291,4.572,22.9,0.54,0.00437,,,,5860.0,1.13,0.987,4.326,,,,0.0,0.0,1.0,0.0,9.1,7.3753715
9292,1.5368,231.2,1.65,0.014025,,,,6322.0,1.075,1.124,4.426,,,,0.0,0.0,1.0,1.0,33.7,9.24758
9293,9.33,227.4,2.41,0.013668,,,,5548.0,1.616,0.889,3.97,,,,1.0,0.0,0.0,0.0,8.6,8.275805
9294,5.12,115.4,0.85,0.009961,,,,5715.0,0.782,0.872,4.586,,,,0.0,0.0,1.0,0.0,9.4,7.164427
9295,8.489,845.6,37.37,0.028907,,,,5386.0,11.839,3.083,2.78,,,,1.0,0.0,0.0,0.0,17.4,7.2638607
9296,21.09,417.0,2.0,0.018892,,,,6075.0,0.969,1.048,4.486,,,,1.0,0.0,0.0,0.0,13.2,7.30823
9297,15.97,84.9,1.18,0.008368,,,,5618.0,1.288,0.865,4.155,,,,1.0,0.0,0.0,0.0,10.6,7.808413
9298,13.553,1033.4,26.93,0.02894,,,,4787.0,8.522,1.129,2.629,,,,1.0,0.0,0.0,0.0,15.1,7.3431087
9300,20.05,268.2,1.56,0.015136,,,,6420.0,0.941,1.001,4.492,,,,1.0,0.0,0.0,0.0,11.5,7.5713367
9302,2.196,48.3,0.39,0.00631,,,,4891.0,0.571,0.572,4.683,,,,1.0,0.0,0.0,0.0,8.5,9.232281
9303,4.50475,96883.0,81.42,0.489542,,,,7031.0,1.523,1.415,4.222,,,,0.0,1.0,0.0,0.0,949.0,4700.6523
9304,4.866,19.7,1.18,0.004016,,,,5657.0,2.682,1.38,3.721,,,,0.0,0.0,1.0,1.0,8.1,7.188303
9305,2.7993,127.7,0.91,0.010368,,,,5796.0,0.807,0.856,4.556,,,,0.0,0.0,1.0,0.0,2.6,7.592254
9307,3.001,66.7,0.83,0.007944,,,,5883.0,0.959,1.005,4.476,,,,1.0,0.0,0.0,1.0,20.7,9.741476
9308,16.121,362.9,8.3,0.016941,,,,4959.0,4.486,1.049,3.155,,,,1.0,0.0,0.0,0.0,16.0,7.1882377
9309,5.1149,341.1,5.34,0.018657,,,,6785.0,2.623,1.542,3.788,,,,1.0,0.0,0.0,0.0,11.6,7.693774
9310,3.703,195.8,2.8,0.012985,,,,7021.0,1.976,1.526,4.031,,,,1.0,0.0,0.0,0.0,9.2,7.255176
9311,19.722,231.2,25.09,0.015625,,,,4769.0,14.706,3.02,2.583,,,,1.0,0.0,0.0,0.0,13.1,13.65705
9312,5.393,556.4,15.72,0.021251,,,,5128.0,6.775,2.063,3.091,,,,1.0,0.0,0.0,0.0,10.2,7.2885313
9313,5.156,780.6,2.52,0.025908,,,,6251.0,0.889,0.977,4.53,,,,1.0,0.0,0.0,0.0,9.5,8.864173
9314,26.96,1017.7,34.25,0.329802,,,,5900.0,0.951,1.065,4.509,,,,1.0,0.0,0.0,0.0,13.0,7.384065
9315,5.007,1024.3,8.92,0.029198,,,,5059.0,2.799,0.834,3.466,,,,1.0,0.0,0.0,0.0,13.2,7.406854
9318,2.8424,100893.0,52.18,0.488602,,,,5826.0,0.978,0.772,4.345,,,,0.0,1.0,0.0,0.0,317.3,729.6484
9319,7.003,228.4,9.36,0.013301,,,,4785.0,6.443,1.546,3.009,,,,1.0,0.0,0.0,0.0,11.4,7.193638
9320,4.411,342.0,2.34,0.018439,,,,6525.0,1.161,1.183,4.381,,,,0.0,1.0,1.0,0.0,13.1,9.175908
9326,5.422,268.8,1.63,0.01623,,,,5849.0,0.919,1.014,4.517,,,,0.0,0.0,1.0,0.0,14.9,12.122539
9328,7.035,233.3,21.66,0.154751,,,,6315.0,1.282,1.083,4.258,,,,0.0,1.0,1.0,1.0,104.2,13.167665
9330,2.592,35.8,1.45,0.005796,,,,6947.0,2.297,1.511,3.895,,,,1.0,0.0,1.0,1.0,8.3,8.695949
9332,4.303,192.9,115.94,0.011813,,,,3674.0,89.878,0.833,0.452,,,,0.0,0.0,1.0,1.0,16.8,11.747954
9333,7.394,381.1,1.83,0.01828,,,,5849.0,0.919,1.014,4.517,,,,1.0,0.0,0.0,0.0,7.9,7.1369853
9334,18.5,788.8,2.36,0.026406,,,,5477.0,0.818,0.905,4.568,,,,1.0,0.0,0.0,0.0,13.2,8.53636
9335,12.351,730.5,2.27,0.025314,,,,5518.0,0.822,0.733,4.473,,,,1.0,0.0,0.0,0.0,15.0,7.3138347
9336,28.37,622.3,2.65,0.025691,,,,6131.0,0.945,1.023,4.497,,,,1.0,0.0,1.0,1.0,16.2,8.279686
9337,23.66,541.6,1.82,0.020529,,,,4875.0,0.81,0.781,4.514,,,,1.0,0.0,0.0,0.0,11.6,8.383834
9338,3.94,207.8,1.71,0.01395,,,,6321.0,1.125,1.207,4.417,,,,1.0,0.0,0.0,0.0,7.2,7.23092
9339,4.817,602.0,2.0,0.022251,,,,5657.0,0.824,0.919,4.567,,,,1.0,0.0,0.0,0.0,6.8,7.751527
9340,4.124,695.0,2.38,0.023571,,,,5291.0,0.926,0.828,4.423,,,,1.0,0.0,0.0,0.0,7.7,7.796777
9342,3.631,408.5,5.4,0.019172,,,,6832.0,2.578,1.717,3.851,,,,1.0,0.0,0.0,0.0,6.6,7.1909003
9343,12.3,264.9,1.2,0.014547,,,,5162.0,0.754,0.845,4.605,,,,0.0,0.0,1.0,0.0,8.6,7.358495
9344,2.4,29.4,0.59,0.005002,,,,6249.0,1.076,1.13,4.428,,,,0.0,1.0,0.0,0.0,6.2,7.425287
9346,8.7303,74936.0,51.33,0.393324,,,,6167.0,1.195,1.034,4.299,,,,1.0,0.0,0.0,0.0,808.9,807.6118
9347,3.8022,992.8,105.66,0.275495,,,,7030.0,3.512,2.011,3.65,,,,1.0,0.0,1.0,0.0,178.0,14.251412
9349,6.656,47.0,0.68,0.00635,,,,6181.0,0.98,1.042,4.474,,,,0.0,0.0,1.0,1.0,10.4,8.593861
9353,6.5,70.1,1.02,0.007699,,,,6293.0,1.213,1.045,4.291,,,,0.0,0.0,0.0,1.0,7.4,8.862663
9354,2.884,627.7,7.9,0.022551,,,,5216.0,3.207,1.27,3.53,,,,1.0,0.0,0.0,0.0,10.8,7.117375
9356,1.2517,50.3,3.34,0.006476,,,,5180.0,4.717,1.673,3.314,,,,0.0,0.0,1.0,0.0,4.4,7.5358043
9357,2.738,49.7,2.52,0.006756,,,,6619.0,3.41,1.67,3.595,,,,0.0,0.0,1.0,0.0,10.5,8.130128
9360,12.822,408.3,2.33,0.018977,,,,6321.0,1.125,1.207,4.417,,,,1.0,0.0,0.0,0.0,7.1,7.7770205
9361,10.14,72.6,1.01,0.007819,,,,6137.0,1.187,0.993,4.286,,,,1.0,0.0,0.0,0.0,8.1,7.248563
9362,4.911,896.0,22.36,0.02688,,,,4994.0,7.619,2.124,3.002,,,,1.0,0.0,0.0,0.0,10.7,7.385894
9363,15.37,479.5,1.97,0.020355,,,,5412.0,0.887,0.936,4.513,,,,1.0,0.0,0.0,0.0,12.4,9.752224
9364,4.458,293.9,3.0,0.015321,,,,5335.0,1.794,1.104,3.973,,,,1.0,0.0,0.0,0.0,9.7,7.534902
9365,19.53,213.5,2.22,0.013546,,,,6382.0,1.5,1.068,4.115,,,,1.0,0.0,0.0,0.0,12.0,8.271926
9366,16.42,5332.7,10.28,0.071738,,,,6221.0,1.312,1.24,4.294,,,,1.0,0.0,0.0,0.0,206.2,121.43252
9367,5.1609,141454.0,162.15,1.258352,,,,6424.0,1.18,1.242,4.388,,,,0.0,1.0,0.0,0.0,206.3,479.74585
9368,3.464,300.6,2.04,0.015989,,,,6469.0,1.171,1.143,4.359,,,,1.0,0.0,0.0,0.0,7.8,7.2982697
9369,18.94,179.6,1.8,0.012412,,,,5770.0,1.326,1.017,4.2,,,,1.0,0.0,0.0,0.0,8.4,7.629894
9371,3.554,307.6,1.41,0.015637,,,,5119.0,0.827,0.777,4.493,,,,1.0,0.0,0.0,0.0,7.7,7.2117453
9373,6.989,642.0,1.71,0.022999,,,,5205.0,0.679,0.755,4.648,,,,1.0,0.0,0.0,0.0,6.8,7.2962074
9374,2.952,115.7,0.89,0.009662,,,,5299.0,0.848,0.896,4.534,,,,0.0,0.0,1.0,0.0,6.7,7.5677705
9376,7.976,248.1,1.31,0.014422,,,,5882.0,0.833,0.923,4.56,,,,1.0,0.0,0.0,0.0,8.2,7.152329
9377,1.998,99.4,0.89,0.009013,,,,5455.0,0.909,0.795,4.421,,,,0.0,0.0,1.0,0.0,9.3,8.51923
9379,0.906,172.7,1.22,0.012475,,,,6290.0,0.898,0.99,4.527,,,,0.0,0.0,1.0,1.0,16.1,11.694519
9382,3.84,236.7,1.61,0.015559,,,,6032.0,0.949,0.948,4.46,,,,1.0,0.0,0.0,0.0,10.3,8.236689
9384,3.276,383.9,2.38,0.019292,,,,6218.0,1.131,1.219,4.417,,,,1.0,0.0,0.0,0.0,7.9,7.1291428
9388,3.892,817.0,1.46,0.025408,,,,4393.0,0.526,0.522,4.713,,,,1.0,0.0,0.0,0.0,8.3,7.5647364
9389,3.9174,7676.4,39.59,0.378415,,,,6014.0,0.958,1.043,4.494,,,,0.0,1.0,1.0,0.0,73.3,70.42667
9390,12.37,277.2,1.68,0.015737,,,,6428.0,0.977,0.998,4.457,,,,1.0,0.0,0.0,0.0,10.3,7.7990594
9391,15.3614,898.9,2.43,0.027436,,,,5546.0,0.81,0.907,4.575,,,,1.0,0.0,0.0,0.0,7.5,7.19511
9394,3.539,1361.0,37.99,0.032248,,,,4575.0,10.788,1.66,2.592,,,,1.0,0.0,0.0,0.0,18.5,9.369595
9395,1.919,1064.0,1.46,0.029603,,,,3710.0,0.452,0.467,4.797,,,,1.0,0.0,0.0,0.0,8.0,7.4072905
9396,16.64,1071.3,27.77,0.3277,,,,5755.0,0.776,0.85,4.588,,,,0.0,1.0,0.0,0.0,14.6,11.052058
9398,1.107,162.6,1.55,0.011894,,,,5860.0,1.197,0.917,4.244,,,,1.0,0.0,0.0,0.0,6.6,7.20112
9399,38.14,2498.0,36.37,0.332378,,,,6047.0,1.002,1.081,4.47,,,,1.0,0.0,0.0,0.0,28.5,8.149576
9400,10.534,65.9,1.67,0.007642,,,,9935.0,1.996,2.332,4.205,,,,1.0,0.0,0.0,0.0,16.1,9.966466
9401,4.891,515.7,2.54,0.022057,,,,6129.0,1.055,1.06,4.419,,,,1.0,0.0,0.0,0.0,7.9,7.1663666
9402,1.51,230.5,1.85,0.014429,,,,6311.0,1.172,1.253,4.398,,,,1.0,0.0,0.0,0.0,7.5,7.2153487
9403,1.049,2359.0,5.13,0.047016,,,,5780.0,1.0,1.0,4.438,,,,1.0,0.0,0.0,0.0,12.4,9.131409
9404,2.783,41.0,0.67,0.006137,,,,5887.0,1.001,0.965,4.421,,,,1.0,0.0,1.0,1.0,21.8,12.920246
9405,2.262,130.7,0.69,0.010224,,,,4327.0,0.614,0.6,4.639,,,,0.0,0.0,0.0,1.0,9.9,7.968883
9406,2.0,,,,,,,,,,,,,,1.0,0.0,0.0,0.0,,9.192081
9407,2.836,287.6,1.35,0.015206,,,,5296.0,0.815,0.911,4.576,,,,1.0,0.0,1.0,1.0,15.7,10.088734
9408,6.862,132.3,0.56,0.01191,,,,3745.0,0.427,0.438,4.819,,,,1.0,0.0,1.0,1.0,11.8,8.287662
9410,1.631,28.3,1.43,0.004956,,,,6762.0,2.637,1.386,3.738,,,,0.0,0.0,1.0,1.0,13.5,11.366292
9411,3.401,337.1,15.87,0.017628,,,,5282.0,8.243,2.118,2.932,,,,1.0,0.0,0.0,0.0,8.5,7.284795
9412,2.72,21.6,0.68,0.004709,,,,6124.0,1.315,0.991,4.196,,,,0.0,1.0,0.0,0.0,20.6,9.865548
9413,13.395,99.3,1.04,0.009598,,,,5953.0,0.99,0.968,4.433,,,,1.0,0.0,1.0,1.0,18.0,9.6876745
9414,3.686,2494.0,38.4,0.321734,,,,6289.0,1.093,1.121,4.411,,,,1.0,0.0,0.0,0.0,18.0,19.863651
9415,6.013,2124.0,37.03,0.31025,,,,6289.0,1.093,1.121,4.411,,,,0.0,1.0,1.0,0.0,19.4,18.454401
9416,10.959,309.3,2.09,0.016594,,,,6450.0,1.155,1.183,4.386,,,,1.0,0.0,0.0,0.0,11.9,8.579157
9418,15.925,324.4,1.94,0.016543,,,,6214.0,1.076,1.169,4.442,,,,1.0,0.0,0.0,0.0,11.4,8.040042
9419,23.94,186.2,2.12,0.0125,,,,6179.0,1.555,1.199,4.134,,,,1.0,0.0,0.0,0.0,13.9,7.351427
9420,11.48,357.7,1.7,0.017328,,,,6008.0,0.897,0.97,4.519,,,,1.0,0.0,0.0,0.0,10.4,9.013233
9422,15.05,500.8,2.19,0.020585,,,,6018.0,0.975,1.058,4.485,,,,1.0,0.0,0.0,0.0,8.9,9.482456
9423,36.29,1330.2,26.7,0.259837,,,,6063.0,0.941,0.959,4.473,,,,1.0,0.0,0.0,0.0,22.7,8.04232
9424,10.0734,456.6,2.22,0.019702,,,,6388.0,1.033,1.035,4.427,,,,1.0,0.0,0.0,0.0,10.8,7.334533
9426,1.764,427.1,1.65,0.02335,,,,4559.0,0.648,0.707,4.653,,,,1.0,0.0,0.0,0.0,7.5,7.473953
9428,15.51,743.7,2.34,0.025317,,,,5425.0,0.847,0.796,4.484,,,,1.0,0.0,0.0,0.0,10.3,7.8896194
9429,17.227,1193.1,55.33,0.033612,,,,5323.0,15.075,2.683,2.51,,,,1.0,0.0,0.0,0.0,28.4,7.9441648
9431,1.515,43.6,0.57,0.006239,,,,5349.0,0.836,0.767,4.478,,,,0.0,0.0,1.0,0.0,6.9,7.3827376
9433,1.5337,158.0,0.28,0.011427,,,,3274.0,0.224,0.202,5.044,,,,1.0,0.0,0.0,0.0,5.3,8.062453
9436,4.846,31355.0,137.54,0.440536,,,,8059.0,2.859,1.834,3.789,,,,0.0,1.0,0.0,0.0,137.3,72.1689
9437,2.628,32.2,0.57,0.005218,,,,6014.0,0.993,1.101,4.486,,,,1.0,0.0,0.0,0.0,6.5,10.834569
9439,2.032,39.1,0.71,0.005825,,,,6325.0,1.112,1.157,4.409,,,,0.0,1.0,0.0,0.0,9.7,8.163362
9440,1.7939,68633.0,50.41,0.461655,,,,5780.0,1.0,1.0,4.438,,,,0.0,1.0,0.0,0.0,122.3,11.684912
9441,2.601,400.2,25.43,0.018796,,,,5008.0,12.39,2.844,2.706,,,,1.0,0.0,0.0,0.0,8.6,7.147773
9442,4.6545,87321.0,89.89,0.483068,,,,6929.0,1.704,1.343,4.102,,,,0.0,1.0,0.0,0.0,190.6,1129.1145
9444,10.84,809.0,2.25,0.02583,,,,5652.0,0.798,0.888,4.577,,,,1.0,0.0,0.0,0.0,8.7,8.06383
9445,21.92,1435.0,5.21,0.044667,,,,6060.0,1.068,1.061,4.408,,,,1.0,0.0,0.0,0.0,17.0,8.002524
9446,16.102,1116.0,4.42,0.037899,,,,6060.0,1.068,1.061,4.408,,,,1.0,0.0,0.0,0.0,12.3,8.063917
9447,24.04,307.7,1.33,0.016364,,,,5374.0,0.744,0.833,4.61,,,,1.0,0.0,0.0,0.0,14.2,7.501077
9448,3.341,167.5,1.13,0.011831,,,,5815.0,0.877,0.973,4.54,,,,0.0,0.0,1.0,1.0,8.7,7.268483
9449,10.857,512.7,2.0,0.020665,,,,5911.0,0.887,0.972,4.53,,,,1.0,0.0,0.0,0.0,9.2,7.3495703
9450,10.691,144.4,1.53,0.011319,,,,5804.0,1.234,0.909,4.214,,,,1.0,0.0,0.0,0.0,11.4,9.725974
9454,12.24,313.8,1.6,0.016846,,,,5659.0,0.869,0.95,4.538,,,,1.0,0.0,0.0,0.0,10.2,7.578199
9457,3.59,587.0,1.74,0.0216,,,,5094.0,0.736,0.821,4.612,,,,1.0,0.0,0.0,0.0,6.4,7.105086
9458,2.099,82.9,0.63,0.008366,,,,5044.0,0.686,0.762,4.64,,,,0.0,0.0,1.0,1.0,9.5,8.174699
9459,1.021,47.4,0.65,0.006395,,,,5793.0,0.925,0.954,4.485,,,,0.0,0.0,1.0,0.0,7.6,7.363682
9460,9.594,129.6,1.43,0.011133,,,,6165.0,1.177,1.051,4.319,,,,1.0,0.0,0.0,0.0,10.9,7.5143948
9461,19.4,1780.0,28.21,0.303955,,,,5189.0,0.85,0.951,4.557,,,,1.0,0.0,0.0,0.0,14.4,7.7905183
9462,14.78,753.1,3.04,0.025896,,,,6306.0,1.076,1.126,4.426,,,,1.0,0.0,0.0,0.0,13.4,8.521171
9463,2.853,81.6,0.92,0.008228,,,,5977.0,1.022,1.133,4.473,,,,0.0,0.0,1.0,0.0,8.7,8.076329
9464,4.68,115.8,1.97,0.010516,,,,6654.0,1.712,1.386,4.113,,,,1.0,0.0,1.0,1.0,8.1,7.5304723
9465,2.9,3090.0,5.57,0.050769,,,,5979.0,1.004,1.033,4.449,,,,1.0,0.0,0.0,0.0,8.6,10.949616
9466,2.784,281.8,1.38,0.017694,,,,5412.0,0.712,0.674,4.562,,,,1.0,0.0,0.0,0.0,7.3,7.235026
9467,8.603,721.0,1.95,0.024491,,,,5254.0,0.73,0.816,4.618,,,,1.0,0.0,0.0,0.0,9.6,7.211609
9468,8.73,432.6,1.95,0.019016,,,,5910.0,0.94,1.032,4.505,,,,1.0,0.0,0.0,0.0,8.1,7.900147
9469,4.739,145.9,9.68,0.17051,,,,3932.0,0.52,0.548,4.745,,,,1.0,0.0,1.0,1.0,8.9,8.071877
9470,4.511,172.8,8.83,0.011733,,,,5166.0,6.891,2.282,3.12,,,,1.0,0.0,0.0,0.0,10.3,7.2582016
9471,10.4,30.4,0.62,0.005551,,,,6108.0,1.03,1.132,4.466,,,,1.0,0.0,0.0,0.0,10.0,7.2271476
9472,12.15,672.0,2.28,0.024179,,,,5764.0,0.863,0.959,4.548,,,,1.0,0.0,0.0,0.0,7.7,7.3023725
9473,30.94,263.0,2.28,0.019139,,,,6227.0,1.089,1.025,4.377,,,,1.0,0.0,0.0,0.0,17.0,8.732698
9474,20.37,1178.0,1.58,0.031078,,,,3737.0,0.466,0.476,4.779,,,,1.0,0.0,0.0,0.0,9.1,7.6799603
9476,15.48,738.6,2.46,0.026096,,,,5931.0,0.863,0.953,4.545,,,,1.0,0.0,0.0,0.0,11.2,8.487341
9477,13.608,508.3,2.14,0.020638,,,,5359.0,0.95,0.832,4.403,,,,1.0,0.0,0.0,0.0,18.1,7.883763
9478,7.35,74.9,0.68,0.007929,,,,5390.0,0.78,0.875,4.591,,,,1.0,0.0,1.0,1.0,8.6,7.550752
9479,4.435,116.2,1.48,0.010443,,,,5678.0,1.298,0.891,4.161,,,,1.0,0.0,0.0,0.0,7.3,7.491992
9480,2.97,477.3,14.36,0.019652,,,,5125.0,6.69,1.587,2.988,,,,1.0,0.0,0.0,0.0,10.2,7.2122207
9481,2.749,412.0,2.43,0.018713,,,,6477.0,1.187,1.182,4.361,,,,1.0,0.0,0.0,0.0,6.8,7.122034
9482,7.159,262.8,1.58,0.015352,,,,6146.0,0.943,1.02,4.497,,,,1.0,0.0,0.0,0.0,8.8,7.912527
9484,19.76,760.5,2.25,0.024907,,,,5482.0,0.826,0.918,4.566,,,,1.0,0.0,0.0,0.0,15.9,7.710121
9485,2.81,134.0,1.32,0.010652,,,,6353.0,1.134,1.174,4.397,,,,0.0,1.0,1.0,1.0,23.3,8.6288805
9486,5.7,1706.0,0.68,0.035971,,,,3358.0,0.174,0.155,5.149,,,,0.0,1.0,0.0,0.0,8.0,7.267168
9487,1.36737,28077.9,86.41,0.42937,,,,5398.0,1.843,0.821,3.822,,,,0.0,1.0,0.0,0.0,665.5,564.1005
9488,1.683,50.5,1.2,0.006582,,,,6325.0,1.676,1.325,4.112,,,,0.0,1.0,1.0,0.0,10.0,9.037796
9489,5.158,27.1,0.44,0.0048,,,,5852.0,0.837,0.928,4.559,,,,0.0,0.0,1.0,1.0,15.5,9.596163
9490,3.122,162.2,0.93,0.011644,,,,5460.0,0.734,0.686,4.543,,,,0.0,0.0,0.0,1.0,18.1,9.435042
9491,9.666,5132.1,8.13,0.073251,,,,6339.0,1.017,1.069,4.454,,,,1.0,0.0,0.0,0.0,60.2,64.76954
9492,11.838,212.2,52.87,0.182985,,,,6184.0,2.646,1.179,3.665,,,,1.0,0.0,0.0,0.0,94.0,11.88649
9496,0.879,117.5,1.15,0.010073,,,,6309.0,1.044,1.096,4.441,,,,0.0,0.0,1.0,0.0,10.8,8.69944
9497,0.677,1812.6,27.21,0.321973,,,,5240.0,0.774,0.724,4.521,,,,0.0,1.0,0.0,0.0,130.7,8.991725
9498,1.803,11.4,0.43,0.003259,,,,6306.0,1.197,1.064,4.311,,,,0.0,0.0,0.0,1.0,10.1,7.748066
9500,35.35,17283.0,9.44,0.133782,,,,4070.0,0.646,0.645,4.628,,,,1.0,0.0,0.0,0.0,14.4,9.145119
9501,4.93,,,,,,,,,,,,,,1.0,0.0,0.0,0.0,,7.6422887
9503,10.613,151.2,2.3,0.011534,,,,6164.0,1.825,1.173,3.985,,,,1.0,0.0,0.0,0.0,15.1,8.683567
9504,20.17,16650.0,28.92,0.399512,,,,4538.0,0.663,0.65,4.607,,,,1.0,0.0,0.0,0.0,17.5,9.209935
9506,8.74,150.4,1.23,0.011145,,,,5786.0,1.007,0.934,4.402,,,,1.0,0.0,0.0,0.0,8.6,7.1909966
9507,4.76,126.2,0.75,0.009887,,,,4604.0,0.696,0.69,4.591,,,,0.0,0.0,1.0,1.0,14.3,7.412799
9508,12.91,408.2,1.26,0.018131,,,,4988.0,0.636,0.678,4.663,,,,1.0,0.0,0.0,0.0,7.4,7.479051
9509,3.027,27.3,0.57,0.004802,,,,6292.0,1.078,1.129,4.426,,,,0.0,0.0,1.0,1.0,9.7,8.412942
9510,4.891,428.0,20.06,0.018581,,,,5348.0,9.888,2.814,2.897,,,,1.0,0.0,0.0,0.0,9.8,7.289354
9511,11.3,247.8,1.53,0.014468,,,,6000.0,0.97,0.996,4.463,,,,1.0,0.0,0.0,0.0,6.8,7.1533694
9512,3.872,715.7,3.03,0.027912,,,,5903.0,0.994,1.005,4.445,,,,0.0,1.0,0.0,0.0,13.2,11.127462
9513,2.538,69.5,0.69,0.007608,,,,5813.0,0.833,0.925,4.561,,,,0.0,0.0,0.0,1.0,10.9,8.62329
9515,3.962,11.9,0.69,0.003252,,,,8133.0,1.935,1.91,4.146,,,,0.0,0.0,0.0,1.0,7.4,11.273222
9516,3.16,35.8,0.59,0.006101,,,,6071.0,0.887,0.93,4.511,,,,0.0,0.0,1.0,1.0,12.1,11.446167
9518,3.63,66.6,0.92,0.007655,,,,6310.0,1.095,1.143,4.417,,,,0.0,0.0,1.0,1.0,10.1,8.624144
9519,4.947,105.5,1.14,0.010064,,,,6184.0,1.038,1.1,4.448,,,,0.0,1.0,1.0,1.0,13.6,9.7367115
9521,3.9,876.0,2.33,0.029408,,,,4987.0,0.727,0.81,4.613,,,,1.0,0.0,0.0,0.0,6.8,7.122703
9522,17.54,206.6,2.1,0.014451,,,,6050.0,1.333,0.779,4.08,,,,1.0,0.0,0.0,0.0,13.6,7.386037
9524,5.92,92.9,1.36,0.008867,,,,6335.0,1.401,1.172,4.214,,,,1.0,0.0,0.0,0.0,6.0,10.837857
9525,10.716,10578.7,29.66,0.112976,,,,15896.0,2.404,2.995,4.152,,,,0.0,1.0,0.0,0.0,675.9,28.303905
9526,3.689,708.7,2.12,0.023885,,,,5380.0,0.813,0.924,4.581,,,,1.0,0.0,0.0,0.0,9.5,8.03421
9528,21.6,893.9,21.25,0.252342,,,,5303.0,0.771,0.861,4.594,,,,1.0,0.0,0.0,0.0,13.7,11.356028
9529,12.77,659.0,2.81,0.023645,,,,5790.0,1.088,0.829,4.283,,,,1.0,0.0,1.0,0.0,9.7,10.646816
9530,14.102,239.6,1.04,0.014198,,,,5061.0,0.668,0.704,4.635,,,,1.0,0.0,0.0,0.0,11.2,8.385358
9531,13.53,423.7,5.65,0.018364,,,,5103.0,2.816,1.168,3.606,,,,1.0,0.0,0.0,0.0,12.0,7.774663
9532,5.087,327.4,5.39,0.016791,,,,7056.0,2.937,1.657,3.722,,,,1.0,0.0,0.0,0.0,8.7,8.150614
9533,6.0828,2319.8,33.69,0.32209,,,,6014.0,0.958,1.043,4.494,,,,0.0,1.0,1.0,1.0,301.7,62.592686
9534,21.69,132.3,1.59,0.010898,,,,5676.0,1.336,0.974,4.175,,,,1.0,0.0,1.0,0.0,10.9,8.142348
9535,3.0246,807.2,2.35,0.025994,,,,5677.0,0.828,0.92,4.563,,,,1.0,0.0,0.0,0.0,5.7,7.5996466
9537,7.27446,279437.0,88.91,0.596498,,,,5959.0,1.365,0.908,4.126,,,,0.0,1.0,0.0,0.0,6351.7,10989.512
9539,1.295,30.2,20.09,0.004786,,,,4067.0,38.446,1.874,1.541,,,,0.0,0.0,1.0,0.0,8.0,12.291766
9540,4.74,48.7,0.62,0.006354,,,,5161.0,0.892,0.821,4.452,,,,0.0,0.0,1.0,1.0,8.7,7.661505
9541,4.143,27.4,0.62,0.00487,,,,6600.0,1.157,1.133,4.364,,,,0.0,0.0,1.0,1.0,11.6,8.361933
9543,18.34,523.4,2.18,0.021572,,,,6060.0,0.925,1.008,4.509,,,,1.0,0.0,0.0,0.0,9.0,7.62965
9544,2.162,4691.5,8.7,0.070839,,,,6321.0,1.125,1.207,4.417,,,,0.0,0.0,1.0,1.0,83.9,154.03111
9545,2.93,750.9,18.27,0.024331,,,,4915.0,6.877,1.996,3.063,,,,1.0,0.0,0.0,0.0,12.1,8.187306
9546,11.02,521.0,2.03,0.021006,,,,6102.0,0.887,0.968,4.528,,,,1.0,0.0,0.0,0.0,7.7,7.3351774
9547,5.692,225.6,2.86,0.013831,,,,5271.0,1.895,0.989,3.878,,,,0.0,1.0,1.0,0.0,7.9,8.607452
9548,4.984,184.1,0.95,0.012107,,,,5053.0,0.717,0.754,4.603,,,,1.0,0.0,1.0,0.0,8.5,7.1529336
9549,5.398,371.7,1.89,0.017893,,,,5672.0,0.965,1.08,4.503,,,,1.0,0.0,0.0,0.0,9.9,8.32845
9550,7.165,176.1,1.8,0.013076,,,,6299.0,1.262,1.236,4.325,,,,1.0,0.0,0.0,0.0,8.3,8.167797
9551,8.59,389.6,7.86,0.021117,,,,6619.0,3.41,1.67,3.595,,,,1.0,0.0,0.0,0.0,16.0,7.806453
9553,3.3549,168.4,2.69,0.011999,,,,6645.0,2.054,1.382,3.952,,,,1.0,0.0,0.0,0.0,5.3,9.076957
9554,21.669,274.8,2.13,0.018286,,,,6158.0,1.066,0.998,4.382,,,,1.0,0.0,0.0,0.0,24.4,7.966567
9555,17.77,648.1,0.8,0.022942,,,,3439.0,0.318,0.32,4.939,,,,1.0,0.0,0.0,0.0,10.5,9.760221
9556,11.055,120.3,1.6,0.010146,,,,6596.0,1.44,0.895,4.073,,,,1.0,0.0,0.0,0.0,10.0,7.5818043
9557,27.66,730.0,2.51,0.032878,,,,5263.0,0.699,0.668,4.574,,,,1.0,0.0,0.0,0.0,18.5,8.046221
9558,4.806,87.7,1.11,0.009364,,,,5638.0,1.088,0.856,4.296,,,,0.0,0.0,0.0,1.0,8.4,7.634808
9559,3.2221,1579.2,29.35,0.297633,,,,5638.0,0.903,1.005,4.529,,,,0.0,1.0,1.0,0.0,453.3,223.1414
9561,0.865,103.6,1.07,0.009444,,,,6173.0,1.041,1.104,4.447,,,,0.0,0.0,1.0,0.0,12.3,9.653322
9563,3.078,76.7,1.05,0.008076,,,,6469.0,1.193,1.26,4.385,,,,0.0,0.0,1.0,1.0,8.2,7.16794
9572,,,,,,,,,,,,,,,,,,,,
9574,,,,,,,,,,,,,,,,,,,,
9576,,,,,,,,,,,,,,,,,,,,
9579,,,,,,,,,,,,,,,,,,,,
9581,,,,,,,,,,,,,,,,,,,,
9582,,,,,,,,,,,,,,,,,,,,
9583,,,,,,,,,,,,,,,,,,,,
9584,,,,,,,,,,,,,,,,,,,,
9585,,,,,,,,,,,,,,,,,,,,
9586,,,,,,,,,,,,,,,,,,,,
9587,,,,,,,,,,,,,,,,,,,,
9588,,,,,,,,,,,,,,,,,,,,
9589,,,,,,,,,,,,,,,,,,,,
9590,,,,,,,,,,,,,,,,,,,,
9592,,,,,,,,,,,,,,,,,,,,
9593,,,,,,,,,,,,,,,,,,,,
9595,,,,,,,,,,,,,,,,,,,,
9596,,,,,,,,,,,,,,,,,,,,
9597,,,,,,,,,,,,,,,,,,,,
9598,,,,,,,,,,,,,,,,,,,,
9599,,,,,,,,,,,,,,,,,,,,
9600,,,,,,,,,,,,,,,,,,,,
9601,,,,,,,,,,,,,,,,,,,,
9603,,,,,,,,,,,,,,,,,,,,
9604,,,,,,,,,,,,,,,,,,,,
9606,,,,,,,,,,,,,,,,,,,,
9607,,,,,,,,,,,,,,,,,,,,
9608,,,,,,,,,,,,,,,,,,,,
9609,,,,,,,,,,,,,,,,,,,,
9610,,,,,,,,,,,,,,,,,,,,
9611,,,,,,,,,,,,,,,,,,,,
9612,,,,,,,,,,,,,,,,,,,,
9613,,,,,,,,,,,,,,,,,,,,
9614,,,,,,,,,,,,,,,,,,,,
9616,,,,,,,,,,,,,,,,,,,,
9617,,,,,,,,,,,,,,,,,,,,
9618,,,,,,,,,,,,,,,,,,,,
9619,,,,,,,,,,,,,,,,,,,,
9620,,,,,,,,,,,,,,,,,,,,
9621,,,,,,,,,,,,,,,,,,,,
9622,,,,,,,,,,,,,,,,,,,,
9623,,,,,,,,,,,,,,,,,,,,
9624,,,,,,,,,,,,,,,,,,,,
9627,,,,,,,,,,,,,,,,,,,,
9628,,,,,,,,,,,,,,,,,,,,
9629,,,,,,,,,,,,,,,,,,,,
9630,,,,,,,,,,,,,,,,,,,,
9631,,,,,,,,,,,,,,,,,,,,
9632,,,,,,,,,,,,,,,,,,,,
9633,,,,,,,,,,,,,,,,,,,,
9634,,,,,,,,,,,,,,,,,,,,
9635,,,,,,,,,,,,,,,,,,,,
9641,,,,,,,,,,,,,,,,,,,,
9644,,,,,,,,,,,,,,,,,,,,
9645,,,,,,,,,,,,,,,,,,,,
9646,,,,,,,,,,,,,,,,,,,,
9647,,,,,,,,,,,,,,,,,,,,
9650,,,,,,,,,,,,,,,,,,,,
9652,,,,,,,,,,,,,,,,,,,,
9653,,,,,,,,,,,,,,,,,,,,
9655,,,,,,,,,,,,,,,,,,,,
9656,,,,,,,,,,,,,,,,,,,,
9657,,,,,,,,,,,,,,,,,,,,
9658,,,,,,,,,,,,,,,,,,,,
9661,,,,,,,,,,,,,,,,,,,,
9662,,,,,,,,,,,,,,,,,,,,
9663,,,,,,,,,,,,,,,,,,,,
9666,,,,,,,,,,,,,,,,,,,,
9667,,,,,,,,,,,,,,,,,,,,
9668,,,,,,,,,,,,,,,,,,,,
9671,,,,,,,,,,,,,,,,,,,,
9672,,,,,,,,,,,,,,,,,,,,
9673,,,,,,,,,,,,,,,,,,,,
9674,,,,,,,,,,,,,,,,,,,,
9675,,,,,,,,,,,,,,,,,,,,
9679,,,,,,,,,,,,,,,,,,,,
9680,,,,,,,,,,,,,,,,,,,,
9681,,,,,,,,,,,,,,,,,,,,
9682,,,,,,,,,,,,,,,,,,,,
9688,,,,,,,,,,,,,,,,,,,,
9689,,,,,,,,,,,,,,,,,,,,
9690,,,,,,,,,,,,,,,,,,,,
9692,,,,,,,,,,,,,,,,,,,,
9693,,,,,,,,,,,,,,,,,,,,
9694,,,,,,,,,,,,,,,,,,,,
9695,,,,,,,,,,,,,,,,,,,,
9698,,,,,,,,,,,,,,,,,,,,
9699,,,,,,,,,,,,,,,,,,,,
9701,,,,,,,,,,,,,,,,,,,,
9703,,,,,,,,,,,,,,,,,,,,
9704,,,,,,,,,,,,,,,,,,,,
9705,,,,,,,,,,,,,,,,,,,,
9706,,,,,,,,,,,,,,,,,,,,
9708,,,,,,,,,,,,,,,,,,,,
9709,,,,,,,,,,,,,,,,,,,,
9715,,,,,,,,,,,,,,,,,,,,
9716,,,,,,,,,,,,,,,,,,,,
9717,,,,,,,,,,,,,,,,,,,,
9718,,,,,,,,,,,,,,,,,,,,
9719,,,,,,,,,,,,,,,,,,,,
9720,,,,,,,,,,,,,,,,,,,,
9721,,,,,,,,,,,,,,,,,,,,
9723,,,,,,,,,,,,,,,,,,,,
9726,,,,,,,,,,,,,,,,,,,,
9727,,,,,,,,,,,,,,,,,,,,
9728,,,,,,,,,,,,,,,,,,,,
9729,,,,,,,,,,,,,,,,,,,,
9734,,,,,,,,,,,,,,,,,,,,
9735,,,,,,,,,,,,,,,,,,,,
9737,,,,,,,,,,,,,,,,,,,,
9738,,,,,,,,,,,,,,,,,,,,
9739,,,,,,,,,,,,,,,,,,,,
9740,,,,,,,,,,,,,,,,,,,,
9741,,,,,,,,,,,,,,,,,,,,
9742,,,,,,,,,,,,,,,,,,,,
9743,,,,,,,,,,,,,,,,,,,,
9745,,,,,,,,,,,,,,,,,,,,
9747,,,,,,,,,,,,,,,,,,,,
9749,,,,,,,,,,,,,,,,,,,,
9750,,,,,,,,,,,,,,,,,,,,
9751,,,,,,,,,,,,,,,,,,,,
9755,,,,,,,,,,,,,,,,,,,,
9757,,,,,,,,,,,,,,,,,,,,
9759,,,,,,,,,,,,,,,,,,,,
9760,,,,,,,,,,,,,,,,,,,,
9761,,,,,,,,,,,,,,,,,,,,
9763,,,,,,,,,,,,,,,,,,,,
9764,,,,,,,,,,,,,,,,,,,,
9765,,,,,,,,,,,,,,,,,,,,
9766,,,,,,,,,,,,,,,,,,,,
9768,,,,,,,,,,,,,,,,,,,,
9769,,,,,,,,,,,,,,,,,,,,
9770,,,,,,,,,,,,,,,,,,,,
9778,,,,,,,,,,,,,,,,,,,,
9779,,,,,,,,,,,,,,,,,,,,
9780,,,,,,,,,,,,,,,,,,,,
9781,,,,,,,,,,,,,,,,,,,,
9782,,,,,,,,,,,,,,,,,,,,
9783,,,,,,,,,,,,,,,,,,,,
9785,,,,,,,,,,,,,,,,,,,,
9787,,,,,,,,,,,,,,,,,,,,
9788,,,,,,,,,,,,,,,,,,,,
9789,,,,,,,,,,,,,,,,,,,,
9791,,,,,,,,,,,,,,,,,,,,
9792,,,,,,,,,,,,,,,,,,,,
9793,,,,,,,,,,,,,,,,,,,,
9794,,,,,,,,,,,,,,,,,,,,
9796,,,,,,,,,,,,,,,,,,,,
9797,,,,,,,,,,,,,,,,,,,,
9798,,,,,,,,,,,,,,,,,,,,
9799,,,,,,,,,,,,,,,,,,,,
9803,,,,,,,,,,,,,,,,,,,,
9804,,,,,,,,,,,,,,,,,,,,
9807,,,,,,,,,,,,,,,,,,,,
9808,,,,,,,,,,,,,,,,,,,,
9809,,,,,,,,,,,,,,,,,,,,
9816,,,,,,,,,,,,,,,,,,,,
9821,,,,,,,,,,,,,,,,,,,,
9831,,,,,,,,,,,,,,,,,,,,
9832,,,,,,,,,,,,,,,,,,,,
9833,,,,,,,,,,,,,,,,,,,,
9834,,,,,,,,,,,,,,,,,,,,
9835,,,,,,,,,,,,,,,,,,,,
9836,,,,,,,,,,,,,,,,,,,,
9838,,,,,,,,,,,,,,,,,,,,
9839,,,,,,,,,,,,,,,,,,,,
9840,,,,,,,,,,,,,,,,,,,,
9841,,,,,,,,,,,,,,,,,,,,
9842,,,,,,,,,,,,,,,,,,,,
9843,,,,,,,,,,,,,,,,,,,,
9844,,,,,,,,,,,,,,,,,,,,
9845,,,,,,,,,,,,,,,,,,,,
9846,,,,,,,,,,,,,,,,,,,,
9847,,,,,,,,,,,,,,,,,,,,
9854,,,,,,,,,,,,,,,,,,,,
9856,,,,,,,,,,,,,,,,,,,,
9860,,,,,,,,,,,,,,,,,,,,
9864,,,,,,,,,,,,,,,,,,,,
9868,,,,,,,,,,,,,,,,,,,,
9869,,,,,,,,,,,,,,,,,,,,
9872,,,,,,,,,,,,,,,,,,,,
9873,,,,,,,,,,,,,,,,,,,,
9875,,,,,,,,,,,,,,,,,,,,
9877,,,,,,,,,,,,,,,,,,,,
9880,,,,,,,,,,,,,,,,,,,,
9881,,,,,,,,,,,,,,,,,,,,
9882,,,,,,,,,,,,,,,,,,,,
9883,,,,,,,,,,,,,,,,,,,,
9885,,,,,,,,,,,,,,,,,,,,
9896,,,,,,,,,,,,,,,,,,,,
9899,,,,,,,,,,,,,,,,,,,,
9900,,,,,,,,,,,,,,,,,,,,
9903,,,,,,,,,,,,,,,,,,,,
9905,,,,,,,,,,,,,,,,,,,,
9911,,,,,,,,,,,,,,,,,,,,
9912,,,,,,,,,,,,,,,,,,,,
9913,,,,,,,,,,,,,,,,,,,,
9914,,,,,,,,,,,,,,,,,,,,
9915,,,,,,,,,,,,,,,,,,,,
9917,,,,,,,,,,,,,,,,,,,,
9918,,,,,,,,,,,,,,,,,,,,
9919,,,,,,,,,,,,,,,,,,,,
9920,,,,,,,,,,,,,,,,,,,,
9921,,,,,,,,,,,,,,,,,,,,
9922,,,,,,,,,,,,,,,,,,,,
9924,,,,,,,,,,,,,,,,,,,,
9925,,,,,,,,,,,,,,,,,,,,
9926,,,,,,,,,,,,,,,,,,,,
9933,,,,,,,,,,,,,,,,,,,,
9934,,,,,,,,,,,,,,,,,,,,
9935,,,,,,,,,,,,,,,,,,,,
9936,,,,,,,,,,,,,,,,,,,,
9937,,,,,,,,,,,,,,,,,,,,
9938,,,,,,,,,,,,,,,,,,,,
9943,,,,,,,,,,,,,,,,,,,,
9946,,,,,,,,,,,,,,,,,,,,
9949,,,,,,,,,,,,,,,,,,,,
9950,,,,,,,,,,,,,,,,,,,,
9951,,,,,,,,,,,,,,,,,,,,
9955,,,,,,,,,,,,,,,,,,,,
9957,,,,,,,,,,,,,,,,,,,,
9961,,,,,,,,,,,,,,,,,,,,
9962,,,,,,,,,,,,,,,,,,,,
9963,,,,,,,,,,,,,,,,,,,,
9964,,,,,,,,,,,,,,,,,,,,
9965,,,,,,,,,,,,,,,,,,,,
9966,,,,,,,,,,,,,,,,,,,,
9968,,,,,,,,,,,,,,,,,,,,
9969,,,,,,,,,,,,,,,,,,,,
9971,,,,,,,,,,,,,,,,,,,,
9973,,,,,,,,,,,,,,,,,,,,
9974,,,,,,,,,,,,,,,,,,,,
9975,,,,,,,,,,,,,,,,,,,,
9976,,,,,,,,,,,,,,,,,,,,
9977,,,,,,,,,,,,,,,,,,,,
9978,,,,,,,,,,,,,,,,,,,,
9979,,,,,,,,,,,,,,,,,,,,
9980,,,,,,,,,,,,,,,,,,,,
9982,,,,,,,,,,,,,,,,,,,,
9983,,,,,,,,,,,,,,,,,,,,
9985,,,,,,,,,,,,,,,,,,,,
9986,,,,,,,,,,,,,,,,,,,,
9988,,,,,,,,,,,,,,,,,,,,
9990,,,,,,,,,,,,,,,,,,,,
9991,,,,,,,,,,,,,,,,,,,,
9992,,,,,,,,,,,,,,,,,,,,
9993,,,,,,,,,,,,,,,,,,,,
9994,,,,,,,,,,,,,,,,,,,,
9995,,,,,,,,,,,,,,,,,,,,
9996,,,,,,,,,,,,,,,,,,,,
9997,,,,,,,,,,,,,,,,,,,,
9999,,,,,,,,,,,,,,,,,,,,
10001,,,,,,,,,,,,,,,,,,,,
10002,,,,,,,,,,,,,,,,,,,,
10003,,,,,,,,,,,,,,,,,,,,
10004,,,,,,,,,,,,,,,,,,,,
10005,,,,,,,,,,,,,,,,,,,,
10006,,,,,,,,,,,,,,,,,,,,
10007,,,,,,,,,,,,,,,,,,,,
10017,,,,,,,,,,,,,,,,,,,,
10019,,,,,,,,,,,,,,,,,,,,
10022,,,,,,,,,,,,,,,,,,,,
10023,,,,,,,,,,,,,,,,,,,,
10024,,,,,,,,,,,,,,,,,,,,
10025,,,,,,,,,,,,,,,,,,,,
10026,,,,,,,,,,,,,,,,,,,,
10027,,,,,,,,,,,,,,,,,,,,
10029,,,,,,,,,,,,,,,,,,,,
10030,,,,,,,,,,,,,,,,,,,,
10031,,,,,,,,,,,,,,,,,,,,
10032,,,,,,,,,,,,,,,,,,,,
10033,,,,,,,,,,,,,,,,,,,,
10034,,,,,,,,,,,,,,,,,,,,
10035,,,,,,,,,,,,,,,,,,,,
10036,,,,,,,,,,,,,,,,,,,,
10037,,,,,,,,,,,,,,,,,,,,
10038,,,,,,,,,,,,,,,,,,,,
10040,,,,,,,,,,,,,,,,,,,,
10042,,,,,,,,,,,,,,,,,,,,
10044,,,,,,,,,,,,,,,,,,,,
10045,,,,,,,,,,,,,,,,,,,,
10046,,,,,,,,,,,,,,,,,,,,
10047,,,,,,,,,,,,,,,,,,,,
10048,,,,,,,,,,,,,,,,,,,,
10051,,,,,,,,,,,,,,,,,,,,
10052,,,,,,,,,,,,,,,,,,,,
10054,,,,,,,,,,,,,,,,,,,,
10055,,,,,,,,,,,,,,,,,,,,
10056,,,,,,,,,,,,,,,,,,,,
10058,,,,,,,,,,,,,,,,,,,,
10060,,,,,,,,,,,,,,,,,,,,
10061,,,,,,,,,,,,,,,,,,,,
10062,,,,,,,,,,,,,,,,,,,,
10064,,,,,,,,,,,,,,,,,,,,
10065,,,,,,,,,,,,,,,,,,,,
10068,,,,,,,,,,,,,,,,,,,,
10069,,,,,,,,,,,,,,,,,,,,
10070,,,,,,,,,,,,,,,,,,,,
10074,,,,,,,,,,,,,,,,,,,,
10075,,,,,,,,,,,,,,,,,,,,
10076,,,,,,,,,,,,,,,,,,,,
10077,,,,,,,,,,,,,,,,,,,,
10081,,,,,,,,,,,,,,,,,,,,
10082,,,,,,,,,,,,,,,,,,,,
10088,,,,,,,,,,,,,,,,,,,,
10095,,,,,,,,,,,,,,,,,,,,
10099,,,,,,,,,,,,,,,,,,,,
10100,,,,,,,,,,,,,,,,,,,,
10102,,,,,,,,,,,,,,,,,,,,
10103,,,,,,,,,,,,,,,,,,,,
10104,,,,,,,,,,,,,,,,,,,,
10105,,,,,,,,,,,,,,,,,,,,
10109,,,,,,,,,,,,,,,,,,,,
10113,,,,,,,,,,,,,,,,,,,,
10115,,,,,,,,,,,,,,,,,,,,
10116,,,,,,,,,,,,,,,,,,,,
10119,,,,,,,,,,,,,,,,,,,,
10120,,,,,,,,,,,,,,,,,,,,
10121,,,,,,,,,,,,,,,,,,,,
10122,,,,,,,,,,,,,,,,,,,,
10123,,,,,,,,,,,,,,,,,,,,
10125,,,,,,,,,,,,,,,,,,,,
10126,,,,,,,,,,,,,,,,,,,,
10127,,,,,,,,,,,,,,,,,,,,
10128,,,,,,,,,,,,,,,,,,,,
10129,,,,,,,,,,,,,,,,,,,,
10130,,,,,,,,,,,,,,,,,,,,
10131,,,,,,,,,,,,,,,,,,,,
10132,,,,,,,,,,,,,,,,,,,,
10133,,,,,,,,,,,,,,,,,,,,
10134,,,,,,,,,,,,,,,,,,,,
10135,,,,,,,,,,,,,,,,,,,,
10136,,,,,,,,,,,,,,,,,,,,
10137,,,,,,,,,,,,,,,,,,,,
10138,,,,,,,,,,,,,,,,,,,,
10139,,,,,,,,,,,,,,,,,,,,
10140,,,,,,,,,,,,,,,,,,,,
10141,,,,,,,,,,,,,,,,,,,,
10143,,,,,,,,,,,,,,,,,,,,
10145,,,,,,,,,,,,,,,,,,,,
10146,,,,,,,,,,,,,,,,,,,,
10147,,,,,,,,,,,,,,,,,,,,
10149,,,,,,,,,,,,,,,,,,,,
10150,,,,,,,,,,,,,,,,,,,,
10154,,,,,,,,,,,,,,,,,,,,
10156,,,,,,,,,,,,,,,,,,,,
10162,,,,,,,,,,,,,,,,,,,,
10168,,,,,,,,,,,,,,,,,,,,
10169,,,,,,,,,,,,,,,,,,,,
10173,,,,,,,,,,,,,,,,,,,,
10175,,,,,,,,,,,,,,,,,,,,
10176,,,,,,,,,,,,,,,,,,,,
10177,,,,,,,,,,,,,,,,,,,,
10178,,,,,,,,,,,,,,,,,,,,
10179,,,,,,,,,,,,,,,,,,,,
10181,,,,,,,,,,,,,,,,,,,,
10182,,,,,,,,,,,,,,,,,,,,
10183,,,,,,,,,,,,,,,,,,,,
10184,,,,,,,,,,,,,,,,,,,,
10185,,,,,,,,,,,,,,,,,,,,
10186,,,,,,,,,,,,,,,,,,,,
10187,,,,,,,,,,,,,,,,,,,,
10188,,,,,,,,,,,,,,,,,,,,
10189,,,,,,,,,,,,,,,,,,,,
10190,,,,,,,,,,,,,,,,,,,,
10191,,,,,,,,,,,,,,,,,,,,
10193,,,,,,,,,,,,,,,,,,,,
10194,,,,,,,,,,,,,,,,,,,,
10195,,,,,,,,,,,,,,,,,,,,
10196,,,,,,,,,,,,,,,,,,,,
10197,,,,,,,,,,,,,,,,,,,,
10199,,,,,,,,,,,,,,,,,,,,
10200,,,,,,,,,,,,,,,,,,,,
10201,,,,,,,,,,,,,,,,,,,,
10203,,,,,,,,,,,,,,,,,,,,
10204,,,,,,,,,,,,,,,,,,,,
10205,,,,,,,,,,,,,,,,,,,,
10206,,,,,,,,,,,,,,,,,,,,
10207,,,,,,,,,,,,,,,,,,,,
10208,,,,,,,,,,,,,,,,,,,,
10209,,,,,,,,,,,,,,,,,,,,
10211,,,,,,,,,,,,,,,,,,,,
10212,,,,,,,,,,,,,,,,,,,,
10213,,,,,,,,,,,,,,,,,,,,
10214,,,,,,,,,,,,,,,,,,,,
10215,,,,,,,,,,,,,,,,,,,,
10216,,,,,,,,,,,,,,,,,,,,
10217,,,,,,,,,,,,,,,,,,,,
10218,,,,,,,,,,,,,,,,,,,,
10219,,,,,,,,,,,,,,,,,,,,
10220,,,,,,,,,,,,,,,,,,,,
10221,,,,,,,,,,,,,,,,,,,,
10222,,,,,,,,,,,,,,,,,,,,
10223,,,,,,,,,,,,,,,,,,,,
10224,,,,,,,,,,,,,,,,,,,,
10225,,,,,,,,,,,,,,,,,,,,
10226,,,,,,,,,,,,,,,,,,,,
10228,,,,,,,,,,,,,,,,,,,,
10230,,,,,,,,,,,,,,,,,,,,
10232,,,,,,,,,,,,,,,,,,,,
10233,,,,,,,,,,,,,,,,,,,,
10234,,,,,,,,,,,,,,,,,,,,
10235,,,,,,,,,,,,,,,,,,,,
10236,,,,,,,,,,,,,,,,,,,,
10237,,,,,,,,,,,,,,,,,,,,
10238,,,,,,,,,,,,,,,,,,,,
10239,,,,,,,,,,,,,,,,,,,,
10240,,,,,,,,,,,,,,,,,,,,
10241,,,,,,,,,,,,,,,,,,,,
10242,,,,,,,,,,,,,,,,,,,,
10243,,,,,,,,,,,,,,,,,,,,
10245,,,,,,,,,,,,,,,,,,,,
10246,,,,,,,,,,,,,,,,,,,,
10247,,,,,,,,,,,,,,,,,,,,
10248,,,,,,,,,,,,,,,,,,,,
10249,,,,,,,,,,,,,,,,,,,,
10251,,,,,,,,,,,,,,,,,,,,
10252,,,,,,,,,,,,,,,,,,,,
10253,,,,,,,,,,,,,,,,,,,,
10254,,,,,,,,,,,,,,,,,,,,
10255,,,,,,,,,,,,,,,,,,,,
10258,,,,,,,,,,,,,,,,,,,,
10259,,,,,,,,,,,,,,,,,,,,
10260,,,,,,,,,,,,,,,,,,,,
10268,,,,,,,,,,,,,,,,,,,,
10271,,,,,,,,,,,,,,,,,,,,
10272,,,,,,,,,,,,,,,,,,,,
10273,,,,,,,,,,,,,,,,,,,,
10274,,,,,,,,,,,,,,,,,,,,
10275,,,,,,,,,,,,,,,,,,,,
10276,,,,,,,,,,,,,,,,,,,,
10278,,,,,,,,,,,,,,,,,,,,
10280,,,,,,,,,,,,,,,,,,,,
10281,,,,,,,,,,,,,,,,,,,,
10282,,,,,,,,,,,,,,,,,,,,
10284,,,,,,,,,,,,,,,,,,,,
10285,,,,,,,,,,,,,,,,,,,,
10286,,,,,,,,,,,,,,,,,,,,
10287,,,,,,,,,,,,,,,,,,,,
10288,,,,,,,,,,,,,,,,,,,,
10290,,,,,,,,,,,,,,,,,,,,
10291,,,,,,,,,,,,,,,,,,,,
10292,,,,,,,,,,,,,,,,,,,,
10293,,,,,,,,,,,,,,,,,,,,
10294,,,,,,,,,,,,,,,,,,,,
10295,,,,,,,,,,,,,,,,,,,,
10296,,,,,,,,,,,,,,,,,,,,
10297,,,,,,,,,,,,,,,,,,,,
10298,,,,,,,,,,,,,,,,,,,,
10299,,,,,,,,,,,,,,,,,,,,
10300,,,,,,,,,,,,,,,,,,,,
10301,,,,,,,,,,,,,,,,,,,,
10303,,,,,,,,,,,,,,,,,,,,
10304,,,,,,,,,,,,,,,,,,,,
10308,,,,,,,,,,,,,,,,,,,,
10311,,,,,,,,,,,,,,,,,,,,
10312,,,,,,,,,,,,,,,,,,,,
10314,,,,,,,,,,,,,,,,,,,,
10315,,,,,,,,,,,,,,,,,,,,
10318,,,,,,,,,,,,,,,,,,,,
10319,,,,,,,,,,,,,,,,,,,,
10320,,,,,,,,,,,,,,,,,,,,
10321,,,,,,,,,,,,,,,,,,,,
10322,,,,,,,,,,,,,,,,,,,,
10323,,,,,,,,,,,,,,,,,,,,
10324,,,,,,,,,,,,,,,,,,,,
10326,,,,,,,,,,,,,,,,,,,,
10327,,,,,,,,,,,,,,,,,,,,
10328,,,,,,,,,,,,,,,,,,,,
10331,,,,,,,,,,,,,,,,,,,,
10333,,,,,,,,,,,,,,,,,,,,
10334,,,,,,,,,,,,,,,,,,,,
10335,,,,,,,,,,,,,,,,,,,,
10336,,,,,,,,,,,,,,,,,,,,
10338,,,,,,,,,,,,,,,,,,,,
10339,,,,,,,,,,,,,,,,,,,,
10340,,,,,,,,,,,,,,,,,,,,
10341,,,,,,,,,,,,,,,,,,,,
10343,,,,,,,,,,,,,,,,,,,,
10346,,,,,,,,,,,,,,,,,,,,
10348,,,,,,,,,,,,,,,,,,,,
10349,,,,,,,,,,,,,,,,,,,,
10350,,,,,,,,,,,,,,,,,,,,
10355,,,,,,,,,,,,,,,,,,,,
10356,,,,,,,,,,,,,,,,,,,,
10361,,,,,,,,,,,,,,,,,,,,
10362,,,,,,,,,,,,,,,,,,,,
10363,,,,,,,,,,,,,,,,,,,,
10364,,,,,,,,,,,,,,,,,,,,
10366,,,,,,,,,,,,,,,,,,,,
10367,,,,,,,,,,,,,,,,,,,,
10369,,,,,,,,,,,,,,,,,,,,
10370,,,,,,,,,,,,,,,,,,,,
10371,,,,,,,,,,,,,,,,,,,,
10372,,,,,,,,,,,,,,,,,,,,
10373,,,,,,,,,,,,,,,,,,,,
10374,,,,,,,,,,,,,,,,,,,,
10375,,,,,,,,,,,,,,,,,,,,
10376,,,,,,,,,,,,,,,,,,,,
10377,,,,,,,,,,,,,,,,,,,,
10378,,,,,,,,,,,,,,,,,,,,
10379,,,,,,,,,,,,,,,,,,,,
10381,,,,,,,,,,,,,,,,,,,,
10383,,,,,,,,,,,,,,,,,,,,
10384,,,,,,,,,,,,,,,,,,,,
10385,,,,,,,,,,,,,,,,,,,,
10386,,,,,,,,,,,,,,,,,,,,
10387,,,,,,,,,,,,,,,,,,,,
10388,,,,,,,,,,,,,,,,,,,,
10390,,,,,,,,,,,,,,,,,,,,
10391,,,,,,,,,,,,,,,,,,,,
10392,,,,,,,,,,,,,,,,,,,,
10393,,,,,,,,,,,,,,,,,,,,
10395,,,,,,,,,,,,,,,,,,,,
10396,,,,,,,,,,,,,,,,,,,,
10403,,,,,,,,,,,,,,,,,,,,
10404,,,,,,,,,,,,,,,,,,,,
10408,,,,,,,,,,,,,,,,,,,,
10409,,,,,,,,,,,,,,,,,,,,
10410,,,,,,,,,,,,,,,,,,,,
10411,,,,,,,,,,,,,,,,,,,,
10412,,,,,,,,,,,,,,,,,,,,
10416,,,,,,,,,,,,,,,,,,,,
10417,,,,,,,,,,,,,,,,,,,,
10418,,,,,,,,,,,,,,,,,,,,
10419,,,,,,,,,,,,,,,,,,,,
10420,,,,,,,,,,,,,,,,,,,,
10421,,,,,,,,,,,,,,,,,,,,
10422,,,,,,,,,,,,,,,,,,,,
10423,,,,,,,,,,,,,,,,,,,,
10424,,,,,,,,,,,,,,,,,,,,
10425,,,,,,,,,,,,,,,,,,,,
10426,,,,,,,,,,,,,,,,,,,,
10428,,,,,,,,,,,,,,,,,,,,
10429,,,,,,,,,,,,,,,,,,,,
10430,,,,,,,,,,,,,,,,,,,,
10432,,,,,,,,,,,,,,,,,,,,
10433,,,,,,,,,,,,,,,,,,,,
10434,,,,,,,,,,,,,,,,,,,,
10436,,,,,,,,,,,,,,,,,,,,
10438,,,,,,,,,,,,,,,,,,,,
10439,,,,,,,,,,,,,,,,,,,,
10440,,,,,,,,,,,,,,,,,,,,
10444,,,,,,,,,,,,,,,,,,,,
10446,,,,,,,,,,,,,,,,,,,,
10450,,,,,,,,,,,,,,,,,,,,
10465,,,,,,,,,,,,,,,,,,,,
10466,,,,,,,,,,,,,,,,,,,,
10468,,,,,,,,,,,,,,,,,,,,
10469,,,,,,,,,,,,,,,,,,,,
10470,,,,,,,,,,,,,,,,,,,,
10471,,,,,,,,,,,,,,,,,,,,
10476,,,,,,,,,,,,,,,,,,,,
10479,,,,,,,,,,,,,,,,,,,,
10487,,,,,,,,,,,,,,,,,,,,
10489,,,,,,,,,,,,,,,,,,,,
10490,,,,,,,,,,,,,,,,,,,,
10492,,,,,,,,,,,,,,,,,,,,
10494,,,,,,,,,,,,,,,,,,,,
10495,,,,,,,,,,,,,,,,,,,,
10496,,,,,,,,,,,,,,,,,,,,
10499,,,,,,,,,,,,,,,,,,,,
10500,,,,,,,,,,,,,,,,,,,,
10501,,,,,,,,,,,,,,,,,,,,
10502,,,,,,,,,,,,,,,,,,,,
10503,,,,,,,,,,,,,,,,,,,,
10504,,,,,,,,,,,,,,,,,,,,
10505,,,,,,,,,,,,,,,,,,,,
10511,,,,,,,,,,,,,,,,,,,,
10514,,,,,,,,,,,,,,,,,,,,
10519,,,,,,,,,,,,,,,,,,,,
10523,,,,,,,,,,,,,,,,,,,,
10524,,,,,,,,,,,,,,,,,,,,
10525,,,,,,,,,,,,,,,,,,,,
10527,,,,,,,,,,,,,,,,,,,,
10530,,,,,,,,,,,,,,,,,,,,
10531,,,,,,,,,,,,,,,,,,,,
10533,,,,,,,,,,,,,,,,,,,,
10536,,,,,,,,,,,,,,,,,,,,
10537,,,,,,,,,,,,,,,,,,,,
10541,,,,,,,,,,,,,,,,,,,,
10543,,,,,,,,,,,,,,,,,,,,
10546,,,,,,,,,,,,,,,,,,,,
10547,,,,,,,,,,,,,,,,,,,,
10556,,,,,,,,,,,,,,,,,,,,
10557,,,,,,,,,,,,,,,,,,,,
10558,,,,,,,,,,,,,,,,,,,,
10559,,,,,,,,,,,,,,,,,,,,
10560,,,,,,,,,,,,,,,,,,,,
10562,,,,,,,,,,,,,,,,,,,,
10563,,,,,,,,,,,,,,,,,,,,
10565,,,,,,,,,,,,,,,,,,,,
10570,,,,,,,,,,,,,,,,,,,,
10571,,,,,,,,,,,,,,,,,,,,
10572,,,,,,,,,,,,,,,,,,,,
10573,,,,,,,,,,,,,,,,,,,,
10574,,,,,,,,,,,,,,,,,,,,
10575,,,,,,,,,,,,,,,,,,,,
10577,,,,,,,,,,,,,,,,,,,,
10578,,,,,,,,,,,,,,,,,,,,
10584,,,,,,,,,,,,,,,,,,,,
10586,,,,,,,,,,,,,,,,,,,,
10587,,,,,,,,,,,,,,,,,,,,
10588,,,,,,,,,,,,,,,,,,,,
10590,,,,,,,,,,,,,,,,,,,,
10591,,,,,,,,,,,,,,,,,,,,
10593,,,,,,,,,,,,,,,,,,,,
10594,,,,,,,,,,,,,,,,,,,,
10595,,,,,,,,,,,,,,,,,,,,
10597,,,,,,,,,,,,,,,,,,,,
10598,,,,,,,,,,,,,,,,,,,,
10599,,,,,,,,,,,,,,,,,,,,
10600,,,,,,,,,,,,,,,,,,,,
10601,,,,,,,,,,,,,,,,,,,,
10605,,,,,,,,,,,,,,,,,,,,
10607,,,,,,,,,,,,,,,,,,,,
10608,,,,,,,,,,,,,,,,,,,,
10609,,,,,,,,,,,,,,,,,,,,
10610,,,,,,,,,,,,,,,,,,,,
10611,,,,,,,,,,,,,,,,,,,,
10612,,,,,,,,,,,,,,,,,,,,
10613,,,,,,,,,,,,,,,,,,,,
10614,,,,,,,,,,,,,,,,,,,,
10615,,,,,,,,,,,,,,,,,,,,
10616,,,,,,,,,,,,,,,,,,,,
10617,,,,,,,,,,,,,,,,,,,,
10618,,,,,,,,,,,,,,,,,,,,
10620,,,,,,,,,,,,,,,,,,,,
10621,,,,,,,,,,,,,,,,,,,,
10622,,,,,,,,,,,,,,,,,,,,
10623,,,,,,,,,,,,,,,,,,,,
10626,,,,,,,,,,,,,,,,,,,,
10627,,,,,,,,,,,,,,,,,,,,
10628,,,,,,,,,,,,,,,,,,,,
10629,,,,,,,,,,,,,,,,,,,,
10633,,,,,,,,,,,,,,,,,,,,
10634,,,,,,,,,,,,,,,,,,,,
10635,,,,,,,,,,,,,,,,,,,,
10636,,,,,,,,,,,,,,,,,,,,
10637,,,,,,,,,,,,,,,,,,,,
10638,,,,,,,,,,,,,,,,,,,,
10640,,,,,,,,,,,,,,,,,,,,
10641,,,,,,,,,,,,,,,,,,,,
10642,,,,,,,,,,,,,,,,,,,,
10644,,,,,,,,,,,,,,,,,,,,
10653,,,,,,,,,,,,,,,,,,,,
10654,,,,,,,,,,,,,,,,,,,,
10657,,,,,,,,,,,,,,,,,,,,
10658,,,,,,,,,,,,,,,,,,,,
10660,,,,,,,,,,,,,,,,,,,,
10662,,,,,,,,,,,,,,,,,,,,
10667,,,,,,,,,,,,,,,,,,,,
10668,,,,,,,,,,,,,,,,,,,,
10669,,,,,,,,,,,,,,,,,,,,
10671,,,,,,,,,,,,,,,,,,,,
10672,,,,,,,,,,,,,,,,,,,,
10673,,,,,,,,,,,,,,,,,,,,
10679,,,,,,,,,,,,,,,,,,,,
10680,,,,,,,,,,,,,,,,,,,,
10682,,,,,,,,,,,,,,,,,,,,
10684,,,,,,,,,,,,,,,,,,,,
10685,,,,,,,,,,,,,,,,,,,,
10686,,,,,,,,,,,,,,,,,,,,
10688,,,,,,,,,,,,,,,,,,,,
10689,,,,,,,,,,,,,,,,,,,,
10690,,,,,,,,,,,,,,,,,,,,
10691,,,,,,,,,,,,,,,,,,,,
10692,,,,,,,,,,,,,,,,,,,,
10694,,,,,,,,,,,,,,,,,,,,
10695,,,,,,,,,,,,,,,,,,,,
10697,,,,,,,,,,,,,,,,,,,,
10698,,,,,,,,,,,,,,,,,,,,
10699,,,,,,,,,,,,,,,,,,,,
10700,,,,,,,,,,,,,,,,,,,,
10702,,,,,,,,,,,,,,,,,,,,
10703,,,,,,,,,,,,,,,,,,,,
10704,,,,,,,,,,,,,,,,,,,,
10705,,,,,,,,,,,,,,,,,,,,
10708,,,,,,,,,,,,,,,,,,,,
10709,,,,,,,,,,,,,,,,,,,,
10710,,,,,,,,,,,,,,,,,,,,
10711,,,,,,,,,,,,,,,,,,,,
10714,,,,,,,,,,,,,,,,,,,,
10717,,,,,,,,,,,,,,,,,,,,
10721,,,,,,,,,,,,,,,,,,,,
10722,,,,,,,,,,,,,,,,,,,,
10723,,,,,,,,,,,,,,,,,,,,
10724,,,,,,,,,,,,,,,,,,,,
10727,,,,,,,,,,,,,,,,,,,,
10729,,,,,,,,,,,,,,,,,,,,
10730,,,,,,,,,,,,,,,,,,,,
10731,,,,,,,,,,,,,,,,,,,,
10733,,,,,,,,,,,,,,,,,,,,
10734,,,,,,,,,,,,,,,,,,,,
10735,,,,,,,,,,,,,,,,,,,,
10736,,,,,,,,,,,,,,,,,,,,
10737,,,,,,,,,,,,,,,,,,,,
10738,,,,,,,,,,,,,,,,,,,,
10740,,,,,,,,,,,,,,,,,,,,
10741,,,,,,,,,,,,,,,,,,,,
10742,,,,,,,,,,,,,,,,,,,,
10744,,,,,,,,,,,,,,,,,,,,
10745,,,,,,,,,,,,,,,,,,,,
10746,,,,,,,,,,,,,,,,,,,,
10747,,,,,,,,,,,,,,,,,,,,
10748,,,,,,,,,,,,,,,,,,,,
10750,,,,,,,,,,,,,,,,,,,,
10751,,,,,,,,,,,,,,,,,,,,
10752,,,,,,,,,,,,,,,,,,,,
10753,,,,,,,,,,,,,,,,,,,,
10754,,,,,,,,,,,,,,,,,,,,
10755,,,,,,,,,,,,,,,,,,,,
10756,,,,,,,,,,,,,,,,,,,,
10757,,,,,,,,,,,,,,,,,,,,
10758,,,,,,,,,,,,,,,,,,,,
10760,,,,,,,,,,,,,,,,,,,,
10761,,,,,,,,,,,,,,,,,,,,
10762,,,,,,,,,,,,,,,,,,,,
10763,,,,,,,,,,,,,,,,,,,,
10764,,,,,,,,,,,,,,,,,,,,
10765,,,,,,,,,,,,,,,,,,,,
10766,,,,,,,,,,,,,,,,,,,,
10768,,,,,,,,,,,,,,,,,,,,
10769,,,,,,,,,,,,,,,,,,,,
10770,,,,,,,,,,,,,,,,,,,,
10771,,,,,,,,,,,,,,,,,,,,
10772,,,,,,,,,,,,,,,,,,,,
10773,,,,,,,,,,,,,,,,,,,,
10774,,,,,,,,,,,,,,,,,,,,
10775,,,,,,,,,,,,,,,,,,,,
10776,,,,,,,,,,,,,,,,,,,,
10777,,,,,,,,,,,,,,,,,,,,
10778,,,,,,,,,,,,,,,,,,,,
10779,,,,,,,,,,,,,,,,,,,,
10780,,,,,,,,,,,,,,,,,,,,
10781,,,,,,,,,,,,,,,,,,,,
10782,,,,,,,,,,,,,,,,,,,,
10784,,,,,,,,,,,,,,,,,,,,
10785,,,,,,,,,,,,,,,,,,,,
10786,,,,,,,,,,,,,,,,,,,,
10787,,,,,,,,,,,,,,,,,,,,
10788,,,,,,,,,,,,,,,,,,,,
10789,,,,,,,,,,,,,,,,,,,,
10791,,,,,,,,,,,,,,,,,,,,
10792,,,,,,,,,,,,,,,,,,,,
10793,,,,,,,,,,,,,,,,,,,,
10794,,,,,,,,,,,,,,,,,,,,
10795,,,,,,,,,,,,,,,,,,,,
10796,,,,,,,,,,,,,,,,,,,,
10797,,,,,,,,,,,,,,,,,,,,
10798,,,,,,,,,,,,,,,,,,,,
10800,,,,,,,,,,,,,,,,,,,,
10801,,,,,,,,,,,,,,,,,,,,
10803,,,,,,,,,,,,,,,,,,,,
10804,,,,,,,,,,,,,,,,,,,,
10805,,,,,,,,,,,,,,,,,,,,
10806,,,,,,,,,,,,,,,,,,,,
10807,,,,,,,,,,,,,,,,,,,,
10810,,,,,,,,,,,,,,,,,,,,
10812,,,,,,,,,,,,,,,,,,,,
10814,,,,,,,,,,,,,,,,,,,,
10815,,,,,,,,,,,,,,,,,,,,
10818,,,,,,,,,,,,,,,,,,,,
10819,,,,,,,,,,,,,,,,,,,,
10821,,,,,,,,,,,,,,,,,,,,
10822,,,,,,,,,,,,,,,,,,,,
10823,,,,,,,,,,,,,,,,,,,,
10824,,,,,,,,,,,,,,,,,,,,
10825,,,,,,,,,,,,,,,,,,,,
10826,,,,,,,,,,,,,,,,,,,,
10831,,,,,,,,,,,,,,,,,,,,
10832,,,,,,,,,,,,,,,,,,,,
10833,,,,,,,,,,,,,,,,,,,,
10834,,,,,,,,,,,,,,,,,,,,
10836,,,,,,,,,,,,,,,,,,,,
10837,,,,,,,,,,,,,,,,,,,,
10838,,,,,,,,,,,,,,,,,,,,
10839,,,,,,,,,,,,,,,,,,,,
10841,,,,,,,,,,,,,,,,,,,,
10843,,,,,,,,,,,,,,,,,,,,
10844,,,,,,,,,,,,,,,,,,,,
10846,,,,,,,,,,,,,,,,,,,,
10847,,,,,,,,,,,,,,,,,,,,
10848,,,,,,,,,,,,,,,,,,,,
10849,,,,,,,,,,,,,,,,,,,,
10850,,,,,,,,,,,,,,,,,,,,
10851,,,,,,,,,,,,,,,,,,,,
10853,,,,,,,,,,,,,,,,,,,,
10855,,,,,,,,,,,,,,,,,,,,
10856,,,,,,,,,,,,,,,,,,,,
10857,,,,,,,,,,,,,,,,,,,,
10858,,,,,,,,,,,,,,,,,,,,
10859,,,,,,,,,,,,,,,,,,,,
10860,,,,,,,,,,,,,,,,,,,,
10861,,,,,,,,,,,,,,,,,,,,
10864,,,,,,,,,,,,,,,,,,,,
10865,,,,,,,,,,,,,,,,,,,,
10866,,,,,,,,,,,,,,,,,,,,
10868,,,,,,,,,,,,,,,,,,,,
10869,,,,,,,,,,,,,,,,,,,,
10870,,,,,,,,,,,,,,,,,,,,
10871,,,,,,,,,,,,,,,,,,,,
10874,,,,,,,,,,,,,,,,,,,,
10876,,,,,,,,,,,,,,,,,,,,
10877,,,,,,,,,,,,,,,,,,,,
10878,,,,,,,,,,,,,,,,,,,,
10879,,,,,,,,,,,,,,,,,,,,
10880,,,,,,,,,,,,,,,,,,,,
10881,,,,,,,,,,,,,,,,,,,,
10883,,,,,,,,,,,,,,,,,,,,
10884,,,,,,,,,,,,,,,,,,,,
10885,,,,,,,,,,,,,,,,,,,,
10889,,,,,,,,,,,,,,,,,,,,
10890,,,,,,,,,,,,,,,,,,,,
10892,,,,,,,,,,,,,,,,,,,,
10893,,,,,,,,,,,,,,,,,,,,
10896,,,,,,,,,,,,,,,,,,,,
10897,,,,,,,,,,,,,,,,,,,,
10898,,,,,,,,,,,,,,,,,,,,
10899,,,,,,,,,,,,,,,,,,,,
10900,,,,,,,,,,,,,,,,,,,,
10901,,,,,,,,,,,,,,,,,,,,
10903,,,,,,,,,,,,,,,,,,,,
10904,,,,,,,,,,,,,,,,,,,,
10905,,,,,,,,,,,,,,,,,,,,
10906,,,,,,,,,,,,,,,,,,,,
10907,,,,,,,,,,,,,,,,,,,,
10908,,,,,,,,,,,,,,,,,,,,
10909,,,,,,,,,,,,,,,,,,,,
10910,,,,,,,,,,,,,,,,,,,,
10912,,,,,,,,,,,,,,,,,,,,
10913,,,,,,,,,,,,,,,,,,,,
10914,,,,,,,,,,,,,,,,,,,,
10916,,,,,,,,,,,,,,,,,,,,
10918,,,,,,,,,,,,,,,,,,,,
10920,,,,,,,,,,,,,,,,,,,,
10921,,,,,,,,,,,,,,,,,,,,
10922,,,,,,,,,,,,,,,,,,,,
10924,,,,,,,,,,,,,,,,,,,,
10927,,,,,,,,,,,,,,,,,,,,
10928,,,,,,,,,,,,,,,,,,,,
10930,,,,,,,,,,,,,,,,,,,,
10931,,,,,,,,,,,,,,,,,,,,
10932,,,,,,,,,,,,,,,,,,,,
10933,,,,,,,,,,,,,,,,,,,,
10934,,,,,,,,,,,,,,,,,,,,
10935,,,,,,,,,,,,,,,,,,,,
10936,,,,,,,,,,,,,,,,,,,,
10937,,,,,,,,,,,,,,,,,,,,
10941,,,,,,,,,,,,,,,,,,,,
10943,,,,,,,,,,,,,,,,,,,,
10944,,,,,,,,,,,,,,,,,,,,
10945,,,,,,,,,,,,,,,,,,,,
10946,,,,,,,,,,,,,,,,,,,,
10948,,,,,,,,,,,,,,,,,,,,
10949,,,,,,,,,,,,,,,,,,,,
10950,,,,,,,,,,,,,,,,,,,,
10951,,,,,,,,,,,,,,,,,,,,
10952,,,,,,,,,,,,,,,,,,,,
10953,,,,,,,,,,,,,,,,,,,,
10954,,,,,,,,,,,,,,,,,,,,
10955,,,,,,,,,,,,,,,,,,,,
10956,,,,,,,,,,,,,,,,,,,,
10957,,,,,,,,,,,,,,,,,,,,
10959,,,,,,,,,,,,,,,,,,,,
10961,,,,,,,,,,,,,,,,,,,,
10962,,,,,,,,,,,,,,,,,,,,
10966,,,,,,,,,,,,,,,,,,,,
10967,,,,,,,,,,,,,,,,,,,,
10968,,,,,,,,,,,,,,,,,,,,
10970,,,,,,,,,,,,,,,,,,,,
10971,,,,,,,,,,,,,,,,,,,,
10972,,,,,,,,,,,,,,,,,,,,
10973,,,,,,,,,,,,,,,,,,,,
10974,,,,,,,,,,,,,,,,,,,,
10975,,,,,,,,,,,,,,,,,,,,
10976,,,,,,,,,,,,,,,,,,,,
10977,,,,,,,,,,,,,,,,,,,,
10978,,,,,,,,,,,,,,,,,,,,
10979,,,,,,,,,,,,,,,,,,,,
10980,,,,,,,,,,,,,,,,,,,,
10982,,,,,,,,,,,,,,,,,,,,
10983,,,,,,,,,,,,,,,,,,,,
10984,,,,,,,,,,,,,,,,,,,,
10985,,,,,,,,,,,,,,,,,,,,
10986,,,,,,,,,,,,,,,,,,,,
10987,,,,,,,,,,,,,,,,,,,,
10988,,,,,,,,,,,,,,,,,,,,
10989,,,,,,,,,,,,,,,,,,,,
10990,,,,,,,,,,,,,,,,,,,,
10991,,,,,,,,,,,,,,,,,,,,
10992,,,,,,,,,,,,,,,,,,,,
10993,,,,,,,,,,,,,,,,,,,,
10994,,,,,,,,,,,,,,,,,,,,
10996,,,,,,,,,,,,,,,,,,,,
10997,,,,,,,,,,,,,,,,,,,,
10998,,,,,,,,,,,,,,,,,,,,
10999,,,,,,,,,,,,,,,,,,,,
11001,,,,,,,,,,,,,,,,,,,,
11002,,,,,,,,,,,,,,,,,,,,
11003,,,,,,,,,,,,,,,,,,,,
11005,,,,,,,,,,,,,,,,,,,,
11006,,,,,,,,,,,,,,,,,,,,
11007,,,,,,,,,,,,,,,,,,,,
11008,,,,,,,,,,,,,,,,,,,,
11009,,,,,,,,,,,,,,,,,,,,
11012,,,,,,,,,,,,,,,,,,,,
11013,,,,,,,,,,,,,,,,,,,,
11014,,,,,,,,,,,,,,,,,,,,
11015,,,,,,,,,,,,,,,,,,,,
11017,,,,,,,,,,,,,,,,,,,,
11018,,,,,,,,,,,,,,,,,,,,
11020,,,,,,,,,,,,,,,,,,,,
11021,,,,,,,,,,,,,,,,,,,,
11022,,,,,,,,,,,,,,,,,,,,
11023,,,,,,,,,,,,,,,,,,,,
11025,,,,,,,,,,,,,,,,,,,,
11026,,,,,,,,,,,,,,,,,,,,
11027,,,,,,,,,,,,,,,,,,,,
11028,,,,,,,,,,,,,,,,,,,,
11030,,,,,,,,,,,,,,,,,,,,
11031,,,,,,,,,,,,,,,,,,,,
11033,,,,,,,,,,,,,,,,,,,,
11035,,,,,,,,,,,,,,,,,,,,
11036,,,,,,,,,,,,,,,,,,,,
11038,,,,,,,,,,,,,,,,,,,,
11044,,,,,,,,,,,,,,,,,,,,
11046,,,,,,,,,,,,,,,,,,,,
11048,,,,,,,,,,,,,,,,,,,,
11050,,,,,,,,,,,,,,,,,,,,
11055,,,,,,,,,,,,,,,,,,,,
11057,,,,,,,,,,,,,,,,,,,,
11060,,,,,,,,,,,,,,,,,,,,
11062,,,,,,,,,,,,,,,,,,,,
11064,,,,,,,,,,,,,,,,,,,,
11065,,,,,,,,,,,,,,,,,,,,
11066,,,,,,,,,,,,,,,,,,,,
11067,,,,,,,,,,,,,,,,,,,,
11068,,,,,,,,,,,,,,,,,,,,
11073,,,,,,,,,,,,,,,,,,,,
11074,,,,,,,,,,,,,,,,,,,,
11075,,,,,,,,,,,,,,,,,,,,
11076,,,,,,,,,,,,,,,,,,,,
11078,,,,,,,,,,,,,,,,,,,,
11079,,,,,,,,,,,,,,,,,,,,
11080,,,,,,,,,,,,,,,,,,,,
11082,,,,,,,,,,,,,,,,,,,,
11083,,,,,,,,,,,,,,,,,,,,
11088,,,,,,,,,,,,,,,,,,,,
11089,,,,,,,,,,,,,,,,,,,,
11090,,,,,,,,,,,,,,,,,,,,
11091,,,,,,,,,,,,,,,,,,,,
11092,,,,,,,,,,,,,,,,,,,,
11093,,,,,,,,,,,,,,,,,,,,
11095,,,,,,,,,,,,,,,,,,,,
11097,,,,,,,,,,,,,,,,,,,,
11098,,,,,,,,,,,,,,,,,,,,
11099,,,,,,,,,,,,,,,,,,,,
11100,,,,,,,,,,,,,,,,,,,,
11101,,,,,,,,,,,,,,,,,,,,
11102,,,,,,,,,,,,,,,,,,,,
11104,,,,,,,,,,,,,,,,,,,,
11105,,,,,,,,,,,,,,,,,,,,
11106,,,,,,,,,,,,,,,,,,,,
11109,,,,,,,,,,,,,,,,,,,,
11110,,,,,,,,,,,,,,,,,,,,
11111,,,,,,,,,,,,,,,,,,,,
11112,,,,,,,,,,,,,,,,,,,,
11113,,,,,,,,,,,,,,,,,,,,
11115,,,,,,,,,,,,,,,,,,,,
11116,,,,,,,,,,,,,,,,,,,,
11117,,,,,,,,,,,,,,,,,,,,
11118,,,,,,,,,,,,,,,,,,,,
11119,,,,,,,,,,,,,,,,,,,,
11120,,,,,,,,,,,,,,,,,,,,
11122,,,,,,,,,,,,,,,,,,,,
11123,,,,,,,,,,,,,,,,,,,,
11124,,,,,,,,,,,,,,,,,,,,
11125,,,,,,,,,,,,,,,,,,,,
11126,,,,,,,,,,,,,,,,,,,,
11127,,,,,,,,,,,,,,,,,,,,
11128,,,,,,,,,,,,,,,,,,,,
11129,,,,,,,,,,,,,,,,,,,,
11130,,,,,,,,,,,,,,,,,,,,
11131,,,,,,,,,,,,,,,,,,,,
11132,,,,,,,,,,,,,,,,,,,,
11133,,,,,,,,,,,,,,,,,,,,
11134,,,,,,,,,,,,,,,,,,,,
11135,,,,,,,,,,,,,,,,,,,,
11136,,,,,,,,,,,,,,,,,,,,
11137,,,,,,,,,,,,,,,,,,,,
11138,,,,,,,,,,,,,,,,,,,,
11139,,,,,,,,,,,,,,,,,,,,
11144,,,,,,,,,,,,,,,,,,,,
11145,,,,,,,,,,,,,,,,,,,,
11147,,,,,,,,,,,,,,,,,,,,
11148,,,,,,,,,,,,,,,,,,,,
11149,,,,,,,,,,,,,,,,,,,,
11151,,,,,,,,,,,,,,,,,,,,
11152,,,,,,,,,,,,,,,,,,,,
11153,,,,,,,,,,,,,,,,,,,,
11154,,,,,,,,,,,,,,,,,,,,
11159,,,,,,,,,,,,,,,,,,,,
11160,,,,,,,,,,,,,,,,,,,,
11161,,,,,,,,,,,,,,,,,,,,
11162,,,,,,,,,,,,,,,,,,,,
11163,,,,,,,,,,,,,,,,,,,,
11164,,,,,,,,,,,,,,,,,,,,
11165,,,,,,,,,,,,,,,,,,,,
11167,,,,,,,,,,,,,,,,,,,,
11168,,,,,,,,,,,,,,,,,,,,
11171,,,,,,,,,,,,,,,,,,,,
11172,,,,,,,,,,,,,,,,,,,,
11173,,,,,,,,,,,,,,,,,,,,
11174,,,,,,,,,,,,,,,,,,,,
11175,,,,,,,,,,,,,,,,,,,,
11176,,,,,,,,,,,,,,,,,,,,
11177,,,,,,,,,,,,,,,,,,,,
11179,,,,,,,,,,,,,,,,,,,,
11180,,,,,,,,,,,,,,,,,,,,
11181,,,,,,,,,,,,,,,,,,,,
11183,,,,,,,,,,,,,,,,,,,,
11185,,,,,,,,,,,,,,,,,,,,
11186,,,,,,,,,,,,,,,,,,,,
11187,,,,,,,,,,,,,,,,,,,,
11190,,,,,,,,,,,,,,,,,,,,
11192,,,,,,,,,,,,,,,,,,,,
11193,,,,,,,,,,,,,,,,,,,,
11196,,,,,,,,,,,,,,,,,,,,
11197,,,,,,,,,,,,,,,,,,,,
11198,,,,,,,,,,,,,,,,,,,,
11199,,,,,,,,,,,,,,,,,,,,
11200,,,,,,,,,,,,,,,,,,,,
11201,,,,,,,,,,,,,,,,,,,,
11202,,,,,,,,,,,,,,,,,,,,
11203,,,,,,,,,,,,,,,,,,,,
11204,,,,,,,,,,,,,,,,,,,,
11210,,,,,,,,,,,,,,,,,,,,
11211,,,,,,,,,,,,,,,,,,,,
11212,,,,,,,,,,,,,,,,,,,,
11213,,,,,,,,,,,,,,,,,,,,
11214,,,,,,,,,,,,,,,,,,,,
11215,,,,,,,,,,,,,,,,,,,,
11216,,,,,,,,,,,,,,,,,,,,
11217,,,,,,,,,,,,,,,,,,,,
11218,,,,,,,,,,,,,,,,,,,,
11220,,,,,,,,,,,,,,,,,,,,
11222,,,,,,,,,,,,,,,,,,,,
11223,,,,,,,,,,,,,,,,,,,,
11224,,,,,,,,,,,,,,,,,,,,
11226,,,,,,,,,,,,,,,,,,,,
11227,,,,,,,,,,,,,,,,,,,,
11228,,,,,,,,,,,,,,,,,,,,
11229,,,,,,,,,,,,,,,,,,,,
11231,,,,,,,,,,,,,,,,,,,,
11233,,,,,,,,,,,,,,,,,,,,
11234,,,,,,,,,,,,,,,,,,,,
11236,,,,,,,,,,,,,,,,,,,,
11237,,,,,,,,,,,,,,,,,,,,
11238,,,,,,,,,,,,,,,,,,,,
11240,,,,,,,,,,,,,,,,,,,,
11243,,,,,,,,,,,,,,,,,,,,
11244,,,,,,,,,,,,,,,,,,,,
11245,,,,,,,,,,,,,,,,,,,,
11246,,,,,,,,,,,,,,,,,,,,
11247,,,,,,,,,,,,,,,,,,,,
11248,,,,,,,,,,,,,,,,,,,,
11249,,,,,,,,,,,,,,,,,,,,
11250,,,,,,,,,,,,,,,,,,,,
11251,,,,,,,,,,,,,,,,,,,,
11270,,,,,,,,,,,,,,,,,,,,
11271,,,,,,,,,,,,,,,,,,,,
11275,,,,,,,,,,,,,,,,,,,,
11280,,,,,,,,,,,,,,,,,,,,
11281,,,,,,,,,,,,,,,,,,,,
11282,,,,,,,,,,,,,,,,,,,,
11283,,,,,,,,,,,,,,,,,,,,
11284,,,,,,,,,,,,,,,,,,,,
11285,,,,,,,,,,,,,,,,,,,,
11286,,,,,,,,,,,,,,,,,,,,
11287,,,,,,,,,,,,,,,,,,,,
11288,,,,,,,,,,,,,,,,,,,,
11289,,,,,,,,,,,,,,,,,,,,
11291,,,,,,,,,,,,,,,,,,,,
11293,,,,,,,,,,,,,,,,,,,,
11295,,,,,,,,,,,,,,,,,,,,
11297,,,,,,,,,,,,,,,,,,,,
11298,,,,,,,,,,,,,,,,,,,,
11301,,,,,,,,,,,,,,,,,,,,
11302,,,,,,,,,,,,,,,,,,,,
11303,,,,,,,,,,,,,,,,,,,,
11305,,,,,,,,,,,,,,,,,,,,
11306,,,,,,,,,,,,,,,,,,,,
11308,,,,,,,,,,,,,,,,,,,,
11311,,,,,,,,,,,,,,,,,,,,
11313,,,,,,,,,,,,,,,,,,,,
11325,,,,,,,,,,,,,,,,,,,,
11334,,,,,,,,,,,,,,,,,,,,
11336,,,,,,,,,,,,,,,,,,,,
11337,,,,,,,,,,,,,,,,,,,,
11340,,,,,,,,,,,,,,,,,,,,
11341,,,,,,,,,,,,,,,,,,,,
11342,,,,,,,,,,,,,,,,,,,,
11344,,,,,,,,,,,,,,,,,,,,
11345,,,,,,,,,,,,,,,,,,,,
11346,,,,,,,,,,,,,,,,,,,,
11347,,,,,,,,,,,,,,,,,,,,
11348,,,,,,,,,,,,,,,,,,,,
11349,,,,,,,,,,,,,,,,,,,,
11350,,,,,,,,,,,,,,,,,,,,
11351,,,,,,,,,,,,,,,,,,,,
11354,,,,,,,,,,,,,,,,,,,,
11355,,,,,,,,,,,,,,,,,,,,
11357,,,,,,,,,,,,,,,,,,,,
11361,,,,,,,,,,,,,,,,,,,,
11362,,,,,,,,,,,,,,,,,,,,
11365,,,,,,,,,,,,,,,,,,,,
11368,,,,,,,,,,,,,,,,,,,,
11370,,,,,,,,,,,,,,,,,,,,
11371,,,,,,,,,,,,,,,,,,,,
11372,,,,,,,,,,,,,,,,,,,,
11373,,,,,,,,,,,,,,,,,,,,
11374,,,,,,,,,,,,,,,,,,,,
11375,,,,,,,,,,,,,,,,,,,,
11376,,,,,,,,,,,,,,,,,,,,
11377,,,,,,,,,,,,,,,,,,,,
11379,,,,,,,,,,,,,,,,,,,,
11380,,,,,,,,,,,,,,,,,,,,
11381,,,,,,,,,,,,,,,,,,,,
11382,,,,,,,,,,,,,,,,,,,,
11383,,,,,,,,,,,,,,,,,,,,
11399,,,,,,,,,,,,,,,,,,,,
11401,,,,,,,,,,,,,,,,,,,,
11403,,,,,,,,,,,,,,,,,,,,
11406,,,,,,,,,,,,,,,,,,,,
11407,,,,,,,,,,,,,,,,,,,,
11412,,,,,,,,,,,,,,,,,,,,
11413,,,,,,,,,,,,,,,,,,,,
11414,,,,,,,,,,,,,,,,,,,,
11415,,,,,,,,,,,,,,,,,,,,
11416,,,,,,,,,,,,,,,,,,,,
11418,,,,,,,,,,,,,,,,,,,,
11421,,,,,,,,,,,,,,,,,,,,
11422,,,,,,,,,,,,,,,,,,,,
11424,,,,,,,,,,,,,,,,,,,,
11425,,,,,,,,,,,,,,,,,,,,
11426,,,,,,,,,,,,,,,,,,,,
11427,,,,,,,,,,,,,,,,,,,,
11428,,,,,,,,,,,,,,,,,,,,
11429,,,,,,,,,,,,,,,,,,,,
11430,,,,,,,,,,,,,,,,,,,,
11431,,,,,,,,,,,,,,,,,,,,
11433,,,,,,,,,,,,,,,,,,,,
11434,,,,,,,,,,,,,,,,,,,,
11435,,,,,,,,,,,,,,,,,,,,
11436,,,,,,,,,,,,,,,,,,,,
11437,,,,,,,,,,,,,,,,,,,,
11438,,,,,,,,,,,,,,,,,,,,
11439,,,,,,,,,,,,,,,,,,,,
11440,,,,,,,,,,,,,,,,,,,,
11442,,,,,,,,,,,,,,,,,,,,
11443,,,,,,,,,,,,,,,,,,,,
11444,,,,,,,,,,,,,,,,,,,,
11445,,,,,,,,,,,,,,,,,,,,
11446,,,,,,,,,,,,,,,,,,,,
11447,,,,,,,,,,,,,,,,,,,,
11448,,,,,,,,,,,,,,,,,,,,
11450,,,,,,,,,,,,,,,,,,,,
11451,,,,,,,,,,,,,,,,,,,,
11453,,,,,,,,,,,,,,,,,,,,
11454,,,,,,,,,,,,,,,,,,,,
11455,,,,,,,,,,,,,,,,,,,,
11456,,,,,,,,,,,,,,,,,,,,
11457,,,,,,,,,,,,,,,,,,,,
11458,,,,,,,,,,,,,,,,,,,,
11459,,,,,,,,,,,,,,,,,,,,
11460,,,,,,,,,,,,,,,,,,,,
11461,,,,,,,,,,,,,,,,,,,,
11462,,,,,,,,,,,,,,,,,,,,
11464,,,,,,,,,,,,,,,,,,,,
11465,,,,,,,,,,,,,,,,,,,,
11466,,,,,,,,,,,,,,,,,,,,
11467,,,,,,,,,,,,,,,,,,,,
11468,,,,,,,,,,,,,,,,,,,,
11469,,,,,,,,,,,,,,,,,,,,
11470,,,,,,,,,,,,,,,,,,,,
11471,,,,,,,,,,,,,,,,,,,,
11472,,,,,,,,,,,,,,,,,,,,
11473,,,,,,,,,,,,,,,,,,,,
11474,,,,,,,,,,,,,,,,,,,,
11475,,,,,,,,,,,,,,,,,,,,
11478,,,,,,,,,,,,,,,,,,,,
11479,,,,,,,,,,,,,,,,,,,,
11485,,,,,,,,,,,,,,,,,,,,
11486,,,,,,,,,,,,,,,,,,,,
11488,,,,,,,,,,,,,,,,,,,,
11489,,,,,,,,,,,,,,,,,,,,
11490,,,,,,,,,,,,,,,,,,,,
11491,,,,,,,,,,,,,,,,,,,,
11493,,,,,,,,,,,,,,,,,,,,
11494,,,,,,,,,,,,,,,,,,,,
11495,,,,,,,,,,,,,,,,,,,,
11496,,,,,,,,,,,,,,,,,,,,
11499,,,,,,,,,,,,,,,,,,,,
11504,,,,,,,,,,,,,,,,,,,,
11509,,,,,,,,,,,,,,,,,,,,
11511,,,,,,,,,,,,,,,,,,,,
11512,,,,,,,,,,,,,,,,,,,,
11513,,,,,,,,,,,,,,,,,,,,
11515,,,,,,,,,,,,,,,,,,,,
11516,,,,,,,,,,,,,,,,,,,,
11517,,,,,,,,,,,,,,,,,,,,
11519,,,,,,,,,,,,,,,,,,,,
11520,,,,,,,,,,,,,,,,,,,,
11521,,,,,,,,,,,,,,,,,,,,
11522,,,,,,,,,,,,,,,,,,,,
11523,,,,,,,,,,,,,,,,,,,,
11524,,,,,,,,,,,,,,,,,,,,
11525,,,,,,,,,,,,,,,,,,,,
11526,,,,,,,,,,,,,,,,,,,,
11527,,,,,,,,,,,,,,,,,,,,
11528,,,,,,,,,,,,,,,,,,,,
11529,,,,,,,,,,,,,,,,,,,,
11530,,,,,,,,,,,,,,,,,,,,
11531,,,,,,,,,,,,,,,,,,,,
11532,,,,,,,,,,,,,,,,,,,,
11535,,,,,,,,,,,,,,,,,,,,
11537,,,,,,,,,,,,,,,,,,,,
11538,,,,,,,,,,,,,,,,,,,,
11539,,,,,,,,,,,,,,,,,,,,
11541,,,,,,,,,,,,,,,,,,,,
11543,,,,,,,,,,,,,,,,,,,,
11544,,,,,,,,,,,,,,,,,,,,
11545,,,,,,,,,,,,,,,,,,,,
11546,,,,,,,,,,,,,,,,,,,,
11547,,,,,,,,,,,,,,,,,,,,
11548,,,,,,,,,,,,,,,,,,,,
11549,,,,,,,,,,,,,,,,,,,,
11550,,,,,,,,,,,,,,,,,,,,
11551,,,,,,,,,,,,,,,,,,,,
11554,,,,,,,,,,,,,,,,,,,,
11556,,,,,,,,,,,,,,,,,,,,
11558,,,,,,,,,,,,,,,,,,,,
11560,,,,,,,,,,,,,,,,,,,,
11561,,,,,,,,,,,,,,,,,,,,
11562,,,,,,,,,,,,,,,,,,,,
11563,,,,,,,,,,,,,,,,,,,,
11567,,,,,,,,,,,,,,,,,,,,
11568,,,,,,,,,,,,,,,,,,,,
11569,,,,,,,,,,,,,,,,,,,,
11570,,,,,,,,,,,,,,,,,,,,
11573,,,,,,,,,,,,,,,,,,,,
11574,,,,,,,,,,,,,,,,,,,,
11575,,,,,,,,,,,,,,,,,,,,
11578,,,,,,,,,,,,,,,,,,,,
11579,,,,,,,,,,,,,,,,,,,,
11580,,,,,,,,,,,,,,,,,,,,
11582,,,,,,,,,,,,,,,,,,,,
11583,,,,,,,,,,,,,,,,,,,,
11585,,,,,,,,,,,,,,,,,,,,
11586,,,,,,,,,,,,,,,,,,,,
11589,,,,,,,,,,,,,,,,,,,,
11590,,,,,,,,,,,,,,,,,,,,
11591,,,,,,,,,,,,,,,,,,,,
11592,,,,,,,,,,,,,,,,,,,,
11594,,,,,,,,,,,,,,,,,,,,
11596,,,,,,,,,,,,,,,,,,,,
11597,,,,,,,,,,,,,,,,,,,,
11598,,,,,,,,,,,,,,,,,,,,
11600,,,,,,,,,,,,,,,,,,,,
11601,,,,,,,,,,,,,,,,,,,,
11602,,,,,,,,,,,,,,,,,,,,
11603,,,,,,,,,,,,,,,,,,,,
11604,,,,,,,,,,,,,,,,,,,,
11608,,,,,,,,,,,,,,,,,,,,
11614,,,,,,,,,,,,,,,,,,,,
11615,,,,,,,,,,,,,,,,,,,,
11619,,,,,,,,,,,,,,,,,,,,
11622,,,,,,,,,,,,,,,,,,,,
11623,,,,,,,,,,,,,,,,,,,,
11624,,,,,,,,,,,,,,,,,,,,
11625,,,,,,,,,,,,,,,,,,,,
11627,,,,,,,,,,,,,,,,,,,,
11629,,,,,,,,,,,,,,,,,,,,
11630,,,,,,,,,,,,,,,,,,,,
11632,,,,,,,,,,,,,,,,,,,,
11633,,,,,,,,,,,,,,,,,,,,
11634,,,,,,,,,,,,,,,,,,,,
11635,,,,,,,,,,,,,,,,,,,,
11636,,,,,,,,,,,,,,,,,,,,
11639,,,,,,,,,,,,,,,,,,,,
11640,,,,,,,,,,,,,,,,,,,,
11642,,,,,,,,,,,,,,,,,,,,
11644,,,,,,,,,,,,,,,,,,,,
11645,,,,,,,,,,,,,,,,,,,,
11646,,,,,,,,,,,,,,,,,,,,
11647,,,,,,,,,,,,,,,,,,,,
11648,,,,,,,,,,,,,,,,,,,,
11649,,,,,,,,,,,,,,,,,,,,
11650,,,,,,,,,,,,,,,,,,,,
11651,,,,,,,,,,,,,,,,,,,,
11652,,,,,,,,,,,,,,,,,,,,
11653,,,,,,,,,,,,,,,,,,,,
11654,,,,,,,,,,,,,,,,,,,,
11655,,,,,,,,,,,,,,,,,,,,
11656,,,,,,,,,,,,,,,,,,,,
11657,,,,,,,,,,,,,,,,,,,,
11658,,,,,,,,,,,,,,,,,,,,
11659,,,,,,,,,,,,,,,,,,,,
11661,,,,,,,,,,,,,,,,,,,,
11662,,,,,,,,,,,,,,,,,,,,
11663,,,,,,,,,,,,,,,,,,,,
11664,,,,,,,,,,,,,,,,,,,,
11666,,,,,,,,,,,,,,,,,,,,
11667,,,,,,,,,,,,,,,,,,,,
11668,,,,,,,,,,,,,,,,,,,,
11669,,,,,,,,,,,,,,,,,,,,
11674,,,,,,,,,,,,,,,,,,,,
11675,,,,,,,,,,,,,,,,,,,,
11676,,,,,,,,,,,,,,,,,,,,
11677,,,,,,,,,,,,,,,,,,,,
11678,,,,,,,,,,,,,,,,,,,,
11679,,,,,,,,,,,,,,,,,,,,
11680,,,,,,,,,,,,,,,,,,,,
11681,,,,,,,,,,,,,,,,,,,,
11682,,,,,,,,,,,,,,,,,,,,
11683,,,,,,,,,,,,,,,,,,,,
11684,,,,,,,,,,,,,,,,,,,,
11685,,,,,,,,,,,,,,,,,,,,
11686,,,,,,,,,,,,,,,,,,,,
11687,,,,,,,,,,,,,,,,,,,,
11688,,,,,,,,,,,,,,,,,,,,
11689,,,,,,,,,,,,,,,,,,,,
11690,,,,,,,,,,,,,,,,,,,,
11691,,,,,,,,,,,,,,,,,,,,
11692,,,,,,,,,,,,,,,,,,,,
11694,,,,,,,,,,,,,,,,,,,,
11696,,,,,,,,,,,,,,,,,,,,
11697,,,,,,,,,,,,,,,,,,,,
11698,,,,,,,,,,,,,,,,,,,,
11700,,,,,,,,,,,,,,,,,,,,
11701,,,,,,,,,,,,,,,,,,,,
11703,,,,,,,,,,,,,,,,,,,,
11704,,,,,,,,,,,,,,,,,,,,
11706,,,,,,,,,,,,,,,,,,,,
11707,,,,,,,,,,,,,,,,,,,,
11708,,,,,,,,,,,,,,,,,,,,
11709,,,,,,,,,,,,,,,,,,,,
11710,,,,,,,,,,,,,,,,,,,,
11711,,,,,,,,,,,,,,,,,,,,
11712,,,,,,,,,,,,,,,,,,,,
11713,,,,,,,,,,,,,,,,,,,,
11714,,,,,,,,,,,,,,,,,,,,
11715,,,,,,,,,,,,,,,,,,,,
11716,,,,,,,,,,,,,,,,,,,,
11717,,,,,,,,,,,,,,,,,,,,
11718,,,,,,,,,,,,,,,,,,,,
11719,,,,,,,,,,,,,,,,,,,,
11720,,,,,,,,,,,,,,,,,,,,
11721,,,,,,,,,,,,,,,,,,,,
11722,,,,,,,,,,,,,,,,,,,,
11723,,,,,,,,,,,,,,,,,,,,
11724,,,,,,,,,,,,,,,,,,,,
11725,,,,,,,,,,,,,,,,,,,,
11726,,,,,,,,,,,,,,,,,,,,
11727,,,,,,,,,,,,,,,,,,,,
11728,,,,,,,,,,,,,,,,,,,,
11730,,,,,,,,,,,,,,,,,,,,
11731,,,,,,,,,,,,,,,,,,,,
11732,,,,,,,,,,,,,,,,,,,,
11733,,,,,,,,,,,,,,,,,,,,
11734,,,,,,,,,,,,,,,,,,,,
11735,,,,,,,,,,,,,,,,,,,,
11736,,,,,,,,,,,,,,,,,,,,
11737,,,,,,,,,,,,,,,,,,,,
11738,,,,,,,,,,,,,,,,,,,,
11739,,,,,,,,,,,,,,,,,,,,
11740,,,,,,,,,,,,,,,,,,,,
11741,,,,,,,,,,,,,,,,,,,,
11742,,,,,,,,,,,,,,,,,,,,
11743,,,,,,,,,,,,,,,,,,,,
11744,,,,,,,,,,,,,,,,,,,,
11745,,,,,,,,,,,,,,,,,,,,
11746,,,,,,,,,,,,,,,,,,,,
11747,,,,,,,,,,,,,,,,,,,,
11748,,,,,,,,,,,,,,,,,,,,
11749,,,,,,,,,,,,,,,,,,,,
11750,,,,,,,,,,,,,,,,,,,,
11751,,,,,,,,,,,,,,,,,,,,
11752,,,,,,,,,,,,,,,,,,,,
11753,,,,,,,,,,,,,,,,,,,,
11754,,,,,,,,,,,,,,,,,,,,
11755,,,,,,,,,,,,,,,,,,,,
11756,,,,,,,,,,,,,,,,,,,,
11757,,,,,,,,,,,,,,,,,,,,
11758,,,,,,,,,,,,,,,,,,,,
11759,,,,,,,,,,,,,,,,,,,,
11760,,,,,,,,,,,,,,,,,,,,
11761,,,,,,,,,,,,,,,,,,,,
11762,,,,,,,,,,,,,,,,,,,,
11763,,,,,,,,,,,,,,,,,,,,
11764,,,,,,,,,,,,,,,,,,,,
11765,,,,,,,,,,,,,,,,,,,,
11766,,,,,,,,,,,,,,,,,,,,
11767,,,,,,,,,,,,,,,,,,,,
11768,,,,,,,,,,,,,,,,,,,,
11769,,,,,,,,,,,,,,,,,,,,
11771,,,,,,,,,,,,,,,,,,,,
11773,,,,,,,,,,,,,,,,,,,,
11774,,,,,,,,,,,,,,,,,,,,
11775,,,,,,,,,,,,,,,,,,,,
11776,,,,,,,,,,,,,,,,,,,,
11777,,,,,,,,,,,,,,,,,,,,
11778,,,,,,,,,,,,,,,,,,,,
11779,,,,,,,,,,,,,,,,,,,,
11780,,,,,,,,,,,,,,,,,,,,
11782,,,,,,,,,,,,,,,,,,,,
11783,,,,,,,,,,,,,,,,,,,,
11784,,,,,,,,,,,,,,,,,,,,
11785,,,,,,,,,,,,,,,,,,,,
11786,,,,,,,,,,,,,,,,,,,,
11787,,,,,,,,,,,,,,,,,,,,
11788,,,,,,,,,,,,,,,,,,,,
11789,,,,,,,,,,,,,,,,,,,,
11790,,,,,,,,,,,,,,,,,,,,
11791,,,,,,,,,,,,,,,,,,,,
11792,,,,,,,,,,,,,,,,,,,,
11794,,,,,,,,,,,,,,,,,,,,
11795,,,,,,,,,,,,,,,,,,,,
11798,,,,,,,,,,,,,,,,,,,,
11799,,,,,,,,,,,,,,,,,,,,
11800,,,,,,,,,,,,,,,,,,,,
11801,,,,,,,,,,,,,,,,,,,,
11802,,,,,,,,,,,,,,,,,,,,
11803,,,,,,,,,,,,,,,,,,,,
11805,,,,,,,,,,,,,,,,,,,,
11806,,,,,,,,,,,,,,,,,,,,
11807,,,,,,,,,,,,,,,,,,,,
11808,,,,,,,,,,,,,,,,,,,,
11810,,,,,,,,,,,,,,,,,,,,
11811,,,,,,,,,,,,,,,,,,,,
11813,,,,,,,,,,,,,,,,,,,,
11815,,,,,,,,,,,,,,,,,,,,
11816,,,,,,,,,,,,,,,,,,,,
11818,,,,,,,,,,,,,,,,,,,,
11819,,,,,,,,,,,,,,,,,,,,
11820,,,,,,,,,,,,,,,,,,,,
11821,,,,,,,,,,,,,,,,,,,,
11822,,,,,,,,,,,,,,,,,,,,
11823,,,,,,,,,,,,,,,,,,,,
11824,,,,,,,,,,,,,,,,,,,,
11825,,,,,,,,,,,,,,,,,,,,
11826,,,,,,,,,,,,,,,,,,,,
11827,,,,,,,,,,,,,,,,,,,,
11828,,,,,,,,,,,,,,,,,,,,
11829,,,,,,,,,,,,,,,,,,,,
11830,,,,,,,,,,,,,,,,,,,,
11831,,,,,,,,,,,,,,,,,,,,
11833,,,,,,,,,,,,,,,,,,,,
11835,,,,,,,,,,,,,,,,,,,,
11836,,,,,,,,,,,,,,,,,,,,
11837,,,,,,,,,,,,,,,,,,,,
11838,,,,,,,,,,,,,,,,,,,,
11839,,,,,,,,,,,,,,,,,,,,
11840,,,,,,,,,,,,,,,,,,,,
11841,,,,,,,,,,,,,,,,,,,,
11842,,,,,,,,,,,,,,,,,,,,
11843,,,,,,,,,,,,,,,,,,,,
11844,,,,,,,,,,,,,,,,,,,,
11845,,,,,,,,,,,,,,,,,,,,
11846,,,,,,,,,,,,,,,,,,,,
11847,,,,,,,,,,,,,,,,,,,,
11848,,,,,,,,,,,,,,,,,,,,
11851,,,,,,,,,,,,,,,,,,,,
11852,,,,,,,,,,,,,,,,,,,,
11854,,,,,,,,,,,,,,,,,,,,
11855,,,,,,,,,,,,,,,,,,,,
11856,,,,,,,,,,,,,,,,,,,,
11857,,,,,,,,,,,,,,,,,,,,
11858,,,,,,,,,,,,,,,,,,,,
11861,,,,,,,,,,,,,,,,,,,,
11862,,,,,,,,,,,,,,,,,,,,
11864,,,,,,,,,,,,,,,,,,,,
11865,,,,,,,,,,,,,,,,,,,,
11866,,,,,,,,,,,,,,,,,,,,
11867,,,,,,,,,,,,,,,,,,,,
11868,,,,,,,,,,,,,,,,,,,,
11869,,,,,,,,,,,,,,,,,,,,
11870,,,,,,,,,,,,,,,,,,,,
11871,,,,,,,,,,,,,,,,,,,,
11872,,,,,,,,,,,,,,,,,,,,
11873,,,,,,,,,,,,,,,,,,,,
11874,,,,,,,,,,,,,,,,,,,,
11875,,,,,,,,,,,,,,,,,,,,
11878,,,,,,,,,,,,,,,,,,,,
11879,,,,,,,,,,,,,,,,,,,,
11880,,,,,,,,,,,,,,,,,,,,
11881,,,,,,,,,,,,,,,,,,,,
11882,,,,,,,,,,,,,,,,,,,,
11883,,,,,,,,,,,,,,,,,,,,
11884,,,,,,,,,,,,,,,,,,,,
11885,,,,,,,,,,,,,,,,,,,,
11886,,,,,,,,,,,,,,,,,,,,
11887,,,,,,,,,,,,,,,,,,,,
11888,,,,,,,,,,,,,,,,,,,,
11889,,,,,,,,,,,,,,,,,,,,
11890,,,,,,,,,,,,,,,,,,,,
11891,,,,,,,,,,,,,,,,,,,,
11892,,,,,,,,,,,,,,,,,,,,
11893,,,,,,,,,,,,,,,,,,,,
11894,,,,,,,,,,,,,,,,,,,,
11895,,,,,,,,,,,,,,,,,,,,
11896,,,,,,,,,,,,,,,,,,,,
11897,,,,,,,,,,,,,,,,,,,,
11898,,,,,,,,,,,,,,,,,,,,
11899,,,,,,,,,,,,,,,,,,,,
11900,,,,,,,,,,,,,,,,,,,,
11901,,,,,,,,,,,,,,,,,,,,
11902,,,,,,,,,,,,,,,,,,,,
11903,,,,,,,,,,,,,,,,,,,,
11904,,,,,,,,,,,,,,,,,,,,
11905,,,,,,,,,,,,,,,,,,,,
11906,,,,,,,,,,,,,,,,,,,,
11907,,,,,,,,,,,,,,,,,,,,
11908,,,,,,,,,,,,,,,,,,,,
11909,,,,,,,,,,,,,,,,,,,,
11910,,,,,,,,,,,,,,,,,,,,
11911,,,,,,,,,,,,,,,,,,,,
11912,,,,,,,,,,,,,,,,,,,,
11914,,,,,,,,,,,,,,,,,,,,
11915,,,,,,,,,,,,,,,,,,,,
11916,,,,,,,,,,,,,,,,,,,,
11917,,,,,,,,,,,,,,,,,,,,
11918,,,,,,,,,,,,,,,,,,,,
11919,,,,,,,,,,,,,,,,,,,,
11920,,,,,,,,,,,,,,,,,,,,
11921,,,,,,,,,,,,,,,,,,,,
11922,,,,,,,,,,,,,,,,,,,,
11923,,,,,,,,,,,,,,,,,,,,
11924,,,,,,,,,,,,,,,,,,,,
11925,,,,,,,,,,,,,,,,,,,,
11927,,,,,,,,,,,,,,,,,,,,
11928,,,,,,,,,,,,,,,,,,,,
11929,,,,,,,,,,,,,,,,,,,,
11930,,,,,,,,,,,,,,,,,,,,
11931,,,,,,,,,,,,,,,,,,,,
11932,,,,,,,,,,,,,,,,,,,,
11934,,,,,,,,,,,,,,,,,,,,
11935,,,,,,,,,,,,,,,,,,,,
11936,,,,,,,,,,,,,,,,,,,,
11937,,,,,,,,,,,,,,,,,,,,
11938,,,,,,,,,,,,,,,,,,,,
11939,,,,,,,,,,,,,,,,,,,,
11940,,,,,,,,,,,,,,,,,,,,
11941,,,,,,,,,,,,,,,,,,,,
11942,,,,,,,,,,,,,,,,,,,,
11943,,,,,,,,,,,,,,,,,,,,
11944,,,,,,,,,,,,,,,,,,,,
11945,,,,,,,,,,,,,,,,,,,,
11946,,,,,,,,,,,,,,,,,,,,
11948,,,,,,,,,,,,,,,,,,,,
11949,,,,,,,,,,,,,,,,,,,,
11950,,,,,,,,,,,,,,,,,,,,
11951,,,,,,,,,,,,,,,,,,,,
11954,,,,,,,,,,,,,,,,,,,,
11955,,,,,,,,,,,,,,,,,,,,
11956,,,,,,,,,,,,,,,,,,,,
11957,,,,,,,,,,,,,,,,,,,,
11958,,,,,,,,,,,,,,,,,,,,
11959,,,,,,,,,,,,,,,,,,,,
11960,,,,,,,,,,,,,,,,,,,,
11961,,,,,,,,,,,,,,,,,,,,
11962,,,,,,,,,,,,,,,,,,,,
11963,,,,,,,,,,,,,,,,,,,,
11964,,,,,,,,,,,,,,,,,,,,
11965,,,,,,,,,,,,,,,,,,,,
11966,,,,,,,,,,,,,,,,,,,,
11967,,,,,,,,,,,,,,,,,,,,
11968,,,,,,,,,,,,,,,,,,,,
11969,,,,,,,,,,,,,,,,,,,,
11970,,,,,,,,,,,,,,,,,,,,
11972,,,,,,,,,,,,,,,,,,,,
11973,,,,,,,,,,,,,,,,,,,,
11974,,,,,,,,,,,,,,,,,,,,
11975,,,,,,,,,,,,,,,,,,,,
11977,,,,,,,,,,,,,,,,,,,,
11978,,,,,,,,,,,,,,,,,,,,
11979,,,,,,,,,,,,,,,,,,,,
11980,,,,,,,,,,,,,,,,,,,,
11981,,,,,,,,,,,,,,,,,,,,
11982,,,,,,,,,,,,,,,,,,,,
11983,,,,,,,,,,,,,,,,,,,,
11984,,,,,,,,,,,,,,,,,,,,
11985,,,,,,,,,,,,,,,,,,,,
11986,,,,,,,,,,,,,,,,,,,,
11987,,,,,,,,,,,,,,,,,,,,
11988,,,,,,,,,,,,,,,,,,,,
11989,,,,,,,,,,,,,,,,,,,,
11990,,,,,,,,,,,,,,,,,,,,
11991,,,,,,,,,,,,,,,,,,,,
11992,,,,,,,,,,,,,,,,,,,,
11993,,,,,,,,,,,,,,,,,,,,
11994,,,,,,,,,,,,,,,,,,,,
11996,,,,,,,,,,,,,,,,,,,,
11997,,,,,,,,,,,,,,,,,,,,
11998,,,,,,,,,,,,,,,,,,,,
11999,,,,,,,,,,,,,,,,,,,,
12001,,,,,,,,,,,,,,,,,,,,
12002,,,,,,,,,,,,,,,,,,,,
12003,,,,,,,,,,,,,,,,,,,,
12004,,,,,,,,,,,,,,,,,,,,
12005,,,,,,,,,,,,,,,,,,,,
12006,,,,,,,,,,,,,,,,,,,,
12007,,,,,,,,,,,,,,,,,,,,
12008,,,,,,,,,,,,,,,,,,,,
12009,,,,,,,,,,,,,,,,,,,,
12012,,,,,,,,,,,,,,,,,,,,
12013,,,,,,,,,,,,,,,,,,,,
12014,,,,,,,,,,,,,,,,,,,,
12015,,,,,,,,,,,,,,,,,,,,
12016,,,,,,,,,,,,,,,,,,,,
12017,,,,,,,,,,,,,,,,,,,,
12019,,,,,,,,,,,,,,,,,,,,
12020,,,,,,,,,,,,,,,,,,,,
12021,,,,,,,,,,,,,,,,,,,,
12024,,,,,,,,,,,,,,,,,,,,
12025,,,,,,,,,,,,,,,,,,,,
12026,,,,,,,,,,,,,,,,,,,,
12027,,,,,,,,,,,,,,,,,,,,
12028,,,,,,,,,,,,,,,,,,,,
12029,,,,,,,,,,,,,,,,,,,,
12030,,,,,,,,,,,,,,,,,,,,
12031,,,,,,,,,,,,,,,,,,,,
12032,,,,,,,,,,,,,,,,,,,,
12033,,,,,,,,,,,,,,,,,,,,
12035,,,,,,,,,,,,,,,,,,,,
12036,,,,,,,,,,,,,,,,,,,,
12037,,,,,,,,,,,,,,,,,,,,
12039,,,,,,,,,,,,,,,,,,,,
12040,,,,,,,,,,,,,,,,,,,,
12041,,,,,,,,,,,,,,,,,,,,
12042,,,,,,,,,,,,,,,,,,,,
12043,,,,,,,,,,,,,,,,,,,,
12044,,,,,,,,,,,,,,,,,,,,
12045,,,,,,,,,,,,,,,,,,,,
12046,,,,,,,,,,,,,,,,,,,,
12047,,,,,,,,,,,,,,,,,,,,
12048,,,,,,,,,,,,,,,,,,,,
12049,,,,,,,,,,,,,,,,,,,,
12050,,,,,,,,,,,,,,,,,,,,
12051,,,,,,,,,,,,,,,,,,,,
12052,,,,,,,,,,,,,,,,,,,,
12053,,,,,,,,,,,,,,,,,,,,
12055,,,,,,,,,,,,,,,,,,,,
12056,,,,,,,,,,,,,,,,,,,,
12057,,,,,,,,,,,,,,,,,,,,
12058,,,,,,,,,,,,,,,,,,,,
12059,,,,,,,,,,,,,,,,,,,,
12060,,,,,,,,,,,,,,,,,,,,
12061,,,,,,,,,,,,,,,,,,,,
12062,,,,,,,,,,,,,,,,,,,,
12063,,,,,,,,,,,,,,,,,,,,
12064,,,,,,,,,,,,,,,,,,,,
12065,,,,,,,,,,,,,,,,,,,,
12066,,,,,,,,,,,,,,,,,,,,
12068,,,,,,,,,,,,,,,,,,,,
12071,,,,,,,,,,,,,,,,,,,,
12072,,,,,,,,,,,,,,,,,,,,
12073,,,,,,,,,,,,,,,,,,,,
12074,,,,,,,,,,,,,,,,,,,,
12075,,,,,,,,,,,,,,,,,,,,
12076,,,,,,,,,,,,,,,,,,,,
12077,,,,,,,,,,,,,,,,,,,,
12078,,,,,,,,,,,,,,,,,,,,
12079,,,,,,,,,,,,,,,,,,,,
12080,,,,,,,,,,,,,,,,,,,,
12081,,,,,,,,,,,,,,,,,,,,
12082,,,,,,,,,,,,,,,,,,,,
12083,,,,,,,,,,,,,,,,,,,,
12084,,,,,,,,,,,,,,,,,,,,
12086,,,,,,,,,,,,,,,,,,,,
12087,,,,,,,,,,,,,,,,,,,,
12088,,,,,,,,,,,,,,,,,,,,
12090,,,,,,,,,,,,,,,,,,,,
12092,,,,,,,,,,,,,,,,,,,,
12093,,,,,,,,,,,,,,,,,,,,
12094,,,,,,,,,,,,,,,,,,,,
12095,,,,,,,,,,,,,,,,,,,,
12096,,,,,,,,,,,,,,,,,,,,
12097,,,,,,,,,,,,,,,,,,,,
12098,,,,,,,,,,,,,,,,,,,,
12099,,,,,,,,,,,,,,,,,,,,
12100,,,,,,,,,,,,,,,,,,,,
12101,,,,,,,,,,,,,,,,,,,,
12102,,,,,,,,,,,,,,,,,,,,
12103,,,,,,,,,,,,,,,,,,,,
12104,,,,,,,,,,,,,,,,,,,,
12106,,,,,,,,,,,,,,,,,,,,
12107,,,,,,,,,,,,,,,,,,,,
12108,,,,,,,,,,,,,,,,,,,,
12109,,,,,,,,,,,,,,,,,,,,
12110,,,,,,,,,,,,,,,,,,,,
12111,,,,,,,,,,,,,,,,,,,,
12112,,,,,,,,,,,,,,,,,,,,
12113,,,,,,,,,,,,,,,,,,,,
12114,,,,,,,,,,,,,,,,,,,,
12115,,,,,,,,,,,,,,,,,,,,
12116,,,,,,,,,,,,,,,,,,,,
12117,,,,,,,,,,,,,,,,,,,,
12118,,,,,,,,,,,,,,,,,,,,
12119,,,,,,,,,,,,,,,,,,,,
12120,,,,,,,,,,,,,,,,,,,,
12121,,,,,,,,,,,,,,,,,,,,
12123,,,,,,,,,,,,,,,,,,,,
12124,,,,,,,,,,,,,,,,,,,,
12126,,,,,,,,,,,,,,,,,,,,
12127,,,,,,,,,,,,,,,,,,,,
12128,,,,,,,,,,,,,,,,,,,,
12129,,,,,,,,,,,,,,,,,,,,
12130,,,,,,,,,,,,,,,,,,,,
12131,,,,,,,,,,,,,,,,,,,,
12132,,,,,,,,,,,,,,,,,,,,
12133,,,,,,,,,,,,,,,,,,,,
12134,,,,,,,,,,,,,,,,,,,,
12135,,,,,,,,,,,,,,,,,,,,
12136,,,,,,,,,,,,,,,,,,,,
12138,,,,,,,,,,,,,,,,,,,,
12139,,,,,,,,,,,,,,,,,,,,
12140,,,,,,,,,,,,,,,,,,,,
12141,,,,,,,,,,,,,,,,,,,,
12142,,,,,,,,,,,,,,,,,,,,
12143,,,,,,,,,,,,,,,,,,,,
12144,,,,,,,,,,,,,,,,,,,,
12145,,,,,,,,,,,,,,,,,,,,
12146,,,,,,,,,,,,,,,,,,,,
12148,,,,,,,,,,,,,,,,,,,,
12150,,,,,,,,,,,,,,,,,,,,
12151,,,,,,,,,,,,,,,,,,,,
12152,,,,,,,,,,,,,,,,,,,,
12153,,,,,,,,,,,,,,,,,,,,
12154,,,,,,,,,,,,,,,,,,,,
12155,,,,,,,,,,,,,,,,,,,,
12156,,,,,,,,,,,,,,,,,,,,
12157,,,,,,,,,,,,,,,,,,,,
12158,,,,,,,,,,,,,,,,,,,,
12159,,,,,,,,,,,,,,,,,,,,
12160,,,,,,,,,,,,,,,,,,,,
12161,,,,,,,,,,,,,,,,,,,,
12162,,,,,,,,,,,,,,,,,,,,
12164,,,,,,,,,,,,,,,,,,,,
12165,,,,,,,,,,,,,,,,,,,,
12166,,,,,,,,,,,,,,,,,,,,
12167,,,,,,,,,,,,,,,,,,,,
12168,,,,,,,,,,,,,,,,,,,,
12170,,,,,,,,,,,,,,,,,,,,
12171,,,,,,,,,,,,,,,,,,,,
12172,,,,,,,,,,,,,,,,,,,,
12173,,,,,,,,,,,,,,,,,,,,
12174,,,,,,,,,,,,,,,,,,,,
12175,,,,,,,,,,,,,,,,,,,,
12176,,,,,,,,,,,,,,,,,,,,
12178,,,,,,,,,,,,,,,,,,,,
12179,,,,,,,,,,,,,,,,,,,,
12180,,,,,,,,,,,,,,,,,,,,
12181,,,,,,,,,,,,,,,,,,,,
12182,,,,,,,,,,,,,,,,,,,,
12183,,,,,,,,,,,,,,,,,,,,
12184,,,,,,,,,,,,,,,,,,,,
12185,,,,,,,,,,,,,,,,,,,,
12186,,,,,,,,,,,,,,,,,,,,
12187,,,,,,,,,,,,,,,,,,,,
12188,,,,,,,,,,,,,,,,,,,,
12190,,,,,,,,,,,,,,,,,,,,
12191,,,,,,,,,,,,,,,,,,,,
12192,,,,,,,,,,,,,,,,,,,,
12193,,,,,,,,,,,,,,,,,,,,
12195,,,,,,,,,,,,,,,,,,,,
12196,,,,,,,,,,,,,,,,,,,,
12197,,,,,,,,,,,,,,,,,,,,
12198,,,,,,,,,,,,,,,,,,,,
12199,,,,,,,,,,,,,,,,,,,,
12200,,,,,,,,,,,,,,,,,,,,
12201,,,,,,,,,,,,,,,,,,,,
12204,,,,,,,,,,,,,,,,,,,,
12205,,,,,,,,,,,,,,,,,,,,
12206,,,,,,,,,,,,,,,,,,,,
12207,,,,,,,,,,,,,,,,,,,,
12208,,,,,,,,,,,,,,,,,,,,
12209,,,,,,,,,,,,,,,,,,,,
12210,,,,,,,,,,,,,,,,,,,,
12211,,,,,,,,,,,,,,,,,,,,
12213,,,,,,,,,,,,,,,,,,,,
12214,,,,,,,,,,,,,,,,,,,,
12215,,,,,,,,,,,,,,,,,,,,
12216,,,,,,,,,,,,,,,,,,,,
12218,,,,,,,,,,,,,,,,,,,,
12219,,,,,,,,,,,,,,,,,,,,
12220,,,,,,,,,,,,,,,,,,,,
12221,,,,,,,,,,,,,,,,,,,,
12222,,,,,,,,,,,,,,,,,,,,
12224,,,,,,,,,,,,,,,,,,,,
12226,,,,,,,,,,,,,,,,,,,,
12227,,,,,,,,,,,,,,,,,,,,
12228,,,,,,,,,,,,,,,,,,,,
12229,,,,,,,,,,,,,,,,,,,,
12230,,,,,,,,,,,,,,,,,,,,
12231,,,,,,,,,,,,,,,,,,,,
12232,,,,,,,,,,,,,,,,,,,,
12233,,,,,,,,,,,,,,,,,,,,
12234,,,,,,,,,,,,,,,,,,,,
12235,,,,,,,,,,,,,,,,,,,,
12236,,,,,,,,,,,,,,,,,,,,
12237,,,,,,,,,,,,,,,,,,,,
12238,,,,,,,,,,,,,,,,,,,,
12239,,,,,,,,,,,,,,,,,,,,
12240,,,,,,,,,,,,,,,,,,,,
12241,,,,,,,,,,,,,,,,,,,,
12242,,,,,,,,,,,,,,,,,,,,
12243,,,,,,,,,,,,,,,,,,,,
12244,,,,,,,,,,,,,,,,,,,,
12245,,,,,,,,,,,,,,,,,,,,
12246,,,,,,,,,,,,,,,,,,,,
12247,,,,,,,,,,,,,,,,,,,,
12248,,,,,,,,,,,,,,,,,,,,
12249,,,,,,,,,,,,,,,,,,,,
12256,,,,,,,,,,,,,,,,,,,,
12257,,,,,,,,,,,,,,,,,,,,
12259,,,,,,,,,,,,,,,,,,,,
12260,,,,,,,,,,,,,,,,,,,,
12262,,,,,,,,,,,,,,,,,,,,
12263,,,,,,,,,,,,,,,,,,,,
12264,,,,,,,,,,,,,,,,,,,,
12265,,,,,,,,,,,,,,,,,,,,
12266,,,,,,,,,,,,,,,,,,,,
12267,,,,,,,,,,,,,,,,,,,,
12268,,,,,,,,,,,,,,,,,,,,
12269,,,,,,,,,,,,,,,,,,,,
12270,,,,,,,,,,,,,,,,,,,,
12271,,,,,,,,,,,,,,,,,,,,
12272,,,,,,,,,,,,,,,,,,,,
12273,,,,,,,,,,,,,,,,,,,,
12274,,,,,,,,,,,,,,,,,,,,
12275,,,,,,,,,,,,,,,,,,,,
12276,,,,,,,,,,,,,,,,,,,,
12277,,,,,,,,,,,,,,,,,,,,
12278,,,,,,,,,,,,,,,,,,,,
12279,,,,,,,,,,,,,,,,,,,,
12280,,,,,,,,,,,,,,,,,,,,
12281,,,,,,,,,,,,,,,,,,,,
12285,,,,,,,,,,,,,,,,,,,,
12287,,,,,,,,,,,,,,,,,,,,
12288,,,,,,,,,,,,,,,,,,,,
12289,,,,,,,,,,,,,,,,,,,,
12290,,,,,,,,,,,,,,,,,,,,
12291,,,,,,,,,,,,,,,,,,,,
12292,,,,,,,,,,,,,,,,,,,,
12293,,,,,,,,,,,,,,,,,,,,
12294,,,,,,,,,,,,,,,,,,,,
12295,,,,,,,,,,,,,,,,,,,,
12296,,,,,,,,,,,,,,,,,,,,
12300,,,,,,,,,,,,,,,,,,,,
12301,,,,,,,,,,,,,,,,,,,,
12302,,,,,,,,,,,,,,,,,,,,
12303,,,,,,,,,,,,,,,,,,,,
12304,,,,,,,,,,,,,,,,,,,,
12306,,,,,,,,,,,,,,,,,,,,
12307,,,,,,,,,,,,,,,,,,,,
12308,,,,,,,,,,,,,,,,,,,,
12309,,,,,,,,,,,,,,,,,,,,
12310,,,,,,,,,,,,,,,,,,,,
12311,,,,,,,,,,,,,,,,,,,,
12312,,,,,,,,,,,,,,,,,,,,
12313,,,,,,,,,,,,,,,,,,,,
12314,,,,,,,,,,,,,,,,,,,,
12315,,,,,,,,,,,,,,,,,,,,
12316,,,,,,,,,,,,,,,,,,,,
12317,,,,,,,,,,,,,,,,,,,,
12318,,,,,,,,,,,,,,,,,,,,
12319,,,,,,,,,,,,,,,,,,,,
12320,,,,,,,,,,,,,,,,,,,,
12321,,,,,,,,,,,,,,,,,,,,
12322,,,,,,,,,,,,,,,,,,,,
12323,,,,,,,,,,,,,,,,,,,,
12324,,,,,,,,,,,,,,,,,,,,
12326,,,,,,,,,,,,,,,,,,,,
12327,,,,,,,,,,,,,,,,,,,,
12328,,,,,,,,,,,,,,,,,,,,
12329,,,,,,,,,,,,,,,,,,,,
12330,,,,,,,,,,,,,,,,,,,,
12331,,,,,,,,,,,,,,,,,,,,
12332,,,,,,,,,,,,,,,,,,,,
12334,,,,,,,,,,,,,,,,,,,,
12335,,,,,,,,,,,,,,,,,,,,
12336,,,,,,,,,,,,,,,,,,,,
12337,,,,,,,,,,,,,,,,,,,,
12338,,,,,,,,,,,,,,,,,,,,
12339,,,,,,,,,,,,,,,,,,,,
12340,,,,,,,,,,,,,,,,,,,,
12341,,,,,,,,,,,,,,,,,,,,
12342,,,,,,,,,,,,,,,,,,,,
12343,,,,,,,,,,,,,,,,,,,,
12344,,,,,,,,,,,,,,,,,,,,
12345,,,,,,,,,,,,,,,,,,,,
12346,,,,,,,,,,,,,,,,,,,,
12347,,,,,,,,,,,,,,,,,,,,
12349,,,,,,,,,,,,,,,,,,,,
12350,,,,,,,,,,,,,,,,,,,,
12351,,,,,,,,,,,,,,,,,,,,
12352,,,,,,,,,,,,,,,,,,,,
12353,,,,,,,,,,,,,,,,,,,,
12354,,,,,,,,,,,,,,,,,,,,
12355,,,,,,,,,,,,,,,,,,,,
12356,,,,,,,,,,,,,,,,,,,,
12357,,,,,,,,,,,,,,,,,,,,
12358,,,,,,,,,,,,,,,,,,,,
12359,,,,,,,,,,,,,,,,,,,,
12362,,,,,,,,,,,,,,,,,,,,
12363,,,,,,,,,,,,,,,,,,,,
12364,,,,,,,,,,,,,,,,,,,,
12365,,,,,,,,,,,,,,,,,,,,
12366,,,,,,,,,,,,,,,,,,,,
12367,,,,,,,,,,,,,,,,,,,,
12368,,,,,,,,,,,,,,,,,,,,
12369,,,,,,,,,,,,,,,,,,,,
12370,,,,,,,,,,,,,,,,,,,,
12371,,,,,,,,,,,,,,,,,,,,
12372,,,,,,,,,,,,,,,,,,,,
12373,,,,,,,,,,,,,,,,,,,,
12374,,,,,,,,,,,,,,,,,,,,
12375,,,,,,,,,,,,,,,,,,,,
12376,,,,,,,,,,,,,,,,,,,,
12378,,,,,,,,,,,,,,,,,,,,
12379,,,,,,,,,,,,,,,,,,,,
12380,,,,,,,,,,,,,,,,,,,,
12381,,,,,,,,,,,,,,,,,,,,
12382,,,,,,,,,,,,,,,,,,,,
12384,,,,,,,,,,,,,,,,,,,,
12385,,,,,,,,,,,,,,,,,,,,
12386,,,,,,,,,,,,,,,,,,,,
12387,,,,,,,,,,,,,,,,,,,,
12388,,,,,,,,,,,,,,,,,,,,
12389,,,,,,,,,,,,,,,,,,,,
12390,,,,,,,,,,,,,,,,,,,,
12391,,,,,,,,,,,,,,,,,,,,
12392,,,,,,,,,,,,,,,,,,,,
12393,,,,,,,,,,,,,,,,,,,,
12394,,,,,,,,,,,,,,,,,,,,
12395,,,,,,,,,,,,,,,,,,,,
12396,,,,,,,,,,,,,,,,,,,,
12398,,,,,,,,,,,,,,,,,,,,
12400,,,,,,,,,,,,,,,,,,,,
12401,,,,,,,,,,,,,,,,,,,,
12402,,,,,,,,,,,,,,,,,,,,
12403,,,,,,,,,,,,,,,,,,,,
12404,,,,,,,,,,,,,,,,,,,,
12405,,,,,,,,,,,,,,,,,,,,
12406,,,,,,,,,,,,,,,,,,,,
12407,,,,,,,,,,,,,,,,,,,,
12408,,,,,,,,,,,,,,,,,,,,
12409,,,,,,,,,,,,,,,,,,,,
12410,,,,,,,,,,,,,,,,,,,,
12411,,,,,,,,,,,,,,,,,,,,
12412,,,,,,,,,,,,,,,,,,,,
12413,,,,,,,,,,,,,,,,,,,,
12414,,,,,,,,,,,,,,,,,,,,
12415,,,,,,,,,,,,,,,,,,,,
12416,,,,,,,,,,,,,,,,,,,,
12418,,,,,,,,,,,,,,,,,,,,
12419,,,,,,,,,,,,,,,,,,,,
12420,,,,,,,,,,,,,,,,,,,,
12422,,,,,,,,,,,,,,,,,,,,
12423,,,,,,,,,,,,,,,,,,,,
12424,,,,,,,,,,,,,,,,,,,,
12426,,,,,,,,,,,,,,,,,,,,
12427,,,,,,,,,,,,,,,,,,,,
12428,,,,,,,,,,,,,,,,,,,,
12429,,,,,,,,,,,,,,,,,,,,
12431,,,,,,,,,,,,,,,,,,,,
12432,,,,,,,,,,,,,,,,,,,,
12433,,,,,,,,,,,,,,,,,,,,
12434,,,,,,,,,,,,,,,,,,,,
12435,,,,,,,,,,,,,,,,,,,,
12436,,,,,,,,,,,,,,,,,,,,
12437,,,,,,,,,,,,,,,,,,,,
12438,,,,,,,,,,,,,,,,,,,,
12439,,,,,,,,,,,,,,,,,,,,
12440,,,,,,,,,,,,,,,,,,,,
12441,,,,,,,,,,,,,,,,,,,,
12442,,,,,,,,,,,,,,,,,,,,
12443,,,,,,,,,,,,,,,,,,,,
12444,,,,,,,,,,,,,,,,,,,,
12445,,,,,,,,,,,,,,,,,,,,
12446,,,,,,,,,,,,,,,,,,,,
12447,,,,,,,,,,,,,,,,,,,,
12448,,,,,,,,,,,,,,,,,,,,
12449,,,,,,,,,,,,,,,,,,,,
12450,,,,,,,,,,,,,,,,,,,,
12451,,,,,,,,,,,,,,,,,,,,
12453,,,,,,,,,,,,,,,,,,,,
12454,,,,,,,,,,,,,,,,,,,,
12455,,,,,,,,,,,,,,,,,,,,
12456,,,,,,,,,,,,,,,,,,,,
12457,,,,,,,,,,,,,,,,,,,,
12458,,,,,,,,,,,,,,,,,,,,
12459,,,,,,,,,,,,,,,,,,,,
12460,,,,,,,,,,,,,,,,,,,,
12461,,,,,,,,,,,,,,,,,,,,
12462,,,,,,,,,,,,,,,,,,,,
12463,,,,,,,,,,,,,,,,,,,,
12464,,,,,,,,,,,,,,,,,,,,
12465,,,,,,,,,,,,,,,,,,,,
12466,,,,,,,,,,,,,,,,,,,,
12467,,,,,,,,,,,,,,,,,,,,
12468,,,,,,,,,,,,,,,,,,,,
12470,,,,,,,,,,,,,,,,,,,,
12471,,,,,,,,,,,,,,,,,,,,
12474,,,,,,,,,,,,,,,,,,,,
12475,,,,,,,,,,,,,,,,,,,,
12476,,,,,,,,,,,,,,,,,,,,
12477,,,,,,,,,,,,,,,,,,,,
12478,,,,,,,,,,,,,,,,,,,,
12479,,,,,,,,,,,,,,,,,,,,
12480,,,,,,,,,,,,,,,,,,,,
12481,,,,,,,,,,,,,,,,,,,,
12482,,,,,,,,,,,,,,,,,,,,
12483,,,,,,,,,,,,,,,,,,,,
12484,,,,,,,,,,,,,,,,,,,,
12485,,,,,,,,,,,,,,,,,,,,
12486,,,,,,,,,,,,,,,,,,,,
12487,,,,,,,,,,,,,,,,,,,,
12488,,,,,,,,,,,,,,,,,,,,
12489,,,,,,,,,,,,,,,,,,,,
12490,,,,,,,,,,,,,,,,,,,,
12491,,,,,,,,,,,,,,,,,,,,
12492,,,,,,,,,,,,,,,,,,,,
12493,,,,,,,,,,,,,,,,,,,,
12494,,,,,,,,,,,,,,,,,,,,
12495,,,,,,,,,,,,,,,,,,,,
12496,,,,,,,,,,,,,,,,,,,,
12497,,,,,,,,,,,,,,,,,,,,
12498,,,,,,,,,,,,,,,,,,,,
12499,,,,,,,,,,,,,,,,,,,,
12500,,,,,,,,,,,,,,,,,,,,
12501,,,,,,,,,,,,,,,,,,,,
12502,,,,,,,,,,,,,,,,,,,,
12503,,,,,,,,,,,,,,,,,,,,
12504,,,,,,,,,,,,,,,,,,,,
12505,,,,,,,,,,,,,,,,,,,,
12506,,,,,,,,,,,,,,,,,,,,
12507,,,,,,,,,,,,,,,,,,,,
12508,,,,,,,,,,,,,,,,,,,,
12509,,,,,,,,,,,,,,,,,,,,
12510,,,,,,,,,,,,,,,,,,,,
12511,,,,,,,,,,,,,,,,,,,,
12512,,,,,,,,,,,,,,,,,,,,
12513,,,,,,,,,,,,,,,,,,,,
12514,,,,,,,,,,,,,,,,,,,,
12515,,,,,,,,,,,,,,,,,,,,
12516,,,,,,,,,,,,,,,,,,,,
12517,,,,,,,,,,,,,,,,,,,,
12518,,,,,,,,,,,,,,,,,,,,
12519,,,,,,,,,,,,,,,,,,,,
12520,,,,,,,,,,,,,,,,,,,,
12521,,,,,,,,,,,,,,,,,,,,
12523,,,,,,,,,,,,,,,,,,,,
12524,,,,,,,,,,,,,,,,,,,,
12525,,,,,,,,,,,,,,,,,,,,
12526,,,,,,,,,,,,,,,,,,,,
12529,,,,,,,,,,,,,,,,,,,,
12530,,,,,,,,,,,,,,,,,,,,
12531,,,,,,,,,,,,,,,,,,,,
12532,,,,,,,,,,,,,,,,,,,,
12533,,,,,,,,,,,,,,,,,,,,
12534,,,,,,,,,,,,,,,,,,,,
12536,,,,,,,,,,,,,,,,,,,,
12537,,,,,,,,,,,,,,,,,,,,
12538,,,,,,,,,,,,,,,,,,,,
12539,,,,,,,,,,,,,,,,,,,,
12540,,,,,,,,,,,,,,,,,,,,
12542,,,,,,,,,,,,,,,,,,,,
12544,,,,,,,,,,,,,,,,,,,,
12545,,,,,,,,,,,,,,,,,,,,
12546,,,,,,,,,,,,,,,,,,,,
12547,,,,,,,,,,,,,,,,,,,,
12548,,,,,,,,,,,,,,,,,,,,
12549,,,,,,,,,,,,,,,,,,,,
12550,,,,,,,,,,,,,,,,,,,,
12551,,,,,,,,,,,,,,,,,,,,
12552,,,,,,,,,,,,,,,,,,,,
12553,,,,,,,,,,,,,,,,,,,,
12554,,,,,,,,,,,,,,,,,,,,
12555,,,,,,,,,,,,,,,,,,,,
12556,,,,,,,,,,,,,,,,,,,,
12557,,,,,,,,,,,,,,,,,,,,
12558,,,,,,,,,,,,,,,,,,,,
12559,,,,,,,,,,,,,,,,,,,,
12560,,,,,,,,,,,,,,,,,,,,
12561,,,,,,,,,,,,,,,,,,,,
12562,,,,,,,,,,,,,,,,,,,,
12563,,,,,,,,,,,,,,,,,,,,
12564,,,,,,,,,,,,,,,,,,,,
12565,,,,,,,,,,,,,,,,,,,,
12566,,,,,,,,,,,,,,,,,,,,
12567,,,,,,,,,,,,,,,,,,,,
12568,,,,,,,,,,,,,,,,,,,,
12569,,,,,,,,,,,,,,,,,,,,
12572,,,,,,,,,,,,,,,,,,,,
12573,,,,,,,,,,,,,,,,,,,,
12574,,,,,,,,,,,,,,,,,,,,
12576,,,,,,,,,,,,,,,,,,,,
12577,,,,,,,,,,,,,,,,,,,,
12578,,,,,,,,,,,,,,,,,,,,
12579,,,,,,,,,,,,,,,,,,,,
12580,,,,,,,,,,,,,,,,,,,,
12581,,,,,,,,,,,,,,,,,,,,
12582,,,,,,,,,,,,,,,,,,,,
12583,,,,,,,,,,,,,,,,,,,,
12584,,,,,,,,,,,,,,,,,,,,
12585,,,,,,,,,,,,,,,,,,,,
12586,,,,,,,,,,,,,,,,,,,,
12587,,,,,,,,,,,,,,,,,,,,
12589,,,,,,,,,,,,,,,,,,,,
12590,,,,,,,,,,,,,,,,,,,,
12591,,,,,,,,,,,,,,,,,,,,
12592,,,,,,,,,,,,,,,,,,,,
12593,,,,,,,,,,,,,,,,,,,,
12594,,,,,,,,,,,,,,,,,,,,
12595,,,,,,,,,,,,,,,,,,,,
12596,,,,,,,,,,,,,,,,,,,,
12597,,,,,,,,,,,,,,,,,,,,
12598,,,,,,,,,,,,,,,,,,,,
12599,,,,,,,,,,,,,,,,,,,,
12600,,,,,,,,,,,,,,,,,,,,
12601,,,,,,,,,,,,,,,,,,,,
12603,,,,,,,,,,,,,,,,,,,,
12604,,,,,,,,,,,,,,,,,,,,
12605,,,,,,,,,,,,,,,,,,,,
12606,,,,,,,,,,,,,,,,,,,,
12607,,,,,,,,,,,,,,,,,,,,
12608,,,,,,,,,,,,,,,,,,,,
12609,,,,,,,,,,,,,,,,,,,,
12610,,,,,,,,,,,,,,,,,,,,
12612,,,,,,,,,,,,,,,,,,,,
12613,,,,,,,,,,,,,,,,,,,,
12614,,,,,,,,,,,,,,,,,,,,
12615,,,,,,,,,,,,,,,,,,,,
12616,,,,,,,,,,,,,,,,,,,,
12617,,,,,,,,,,,,,,,,,,,,
12618,,,,,,,,,,,,,,,,,,,,
12619,,,,,,,,,,,,,,,,,,,,
12620,,,,,,,,,,,,,,,,,,,,
12621,,,,,,,,,,,,,,,,,,,,
12622,,,,,,,,,,,,,,,,,,,,
12623,,,,,,,,,,,,,,,,,,,,
12624,,,,,,,,,,,,,,,,,,,,
12625,,,,,,,,,,,,,,,,,,,,
12626,,,,,,,,,,,,,,,,,,,,
12627,,,,,,,,,,,,,,,,,,,,
12628,,,,,,,,,,,,,,,,,,,,
12629,,,,,,,,,,,,,,,,,,,,
12630,,,,,,,,,,,,,,,,,,,,
12631,,,,,,,,,,,,,,,,,,,,
12632,,,,,,,,,,,,,,,,,,,,
12633,,,,,,,,,,,,,,,,,,,,
12634,,,,,,,,,,,,,,,,,,,,
12635,,,,,,,,,,,,,,,,,,,,
12636,,,,,,,,,,,,,,,,,,,,
12637,,,,,,,,,,,,,,,,,,,,
12638,,,,,,,,,,,,,,,,,,,,
12639,,,,,,,,,,,,,,,,,,,,
12640,,,,,,,,,,,,,,,,,,,,
12641,,,,,,,,,,,,,,,,,,,,
12642,,,,,,,,,,,,,,,,,,,,
12643,,,,,,,,,,,,,,,,,,,,
12644,,,,,,,,,,,,,,,,,,,,
12645,,,,,,,,,,,,,,,,,,,,
12646,,,,,,,,,,,,,,,,,,,,
12647,,,,,,,,,,,,,,,,,,,,
12648,,,,,,,,,,,,,,,,,,,,
12649,,,,,,,,,,,,,,,,,,,,
12650,,,,,,,,,,,,,,,,,,,,
12651,,,,,,,,,,,,,,,,,,,,
12652,,,,,,,,,,,,,,,,,,,,
12653,,,,,,,,,,,,,,,,,,,,
12654,,,,,,,,,,,,,,,,,,,,
12655,,,,,,,,,,,,,,,,,,,,
12656,,,,,,,,,,,,,,,,,,,,
12657,,,,,,,,,,,,,,,,,,,,
12658,,,,,,,,,,,,,,,,,,,,
12659,,,,,,,,,,,,,,,,,,,,
12660,,,,,,,,,,,,,,,,,,,,
12661,,,,,,,,,,,,,,,,,,,,
12662,,,,,,,,,,,,,,,,,,,,
12663,,,,,,,,,,,,,,,,,,,,
12664,,,,,,,,,,,,,,,,,,,,
12665,,,,,,,,,,,,,,,,,,,,
12666,,,,,,,,,,,,,,,,,,,,
12667,,,,,,,,,,,,,,,,,,,,
12668,,,,,,,,,,,,,,,,,,,,
12670,,,,,,,,,,,,,,,,,,,,
12671,,,,,,,,,,,,,,,,,,,,
12672,,,,,,,,,,,,,,,,,,,,
12673,,,,,,,,,,,,,,,,,,,,
12674,,,,,,,,,,,,,,,,,,,,
12675,,,,,,,,,,,,,,,,,,,,
12676,,,,,,,,,,,,,,,,,,,,
12678,,,,,,,,,,,,,,,,,,,,
12679,,,,,,,,,,,,,,,,,,,,
12681,,,,,,,,,,,,,,,,,,,,
12682,,,,,,,,,,,,,,,,,,,,
12684,,,,,,,,,,,,,,,,,,,,
12685,,,,,,,,,,,,,,,,,,,,
12686,,,,,,,,,,,,,,,,,,,,
12687,,,,,,,,,,,,,,,,,,,,
12688,,,,,,,,,,,,,,,,,,,,
12689,,,,,,,,,,,,,,,,,,,,
12690,,,,,,,,,,,,,,,,,,,,
12691,,,,,,,,,,,,,,,,,,,,
12692,,,,,,,,,,,,,,,,,,,,
12693,,,,,,,,,,,,,,,,,,,,
12694,,,,,,,,,,,,,,,,,,,,
12695,,,,,,,,,,,,,,,,,,,,
12696,,,,,,,,,,,,,,,,,,,,
12697,,,,,,,,,,,,,,,,,,,,
12698,,,,,,,,,,,,,,,,,,,,
12699,,,,,,,,,,,,,,,,,,,,
12700,,,,,,,,,,,,,,,,,,,,
12701,,,,,,,,,,,,,,,,,,,,
12702,,,,,,,,,,,,,,,,,,,,
12703,,,,,,,,,,,,,,,,,,,,
12704,,,,,,,,,,,,,,,,,,,,
12705,,,,,,,,,,,,,,,,,,,,
12706,,,,,,,,,,,,,,,,,,,,
12707,,,,,,,,,,,,,,,,,,,,
12708,,,,,,,,,,,,,,,,,,,,
12709,,,,,,,,,,,,,,,,,,,,
12710,,,,,,,,,,,,,,,,,,,,
12711,,,,,,,,,,,,,,,,,,,,
12712,,,,,,,,,,,,,,,,,,,,
12713,,,,,,,,,,,,,,,,,,,,
12714,,,,,,,,,,,,,,,,,,,,
12715,,,,,,,,,,,,,,,,,,,,
12716,,,,,,,,,,,,,,,,,,,,
12717,,,,,,,,,,,,,,,,,,,,
12718,,,,,,,,,,,,,,,,,,,,
12720,,,,,,,,,,,,,,,,,,,,
12721,,,,,,,,,,,,,,,,,,,,
12722,,,,,,,,,,,,,,,,,,,,
12723,,,,,,,,,,,,,,,,,,,,
12724,,,,,,,,,,,,,,,,,,,,
12725,,,,,,,,,,,,,,,,,,,,
12726,,,,,,,,,,,,,,,,,,,,
12727,,,,,,,,,,,,,,,,,,,,
12728,,,,,,,,,,,,,,,,,,,,
12729,,,,,,,,,,,,,,,,,,,,
12730,,,,,,,,,,,,,,,,,,,,
12731,,,,,,,,,,,,,,,,,,,,
12732,,,,,,,,,,,,,,,,,,,,
12733,,,,,,,,,,,,,,,,,,,,
12734,,,,,,,,,,,,,,,,,,,,
12735,,,,,,,,,,,,,,,,,,,,
12736,,,,,,,,,,,,,,,,,,,,
12737,,,,,,,,,,,,,,,,,,,,
12738,,,,,,,,,,,,,,,,,,,,
12739,,,,,,,,,,,,,,,,,,,,
12740,,,,,,,,,,,,,,,,,,,,
12741,,,,,,,,,,,,,,,,,,,,
12742,,,,,,,,,,,,,,,,,,,,
12743,,,,,,,,,,,,,,,,,,,,
12744,,,,,,,,,,,,,,,,,,,,
12745,,,,,,,,,,,,,,,,,,,,
12746,,,,,,,,,,,,,,,,,,,,
12747,,,,,,,,,,,,,,,,,,,,
12748,,,,,,,,,,,,,,,,,,,,
12749,,,,,,,,,,,,,,,,,,,,
12750,,,,,,,,,,,,,,,,,,,,
12751,,,,,,,,,,,,,,,,,,,,
12752,,,,,,,,,,,,,,,,,,,,
12754,,,,,,,,,,,,,,,,,,,,
12755,,,,,,,,,,,,,,,,,,,,
12756,,,,,,,,,,,,,,,,,,,,
12757,,,,,,,,,,,,,,,,,,,,
12758,,,,,,,,,,,,,,,,,,,,
12759,,,,,,,,,,,,,,,,,,,,
12760,,,,,,,,,,,,,,,,,,,,
12761,,,,,,,,,,,,,,,,,,,,
12762,,,,,,,,,,,,,,,,,,,,
12764,,,,,,,,,,,,,,,,,,,,
12765,,,,,,,,,,,,,,,,,,,,
12766,,,,,,,,,,,,,,,,,,,,
12767,,,,,,,,,,,,,,,,,,,,
12768,,,,,,,,,,,,,,,,,,,,
12769,,,,,,,,,,,,,,,,,,,,
12770,,,,,,,,,,,,,,,,,,,,
12771,,,,,,,,,,,,,,,,,,,,
12772,,,,,,,,,,,,,,,,,,,,
12773,,,,,,,,,,,,,,,,,,,,
12774,,,,,,,,,,,,,,,,,,,,
12776,,,,,,,,,,,,,,,,,,,,
12777,,,,,,,,,,,,,,,,,,,,
12778,,,,,,,,,,,,,,,,,,,,
12779,,,,,,,,,,,,,,,,,,,,
12780,,,,,,,,,,,,,,,,,,,,
12781,,,,,,,,,,,,,,,,,,,,
12782,,,,,,,,,,,,,,,,,,,,
12783,,,,,,,,,,,,,,,,,,,,
12784,,,,,,,,,,,,,,,,,,,,
12785,,,,,,,,,,,,,,,,,,,,
12786,,,,,,,,,,,,,,,,,,,,
12787,,,,,,,,,,,,,,,,,,,,
12788,,,,,,,,,,,,,,,,,,,,
12789,,,,,,,,,,,,,,,,,,,,
12790,,,,,,,,,,,,,,,,,,,,
12791,,,,,,,,,,,,,,,,,,,,
12792,,,,,,,,,,,,,,,,,,,,
12793,,,,,,,,,,,,,,,,,,,,
12794,,,,,,,,,,,,,,,,,,,,
12795,,,,,,,,,,,,,,,,,,,,
12796,,,,,,,,,,,,,,,,,,,,
12797,,,,,,,,,,,,,,,,,,,,
12798,,,,,,,,,,,,,,,,,,,,
12799,,,,,,,,,,,,,,,,,,,,
12801,,,,,,,,,,,,,,,,,,,,
12802,,,,,,,,,,,,,,,,,,,,
12803,,,,,,,,,,,,,,,,,,,,
12804,,,,,,,,,,,,,,,,,,,,
12806,,,,,,,,,,,,,,,,,,,,
12807,,,,,,,,,,,,,,,,,,,,
12808,,,,,,,,,,,,,,,,,,,,
12809,,,,,,,,,,,,,,,,,,,,
12810,,,,,,,,,,,,,,,,,,,,
12811,,,,,,,,,,,,,,,,,,,,
12812,,,,,,,,,,,,,,,,,,,,
12813,,,,,,,,,,,,,,,,,,,,
12814,,,,,,,,,,,,,,,,,,,,
12815,,,,,,,,,,,,,,,,,,,,
12816,,,,,,,,,,,,,,,,,,,,
12818,,,,,,,,,,,,,,,,,,,,
12819,,,,,,,,,,,,,,,,,,,,
12820,,,,,,,,,,,,,,,,,,,,
12821,,,,,,,,,,,,,,,,,,,,
12822,,,,,,,,,,,,,,,,,,,,
12823,,,,,,,,,,,,,,,,,,,,
12824,,,,,,,,,,,,,,,,,,,,
12825,,,,,,,,,,,,,,,,,,,,
12826,,,,,,,,,,,,,,,,,,,,
12827,,,,,,,,,,,,,,,,,,,,
12828,,,,,,,,,,,,,,,,,,,,
12829,,,,,,,,,,,,,,,,,,,,
12830,,,,,,,,,,,,,,,,,,,,
12831,,,,,,,,,,,,,,,,,,,,
12832,,,,,,,,,,,,,,,,,,,,
12833,,,,,,,,,,,,,,,,,,,,
12834,,,,,,,,,,,,,,,,,,,,
12835,,,,,,,,,,,,,,,,,,,,
12839,,,,,,,,,,,,,,,,,,,,
12840,,,,,,,,,,,,,,,,,,,,
12841,,,,,,,,,,,,,,,,,,,,
12844,,,,,,,,,,,,,,,,,,,,
12846,,,,,,,,,,,,,,,,,,,,
12847,,,,,,,,,,,,,,,,,,,,
12848,,,,,,,,,,,,,,,,,,,,
12849,,,,,,,,,,,,,,,,,,,,
12850,,,,,,,,,,,,,,,,,,,,
12851,,,,,,,,,,,,,,,,,,,,
12852,,,,,,,,,,,,,,,,,,,,
12853,,,,,,,,,,,,,,,,,,,,
12855,,,,,,,,,,,,,,,,,,,,
12856,,,,,,,,,,,,,,,,,,,,
12857,,,,,,,,,,,,,,,,,,,,
12858,,,,,,,,,,,,,,,,,,,,
12859,,,,,,,,,,,,,,,,,,,,
12860,,,,,,,,,,,,,,,,,,,,
12861,,,,,,,,,,,,,,,,,,,,
12862,,,,,,,,,,,,,,,,,,,,
12863,,,,,,,,,,,,,,,,,,,,
12864,,,,,,,,,,,,,,,,,,,,
12865,,,,,,,,,,,,,,,,,,,,
12866,,,,,,,,,,,,,,,,,,,,
12867,,,,,,,,,,,,,,,,,,,,
12868,,,,,,,,,,,,,,,,,,,,
12870,,,,,,,,,,,,,,,,,,,,
12871,,,,,,,,,,,,,,,,,,,,
12872,,,,,,,,,,,,,,,,,,,,
12873,,,,,,,,,,,,,,,,,,,,
12874,,,,,,,,,,,,,,,,,,,,
12876,,,,,,,,,,,,,,,,,,,,
12877,,,,,,,,,,,,,,,,,,,,
12878,,,,,,,,,,,,,,,,,,,,
12879,,,,,,,,,,,,,,,,,,,,
12880,,,,,,,,,,,,,,,,,,,,
12881,,,,,,,,,,,,,,,,,,,,
12882,,,,,,,,,,,,,,,,,,,,
12885,,,,,,,,,,,,,,,,,,,,
12886,,,,,,,,,,,,,,,,,,,,
12887,,,,,,,,,,,,,,,,,,,,
12888,,,,,,,,,,,,,,,,,,,,
12889,,,,,,,,,,,,,,,,,,,,
12893,,,,,,,,,,,,,,,,,,,,
12894,,,,,,,,,,,,,,,,,,,,
12895,,,,,,,,,,,,,,,,,,,,
12897,,,,,,,,,,,,,,,,,,,,
12898,,,,,,,,,,,,,,,,,,,,
12899,,,,,,,,,,,,,,,,,,,,
12900,,,,,,,,,,,,,,,,,,,,
12901,,,,,,,,,,,,,,,,,,,,
12902,,,,,,,,,,,,,,,,,,,,
12903,,,,,,,,,,,,,,,,,,,,
12904,,,,,,,,,,,,,,,,,,,,
12905,,,,,,,,,,,,,,,,,,,,
12906,,,,,,,,,,,,,,,,,,,,
12907,,,,,,,,,,,,,,,,,,,,
12908,,,,,,,,,,,,,,,,,,,,
12909,,,,,,,,,,,,,,,,,,,,
12910,,,,,,,,,,,,,,,,,,,,
12911,,,,,,,,,,,,,,,,,,,,
12912,,,,,,,,,,,,,,,,,,,,
12913,,,,,,,,,,,,,,,,,,,,
12915,,,,,,,,,,,,,,,,,,,,
12916,,,,,,,,,,,,,,,,,,,,
12917,,,,,,,,,,,,,,,,,,,,
12919,,,,,,,,,,,,,,,,,,,,
12920,,,,,,,,,,,,,,,,,,,,
12921,,,,,,,,,,,,,,,,,,,,
12922,,,,,,,,,,,,,,,,,,,,
12923,,,,,,,,,,,,,,,,,,,,
12924,,,,,,,,,,,,,,,,,,,,
12925,,,,,,,,,,,,,,,,,,,,
12926,,,,,,,,,,,,,,,,,,,,
12927,,,,,,,,,,,,,,,,,,,,
12928,,,,,,,,,,,,,,,,,,,,
12930,,,,,,,,,,,,,,,,,,,,
12931,,,,,,,,,,,,,,,,,,,,
12932,,,,,,,,,,,,,,,,,,,,
12933,,,,,,,,,,,,,,,,,,,,
12934,,,,,,,,,,,,,,,,,,,,
12935,,,,,,,,,,,,,,,,,,,,
12936,,,,,,,,,,,,,,,,,,,,
12937,,,,,,,,,,,,,,,,,,,,
12938,,,,,,,,,,,,,,,,,,,,
12939,,,,,,,,,,,,,,,,,,,,
12940,,,,,,,,,,,,,,,,,,,,
12941,,,,,,,,,,,,,,,,,,,,
12942,,,,,,,,,,,,,,,,,,,,
12943,,,,,,,,,,,,,,,,,,,,
12944,,,,,,,,,,,,,,,,,,,,
12945,,,,,,,,,,,,,,,,,,,,
12946,,,,,,,,,,,,,,,,,,,,
12947,,,,,,,,,,,,,,,,,,,,
12948,,,,,,,,,,,,,,,,,,,,
12949,,,,,,,,,,,,,,,,,,,,
12952,,,,,,,,,,,,,,,,,,,,
12958,,,,,,,,,,,,,,,,,,,,
12962,,,,,,,,,,,,,,,,,,,,
12969,,,,,,,,,,,,,,,,,,,,
12970,,,,,,,,,,,,,,,,,,,,
12971,,,,,,,,,,,,,,,,,,,,
12972,,,,,,,,,,,,,,,,,,,,
12973,,,,,,,,,,,,,,,,,,,,
12974,,,,,,,,,,,,,,,,,,,,
12975,,,,,,,,,,,,,,,,,,,,
12976,,,,,,,,,,,,,,,,,,,,
12977,,,,,,,,,,,,,,,,,,,,
12978,,,,,,,,,,,,,,,,,,,,
12980,,,,,,,,,,,,,,,,,,,,
12982,,,,,,,,,,,,,,,,,,,,
12983,,,,,,,,,,,,,,,,,,,,
12984,,,,,,,,,,,,,,,,,,,,
12985,,,,,,,,,,,,,,,,,,,,
12986,,,,,,,,,,,,,,,,,,,,
12987,,,,,,,,,,,,,,,,,,,,
12988,,,,,,,,,,,,,,,,,,,,
12989,,,,,,,,,,,,,,,,,,,,
12990,,,,,,,,,,,,,,,,,,,,
12991,,,,,,,,,,,,,,,,,,,,
12992,,,,,,,,,,,,,,,,,,,,
12993,,,,,,,,,,,,,,,,,,,,
12994,,,,,,,,,,,,,,,,,,,,
12995,,,,,,,,,,,,,,,,,,,,
12996,,,,,,,,,,,,,,,,,,,,
12997,,,,,,,,,,,,,,,,,,,,
12998,,,,,,,,,,,,,,,,,,,,
12999,,,,,,,,,,,,,,,,,,,,
13000,,,,,,,,,,,,,,,,,,,,
13001,,,,,,,,,,,,,,,,,,,,
13002,,,,,,,,,,,,,,,,,,,,
13003,,,,,,,,,,,,,,,,,,,,
13006,,,,,,,,,,,,,,,,,,,,
13007,,,,,,,,,,,,,,,,,,,,
13008,,,,,,,,,,,,,,,,,,,,
13010,,,,,,,,,,,,,,,,,,,,
13011,,,,,,,,,,,,,,,,,,,,
13013,,,,,,,,,,,,,,,,,,,,
13016,,,,,,,,,,,,,,,,,,,,
13017,,,,,,,,,,,,,,,,,,,,
13018,,,,,,,,,,,,,,,,,,,,
13020,,,,,,,,,,,,,,,,,,,,
13022,,,,,,,,,,,,,,,,,,,,
13031,,,,,,,,,,,,,,,,,,,,
13036,,,,,,,,,,,,,,,,,,,,
13038,,,,,,,,,,,,,,,,,,,,
13039,,,,,,,,,,,,,,,,,,,,
13040,,,,,,,,,,,,,,,,,,,,
13041,,,,,,,,,,,,,,,,,,,,
13042,,,,,,,,,,,,,,,,,,,,
13043,,,,,,,,,,,,,,,,,,,,
13044,,,,,,,,,,,,,,,,,,,,
13047,,,,,,,,,,,,,,,,,,,,
13048,,,,,,,,,,,,,,,,,,,,
13049,,,,,,,,,,,,,,,,,,,,
13050,,,,,,,,,,,,,,,,,,,,
13051,,,,,,,,,,,,,,,,,,,,
13052,,,,,,,,,,,,,,,,,,,,
13057,,,,,,,,,,,,,,,,,,,,
13058,,,,,,,,,,,,,,,,,,,,
13060,,,,,,,,,,,,,,,,,,,,
13062,,,,,,,,,,,,,,,,,,,,
13063,,,,,,,,,,,,,,,,,,,,
13064,,,,,,,,,,,,,,,,,,,,
13065,,,,,,,,,,,,,,,,,,,,
13066,,,,,,,,,,,,,,,,,,,,
13067,,,,,,,,,,,,,,,,,,,,
13069,,,,,,,,,,,,,,,,,,,,
13070,,,,,,,,,,,,,,,,,,,,
13071,,,,,,,,,,,,,,,,,,,,
13072,,,,,,,,,,,,,,,,,,,,
13073,,,,,,,,,,,,,,,,,,,,
13074,,,,,,,,,,,,,,,,,,,,
13075,,,,,,,,,,,,,,,,,,,,
13076,,,,,,,,,,,,,,,,,,,,
13077,,,,,,,,,,,,,,,,,,,,
13078,,,,,,,,,,,,,,,,,,,,
13080,,,,,,,,,,,,,,,,,,,,
13081,,,,,,,,,,,,,,,,,,,,
13082,,,,,,,,,,,,,,,,,,,,
13083,,,,,,,,,,,,,,,,,,,,
13086,,,,,,,,,,,,,,,,,,,,
13087,,,,,,,,,,,,,,,,,,,,
13090,,,,,,,,,,,,,,,,,,,,
13091,,,,,,,,,,,,,,,,,,,,
13092,,,,,,,,,,,,,,,,,,,,
13093,,,,,,,,,,,,,,,,,,,,
13096,,,,,,,,,,,,,,,,,,,,
13098,,,,,,,,,,,,,,,,,,,,
13099,,,,,,,,,,,,,,,,,,,,
13101,,,,,,,,,,,,,,,,,,,,
13103,,,,,,,,,,,,,,,,,,,,
13104,,,,,,,,,,,,,,,,,,,,
13105,,,,,,,,,,,,,,,,,,,,
13106,,,,,,,,,,,,,,,,,,,,
13107,,,,,,,,,,,,,,,,,,,,
13108,,,,,,,,,,,,,,,,,,,,
13109,,,,,,,,,,,,,,,,,,,,
13111,,,,,,,,,,,,,,,,,,,,
13112,,,,,,,,,,,,,,,,,,,,
13113,,,,,,,,,,,,,,,,,,,,
13114,,,,,,,,,,,,,,,,,,,,
13115,,,,,,,,,,,,,,,,,,,,
13117,,,,,,,,,,,,,,,,,,,,
13118,,,,,,,,,,,,,,,,,,,,
13119,,,,,,,,,,,,,,,,,,,,
13120,,,,,,,,,,,,,,,,,,,,
13121,,,,,,,,,,,,,,,,,,,,
13122,,,,,,,,,,,,,,,,,,,,
13123,,,,,,,,,,,,,,,,,,,,
13124,,,,,,,,,,,,,,,,,,,,
13125,,,,,,,,,,,,,,,,,,,,
13126,,,,,,,,,,,,,,,,,,,,
13128,,,,,,,,,,,,,,,,,,,,
13129,,,,,,,,,,,,,,,,,,,,
13130,,,,,,,,,,,,,,,,,,,,
13131,,,,,,,,,,,,,,,,,,,,
13132,,,,,,,,,,,,,,,,,,,,
13133,,,,,,,,,,,,,,,,,,,,
13134,,,,,,,,,,,,,,,,,,,,
13135,,,,,,,,,,,,,,,,,,,,
13136,,,,,,,,,,,,,,,,,,,,
13137,,,,,,,,,,,,,,,,,,,,
13138,,,,,,,,,,,,,,,,,,,,
13140,,,,,,,,,,,,,,,,,,,,
13141,,,,,,,,,,,,,,,,,,,,
13142,,,,,,,,,,,,,,,,,,,,
13143,,,,,,,,,,,,,,,,,,,,
13144,,,,,,,,,,,,,,,,,,,,
13145,,,,,,,,,,,,,,,,,,,,
13146,,,,,,,,,,,,,,,,,,,,
13147,,,,,,,,,,,,,,,,,,,,
13148,,,,,,,,,,,,,,,,,,,,
13150,,,,,,,,,,,,,,,,,,,,
13151,,,,,,,,,,,,,,,,,,,,
13152,,,,,,,,,,,,,,,,,,,,
13153,,,,,,,,,,,,,,,,,,,,
13154,,,,,,,,,,,,,,,,,,,,
13155,,,,,,,,,,,,,,,,,,,,
13156,,,,,,,,,,,,,,,,,,,,
13158,,,,,,,,,,,,,,,,,,,,
13160,,,,,,,,,,,,,,,,,,,,
13162,,,,,,,,,,,,,,,,,,,,
13164,,,,,,,,,,,,,,,,,,,,
13165,,,,,,,,,,,,,,,,,,,,
13166,,,,,,,,,,,,,,,,,,,,
13168,,,,,,,,,,,,,,,,,,,,
13169,,,,,,,,,,,,,,,,,,,,
13170,,,,,,,,,,,,,,,,,,,,
13171,,,,,,,,,,,,,,,,,,,,
13172,,,,,,,,,,,,,,,,,,,,
13173,,,,,,,,,,,,,,,,,,,,
13174,,,,,,,,,,,,,,,,,,,,
13175,,,,,,,,,,,,,,,,,,,,
13176,,,,,,,,,,,,,,,,,,,,
13179,,,,,,,,,,,,,,,,,,,,
13180,,,,,,,,,,,,,,,,,,,,
13181,,,,,,,,,,,,,,,,,,,,
13182,,,,,,,,,,,,,,,,,,,,
13183,,,,,,,,,,,,,,,,,,,,
13184,,,,,,,,,,,,,,,,,,,,
13185,,,,,,,,,,,,,,,,,,,,
13186,,,,,,,,,,,,,,,,,,,,
13187,,,,,,,,,,,,,,,,,,,,
13188,,,,,,,,,,,,,,,,,,,,
13189,,,,,,,,,,,,,,,,,,,,
13190,,,,,,,,,,,,,,,,,,,,
13191,,,,,,,,,,,,,,,,,,,,
13192,,,,,,,,,,,,,,,,,,,,
13193,,,,,,,,,,,,,,,,,,,,
13194,,,,,,,,,,,,,,,,,,,,
13195,,,,,,,,,,,,,,,,,,,,
13196,,,,,,,,,,,,,,,,,,,,
13197,,,,,,,,,,,,,,,,,,,,
13198,,,,,,,,,,,,,,,,,,,,
13199,,,,,,,,,,,,,,,,,,,,
13200,,,,,,,,,,,,,,,,,,,,
13201,,,,,,,,,,,,,,,,,,,,
13202,,,,,,,,,,,,,,,,,,,,
13203,,,,,,,,,,,,,,,,,,,,
13204,,,,,,,,,,,,,,,,,,,,
13205,,,,,,,,,,,,,,,,,,,,
13206,,,,,,,,,,,,,,,,,,,,
13207,,,,,,,,,,,,,,,,,,,,
13208,,,,,,,,,,,,,,,,,,,,
13209,,,,,,,,,,,,,,,,,,,,
13210,,,,,,,,,,,,,,,,,,,,
13211,,,,,,,,,,,,,,,,,,,,
13213,,,,,,,,,,,,,,,,,,,,
13214,,,,,,,,,,,,,,,,,,,,
13215,,,,,,,,,,,,,,,,,,,,
13219,,,,,,,,,,,,,,,,,,,,
13220,,,,,,,,,,,,,,,,,,,,
13221,,,,,,,,,,,,,,,,,,,,
13222,,,,,,,,,,,,,,,,,,,,
13223,,,,,,,,,,,,,,,,,,,,
13224,,,,,,,,,,,,,,,,,,,,
13225,,,,,,,,,,,,,,,,,,,,
13226,,,,,,,,,,,,,,,,,,,,
13227,,,,,,,,,,,,,,,,,,,,
13228,,,,,,,,,,,,,,,,,,,,
13229,,,,,,,,,,,,,,,,,,,,
13230,,,,,,,,,,,,,,,,,,,,
13231,,,,,,,,,,,,,,,,,,,,
13232,,,,,,,,,,,,,,,,,,,,
13233,,,,,,,,,,,,,,,,,,,,
13234,,,,,,,,,,,,,,,,,,,,
13235,,,,,,,,,,,,,,,,,,,,
13237,,,,,,,,,,,,,,,,,,,,
13239,,,,,,,,,,,,,,,,,,,,
13240,,,,,,,,,,,,,,,,,,,,
13246,,,,,,,,,,,,,,,,,,,,
13247,,,,,,,,,,,,,,,,,,,,
13249,,,,,,,,,,,,,,,,,,,,
13250,,,,,,,,,,,,,,,,,,,,
13251,,,,,,,,,,,,,,,,,,,,
13252,,,,,,,,,,,,,,,,,,,,
13253,,,,,,,,,,,,,,,,,,,,
13254,,,,,,,,,,,,,,,,,,,,
13255,,,,,,,,,,,,,,,,,,,,
13256,,,,,,,,,,,,,,,,,,,,
13257,,,,,,,,,,,,,,,,,,,,
13258,,,,,,,,,,,,,,,,,,,,
13259,,,,,,,,,,,,,,,,,,,,
13260,,,,,,,,,,,,,,,,,,,,
13261,,,,,,,,,,,,,,,,,,,,
13262,,,,,,,,,,,,,,,,,,,,
13263,,,,,,,,,,,,,,,,,,,,
13264,,,,,,,,,,,,,,,,,,,,
13265,,,,,,,,,,,,,,,,,,,,
13266,,,,,,,,,,,,,,,,,,,,
13268,,,,,,,,,,,,,,,,,,,,
13269,,,,,,,,,,,,,,,,,,,,
13271,,,,,,,,,,,,,,,,,,,,
13272,,,,,,,,,,,,,,,,,,,,
13273,,,,,,,,,,,,,,,,,,,,
13274,,,,,,,,,,,,,,,,,,,,
13275,,,,,,,,,,,,,,,,,,,,
13276,,,,,,,,,,,,,,,,,,,,
13277,,,,,,,,,,,,,,,,,,,,
13278,,,,,,,,,,,,,,,,,,,,
13279,,,,,,,,,,,,,,,,,,,,
13280,,,,,,,,,,,,,,,,,,,,
13282,,,,,,,,,,,,,,,,,,,,
13283,,,,,,,,,,,,,,,,,,,,
13284,,,,,,,,,,,,,,,,,,,,
13285,,,,,,,,,,,,,,,,,,,,
13286,,,,,,,,,,,,,,,,,,,,
13287,,,,,,,,,,,,,,,,,,,,
13288,,,,,,,,,,,,,,,,,,,,
13289,,,,,,,,,,,,,,,,,,,,
13290,,,,,,,,,,,,,,,,,,,,
13291,,,,,,,,,,,,,,,,,,,,
13292,,,,,,,,,,,,,,,,,,,,
13293,,,,,,,,,,,,,,,,,,,,
13294,,,,,,,,,,,,,,,,,,,,
13295,,,,,,,,,,,,,,,,,,,,
13296,,,,,,,,,,,,,,,,,,,,
13297,,,,,,,,,,,,,,,,,,,,
13298,,,,,,,,,,,,,,,,,,,,
13299,,,,,,,,,,,,,,,,,,,,
13300,,,,,,,,,,,,,,,,,,,,
13302,,,,,,,,,,,,,,,,,,,,
13305,,,,,,,,,,,,,,,,,,,,
13306,,,,,,,,,,,,,,,,,,,,
13310,,,,,,,,,,,,,,,,,,,,
13312,,,,,,,,,,,,,,,,,,,,
13313,,,,,,,,,,,,,,,,,,,,
13314,,,,,,,,,,,,,,,,,,,,
13317,,,,,,,,,,,,,,,,,,,,
13318,,,,,,,,,,,,,,,,,,,,
13319,,,,,,,,,,,,,,,,,,,,
13320,,,,,,,,,,,,,,,,,,,,
13321,,,,,,,,,,,,,,,,,,,,
13322,,,,,,,,,,,,,,,,,,,,
13323,,,,,,,,,,,,,,,,,,,,
13324,,,,,,,,,,,,,,,,,,,,
13325,,,,,,,,,,,,,,,,,,,,
13327,,,,,,,,,,,,,,,,,,,,
13328,,,,,,,,,,,,,,,,,,,,
13329,,,,,,,,,,,,,,,,,,,,
13330,,,,,,,,,,,,,,,,,,,,
13331,,,,,,,,,,,,,,,,,,,,
13332,,,,,,,,,,,,,,,,,,,,
13333,,,,,,,,,,,,,,,,,,,,
13334,,,,,,,,,,,,,,,,,,,,
13335,,,,,,,,,,,,,,,,,,,,
13336,,,,,,,,,,,,,,,,,,,,
13337,,,,,,,,,,,,,,,,,,,,
13339,,,,,,,,,,,,,,,,,,,,
13340,,,,,,,,,,,,,,,,,,,,
13342,,,,,,,,,,,,,,,,,,,,
13343,,,,,,,,,,,,,,,,,,,,
13344,,,,,,,,,,,,,,,,,,,,
13345,,,,,,,,,,,,,,,,,,,,
13346,,,,,,,,,,,,,,,,,,,,
13347,,,,,,,,,,,,,,,,,,,,
13348,,,,,,,,,,,,,,,,,,,,
13351,,,,,,,,,,,,,,,,,,,,
13352,,,,,,,,,,,,,,,,,,,,
13353,,,,,,,,,,,,,,,,,,,,
13354,,,,,,,,,,,,,,,,,,,,
13356,,,,,,,,,,,,,,,,,,,,
13357,,,,,,,,,,,,,,,,,,,,
13358,,,,,,,,,,,,,,,,,,,,
13359,,,,,,,,,,,,,,,,,,,,
13360,,,,,,,,,,,,,,,,,,,,
13361,,,,,,,,,,,,,,,,,,,,
13362,,,,,,,,,,,,,,,,,,,,
13364,,,,,,,,,,,,,,,,,,,,
13366,,,,,,,,,,,,,,,,,,,,
13367,,,,,,,,,,,,,,,,,,,,
13368,,,,,,,,,,,,,,,,,,,,
13369,,,,,,,,,,,,,,,,,,,,
13370,,,,,,,,,,,,,,,,,,,,
13371,,,,,,,,,,,,,,,,,,,,
13374,,,,,,,,,,,,,,,,,,,,
13378,,,,,,,,,,,,,,,,,,,,
13380,,,,,,,,,,,,,,,,,,,,
13381,,,,,,,,,,,,,,,,,,,,
13382,,,,,,,,,,,,,,,,,,,,
13384,,,,,,,,,,,,,,,,,,,,
13385,,,,,,,,,,,,,,,,,,,,
13388,,,,,,,,,,,,,,,,,,,,
13389,,,,,,,,,,,,,,,,,,,,
13390,,,,,,,,,,,,,,,,,,,,
13392,,,,,,,,,,,,,,,,,,,,
13393,,,,,,,,,,,,,,,,,,,,
13395,,,,,,,,,,,,,,,,,,,,
13398,,,,,,,,,,,,,,,,,,,,
13399,,,,,,,,,,,,,,,,,,,,
13400,,,,,,,,,,,,,,,,,,,,
13401,,,,,,,,,,,,,,,,,,,,
13402,,,,,,,,,,,,,,,,,,,,
13403,,,,,,,,,,,,,,,,,,,,
13404,,,,,,,,,,,,,,,,,,,,
13405,,,,,,,,,,,,,,,,,,,,
13406,,,,,,,,,,,,,,,,,,,,
13408,,,,,,,,,,,,,,,,,,,,
13409,,,,,,,,,,,,,,,,,,,,
13410,,,,,,,,,,,,,,,,,,,,
13411,,,,,,,,,,,,,,,,,,,,
13414,,,,,,,,,,,,,,,,,,,,
13415,,,,,,,,,,,,,,,,,,,,
13416,,,,,,,,,,,,,,,,,,,,
13418,,,,,,,,,,,,,,,,,,,,
13419,,,,,,,,,,,,,,,,,,,,
13420,,,,,,,,,,,,,,,,,,,,
13422,,,,,,,,,,,,,,,,,,,,
13424,,,,,,,,,,,,,,,,,,,,
13425,,,,,,,,,,,,,,,,,,,,
13426,,,,,,,,,,,,,,,,,,,,
13427,,,,,,,,,,,,,,,,,,,,
13428,,,,,,,,,,,,,,,,,,,,
13429,,,,,,,,,,,,,,,,,,,,
13430,,,,,,,,,,,,,,,,,,,,
13433,,,,,,,,,,,,,,,,,,,,
13434,,,,,,,,,,,,,,,,,,,,
13435,,,,,,,,,,,,,,,,,,,,
13436,,,,,,,,,,,,,,,,,,,,
13437,,,,,,,,,,,,,,,,,,,,
13438,,,,,,,,,,,,,,,,,,,,
13439,,,,,,,,,,,,,,,,,,,,
13440,,,,,,,,,,,,,,,,,,,,
13443,,,,,,,,,,,,,,,,,,,,
13444,,,,,,,,,,,,,,,,,,,,
13445,,,,,,,,,,,,,,,,,,,,
13447,,,,,,,,,,,,,,,,,,,,
13448,,,,,,,,,,,,,,,,,,,,
13449,,,,,,,,,,,,,,,,,,,,
13454,,,,,,,,,,,,,,,,,,,,
13455,,,,,,,,,,,,,,,,,,,,
13456,,,,,,,,,,,,,,,,,,,,
13458,,,,,,,,,,,,,,,,,,,,
13459,,,,,,,,,,,,,,,,,,,,
13460,,,,,,,,,,,,,,,,,,,,
13461,,,,,,,,,,,,,,,,,,,,
13462,,,,,,,,,,,,,,,,,,,,
13463,,,,,,,,,,,,,,,,,,,,
13464,,,,,,,,,,,,,,,,,,,,
13465,,,,,,,,,,,,,,,,,,,,
13466,,,,,,,,,,,,,,,,,,,,
13467,,,,,,,,,,,,,,,,,,,,
13468,,,,,,,,,,,,,,,,,,,,
13470,,,,,,,,,,,,,,,,,,,,
13472,,,,,,,,,,,,,,,,,,,,
13474,,,,,,,,,,,,,,,,,,,,
13476,,,,,,,,,,,,,,,,,,,,
13477,,,,,,,,,,,,,,,,,,,,
13479,,,,,,,,,,,,,,,,,,,,
13481,,,,,,,,,,,,,,,,,,,,
13482,,,,,,,,,,,,,,,,,,,,
13483,,,,,,,,,,,,,,,,,,,,
13484,,,,,,,,,,,,,,,,,,,,
13485,,,,,,,,,,,,,,,,,,,,
13486,,,,,,,,,,,,,,,,,,,,
13487,,,,,,,,,,,,,,,,,,,,
13488,,,,,,,,,,,,,,,,,,,,
13489,,,,,,,,,,,,,,,,,,,,
13490,,,,,,,,,,,,,,,,,,,,
13491,,,,,,,,,,,,,,,,,,,,
13492,,,,,,,,,,,,,,,,,,,,
13493,,,,,,,,,,,,,,,,,,,,
13494,,,,,,,,,,,,,,,,,,,,
13495,,,,,,,,,,,,,,,,,,,,
13496,,,,,,,,,,,,,,,,,,,,
13497,,,,,,,,,,,,,,,,,,,,
13498,,,,,,,,,,,,,,,,,,,,
13499,,,,,,,,,,,,,,,,,,,,
13500,,,,,,,,,,,,,,,,,,,,
13501,,,,,,,,,,,,,,,,,,,,
13502,,,,,,,,,,,,,,,,,,,,
13503,,,,,,,,,,,,,,,,,,,,
13505,,,,,,,,,,,,,,,,,,,,
13506,,,,,,,,,,,,,,,,,,,,
13507,,,,,,,,,,,,,,,,,,,,
13508,,,,,,,,,,,,,,,,,,,,
13509,,,,,,,,,,,,,,,,,,,,
13511,,,,,,,,,,,,,,,,,,,,
13512,,,,,,,,,,,,,,,,,,,,
13513,,,,,,,,,,,,,,,,,,,,
13514,,,,,,,,,,,,,,,,,,,,
13515,,,,,,,,,,,,,,,,,,,,
13517,,,,,,,,,,,,,,,,,,,,
13518,,,,,,,,,,,,,,,,,,,,
13519,,,,,,,,,,,,,,,,,,,,
13520,,,,,,,,,,,,,,,,,,,,
13522,,,,,,,,,,,,,,,,,,,,
13523,,,,,,,,,,,,,,,,,,,,
13524,,,,,,,,,,,,,,,,,,,,
13525,,,,,,,,,,,,,,,,,,,,
13527,,,,,,,,,,,,,,,,,,,,
13528,,,,,,,,,,,,,,,,,,,,
13529,,,,,,,,,,,,,,,,,,,,
13530,,,,,,,,,,,,,,,,,,,,
13531,,,,,,,,,,,,,,,,,,,,
13533,,,,,,,,,,,,,,,,,,,,
13537,,,,,,,,,,,,,,,,,,,,
13538,,,,,,,,,,,,,,,,,,,,
13539,,,,,,,,,,,,,,,,,,,,
13540,,,,,,,,,,,,,,,,,,,,
13541,,,,,,,,,,,,,,,,,,,,
13542,,,,,,,,,,,,,,,,,,,,
13543,,,,,,,,,,,,,,,,,,,,
13544,,,,,,,,,,,,,,,,,,,,
13545,,,,,,,,,,,,,,,,,,,,
13546,,,,,,,,,,,,,,,,,,,,
13547,,,,,,,,,,,,,,,,,,,,
13548,,,,,,,,,,,,,,,,,,,,
13551,,,,,,,,,,,,,,,,,,,,
13552,,,,,,,,,,,,,,,,,,,,
13555,,,,,,,,,,,,,,,,,,,,
13556,,,,,,,,,,,,,,,,,,,,
13557,,,,,,,,,,,,,,,,,,,,
13559,,,,,,,,,,,,,,,,,,,,
13560,,,,,,,,,,,,,,,,,,,,
13561,,,,,,,,,,,,,,,,,,,,
13562,,,,,,,,,,,,,,,,,,,,
13563,,,,,,,,,,,,,,,,,,,,
13564,,,,,,,,,,,,,,,,,,,,
13565,,,,,,,,,,,,,,,,,,,,
13566,,,,,,,,,,,,,,,,,,,,
13567,,,,,,,,,,,,,,,,,,,,
13568,,,,,,,,,,,,,,,,,,,,
13569,,,,,,,,,,,,,,,,,,,,
13570,,,,,,,,,,,,,,,,,,,,
13572,,,,,,,,,,,,,,,,,,,,
13573,,,,,,,,,,,,,,,,,,,,
13574,,,,,,,,,,,,,,,,,,,,
13575,,,,,,,,,,,,,,,,,,,,
13576,,,,,,,,,,,,,,,,,,,,
13577,,,,,,,,,,,,,,,,,,,,
13579,,,,,,,,,,,,,,,,,,,,
13581,,,,,,,,,,,,,,,,,,,,
13582,,,,,,,,,,,,,,,,,,,,
13583,,,,,,,,,,,,,,,,,,,,
13584,,,,,,,,,,,,,,,,,,,,
13585,,,,,,,,,,,,,,,,,,,,
13586,,,,,,,,,,,,,,,,,,,,
13587,,,,,,,,,,,,,,,,,,,,
13588,,,,,,,,,,,,,,,,,,,,
13590,,,,,,,,,,,,,,,,,,,,
13592,,,,,,,,,,,,,,,,,,,,
13593,,,,,,,,,,,,,,,,,,,,
13594,,,,,,,,,,,,,,,,,,,,
13595,,,,,,,,,,,,,,,,,,,,
13596,,,,,,,,,,,,,,,,,,,,
13597,,,,,,,,,,,,,,,,,,,,
13598,,,,,,,,,,,,,,,,,,,,
13599,,,,,,,,,,,,,,,,,,,,
13600,,,,,,,,,,,,,,,,,,,,
13602,,,,,,,,,,,,,,,,,,,,
13603,,,,,,,,,,,,,,,,,,,,
13604,,,,,,,,,,,,,,,,,,,,
13605,,,,,,,,,,,,,,,,,,,,
13606,,,,,,,,,,,,,,,,,,,,
13607,,,,,,,,,,,,,,,,,,,,
13608,,,,,,,,,,,,,,,,,,,,
13610,,,,,,,,,,,,,,,,,,,,
13611,,,,,,,,,,,,,,,,,,,,
13612,,,,,,,,,,,,,,,,,,,,
13613,,,,,,,,,,,,,,,,,,,,
13614,,,,,,,,,,,,,,,,,,,,
13615,,,,,,,,,,,,,,,,,,,,
13616,,,,,,,,,,,,,,,,,,,,
13617,,,,,,,,,,,,,,,,,,,,
13618,,,,,,,,,,,,,,,,,,,,
13619,,,,,,,,,,,,,,,,,,,,
13620,,,,,,,,,,,,,,,,,,,,
13621,,,,,,,,,,,,,,,,,,,,
13622,,,,,,,,,,,,,,,,,,,,
13624,,,,,,,,,,,,,,,,,,,,
13625,,,,,,,,,,,,,,,,,,,,
13626,,,,,,,,,,,,,,,,,,,,
13627,,,,,,,,,,,,,,,,,,,,
13628,,,,,,,,,,,,,,,,,,,,
13629,,,,,,,,,,,,,,,,,,,,
13630,,,,,,,,,,,,,,,,,,,,
13632,,,,,,,,,,,,,,,,,,,,
13633,,,,,,,,,,,,,,,,,,,,
13634,,,,,,,,,,,,,,,,,,,,
13635,,,,,,,,,,,,,,,,,,,,
13636,,,,,,,,,,,,,,,,,,,,
13638,,,,,,,,,,,,,,,,,,,,
13640,,,,,,,,,,,,,,,,,,,,
13641,,,,,,,,,,,,,,,,,,,,
13644,,,,,,,,,,,,,,,,,,,,
13645,,,,,,,,,,,,,,,,,,,,
13647,,,,,,,,,,,,,,,,,,,,
13650,,,,,,,,,,,,,,,,,,,,
13651,,,,,,,,,,,,,,,,,,,,
13653,,,,,,,,,,,,,,,,,,,,
13654,,,,,,,,,,,,,,,,,,,,
13655,,,,,,,,,,,,,,,,,,,,
13657,,,,,,,,,,,,,,,,,,,,
13658,,,,,,,,,,,,,,,,,,,,
13659,,,,,,,,,,,,,,,,,,,,
13660,,,,,,,,,,,,,,,,,,,,
13661,,,,,,,,,,,,,,,,,,,,
13662,,,,,,,,,,,,,,,,,,,,
13663,,,,,,,,,,,,,,,,,,,,
13664,,,,,,,,,,,,,,,,,,,,
13665,,,,,,,,,,,,,,,,,,,,
13666,,,,,,,,,,,,,,,,,,,,
13667,,,,,,,,,,,,,,,,,,,,
13668,,,,,,,,,,,,,,,,,,,,
13669,,,,,,,,,,,,,,,,,,,,
13670,,,,,,,,,,,,,,,,,,,,
13671,,,,,,,,,,,,,,,,,,,,
13672,,,,,,,,,,,,,,,,,,,,
13673,,,,,,,,,,,,,,,,,,,,
13675,,,,,,,,,,,,,,,,,,,,
13676,,,,,,,,,,,,,,,,,,,,
13677,,,,,,,,,,,,,,,,,,,,
13678,,,,,,,,,,,,,,,,,,,,
13679,,,,,,,,,,,,,,,,,,,,
13680,,,,,,,,,,,,,,,,,,,,
13681,,,,,,,,,,,,,,,,,,,,
13682,,,,,,,,,,,,,,,,,,,,
13683,,,,,,,,,,,,,,,,,,,,
13684,,,,,,,,,,,,,,,,,,,,
13688,,,,,,,,,,,,,,,,,,,,
13689,,,,,,,,,,,,,,,,,,,,
13690,,,,,,,,,,,,,,,,,,,,
13691,,,,,,,,,,,,,,,,,,,,
13692,,,,,,,,,,,,,,,,,,,,
13696,,,,,,,,,,,,,,,,,,,,
13698,,,,,,,,,,,,,,,,,,,,
13699,,,,,,,,,,,,,,,,,,,,
13700,,,,,,,,,,,,,,,,,,,,
13701,,,,,,,,,,,,,,,,,,,,
13702,,,,,,,,,,,,,,,,,,,,
13703,,,,,,,,,,,,,,,,,,,,
13704,,,,,,,,,,,,,,,,,,,,
13706,,,,,,,,,,,,,,,,,,,,
13707,,,,,,,,,,,,,,,,,,,,
13708,,,,,,,,,,,,,,,,,,,,
13709,,,,,,,,,,,,,,,,,,,,
13710,,,,,,,,,,,,,,,,,,,,
13713,,,,,,,,,,,,,,,,,,,,
13715,,,,,,,,,,,,,,,,,,,,
13716,,,,,,,,,,,,,,,,,,,,
13717,,,,,,,,,,,,,,,,,,,,
13718,,,,,,,,,,,,,,,,,,,,
13719,,,,,,,,,,,,,,,,,,,,
13720,,,,,,,,,,,,,,,,,,,,
13725,,,,,,,,,,,,,,,,,,,,
13726,,,,,,,,,,,,,,,,,,,,
13727,,,,,,,,,,,,,,,,,,,,
13728,,,,,,,,,,,,,,,,,,,,
13729,,,,,,,,,,,,,,,,,,,,
13730,,,,,,,,,,,,,,,,,,,,
13732,,,,,,,,,,,,,,,,,,,,
13733,,,,,,,,,,,,,,,,,,,,
13734,,,,,,,,,,,,,,,,,,,,
13735,,,,,,,,,,,,,,,,,,,,
13736,,,,,,,,,,,,,,,,,,,,
13737,,,,,,,,,,,,,,,,,,,,
13738,,,,,,,,,,,,,,,,,,,,
13739,,,,,,,,,,,,,,,,,,,,
13740,,,,,,,,,,,,,,,,,,,,
13741,,,,,,,,,,,,,,,,,,,,
13744,,,,,,,,,,,,,,,,,,,,
13745,,,,,,,,,,,,,,,,,,,,
13747,,,,,,,,,,,,,,,,,,,,
13749,,,,,,,,,,,,,,,,,,,,
13751,,,,,,,,,,,,,,,,,,,,
13752,,,,,,,,,,,,,,,,,,,,
13753,,,,,,,,,,,,,,,,,,,,
13754,,,,,,,,,,,,,,,,,,,,
13755,,,,,,,,,,,,,,,,,,,,
13756,,,,,,,,,,,,,,,,,,,,
13757,,,,,,,,,,,,,,,,,,,,
13758,,,,,,,,,,,,,,,,,,,,
13760,,,,,,,,,,,,,,,,,,,,
13761,,,,,,,,,,,,,,,,,,,,
13762,,,,,,,,,,,,,,,,,,,,
13764,,,,,,,,,,,,,,,,,,,,
13765,,,,,,,,,,,,,,,,,,,,
13766,,,,,,,,,,,,,,,,,,,,
13767,,,,,,,,,,,,,,,,,,,,
13768,,,,,,,,,,,,,,,,,,,,
13769,,,,,,,,,,,,,,,,,,,,
13770,,,,,,,,,,,,,,,,,,,,
13772,,,,,,,,,,,,,,,,,,,,
13773,,,,,,,,,,,,,,,,,,,,
13774,,,,,,,,,,,,,,,,,,,,
13775,,,,,,,,,,,,,,,,,,,,
13776,,,,,,,,,,,,,,,,,,,,
13777,,,,,,,,,,,,,,,,,,,,
13778,,,,,,,,,,,,,,,,,,,,
13779,,,,,,,,,,,,,,,,,,,,
13780,,,,,,,,,,,,,,,,,,,,
13781,,,,,,,,,,,,,,,,,,,,
13782,,,,,,,,,,,,,,,,,,,,
13783,,,,,,,,,,,,,,,,,,,,
13784,,,,,,,,,,,,,,,,,,,,
13786,,,,,,,,,,,,,,,,,,,,
13787,,,,,,,,,,,,,,,,,,,,
13790,,,,,,,,,,,,,,,,,,,,
13794,,,,,,,,,,,,,,,,,,,,
13795,,,,,,,,,,,,,,,,,,,,
13800,,,,,,,,,,,,,,,,,,,,
13801,,,,,,,,,,,,,,,,,,,,
13803,,,,,,,,,,,,,,,,,,,,
13804,,,,,,,,,,,,,,,,,,,,
13805,,,,,,,,,,,,,,,,,,,,
13806,,,,,,,,,,,,,,,,,,,,
13807,,,,,,,,,,,,,,,,,,,,
13808,,,,,,,,,,,,,,,,,,,,
13811,,,,,,,,,,,,,,,,,,,,
13812,,,,,,,,,,,,,,,,,,,,
13813,,,,,,,,,,,,,,,,,,,,
13815,,,,,,,,,,,,,,,,,,,,
13816,,,,,,,,,,,,,,,,,,,,
13817,,,,,,,,,,,,,,,,,,,,
13818,,,,,,,,,,,,,,,,,,,,
13819,,,,,,,,,,,,,,,,,,,,
13820,,,,,,,,,,,,,,,,,,,,
13821,,,,,,,,,,,,,,,,,,,,
13824,,,,,,,,,,,,,,,,,,,,
13825,,,,,,,,,,,,,,,,,,,,
13827,,,,,,,,,,,,,,,,,,,,
13828,,,,,,,,,,,,,,,,,,,,
13829,,,,,,,,,,,,,,,,,,,,
13830,,,,,,,,,,,,,,,,,,,,
13831,,,,,,,,,,,,,,,,,,,,
13832,,,,,,,,,,,,,,,,,,,,
13833,,,,,,,,,,,,,,,,,,,,
13834,,,,,,,,,,,,,,,,,,,,
13836,,,,,,,,,,,,,,,,,,,,
13837,,,,,,,,,,,,,,,,,,,,
13838,,,,,,,,,,,,,,,,,,,,
13839,,,,,,,,,,,,,,,,,,,,
13840,,,,,,,,,,,,,,,,,,,,
13841,,,,,,,,,,,,,,,,,,,,
13842,,,,,,,,,,,,,,,,,,,,
13843,,,,,,,,,,,,,,,,,,,,
13844,,,,,,,,,,,,,,,,,,,,
13845,,,,,,,,,,,,,,,,,,,,
13846,,,,,,,,,,,,,,,,,,,,
13847,,,,,,,,,,,,,,,,,,,,
13848,,,,,,,,,,,,,,,,,,,,
13849,,,,,,,,,,,,,,,,,,,,
13850,,,,,,,,,,,,,,,,,,,,
13851,,,,,,,,,,,,,,,,,,,,
13852,,,,,,,,,,,,,,,,,,,,
13853,,,,,,,,,,,,,,,,,,,,
13854,,,,,,,,,,,,,,,,,,,,
13860,,,,,,,,,,,,,,,,,,,,
13861,,,,,,,,,,,,,,,,,,,,
13868,,,,,,,,,,,,,,,,,,,,
13871,,,,,,,,,,,,,,,,,,,,
13874,,,,,,,,,,,,,,,,,,,,
13875,,,,,,,,,,,,,,,,,,,,
13876,,,,,,,,,,,,,,,,,,,,
13878,,,,,,,,,,,,,,,,,,,,
13879,,,,,,,,,,,,,,,,,,,,
13880,,,,,,,,,,,,,,,,,,,,
13881,,,,,,,,,,,,,,,,,,,,
13882,,,,,,,,,,,,,,,,,,,,
13883,,,,,,,,,,,,,,,,,,,,
13885,,,,,,,,,,,,,,,,,,,,
13886,,,,,,,,,,,,,,,,,,,,
13887,,,,,,,,,,,,,,,,,,,,
13888,,,,,,,,,,,,,,,,,,,,
13889,,,,,,,,,,,,,,,,,,,,
13890,,,,,,,,,,,,,,,,,,,,
13891,,,,,,,,,,,,,,,,,,,,
13892,,,,,,,,,,,,,,,,,,,,
13894,,,,,,,,,,,,,,,,,,,,
13895,,,,,,,,,,,,,,,,,,,,
13896,,,,,,,,,,,,,,,,,,,,
13897,,,,,,,,,,,,,,,,,,,,
13898,,,,,,,,,,,,,,,,,,,,
13899,,,,,,,,,,,,,,,,,,,,
13901,,,,,,,,,,,,,,,,,,,,
13902,,,,,,,,,,,,,,,,,,,,
13903,,,,,,,,,,,,,,,,,,,,
13904,,,,,,,,,,,,,,,,,,,,
13908,,,,,,,,,,,,,,,,,,,,
13909,,,,,,,,,,,,,,,,,,,,
13910,,,,,,,,,,,,,,,,,,,,
13911,,,,,,,,,,,,,,,,,,,,
13912,,,,,,,,,,,,,,,,,,,,
13913,,,,,,,,,,,,,,,,,,,,
13914,,,,,,,,,,,,,,,,,,,,
13915,,,,,,,,,,,,,,,,,,,,
13916,,,,,,,,,,,,,,,,,,,,
13917,,,,,,,,,,,,,,,,,,,,
13918,,,,,,,,,,,,,,,,,,,,
13919,,,,,,,,,,,,,,,,,,,,
13920,,,,,,,,,,,,,,,,,,,,
13922,,,,,,,,,,,,,,,,,,,,
13923,,,,,,,,,,,,,,,,,,,,
13926,,,,,,,,,,,,,,,,,,,,
13927,,,,,,,,,,,,,,,,,,,,
13933,,,,,,,,,,,,,,,,,,,,
13934,,,,,,,,,,,,,,,,,,,,
13935,,,,,,,,,,,,,,,,,,,,
13937,,,,,,,,,,,,,,,,,,,,
13938,,,,,,,,,,,,,,,,,,,,
13939,,,,,,,,,,,,,,,,,,,,
13940,,,,,,,,,,,,,,,,,,,,
13941,,,,,,,,,,,,,,,,,,,,
13942,,,,,,,,,,,,,,,,,,,,
13944,,,,,,,,,,,,,,,,,,,,
13945,,,,,,,,,,,,,,,,,,,,
13946,,,,,,,,,,,,,,,,,,,,
13947,,,,,,,,,,,,,,,,,,,,
13948,,,,,,,,,,,,,,,,,,,,
13949,,,,,,,,,,,,,,,,,,,,
13951,,,,,,,,,,,,,,,,,,,,
13952,,,,,,,,,,,,,,,,,,,,
13953,,,,,,,,,,,,,,,,,,,,
13954,,,,,,,,,,,,,,,,,,,,
13955,,,,,,,,,,,,,,,,,,,,
13956,,,,,,,,,,,,,,,,,,,,
13957,,,,,,,,,,,,,,,,,,,,
13959,,,,,,,,,,,,,,,,,,,,
13962,,,,,,,,,,,,,,,,,,,,
13963,,,,,,,,,,,,,,,,,,,,
13964,,,,,,,,,,,,,,,,,,,,
13965,,,,,,,,,,,,,,,,,,,,
13966,,,,,,,,,,,,,,,,,,,,
13967,,,,,,,,,,,,,,,,,,,,
13968,,,,,,,,,,,,,,,,,,,,
13969,,,,,,,,,,,,,,,,,,,,
13970,,,,,,,,,,,,,,,,,,,,
13971,,,,,,,,,,,,,,,,,,,,
13972,,,,,,,,,,,,,,,,,,,,
13973,,,,,,,,,,,,,,,,,,,,
13977,,,,,,,,,,,,,,,,,,,,
13978,,,,,,,,,,,,,,,,,,,,
13979,,,,,,,,,,,,,,,,,,,,
13980,,,,,,,,,,,,,,,,,,,,
13981,,,,,,,,,,,,,,,,,,,,
13982,,,,,,,,,,,,,,,,,,,,
13983,,,,,,,,,,,,,,,,,,,,
13984,,,,,,,,,,,,,,,,,,,,
13985,,,,,,,,,,,,,,,,,,,,
13986,,,,,,,,,,,,,,,,,,,,
13987,,,,,,,,,,,,,,,,,,,,
13988,,,,,,,,,,,,,,,,,,,,
13989,,,,,,,,,,,,,,,,,,,,
13990,,,,,,,,,,,,,,,,,,,,
13991,,,,,,,,,,,,,,,,,,,,
13992,,,,,,,,,,,,,,,,,,,,
13993,,,,,,,,,,,,,,,,,,,,
13994,,,,,,,,,,,,,,,,,,,,
13995,,,,,,,,,,,,,,,,,,,,
13996,,,,,,,,,,,,,,,,,,,,
13997,,,,,,,,,,,,,,,,,,,,
13998,,,,,,,,,,,,,,,,,,,,
13999,,,,,,,,,,,,,,,,,,,,
14001,,,,,,,,,,,,,,,,,,,,
14002,,,,,,,,,,,,,,,,,,,,
14003,,,,,,,,,,,,,,,,,,,,
14004,,,,,,,,,,,,,,,,,,,,
14006,,,,,,,,,,,,,,,,,,,,
14010,,,,,,,,,,,,,,,,,,,,
14012,,,,,,,,,,,,,,,,,,,,
14015,,,,,,,,,,,,,,,,,,,,
14016,,,,,,,,,,,,,,,,,,,,
14017,,,,,,,,,,,,,,,,,,,,
14019,,,,,,,,,,,,,,,,,,,,
14020,,,,,,,,,,,,,,,,,,,,
14021,,,,,,,,,,,,,,,,,,,,
14022,,,,,,,,,,,,,,,,,,,,
14023,,,,,,,,,,,,,,,,,,,,
14024,,,,,,,,,,,,,,,,,,,,
14025,,,,,,,,,,,,,,,,,,,,
14027,,,,,,,,,,,,,,,,,,,,
14028,,,,,,,,,,,,,,,,,,,,
14029,,,,,,,,,,,,,,,,,,,,
14031,,,,,,,,,,,,,,,,,,,,
14033,,,,,,,,,,,,,,,,,,,,
14034,,,,,,,,,,,,,,,,,,,,
14035,,,,,,,,,,,,,,,,,,,,
14036,,,,,,,,,,,,,,,,,,,,
14038,,,,,,,,,,,,,,,,,,,,
14039,,,,,,,,,,,,,,,,,,,,
14041,,,,,,,,,,,,,,,,,,,,
14042,,,,,,,,,,,,,,,,,,,,
14043,,,,,,,,,,,,,,,,,,,,
14044,,,,,,,,,,,,,,,,,,,,
14045,,,,,,,,,,,,,,,,,,,,
14046,,,,,,,,,,,,,,,,,,,,
14047,,,,,,,,,,,,,,,,,,,,
14049,,,,,,,,,,,,,,,,,,,,
14050,,,,,,,,,,,,,,,,,,,,
14052,,,,,,,,,,,,,,,,,,,,
14053,,,,,,,,,,,,,,,,,,,,
14054,,,,,,,,,,,,,,,,,,,,
14055,,,,,,,,,,,,,,,,,,,,
14056,,,,,,,,,,,,,,,,,,,,
14057,,,,,,,,,,,,,,,,,,,,
14058,,,,,,,,,,,,,,,,,,,,
14059,,,,,,,,,,,,,,,,,,,,
14060,,,,,,,,,,,,,,,,,,,,
14062,,,,,,,,,,,,,,,,,,,,
14063,,,,,,,,,,,,,,,,,,,,
14064,,,,,,,,,,,,,,,,,,,,
14065,,,,,,,,,,,,,,,,,,,,
14066,,,,,,,,,,,,,,,,,,,,
14067,,,,,,,,,,,,,,,,,,,,
14068,,,,,,,,,,,,,,,,,,,,
14069,,,,,,,,,,,,,,,,,,,,
14070,,,,,,,,,,,,,,,,,,,,
14071,,,,,,,,,,,,,,,,,,,,
14072,,,,,,,,,,,,,,,,,,,,
14074,,,,,,,,,,,,,,,,,,,,
14075,,,,,,,,,,,,,,,,,,,,
14078,,,,,,,,,,,,,,,,,,,,
14079,,,,,,,,,,,,,,,,,,,,
14080,,,,,,,,,,,,,,,,,,,,
14081,,,,,,,,,,,,,,,,,,,,
14082,,,,,,,,,,,,,,,,,,,,
14083,,,,,,,,,,,,,,,,,,,,
14084,,,,,,,,,,,,,,,,,,,,
14087,,,,,,,,,,,,,,,,,,,,
14088,,,,,,,,,,,,,,,,,,,,
14089,,,,,,,,,,,,,,,,,,,,
14090,,,,,,,,,,,,,,,,,,,,
14092,,,,,,,,,,,,,,,,,,,,
14093,,,,,,,,,,,,,,,,,,,,
14094,,,,,,,,,,,,,,,,,,,,
14096,,,,,,,,,,,,,,,,,,,,
14097,,,,,,,,,,,,,,,,,,,,
14098,,,,,,,,,,,,,,,,,,,,
14099,,,,,,,,,,,,,,,,,,,,
14100,,,,,,,,,,,,,,,,,,,,
14101,,,,,,,,,,,,,,,,,,,,
14102,,,,,,,,,,,,,,,,,,,,
14103,,,,,,,,,,,,,,,,,,,,
14104,,,,,,,,,,,,,,,,,,,,
14105,,,,,,,,,,,,,,,,,,,,
14107,,,,,,,,,,,,,,,,,,,,
14108,,,,,,,,,,,,,,,,,,,,
14109,,,,,,,,,,,,,,,,,,,,
14110,,,,,,,,,,,,,,,,,,,,
14111,,,,,,,,,,,,,,,,,,,,
14112,,,,,,,,,,,,,,,,,,,,
14113,,,,,,,,,,,,,,,,,,,,
14114,,,,,,,,,,,,,,,,,,,,
14115,,,,,,,,,,,,,,,,,,,,
14116,,,,,,,,,,,,,,,,,,,,
14117,,,,,,,,,,,,,,,,,,,,
14118,,,,,,,,,,,,,,,,,,,,
14119,,,,,,,,,,,,,,,,,,,,
14120,,,,,,,,,,,,,,,,,,,,
14121,,,,,,,,,,,,,,,,,,,,
14122,,,,,,,,,,,,,,,,,,,,
14123,,,,,,,,,,,,,,,,,,,,
14124,,,,,,,,,,,,,,,,,,,,
14126,,,,,,,,,,,,,,,,,,,,
14128,,,,,,,,,,,,,,,,,,,,
14129,,,,,,,,,,,,,,,,,,,,
14130,,,,,,,,,,,,,,,,,,,,
14131,,,,,,,,,,,,,,,,,,,,
14132,,,,,,,,,,,,,,,,,,,,
14134,,,,,,,,,,,,,,,,,,,,
14136,,,,,,,,,,,,,,,,,,,,
14137,,,,,,,,,,,,,,,,,,,,
14138,,,,,,,,,,,,,,,,,,,,
14139,,,,,,,,,,,,,,,,,,,,
14141,,,,,,,,,,,,,,,,,,,,
14143,,,,,,,,,,,,,,,,,,,,
14144,,,,,,,,,,,,,,,,,,,,
14145,,,,,,,,,,,,,,,,,,,,
14146,,,,,,,,,,,,,,,,,,,,
14147,,,,,,,,,,,,,,,,,,,,
14149,,,,,,,,,,,,,,,,,,,,
14150,,,,,,,,,,,,,,,,,,,,
14152,,,,,,,,,,,,,,,,,,,,
14153,,,,,,,,,,,,,,,,,,,,
14154,,,,,,,,,,,,,,,,,,,,
14155,,,,,,,,,,,,,,,,,,,,
14156,,,,,,,,,,,,,,,,,,,,
14157,,,,,,,,,,,,,,,,,,,,
14158,,,,,,,,,,,,,,,,,,,,
14160,,,,,,,,,,,,,,,,,,,,
14161,,,,,,,,,,,,,,,,,,,,
14162,,,,,,,,,,,,,,,,,,,,
14163,,,,,,,,,,,,,,,,,,,,
14164,,,,,,,,,,,,,,,,,,,,
14165,,,,,,,,,,,,,,,,,,,,
14167,,,,,,,,,,,,,,,,,,,,
14168,,,,,,,,,,,,,,,,,,,,
14169,,,,,,,,,,,,,,,,,,,,
14170,,,,,,,,,,,,,,,,,,,,
14171,,,,,,,,,,,,,,,,,,,,
14173,,,,,,,,,,,,,,,,,,,,
14181,,,,,,,,,,,,,,,,,,,,
14182,,,,,,,,,,,,,,,,,,,,
14183,,,,,,,,,,,,,,,,,,,,
14184,,,,,,,,,,,,,,,,,,,,
14185,,,,,,,,,,,,,,,,,,,,
14186,,,,,,,,,,,,,,,,,,,,
14187,,,,,,,,,,,,,,,,,,,,
14188,,,,,,,,,,,,,,,,,,,,
14189,,,,,,,,,,,,,,,,,,,,
14190,,,,,,,,,,,,,,,,,,,,
14191,,,,,,,,,,,,,,,,,,,,
14192,,,,,,,,,,,,,,,,,,,,
14193,,,,,,,,,,,,,,,,,,,,
14194,,,,,,,,,,,,,,,,,,,,
14195,,,,,,,,,,,,,,,,,,,,
14197,,,,,,,,,,,,,,,,,,,,
14201,,,,,,,,,,,,,,,,,,,,
14202,,,,,,,,,,,,,,,,,,,,
14203,,,,,,,,,,,,,,,,,,,,
14204,,,,,,,,,,,,,,,,,,,,
14205,,,,,,,,,,,,,,,,,,,,
14206,,,,,,,,,,,,,,,,,,,,
14207,,,,,,,,,,,,,,,,,,,,
14208,,,,,,,,,,,,,,,,,,,,
14209,,,,,,,,,,,,,,,,,,,,
14210,,,,,,,,,,,,,,,,,,,,
14211,,,,,,,,,,,,,,,,,,,,
14212,,,,,,,,,,,,,,,,,,,,
14216,,,,,,,,,,,,,,,,,,,,
14217,,,,,,,,,,,,,,,,,,,,
14219,,,,,,,,,,,,,,,,,,,,
14225,,,,,,,,,,,,,,,,,,,,
14226,,,,,,,,,,,,,,,,,,,,
14227,,,,,,,,,,,,,,,,,,,,
14229,,,,,,,,,,,,,,,,,,,,
14230,,,,,,,,,,,,,,,,,,,,
14231,,,,,,,,,,,,,,,,,,,,
14232,,,,,,,,,,,,,,,,,,,,
14233,,,,,,,,,,,,,,,,,,,,
14234,,,,,,,,,,,,,,,,,,,,
14235,,,,,,,,,,,,,,,,,,,,
14237,,,,,,,,,,,,,,,,,,,,
14242,,,,,,,,,,,,,,,,,,,,
14243,,,,,,,,,,,,,,,,,,,,
14244,,,,,,,,,,,,,,,,,,,,
14245,,,,,,,,,,,,,,,,,,,,
14246,,,,,,,,,,,,,,,,,,,,
14247,,,,,,,,,,,,,,,,,,,,
14248,,,,,,,,,,,,,,,,,,,,
14249,,,,,,,,,,,,,,,,,,,,
14250,,,,,,,,,,,,,,,,,,,,
14253,,,,,,,,,,,,,,,,,,,,
14254,,,,,,,,,,,,,,,,,,,,
14255,,,,,,,,,,,,,,,,,,,,
14256,,,,,,,,,,,,,,,,,,,,
14259,,,,,,,,,,,,,,,,,,,,
14261,,,,,,,,,,,,,,,,,,,,
14263,,,,,,,,,,,,,,,,,,,,
14264,,,,,,,,,,,,,,,,,,,,
14265,,,,,,,,,,,,,,,,,,,,
14271,,,,,,,,,,,,,,,,,,,,
14272,,,,,,,,,,,,,,,,,,,,
14273,,,,,,,,,,,,,,,,,,,,
14274,,,,,,,,,,,,,,,,,,,,
14275,,,,,,,,,,,,,,,,,,,,
14276,,,,,,,,,,,,,,,,,,,,
14277,,,,,,,,,,,,,,,,,,,,
14278,,,,,,,,,,,,,,,,,,,,
14279,,,,,,,,,,,,,,,,,,,,
14280,,,,,,,,,,,,,,,,,,,,
14281,,,,,,,,,,,,,,,,,,,,
14282,,,,,,,,,,,,,,,,,,,,
14283,,,,,,,,,,,,,,,,,,,,
14284,,,,,,,,,,,,,,,,,,,,
14285,,,,,,,,,,,,,,,,,,,,
14286,,,,,,,,,,,,,,,,,,,,
14287,,,,,,,,,,,,,,,,,,,,
14288,,,,,,,,,,,,,,,,,,,,
14290,,,,,,,,,,,,,,,,,,,,
14291,,,,,,,,,,,,,,,,,,,,
14292,,,,,,,,,,,,,,,,,,,,
14293,,,,,,,,,,,,,,,,,,,,
14294,,,,,,,,,,,,,,,,,,,,
14295,,,,,,,,,,,,,,,,,,,,
14297,,,,,,,,,,,,,,,,,,,,
14298,,,,,,,,,,,,,,,,,,,,
14299,,,,,,,,,,,,,,,,,,,,
14300,,,,,,,,,,,,,,,,,,,,
14301,,,,,,,,,,,,,,,,,,,,
14302,,,,,,,,,,,,,,,,,,,,
14304,,,,,,,,,,,,,,,,,,,,
14305,,,,,,,,,,,,,,,,,,,,
14306,,,,,,,,,,,,,,,,,,,,
14307,,,,,,,,,,,,,,,,,,,,
14308,,,,,,,,,,,,,,,,,,,,
14309,,,,,,,,,,,,,,,,,,,,
14311,,,,,,,,,,,,,,,,,,,,
14314,,,,,,,,,,,,,,,,,,,,
14315,,,,,,,,,,,,,,,,,,,,
14321,,,,,,,,,,,,,,,,,,,,
14322,,,,,,,,,,,,,,,,,,,,
14323,,,,,,,,,,,,,,,,,,,,
14324,,,,,,,,,,,,,,,,,,,,
14325,,,,,,,,,,,,,,,,,,,,
14326,,,,,,,,,,,,,,,,,,,,
14329,,,,,,,,,,,,,,,,,,,,
14330,,,,,,,,,,,,,,,,,,,,
14335,,,,,,,,,,,,,,,,,,,,
14343,,,,,,,,,,,,,,,,,,,,
14344,,,,,,,,,,,,,,,,,,,,
14345,,,,,,,,,,,,,,,,,,,,
14347,,,,,,,,,,,,,,,,,,,,
14348,,,,,,,,,,,,,,,,,,,,
14349,,,,,,,,,,,,,,,,,,,,
14350,,,,,,,,,,,,,,,,,,,,
14351,,,,,,,,,,,,,,,,,,,,
14353,,,,,,,,,,,,,,,,,,,,
14354,,,,,,,,,,,,,,,,,,,,
14355,,,,,,,,,,,,,,,,,,,,
14356,,,,,,,,,,,,,,,,,,,,
14357,,,,,,,,,,,,,,,,,,,,
14358,,,,,,,,,,,,,,,,,,,,
14359,,,,,,,,,,,,,,,,,,,,
14360,,,,,,,,,,,,,,,,,,,,
14361,,,,,,,,,,,,,,,,,,,,
14362,,,,,,,,,,,,,,,,,,,,
14363,,,,,,,,,,,,,,,,,,,,
14364,,,,,,,,,,,,,,,,,,,,
14365,,,,,,,,,,,,,,,,,,,,
14367,,,,,,,,,,,,,,,,,,,,
14368,,,,,,,,,,,,,,,,,,,,
14369,,,,,,,,,,,,,,,,,,,,
14370,,,,,,,,,,,,,,,,,,,,
14371,,,,,,,,,,,,,,,,,,,,
14372,,,,,,,,,,,,,,,,,,,,
14374,,,,,,,,,,,,,,,,,,,,
14375,,,,,,,,,,,,,,,,,,,,
14376,,,,,,,,,,,,,,,,,,,,
14379,,,,,,,,,,,,,,,,,,,,
14380,,,,,,,,,,,,,,,,,,,,
14381,,,,,,,,,,,,,,,,,,,,
14382,,,,,,,,,,,,,,,,,,,,
14383,,,,,,,,,,,,,,,,,,,,
14384,,,,,,,,,,,,,,,,,,,,
14385,,,,,,,,,,,,,,,,,,,,
14386,,,,,,,,,,,,,,,,,,,,
14387,,,,,,,,,,,,,,,,,,,,
14388,,,,,,,,,,,,,,,,,,,,
14389,,,,,,,,,,,,,,,,,,,,
14390,,,,,,,,,,,,,,,,,,,,
14391,,,,,,,,,,,,,,,,,,,,
14392,,,,,,,,,,,,,,,,,,,,
14393,,,,,,,,,,,,,,,,,,,,
14394,,,,,,,,,,,,,,,,,,,,
14395,,,,,,,,,,,,,,,,,,,,
14396,,,,,,,,,,,,,,,,,,,,
14397,,,,,,,,,,,,,,,,,,,,
14398,,,,,,,,,,,,,,,,,,,,
14399,,,,,,,,,,,,,,,,,,,,
14401,,,,,,,,,,,,,,,,,,,,
14405,,,,,,,,,,,,,,,,,,,,
14406,,,,,,,,,,,,,,,,,,,,
14407,,,,,,,,,,,,,,,,,,,,
14408,,,,,,,,,,,,,,,,,,,,
14410,,,,,,,,,,,,,,,,,,,,
14414,,,,,,,,,,,,,,,,,,,,
14415,,,,,,,,,,,,,,,,,,,,
14416,,,,,,,,,,,,,,,,,,,,
14417,,,,,,,,,,,,,,,,,,,,
14418,,,,,,,,,,,,,,,,,,,,
14421,,,,,,,,,,,,,,,,,,,,
14422,,,,,,,,,,,,,,,,,,,,
14423,,,,,,,,,,,,,,,,,,,,
14424,,,,,,,,,,,,,,,,,,,,
14425,,,,,,,,,,,,,,,,,,,,
14426,,,,,,,,,,,,,,,,,,,,
14427,,,,,,,,,,,,,,,,,,,,
14428,,,,,,,,,,,,,,,,,,,,
14429,,,,,,,,,,,,,,,,,,,,
14431,,,,,,,,,,,,,,,,,,,,
14432,,,,,,,,,,,,,,,,,,,,
14433,,,,,,,,,,,,,,,,,,,,
14435,,,,,,,,,,,,,,,,,,,,
14436,,,,,,,,,,,,,,,,,,,,
14437,,,,,,,,,,,,,,,,,,,,
14438,,,,,,,,,,,,,,,,,,,,
14439,,,,,,,,,,,,,,,,,,,,
14440,,,,,,,,,,,,,,,,,,,,
14441,,,,,,,,,,,,,,,,,,,,
14442,,,,,,,,,,,,,,,,,,,,
14443,,,,,,,,,,,,,,,,,,,,
14448,,,,,,,,,,,,,,,,,,,,
14449,,,,,,,,,,,,,,,,,,,,
14450,,,,,,,,,,,,,,,,,,,,
14451,,,,,,,,,,,,,,,,,,,,
14452,,,,,,,,,,,,,,,,,,,,
14453,,,,,,,,,,,,,,,,,,,,
14454,,,,,,,,,,,,,,,,,,,,
14455,,,,,,,,,,,,,,,,,,,,
14456,,,,,,,,,,,,,,,,,,,,
14457,,,,,,,,,,,,,,,,,,,,
14458,,,,,,,,,,,,,,,,,,,,
14459,,,,,,,,,,,,,,,,,,,,
14460,,,,,,,,,,,,,,,,,,,,
14461,,,,,,,,,,,,,,,,,,,,
14462,,,,,,,,,,,,,,,,,,,,
14463,,,,,,,,,,,,,,,,,,,,
14464,,,,,,,,,,,,,,,,,,,,
14465,,,,,,,,,,,,,,,,,,,,
14466,,,,,,,,,,,,,,,,,,,,
14467,,,,,,,,,,,,,,,,,,,,
14470,,,,,,,,,,,,,,,,,,,,
14472,,,,,,,,,,,,,,,,,,,,
14473,,,,,,,,,,,,,,,,,,,,
14474,,,,,,,,,,,,,,,,,,,,
14475,,,,,,,,,,,,,,,,,,,,
14476,,,,,,,,,,,,,,,,,,,,
14477,,,,,,,,,,,,,,,,,,,,
14480,,,,,,,,,,,,,,,,,,,,
14482,,,,,,,,,,,,,,,,,,,,
14485,,,,,,,,,,,,,,,,,,,,
14486,,,,,,,,,,,,,,,,,,,,
14489,,,,,,,,,,,,,,,,,,,,
14490,,,,,,,,,,,,,,,,,,,,
14492,,,,,,,,,,,,,,,,,,,,
14494,,,,,,,,,,,,,,,,,,,,
14495,,,,,,,,,,,,,,,,,,,,
14497,,,,,,,,,,,,,,,,,,,,
14498,,,,,,,,,,,,,,,,,,,,
14499,,,,,,,,,,,,,,,,,,,,
14500,,,,,,,,,,,,,,,,,,,,
14501,,,,,,,,,,,,,,,,,,,,
14503,,,,,,,,,,,,,,,,,,,,
14504,,,,,,,,,,,,,,,,,,,,
14505,,,,,,,,,,,,,,,,,,,,
14507,,,,,,,,,,,,,,,,,,,,
14508,,,,,,,,,,,,,,,,,,,,
14510,,,,,,,,,,,,,,,,,,,,
14511,,,,,,,,,,,,,,,,,,,,
14512,,,,,,,,,,,,,,,,,,,,
14514,,,,,,,,,,,,,,,,,,,,
14515,,,,,,,,,,,,,,,,,,,,
14516,,,,,,,,,,,,,,,,,,,,
14517,,,,,,,,,,,,,,,,,,,,
14518,,,,,,,,,,,,,,,,,,,,
14519,,,,,,,,,,,,,,,,,,,,
14520,,,,,,,,,,,,,,,,,,,,
14521,,,,,,,,,,,,,,,,,,,,
14522,,,,,,,,,,,,,,,,,,,,
14523,,,,,,,,,,,,,,,,,,,,
14524,,,,,,,,,,,,,,,,,,,,
14525,,,,,,,,,,,,,,,,,,,,
14526,,,,,,,,,,,,,,,,,,,,
14527,,,,,,,,,,,,,,,,,,,,
14529,,,,,,,,,,,,,,,,,,,,
14530,,,,,,,,,,,,,,,,,,,,
14531,,,,,,,,,,,,,,,,,,,,
14532,,,,,,,,,,,,,,,,,,,,
14533,,,,,,,,,,,,,,,,,,,,
14534,,,,,,,,,,,,,,,,,,,,
14535,,,,,,,,,,,,,,,,,,,,
14536,,,,,,,,,,,,,,,,,,,,
14537,,,,,,,,,,,,,,,,,,,,
14539,,,,,,,,,,,,,,,,,,,,
14540,,,,,,,,,,,,,,,,,,,,
14541,,,,,,,,,,,,,,,,,,,,
14542,,,,,,,,,,,,,,,,,,,,
14543,,,,,,,,,,,,,,,,,,,,
14544,,,,,,,,,,,,,,,,,,,,
14546,,,,,,,,,,,,,,,,,,,,
14547,,,,,,,,,,,,,,,,,,,,
14548,,,,,,,,,,,,,,,,,,,,
14549,,,,,,,,,,,,,,,,,,,,
14550,,,,,,,,,,,,,,,,,,,,
14552,,,,,,,,,,,,,,,,,,,,
14553,,,,,,,,,,,,,,,,,,,,
14554,,,,,,,,,,,,,,,,,,,,
14556,,,,,,,,,,,,,,,,,,,,
14558,,,,,,,,,,,,,,,,,,,,
14560,,,,,,,,,,,,,,,,,,,,
14563,,,,,,,,,,,,,,,,,,,,
14564,,,,,,,,,,,,,,,,,,,,
14565,,,,,,,,,,,,,,,,,,,,
14567,,,,,,,,,,,,,,,,,,,,
14568,,,,,,,,,,,,,,,,,,,,
14570,,,,,,,,,,,,,,,,,,,,
14571,,,,,,,,,,,,,,,,,,,,
14572,,,,,,,,,,,,,,,,,,,,
14575,,,,,,,,,,,,,,,,,,,,
14577,,,,,,,,,,,,,,,,,,,,
14578,,,,,,,,,,,,,,,,,,,,
14579,,,,,,,,,,,,,,,,,,,,
14580,,,,,,,,,,,,,,,,,,,,
14581,,,,,,,,,,,,,,,,,,,,
14582,,,,,,,,,,,,,,,,,,,,
14583,,,,,,,,,,,,,,,,,,,,
14586,,,,,,,,,,,,,,,,,,,,
14588,,,,,,,,,,,,,,,,,,,,
14589,,,,,,,,,,,,,,,,,,,,
14590,,,,,,,,,,,,,,,,,,,,
14591,,,,,,,,,,,,,,,,,,,,
14592,,,,,,,,,,,,,,,,,,,,
14594,,,,,,,,,,,,,,,,,,,,
14595,,,,,,,,,,,,,,,,,,,,
14596,,,,,,,,,,,,,,,,,,,,
14599,,,,,,,,,,,,,,,,,,,,
14600,,,,,,,,,,,,,,,,,,,,
14601,,,,,,,,,,,,,,,,,,,,
14602,,,,,,,,,,,,,,,,,,,,
14603,,,,,,,,,,,,,,,,,,,,
14604,,,,,,,,,,,,,,,,,,,,
14605,,,,,,,,,,,,,,,,,,,,
14606,,,,,,,,,,,,,,,,,,,,
14607,,,,,,,,,,,,,,,,,,,,
14608,,,,,,,,,,,,,,,,,,,,
14610,,,,,,,,,,,,,,,,,,,,
14611,,,,,,,,,,,,,,,,,,,,
14612,,,,,,,,,,,,,,,,,,,,
14613,,,,,,,,,,,,,,,,,,,,
14614,,,,,,,,,,,,,,,,,,,,
14615,,,,,,,,,,,,,,,,,,,,
14616,,,,,,,,,,,,,,,,,,,,
14617,,,,,,,,,,,,,,,,,,,,
14618,,,,,,,,,,,,,,,,,,,,
14619,,,,,,,,,,,,,,,,,,,,
14623,,,,,,,,,,,,,,,,,,,,
14624,,,,,,,,,,,,,,,,,,,,
14625,,,,,,,,,,,,,,,,,,,,
14627,,,,,,,,,,,,,,,,,,,,
14628,,,,,,,,,,,,,,,,,,,,
14633,,,,,,,,,,,,,,,,,,,,
14635,,,,,,,,,,,,,,,,,,,,
14636,,,,,,,,,,,,,,,,,,,,
14637,,,,,,,,,,,,,,,,,,,,
14638,,,,,,,,,,,,,,,,,,,,
14639,,,,,,,,,,,,,,,,,,,,
14642,,,,,,,,,,,,,,,,,,,,
14643,,,,,,,,,,,,,,,,,,,,
14644,,,,,,,,,,,,,,,,,,,,
14645,,,,,,,,,,,,,,,,,,,,
14646,,,,,,,,,,,,,,,,,,,,
14647,,,,,,,,,,,,,,,,,,,,
14648,,,,,,,,,,,,,,,,,,,,
14649,,,,,,,,,,,,,,,,,,,,
14650,,,,,,,,,,,,,,,,,,,,
14651,,,,,,,,,,,,,,,,,,,,
14652,,,,,,,,,,,,,,,,,,,,
14653,,,,,,,,,,,,,,,,,,,,
14654,,,,,,,,,,,,,,,,,,,,
14655,,,,,,,,,,,,,,,,,,,,
14656,,,,,,,,,,,,,,,,,,,,
14657,,,,,,,,,,,,,,,,,,,,
14658,,,,,,,,,,,,,,,,,,,,
14660,,,,,,,,,,,,,,,,,,,,
14661,,,,,,,,,,,,,,,,,,,,
14662,,,,,,,,,,,,,,,,,,,,
14663,,,,,,,,,,,,,,,,,,,,
14664,,,,,,,,,,,,,,,,,,,,
14665,,,,,,,,,,,,,,,,,,,,
14666,,,,,,,,,,,,,,,,,,,,
14667,,,,,,,,,,,,,,,,,,,,
14668,,,,,,,,,,,,,,,,,,,,
14670,,,,,,,,,,,,,,,,,,,,
14671,,,,,,,,,,,,,,,,,,,,
14672,,,,,,,,,,,,,,,,,,,,
14673,,,,,,,,,,,,,,,,,,,,
14675,,,,,,,,,,,,,,,,,,,,
14676,,,,,,,,,,,,,,,,,,,,
14677,,,,,,,,,,,,,,,,,,,,
14678,,,,,,,,,,,,,,,,,,,,
14679,,,,,,,,,,,,,,,,,,,,
14680,,,,,,,,,,,,,,,,,,,,
14681,,,,,,,,,,,,,,,,,,,,
14682,,,,,,,,,,,,,,,,,,,,
14683,,,,,,,,,,,,,,,,,,,,
14684,,,,,,,,,,,,,,,,,,,,
14686,,,,,,,,,,,,,,,,,,,,
14687,,,,,,,,,,,,,,,,,,,,
14688,,,,,,,,,,,,,,,,,,,,
14689,,,,,,,,,,,,,,,,,,,,
14691,,,,,,,,,,,,,,,,,,,,
14692,,,,,,,,,,,,,,,,,,,,
14693,,,,,,,,,,,,,,,,,,,,
14695,,,,,,,,,,,,,,,,,,,,
14696,,,,,,,,,,,,,,,,,,,,
14700,,,,,,,,,,,,,,,,,,,,
14701,,,,,,,,,,,,,,,,,,,,
14702,,,,,,,,,,,,,,,,,,,,
14704,,,,,,,,,,,,,,,,,,,,
14705,,,,,,,,,,,,,,,,,,,,
14707,,,,,,,,,,,,,,,,,,,,
14708,,,,,,,,,,,,,,,,,,,,
14709,,,,,,,,,,,,,,,,,,,,
14710,,,,,,,,,,,,,,,,,,,,
14711,,,,,,,,,,,,,,,,,,,,
14712,,,,,,,,,,,,,,,,,,,,
14715,,,,,,,,,,,,,,,,,,,,
14716,,,,,,,,,,,,,,,,,,,,
14717,,,,,,,,,,,,,,,,,,,,
14718,,,,,,,,,,,,,,,,,,,,
14719,,,,,,,,,,,,,,,,,,,,
14720,,,,,,,,,,,,,,,,,,,,
14721,,,,,,,,,,,,,,,,,,,,
14722,,,,,,,,,,,,,,,,,,,,
14723,,,,,,,,,,,,,,,,,,,,
14724,,,,,,,,,,,,,,,,,,,,
14725,,,,,,,,,,,,,,,,,,,,
14726,,,,,,,,,,,,,,,,,,,,
14727,,,,,,,,,,,,,,,,,,,,
14728,,,,,,,,,,,,,,,,,,,,
14729,,,,,,,,,,,,,,,,,,,,
14730,,,,,,,,,,,,,,,,,,,,
14731,,,,,,,,,,,,,,,,,,,,
14732,,,,,,,,,,,,,,,,,,,,
14733,,,,,,,,,,,,,,,,,,,,
14734,,,,,,,,,,,,,,,,,,,,
14736,,,,,,,,,,,,,,,,,,,,
14737,,,,,,,,,,,,,,,,,,,,
14745,,,,,,,,,,,,,,,,,,,,
14746,,,,,,,,,,,,,,,,,,,,
14747,,,,,,,,,,,,,,,,,,,,
14749,,,,,,,,,,,,,,,,,,,,
14750,,,,,,,,,,,,,,,,,,,,
14751,,,,,,,,,,,,,,,,,,,,
14752,,,,,,,,,,,,,,,,,,,,
14753,,,,,,,,,,,,,,,,,,,,
14754,,,,,,,,,,,,,,,,,,,,
14755,,,,,,,,,,,,,,,,,,,,
14756,,,,,,,,,,,,,,,,,,,,
14757,,,,,,,,,,,,,,,,,,,,
14758,,,,,,,,,,,,,,,,,,,,
14759,,,,,,,,,,,,,,,,,,,,
14760,,,,,,,,,,,,,,,,,,,,
14761,,,,,,,,,,,,,,,,,,,,
14762,,,,,,,,,,,,,,,,,,,,
14765,,,,,,,,,,,,,,,,,,,,
14766,,,,,,,,,,,,,,,,,,,,
14767,,,,,,,,,,,,,,,,,,,,
14769,,,,,,,,,,,,,,,,,,,,
14770,,,,,,,,,,,,,,,,,,,,
14771,,,,,,,,,,,,,,,,,,,,
14772,,,,,,,,,,,,,,,,,,,,
14773,,,,,,,,,,,,,,,,,,,,
14774,,,,,,,,,,,,,,,,,,,,
14775,,,,,,,,,,,,,,,,,,,,
14776,,,,,,,,,,,,,,,,,,,,
14777,,,,,,,,,,,,,,,,,,,,
14778,,,,,,,,,,,,,,,,,,,,
14779,,,,,,,,,,,,,,,,,,,,
14780,,,,,,,,,,,,,,,,,,,,
14781,,,,,,,,,,,,,,,,,,,,
14783,,,,,,,,,,,,,,,,,,,,
14784,,,,,,,,,,,,,,,,,,,,
14786,,,,,,,,,,,,,,,,,,,,
14789,,,,,,,,,,,,,,,,,,,,
14790,,,,,,,,,,,,,,,,,,,,
14791,,,,,,,,,,,,,,,,,,,,
14792,,,,,,,,,,,,,,,,,,,,
14794,,,,,,,,,,,,,,,,,,,,
14795,,,,,,,,,,,,,,,,,,,,
14796,,,,,,,,,,,,,,,,,,,,
14797,,,,,,,,,,,,,,,,,,,,
14799,,,,,,,,,,,,,,,,,,,,
14803,,,,,,,,,,,,,,,,,,,,
14804,,,,,,,,,,,,,,,,,,,,
14805,,,,,,,,,,,,,,,,,,,,
14807,,,,,,,,,,,,,,,,,,,,
14810,,,,,,,,,,,,,,,,,,,,
14812,,,,,,,,,,,,,,,,,,,,
14813,,,,,,,,,,,,,,,,,,,,
14814,,,,,,,,,,,,,,,,,,,,
14815,,,,,,,,,,,,,,,,,,,,
14817,,,,,,,,,,,,,,,,,,,,
14818,,,,,,,,,,,,,,,,,,,,
14819,,,,,,,,,,,,,,,,,,,,
14820,,,,,,,,,,,,,,,,,,,,
14821,,,,,,,,,,,,,,,,,,,,
14822,,,,,,,,,,,,,,,,,,,,
14823,,,,,,,,,,,,,,,,,,,,
14824,,,,,,,,,,,,,,,,,,,,
14825,,,,,,,,,,,,,,,,,,,,
14826,,,,,,,,,,,,,,,,,,,,
14827,,,,,,,,,,,,,,,,,,,,
14828,,,,,,,,,,,,,,,,,,,,
14829,,,,,,,,,,,,,,,,,,,,
14830,,,,,,,,,,,,,,,,,,,,
14831,,,,,,,,,,,,,,,,,,,,
14832,,,,,,,,,,,,,,,,,,,,
14833,,,,,,,,,,,,,,,,,,,,
14834,,,,,,,,,,,,,,,,,,,,
14836,,,,,,,,,,,,,,,,,,,,
14838,,,,,,,,,,,,,,,,,,,,
14839,,,,,,,,,,,,,,,,,,,,
14840,,,,,,,,,,,,,,,,,,,,
14841,,,,,,,,,,,,,,,,,,,,
14842,,,,,,,,,,,,,,,,,,,,
14843,,,,,,,,,,,,,,,,,,,,
14844,,,,,,,,,,,,,,,,,,,,
14846,,,,,,,,,,,,,,,,,,,,
14847,,,,,,,,,,,,,,,,,,,,
14848,,,,,,,,,,,,,,,,,,,,
14849,,,,,,,,,,,,,,,,,,,,
14850,,,,,,,,,,,,,,,,,,,,
14851,,,,,,,,,,,,,,,,,,,,
14852,,,,,,,,,,,,,,,,,,,,
14853,,,,,,,,,,,,,,,,,,,,
14854,,,,,,,,,,,,,,,,,,,,
14855,,,,,,,,,,,,,,,,,,,,
14856,,,,,,,,,,,,,,,,,,,,
14857,,,,,,,,,,,,,,,,,,,,
14858,,,,,,,,,,,,,,,,,,,,
14859,,,,,,,,,,,,,,,,,,,,
14861,,,,,,,,,,,,,,,,,,,,
14862,,,,,,,,,,,,,,,,,,,,
14863,,,,,,,,,,,,,,,,,,,,
14864,,,,,,,,,,,,,,,,,,,,
14865,,,,,,,,,,,,,,,,,,,,
14867,,,,,,,,,,,,,,,,,,,,
14869,,,,,,,,,,,,,,,,,,,,
14870,,,,,,,,,,,,,,,,,,,,
14872,,,,,,,,,,,,,,,,,,,,
14873,,,,,,,,,,,,,,,,,,,,
14874,,,,,,,,,,,,,,,,,,,,
14875,,,,,,,,,,,,,,,,,,,,
14876,,,,,,,,,,,,,,,,,,,,
14877,,,,,,,,,,,,,,,,,,,,
14878,,,,,,,,,,,,,,,,,,,,
14880,,,,,,,,,,,,,,,,,,,,
14881,,,,,,,,,,,,,,,,,,,,
14883,,,,,,,,,,,,,,,,,,,,
14885,,,,,,,,,,,,,,,,,,,,
14886,,,,,,,,,,,,,,,,,,,,
14887,,,,,,,,,,,,,,,,,,,,
14888,,,,,,,,,,,,,,,,,,,,
14889,,,,,,,,,,,,,,,,,,,,
14890,,,,,,,,,,,,,,,,,,,,
14891,,,,,,,,,,,,,,,,,,,,
14892,,,,,,,,,,,,,,,,,,,,
14893,,,,,,,,,,,,,,,,,,,,
14894,,,,,,,,,,,,,,,,,,,,
14895,,,,,,,,,,,,,,,,,,,,
14896,,,,,,,,,,,,,,,,,,,,
14897,,,,,,,,,,,,,,,,,,,,
14898,,,,,,,,,,,,,,,,,,,,
14900,,,,,,,,,,,,,,,,,,,,
14901,,,,,,,,,,,,,,,,,,,,
14902,,,,,,,,,,,,,,,,,,,,
14903,,,,,,,,,,,,,,,,,,,,
14904,,,,,,,,,,,,,,,,,,,,
14905,,,,,,,,,,,,,,,,,,,,
14906,,,,,,,,,,,,,,,,,,,,
14907,,,,,,,,,,,,,,,,,,,,
14909,,,,,,,,,,,,,,,,,,,,
14910,,,,,,,,,,,,,,,,,,,,
14911,,,,,,,,,,,,,,,,,,,,
14912,,,,,,,,,,,,,,,,,,,,
14913,,,,,,,,,,,,,,,,,,,,
14914,,,,,,,,,,,,,,,,,,,,
14915,,,,,,,,,,,,,,,,,,,,
14916,,,,,,,,,,,,,,,,,,,,
14917,,,,,,,,,,,,,,,,,,,,
14918,,,,,,,,,,,,,,,,,,,,
14919,,,,,,,,,,,,,,,,,,,,
14920,,,,,,,,,,,,,,,,,,,,
14921,,,,,,,,,,,,,,,,,,,,
14923,,,,,,,,,,,,,,,,,,,,
14924,,,,,,,,,,,,,,,,,,,,
14925,,,,,,,,,,,,,,,,,,,,
14927,,,,,,,,,,,,,,,,,,,,
14928,,,,,,,,,,,,,,,,,,,,
14929,,,,,,,,,,,,,,,,,,,,
14930,,,,,,,,,,,,,,,,,,,,
14932,,,,,,,,,,,,,,,,,,,,
14933,,,,,,,,,,,,,,,,,,,,
14935,,,,,,,,,,,,,,,,,,,,
14936,,,,,,,,,,,,,,,,,,,,
14938,,,,,,,,,,,,,,,,,,,,
14939,,,,,,,,,,,,,,,,,,,,
14940,,,,,,,,,,,,,,,,,,,,
14941,,,,,,,,,,,,,,,,,,,,
14943,,,,,,,,,,,,,,,,,,,,
14944,,,,,,,,,,,,,,,,,,,,
14945,,,,,,,,,,,,,,,,,,,,
14947,,,,,,,,,,,,,,,,,,,,
14948,,,,,,,,,,,,,,,,,,,,
14949,,,,,,,,,,,,,,,,,,,,
14951,,,,,,,,,,,,,,,,,,,,
14952,,,,,,,,,,,,,,,,,,,,
14953,,,,,,,,,,,,,,,,,,,,
14954,,,,,,,,,,,,,,,,,,,,
14955,,,,,,,,,,,,,,,,,,,,
14956,,,,,,,,,,,,,,,,,,,,
14959,,,,,,,,,,,,,,,,,,,,
14960,,,,,,,,,,,,,,,,,,,,
14961,,,,,,,,,,,,,,,,,,,,
14962,,,,,,,,,,,,,,,,,,,,
14963,,,,,,,,,,,,,,,,,,,,
14964,,,,,,,,,,,,,,,,,,,,
14965,,,,,,,,,,,,,,,,,,,,
14966,,,,,,,,,,,,,,,,,,,,
14967,,,,,,,,,,,,,,,,,,,,
14968,,,,,,,,,,,,,,,,,,,,
14969,,,,,,,,,,,,,,,,,,,,
14970,,,,,,,,,,,,,,,,,,,,
14971,,,,,,,,,,,,,,,,,,,,
14972,,,,,,,,,,,,,,,,,,,,
14974,,,,,,,,,,,,,,,,,,,,
14975,,,,,,,,,,,,,,,,,,,,
14976,,,,,,,,,,,,,,,,,,,,
14977,,,,,,,,,,,,,,,,,,,,
14978,,,,,,,,,,,,,,,,,,,,
14979,,,,,,,,,,,,,,,,,,,,
14981,,,,,,,,,,,,,,,,,,,,
14982,,,,,,,,,,,,,,,,,,,,
14983,,,,,,,,,,,,,,,,,,,,
14984,,,,,,,,,,,,,,,,,,,,
14985,,,,,,,,,,,,,,,,,,,,
14986,,,,,,,,,,,,,,,,,,,,
14987,,,,,,,,,,,,,,,,,,,,
14989,,,,,,,,,,,,,,,,,,,,
14990,,,,,,,,,,,,,,,,,,,,
14992,,,,,,,,,,,,,,,,,,,,
14993,,,,,,,,,,,,,,,,,,,,
14994,,,,,,,,,,,,,,,,,,,,
14995,,,,,,,,,,,,,,,,,,,,
14996,,,,,,,,,,,,,,,,,,,,
14997,,,,,,,,,,,,,,,,,,,,
14998,,,,,,,,,,,,,,,,,,,,
14999,,,,,,,,,,,,,,,,,,,,
15000,,,,,,,,,,,,,,,,,,,,
15001,,,,,,,,,,,,,,,,,,,,
15002,,,,,,,,,,,,,,,,,,,,
15003,,,,,,,,,,,,,,,,,,,,
15004,,,,,,,,,,,,,,,,,,,,
15005,,,,,,,,,,,,,,,,,,,,
15006,,,,,,,,,,,,,,,,,,,,
15007,,,,,,,,,,,,,,,,,,,,
15008,,,,,,,,,,,,,,,,,,,,
15009,,,,,,,,,,,,,,,,,,,,
15010,,,,,,,,,,,,,,,,,,,,
15011,,,,,,,,,,,,,,,,,,,,
15012,,,,,,,,,,,,,,,,,,,,
15013,,,,,,,,,,,,,,,,,,,,
15014,,,,,,,,,,,,,,,,,,,,
15015,,,,,,,,,,,,,,,,,,,,
15016,,,,,,,,,,,,,,,,,,,,
15017,,,,,,,,,,,,,,,,,,,,
15018,,,,,,,,,,,,,,,,,,,,
15020,,,,,,,,,,,,,,,,,,,,
15021,,,,,,,,,,,,,,,,,,,,
15022,,,,,,,,,,,,,,,,,,,,
15024,,,,,,,,,,,,,,,,,,,,
15025,,,,,,,,,,,,,,,,,,,,
15026,,,,,,,,,,,,,,,,,,,,
15027,,,,,,,,,,,,,,,,,,,,
15028,,,,,,,,,,,,,,,,,,,,
15029,,,,,,,,,,,,,,,,,,,,
15030,,,,,,,,,,,,,,,,,,,,
15031,,,,,,,,,,,,,,,,,,,,
15033,,,,,,,,,,,,,,,,,,,,
15034,,,,,,,,,,,,,,,,,,,,
15036,,,,,,,,,,,,,,,,,,,,
15037,,,,,,,,,,,,,,,,,,,,
15038,,,,,,,,,,,,,,,,,,,,
15039,,,,,,,,,,,,,,,,,,,,
15041,,,,,,,,,,,,,,,,,,,,
15042,,,,,,,,,,,,,,,,,,,,
15043,,,,,,,,,,,,,,,,,,,,
15044,,,,,,,,,,,,,,,,,,,,
15045,,,,,,,,,,,,,,,,,,,,
15047,,,,,,,,,,,,,,,,,,,,
15048,,,,,,,,,,,,,,,,,,,,
15050,,,,,,,,,,,,,,,,,,,,
15053,,,,,,,,,,,,,,,,,,,,
15054,,,,,,,,,,,,,,,,,,,,
15055,,,,,,,,,,,,,,,,,,,,
15056,,,,,,,,,,,,,,,,,,,,
15058,,,,,,,,,,,,,,,,,,,,
15059,,,,,,,,,,,,,,,,,,,,
15061,,,,,,,,,,,,,,,,,,,,
15062,,,,,,,,,,,,,,,,,,,,
15063,,,,,,,,,,,,,,,,,,,,
15064,,,,,,,,,,,,,,,,,,,,
15065,,,,,,,,,,,,,,,,,,,,
15067,,,,,,,,,,,,,,,,,,,,
15068,,,,,,,,,,,,,,,,,,,,
15069,,,,,,,,,,,,,,,,,,,,
15070,,,,,,,,,,,,,,,,,,,,
15071,,,,,,,,,,,,,,,,,,,,
15072,,,,,,,,,,,,,,,,,,,,
15073,,,,,,,,,,,,,,,,,,,,
15074,,,,,,,,,,,,,,,,,,,,
15075,,,,,,,,,,,,,,,,,,,,
15076,,,,,,,,,,,,,,,,,,,,
15077,,,,,,,,,,,,,,,,,,,,
15078,,,,,,,,,,,,,,,,,,,,
15080,,,,,,,,,,,,,,,,,,,,
15081,,,,,,,,,,,,,,,,,,,,
15082,,,,,,,,,,,,,,,,,,,,
15083,,,,,,,,,,,,,,,,,,,,
15084,,,,,,,,,,,,,,,,,,,,
15085,,,,,,,,,,,,,,,,,,,,
15086,,,,,,,,,,,,,,,,,,,,
15087,,,,,,,,,,,,,,,,,,,,
15088,,,,,,,,,,,,,,,,,,,,
15089,,,,,,,,,,,,,,,,,,,,
15090,,,,,,,,,,,,,,,,,,,,
15092,,,,,,,,,,,,,,,,,,,,
15093,,,,,,,,,,,,,,,,,,,,
15094,,,,,,,,,,,,,,,,,,,,
15095,,,,,,,,,,,,,,,,,,,,
15096,,,,,,,,,,,,,,,,,,,,
15097,,,,,,,,,,,,,,,,,,,,
15098,,,,,,,,,,,,,,,,,,,,
15100,,,,,,,,,,,,,,,,,,,,
15101,,,,,,,,,,,,,,,,,,,,
15102,,,,,,,,,,,,,,,,,,,,
15103,,,,,,,,,,,,,,,,,,,,
15104,,,,,,,,,,,,,,,,,,,,
15105,,,,,,,,,,,,,,,,,,,,
15107,,,,,,,,,,,,,,,,,,,,
15108,,,,,,,,,,,,,,,,,,,,
15109,,,,,,,,,,,,,,,,,,,,
15110,,,,,,,,,,,,,,,,,,,,
15112,,,,,,,,,,,,,,,,,,,,
15113,,,,,,,,,,,,,,,,,,,,
15114,,,,,,,,,,,,,,,,,,,,
15115,,,,,,,,,,,,,,,,,,,,
15116,,,,,,,,,,,,,,,,,,,,
15117,,,,,,,,,,,,,,,,,,,,
15118,,,,,,,,,,,,,,,,,,,,
15119,,,,,,,,,,,,,,,,,,,,
15120,,,,,,,,,,,,,,,,,,,,
15121,,,,,,,,,,,,,,,,,,,,
15122,,,,,,,,,,,,,,,,,,,,
15123,,,,,,,,,,,,,,,,,,,,
15124,,,,,,,,,,,,,,,,,,,,
15126,,,,,,,,,,,,,,,,,,,,
15128,,,,,,,,,,,,,,,,,,,,
15129,,,,,,,,,,,,,,,,,,,,
15130,,,,,,,,,,,,,,,,,,,,
15132,,,,,,,,,,,,,,,,,,,,
15133,,,,,,,,,,,,,,,,,,,,
15134,,,,,,,,,,,,,,,,,,,,
15135,,,,,,,,,,,,,,,,,,,,
15136,,,,,,,,,,,,,,,,,,,,
15137,,,,,,,,,,,,,,,,,,,,
15138,,,,,,,,,,,,,,,,,,,,
15139,,,,,,,,,,,,,,,,,,,,
15140,,,,,,,,,,,,,,,,,,,,
15141,,,,,,,,,,,,,,,,,,,,
15142,,,,,,,,,,,,,,,,,,,,
15143,,,,,,,,,,,,,,,,,,,,
15144,,,,,,,,,,,,,,,,,,,,
15145,,,,,,,,,,,,,,,,,,,,
15146,,,,,,,,,,,,,,,,,,,,
15148,,,,,,,,,,,,,,,,,,,,
15149,,,,,,,,,,,,,,,,,,,,
15150,,,,,,,,,,,,,,,,,,,,
15151,,,,,,,,,,,,,,,,,,,,
15152,,,,,,,,,,,,,,,,,,,,
15153,,,,,,,,,,,,,,,,,,,,
15154,,,,,,,,,,,,,,,,,,,,
15155,,,,,,,,,,,,,,,,,,,,
15156,,,,,,,,,,,,,,,,,,,,
15157,,,,,,,,,,,,,,,,,,,,
15158,,,,,,,,,,,,,,,,,,,,
15159,,,,,,,,,,,,,,,,,,,,
15160,,,,,,,,,,,,,,,,,,,,
15161,,,,,,,,,,,,,,,,,,,,
15162,,,,,,,,,,,,,,,,,,,,
15163,,,,,,,,,,,,,,,,,,,,
15164,,,,,,,,,,,,,,,,,,,,
15165,,,,,,,,,,,,,,,,,,,,
15166,,,,,,,,,,,,,,,,,,,,
15167,,,,,,,,,,,,,,,,,,,,
15169,,,,,,,,,,,,,,,,,,,,
15170,,,,,,,,,,,,,,,,,,,,
15171,,,,,,,,,,,,,,,,,,,,
15172,,,,,,,,,,,,,,,,,,,,
15173,,,,,,,,,,,,,,,,,,,,
15175,,,,,,,,,,,,,,,,,,,,
15176,,,,,,,,,,,,,,,,,,,,
15177,,,,,,,,,,,,,,,,,,,,
15178,,,,,,,,,,,,,,,,,,,,
15179,,,,,,,,,,,,,,,,,,,,
15185,,,,,,,,,,,,,,,,,,,,
15186,,,,,,,,,,,,,,,,,,,,
15188,,,,,,,,,,,,,,,,,,,,
15191,,,,,,,,,,,,,,,,,,,,
15192,,,,,,,,,,,,,,,,,,,,
15193,,,,,,,,,,,,,,,,,,,,
15194,,,,,,,,,,,,,,,,,,,,
15195,,,,,,,,,,,,,,,,,,,,
15196,,,,,,,,,,,,,,,,,,,,
15197,,,,,,,,,,,,,,,,,,,,
15198,,,,,,,,,,,,,,,,,,,,
15199,,,,,,,,,,,,,,,,,,,,
15200,,,,,,,,,,,,,,,,,,,,
15202,,,,,,,,,,,,,,,,,,,,
15203,,,,,,,,,,,,,,,,,,,,
15204,,,,,,,,,,,,,,,,,,,,
15207,,,,,,,,,,,,,,,,,,,,
15208,,,,,,,,,,,,,,,,,,,,
15209,,,,,,,,,,,,,,,,,,,,
15210,,,,,,,,,,,,,,,,,,,,
15211,,,,,,,,,,,,,,,,,,,,
15212,,,,,,,,,,,,,,,,,,,,
15213,,,,,,,,,,,,,,,,,,,,
15214,,,,,,,,,,,,,,,,,,,,
15215,,,,,,,,,,,,,,,,,,,,
15216,,,,,,,,,,,,,,,,,,,,
15217,,,,,,,,,,,,,,,,,,,,
15218,,,,,,,,,,,,,,,,,,,,
15219,,,,,,,,,,,,,,,,,,,,
15220,,,,,,,,,,,,,,,,,,,,
15222,,,,,,,,,,,,,,,,,,,,
15223,,,,,,,,,,,,,,,,,,,,
15224,,,,,,,,,,,,,,,,,,,,
15225,,,,,,,,,,,,,,,,,,,,
15226,,,,,,,,,,,,,,,,,,,,
15227,,,,,,,,,,,,,,,,,,,,
15228,,,,,,,,,,,,,,,,,,,,
15229,,,,,,,,,,,,,,,,,,,,
15230,,,,,,,,,,,,,,,,,,,,
15231,,,,,,,,,,,,,,,,,,,,
15232,,,,,,,,,,,,,,,,,,,,
15233,,,,,,,,,,,,,,,,,,,,
15234,,,,,,,,,,,,,,,,,,,,
15235,,,,,,,,,,,,,,,,,,,,
15236,,,,,,,,,,,,,,,,,,,,
15237,,,,,,,,,,,,,,,,,,,,
15238,,,,,,,,,,,,,,,,,,,,
15239,,,,,,,,,,,,,,,,,,,,
15240,,,,,,,,,,,,,,,,,,,,
15241,,,,,,,,,,,,,,,,,,,,
15242,,,,,,,,,,,,,,,,,,,,
15243,,,,,,,,,,,,,,,,,,,,
15244,,,,,,,,,,,,,,,,,,,,
15245,,,,,,,,,,,,,,,,,,,,
15246,,,,,,,,,,,,,,,,,,,,
15247,,,,,,,,,,,,,,,,,,,,
15248,,,,,,,,,,,,,,,,,,,,
15249,,,,,,,,,,,,,,,,,,,,
15250,,,,,,,,,,,,,,,,,,,,
15251,,,,,,,,,,,,,,,,,,,,
15257,,,,,,,,,,,,,,,,,,,,
15258,,,,,,,,,,,,,,,,,,,,
15260,,,,,,,,,,,,,,,,,,,,
15262,,,,,,,,,,,,,,,,,,,,
15266,,,,,,,,,,,,,,,,,,,,
15267,,,,,,,,,,,,,,,,,,,,
15269,,,,,,,,,,,,,,,,,,,,
15271,,,,,,,,,,,,,,,,,,,,
15272,,,,,,,,,,,,,,,,,,,,
15273,,,,,,,,,,,,,,,,,,,,
15274,,,,,,,,,,,,,,,,,,,,
15275,,,,,,,,,,,,,,,,,,,,
15276,,,,,,,,,,,,,,,,,,,,
15277,,,,,,,,,,,,,,,,,,,,
15278,,,,,,,,,,,,,,,,,,,,
15279,,,,,,,,,,,,,,,,,,,,
15280,,,,,,,,,,,,,,,,,,,,
15283,,,,,,,,,,,,,,,,,,,,
15284,,,,,,,,,,,,,,,,,,,,
15286,,,,,,,,,,,,,,,,,,,,
15288,,,,,,,,,,,,,,,,,,,,
15289,,,,,,,,,,,,,,,,,,,,
15290,,,,,,,,,,,,,,,,,,,,
15291,,,,,,,,,,,,,,,,,,,,
15292,,,,,,,,,,,,,,,,,,,,
15293,,,,,,,,,,,,,,,,,,,,
15294,,,,,,,,,,,,,,,,,,,,
15295,,,,,,,,,,,,,,,,,,,,
15296,,,,,,,,,,,,,,,,,,,,
15297,,,,,,,,,,,,,,,,,,,,
15298,,,,,,,,,,,,,,,,,,,,
15299,,,,,,,,,,,,,,,,,,,,
15300,,,,,,,,,,,,,,,,,,,,
15302,,,,,,,,,,,,,,,,,,,,
15303,,,,,,,,,,,,,,,,,,,,
15305,,,,,,,,,,,,,,,,,,,,
15306,,,,,,,,,,,,,,,,,,,,
15308,,,,,,,,,,,,,,,,,,,,
15309,,,,,,,,,,,,,,,,,,,,
15310,,,,,,,,,,,,,,,,,,,,
15312,,,,,,,,,,,,,,,,,,,,
15313,,,,,,,,,,,,,,,,,,,,
15314,,,,,,,,,,,,,,,,,,,,
15315,,,,,,,,,,,,,,,,,,,,
15317,,,,,,,,,,,,,,,,,,,,
15318,,,,,,,,,,,,,,,,,,,,
15319,,,,,,,,,,,,,,,,,,,,
15320,,,,,,,,,,,,,,,,,,,,
15321,,,,,,,,,,,,,,,,,,,,
15323,,,,,,,,,,,,,,,,,,,,
15324,,,,,,,,,,,,,,,,,,,,
15325,,,,,,,,,,,,,,,,,,,,
15326,,,,,,,,,,,,,,,,,,,,
15327,,,,,,,,,,,,,,,,,,,,
15329,,,,,,,,,,,,,,,,,,,,
15330,,,,,,,,,,,,,,,,,,,,
15331,,,,,,,,,,,,,,,,,,,,
15332,,,,,,,,,,,,,,,,,,,,
15333,,,,,,,,,,,,,,,,,,,,
15335,,,,,,,,,,,,,,,,,,,,
15336,,,,,,,,,,,,,,,,,,,,
15337,,,,,,,,,,,,,,,,,,,,
15338,,,,,,,,,,,,,,,,,,,,
15339,,,,,,,,,,,,,,,,,,,,
15340,,,,,,,,,,,,,,,,,,,,
15341,,,,,,,,,,,,,,,,,,,,
15342,,,,,,,,,,,,,,,,,,,,
15343,,,,,,,,,,,,,,,,,,,,
15344,,,,,,,,,,,,,,,,,,,,
15345,,,,,,,,,,,,,,,,,,,,
15347,,,,,,,,,,,,,,,,,,,,
15348,,,,,,,,,,,,,,,,,,,,
15349,,,,,,,,,,,,,,,,,,,,
15350,,,,,,,,,,,,,,,,,,,,
15353,,,,,,,,,,,,,,,,,,,,
15354,,,,,,,,,,,,,,,,,,,,
15355,,,,,,,,,,,,,,,,,,,,
15356,,,,,,,,,,,,,,,,,,,,
15357,,,,,,,,,,,,,,,,,,,,
15358,,,,,,,,,,,,,,,,,,,,
15359,,,,,,,,,,,,,,,,,,,,
15360,,,,,,,,,,,,,,,,,,,,
15361,,,,,,,,,,,,,,,,,,,,
15363,,,,,,,,,,,,,,,,,,,,
15364,,,,,,,,,,,,,,,,,,,,
15365,,,,,,,,,,,,,,,,,,,,
15366,,,,,,,,,,,,,,,,,,,,
15367,,,,,,,,,,,,,,,,,,,,
15368,,,,,,,,,,,,,,,,,,,,
15369,,,,,,,,,,,,,,,,,,,,
15370,,,,,,,,,,,,,,,,,,,,
15371,,,,,,,,,,,,,,,,,,,,
15372,,,,,,,,,,,,,,,,,,,,
15373,,,,,,,,,,,,,,,,,,,,
15374,,,,,,,,,,,,,,,,,,,,
15375,,,,,,,,,,,,,,,,,,,,
15376,,,,,,,,,,,,,,,,,,,,
15377,,,,,,,,,,,,,,,,,,,,
15378,,,,,,,,,,,,,,,,,,,,
15380,,,,,,,,,,,,,,,,,,,,
15382,,,,,,,,,,,,,,,,,,,,
15383,,,,,,,,,,,,,,,,,,,,
15384,,,,,,,,,,,,,,,,,,,,
15385,,,,,,,,,,,,,,,,,,,,
15386,,,,,,,,,,,,,,,,,,,,
15391,,,,,,,,,,,,,,,,,,,,
15392,,,,,,,,,,,,,,,,,,,,
15393,,,,,,,,,,,,,,,,,,,,
15394,,,,,,,,,,,,,,,,,,,,
15395,,,,,,,,,,,,,,,,,,,,
15396,,,,,,,,,,,,,,,,,,,,
15397,,,,,,,,,,,,,,,,,,,,
15398,,,,,,,,,,,,,,,,,,,,
15399,,,,,,,,,,,,,,,,,,,,
15400,,,,,,,,,,,,,,,,,,,,
15401,,,,,,,,,,,,,,,,,,,,
15402,,,,,,,,,,,,,,,,,,,,
15403,,,,,,,,,,,,,,,,,,,,
15404,,,,,,,,,,,,,,,,,,,,
15405,,,,,,,,,,,,,,,,,,,,
15406,,,,,,,,,,,,,,,,,,,,
15407,,,,,,,,,,,,,,,,,,,,
15408,,,,,,,,,,,,,,,,,,,,
15409,,,,,,,,,,,,,,,,,,,,
15410,,,,,,,,,,,,,,,,,,,,
15411,,,,,,,,,,,,,,,,,,,,
15412,,,,,,,,,,,,,,,,,,,,
15413,,,,,,,,,,,,,,,,,,,,
15414,,,,,,,,,,,,,,,,,,,,
15415,,,,,,,,,,,,,,,,,,,,
15416,,,,,,,,,,,,,,,,,,,,
15417,,,,,,,,,,,,,,,,,,,,
15418,,,,,,,,,,,,,,,,,,,,
15419,,,,,,,,,,,,,,,,,,,,
15420,,,,,,,,,,,,,,,,,,,,
15421,,,,,,,,,,,,,,,,,,,,
15422,,,,,,,,,,,,,,,,,,,,
15423,,,,,,,,,,,,,,,,,,,,
15424,,,,,,,,,,,,,,,,,,,,
15425,,,,,,,,,,,,,,,,,,,,
15426,,,,,,,,,,,,,,,,,,,,
15427,,,,,,,,,,,,,,,,,,,,
15428,,,,,,,,,,,,,,,,,,,,
15429,,,,,,,,,,,,,,,,,,,,
15430,,,,,,,,,,,,,,,,,,,,
15431,,,,,,,,,,,,,,,,,,,,
15432,,,,,,,,,,,,,,,,,,,,
15433,,,,,,,,,,,,,,,,,,,,
15434,,,,,,,,,,,,,,,,,,,,
15435,,,,,,,,,,,,,,,,,,,,
15436,,,,,,,,,,,,,,,,,,,,
15437,,,,,,,,,,,,,,,,,,,,
15438,,,,,,,,,,,,,,,,,,,,
15439,,,,,,,,,,,,,,,,,,,,
15440,,,,,,,,,,,,,,,,,,,,
15441,,,,,,,,,,,,,,,,,,,,
15442,,,,,,,,,,,,,,,,,,,,
15443,,,,,,,,,,,,,,,,,,,,
15444,,,,,,,,,,,,,,,,,,,,
15446,,,,,,,,,,,,,,,,,,,,
15447,,,,,,,,,,,,,,,,,,,,
15448,,,,,,,,,,,,,,,,,,,,
15453,,,,,,,,,,,,,,,,,,,,
15455,,,,,,,,,,,,,,,,,,,,
15456,,,,,,,,,,,,,,,,,,,,
15457,,,,,,,,,,,,,,,,,,,,
15458,,,,,,,,,,,,,,,,,,,,
15459,,,,,,,,,,,,,,,,,,,,
15460,,,,,,,,,,,,,,,,,,,,
15462,,,,,,,,,,,,,,,,,,,,
15463,,,,,,,,,,,,,,,,,,,,
15464,,,,,,,,,,,,,,,,,,,,
15467,,,,,,,,,,,,,,,,,,,,
15468,,,,,,,,,,,,,,,,,,,,
15469,,,,,,,,,,,,,,,,,,,,
15470,,,,,,,,,,,,,,,,,,,,
15471,,,,,,,,,,,,,,,,,,,,
15472,,,,,,,,,,,,,,,,,,,,
15473,,,,,,,,,,,,,,,,,,,,
15475,,,,,,,,,,,,,,,,,,,,
15476,,,,,,,,,,,,,,,,,,,,
15477,,,,,,,,,,,,,,,,,,,,
15479,,,,,,,,,,,,,,,,,,,,
15480,,,,,,,,,,,,,,,,,,,,
15481,,,,,,,,,,,,,,,,,,,,
15482,,,,,,,,,,,,,,,,,,,,
15483,,,,,,,,,,,,,,,,,,,,
15484,,,,,,,,,,,,,,,,,,,,
15485,,,,,,,,,,,,,,,,,,,,
15486,,,,,,,,,,,,,,,,,,,,
15487,,,,,,,,,,,,,,,,,,,,
15488,,,,,,,,,,,,,,,,,,,,
15489,,,,,,,,,,,,,,,,,,,,
15490,,,,,,,,,,,,,,,,,,,,
15491,,,,,,,,,,,,,,,,,,,,
15492,,,,,,,,,,,,,,,,,,,,
15494,,,,,,,,,,,,,,,,,,,,
15495,,,,,,,,,,,,,,,,,,,,
15496,,,,,,,,,,,,,,,,,,,,
15497,,,,,,,,,,,,,,,,,,,,
15498,,,,,,,,,,,,,,,,,,,,
15499,,,,,,,,,,,,,,,,,,,,
15500,,,,,,,,,,,,,,,,,,,,
15501,,,,,,,,,,,,,,,,,,,,
15503,,,,,,,,,,,,,,,,,,,,
15504,,,,,,,,,,,,,,,,,,,,
15505,,,,,,,,,,,,,,,,,,,,
15506,,,,,,,,,,,,,,,,,,,,
15507,,,,,,,,,,,,,,,,,,,,
15508,,,,,,,,,,,,,,,,,,,,
15509,,,,,,,,,,,,,,,,,,,,
15510,,,,,,,,,,,,,,,,,,,,
15511,,,,,,,,,,,,,,,,,,,,
15512,,,,,,,,,,,,,,,,,,,,
15513,,,,,,,,,,,,,,,,,,,,
15514,,,,,,,,,,,,,,,,,,,,
15515,,,,,,,,,,,,,,,,,,,,
15516,,,,,,,,,,,,,,,,,,,,
15517,,,,,,,,,,,,,,,,,,,,
15518,,,,,,,,,,,,,,,,,,,,
15519,,,,,,,,,,,,,,,,,,,,
15521,,,,,,,,,,,,,,,,,,,,
15522,,,,,,,,,,,,,,,,,,,,
15523,,,,,,,,,,,,,,,,,,,,
15524,,,,,,,,,,,,,,,,,,,,
15525,,,,,,,,,,,,,,,,,,,,
15526,,,,,,,,,,,,,,,,,,,,
15527,,,,,,,,,,,,,,,,,,,,
15528,,,,,,,,,,,,,,,,,,,,
15529,,,,,,,,,,,,,,,,,,,,
15530,,,,,,,,,,,,,,,,,,,,
15532,,,,,,,,,,,,,,,,,,,,
15534,,,,,,,,,,,,,,,,,,,,
15535,,,,,,,,,,,,,,,,,,,,
15542,,,,,,,,,,,,,,,,,,,,
15543,,,,,,,,,,,,,,,,,,,,
15544,,,,,,,,,,,,,,,,,,,,
15545,,,,,,,,,,,,,,,,,,,,
15546,,,,,,,,,,,,,,,,,,,,
15548,,,,,,,,,,,,,,,,,,,,
15549,,,,,,,,,,,,,,,,,,,,
15550,,,,,,,,,,,,,,,,,,,,
15551,,,,,,,,,,,,,,,,,,,,
15552,,,,,,,,,,,,,,,,,,,,
15553,,,,,,,,,,,,,,,,,,,,
15554,,,,,,,,,,,,,,,,,,,,
15555,,,,,,,,,,,,,,,,,,,,
15556,,,,,,,,,,,,,,,,,,,,
15557,,,,,,,,,,,,,,,,,,,,
15559,,,,,,,,,,,,,,,,,,,,
15560,,,,,,,,,,,,,,,,,,,,
15562,,,,,,,,,,,,,,,,,,,,
15563,,,,,,,,,,,,,,,,,,,,
15564,,,,,,,,,,,,,,,,,,,,
15565,,,,,,,,,,,,,,,,,,,,
15567,,,,,,,,,,,,,,,,,,,,
15568,,,,,,,,,,,,,,,,,,,,
15569,,,,,,,,,,,,,,,,,,,,
15570,,,,,,,,,,,,,,,,,,,,
15571,,,,,,,,,,,,,,,,,,,,
15572,,,,,,,,,,,,,,,,,,,,
15573,,,,,,,,,,,,,,,,,,,,
15574,,,,,,,,,,,,,,,,,,,,
15575,,,,,,,,,,,,,,,,,,,,
15576,,,,,,,,,,,,,,,,,,,,
15577,,,,,,,,,,,,,,,,,,,,
15578,,,,,,,,,,,,,,,,,,,,
15579,,,,,,,,,,,,,,,,,,,,
15580,,,,,,,,,,,,,,,,,,,,
15581,,,,,,,,,,,,,,,,,,,,
15582,,,,,,,,,,,,,,,,,,,,
15583,,,,,,,,,,,,,,,,,,,,
15584,,,,,,,,,,,,,,,,,,,,
15585,,,,,,,,,,,,,,,,,,,,
15586,,,,,,,,,,,,,,,,,,,,
15588,,,,,,,,,,,,,,,,,,,,
15589,,,,,,,,,,,,,,,,,,,,
15590,,,,,,,,,,,,,,,,,,,,
15591,,,,,,,,,,,,,,,,,,,,
15592,,,,,,,,,,,,,,,,,,,,
15593,,,,,,,,,,,,,,,,,,,,
15594,,,,,,,,,,,,,,,,,,,,
15595,,,,,,,,,,,,,,,,,,,,
15596,,,,,,,,,,,,,,,,,,,,
15597,,,,,,,,,,,,,,,,,,,,
15598,,,,,,,,,,,,,,,,,,,,
15600,,,,,,,,,,,,,,,,,,,,
15601,,,,,,,,,,,,,,,,,,,,
15602,,,,,,,,,,,,,,,,,,,,
15603,,,,,,,,,,,,,,,,,,,,
15604,,,,,,,,,,,,,,,,,,,,
15605,,,,,,,,,,,,,,,,,,,,
15606,,,,,,,,,,,,,,,,,,,,
15607,,,,,,,,,,,,,,,,,,,,
15608,,,,,,,,,,,,,,,,,,,,
15609,,,,,,,,,,,,,,,,,,,,
15611,,,,,,,,,,,,,,,,,,,,
15612,,,,,,,,,,,,,,,,,,,,
15613,,,,,,,,,,,,,,,,,,,,
15614,,,,,,,,,,,,,,,,,,,,
15616,,,,,,,,,,,,,,,,,,,,
15617,,,,,,,,,,,,,,,,,,,,
15618,,,,,,,,,,,,,,,,,,,,
15619,,,,,,,,,,,,,,,,,,,,
15620,,,,,,,,,,,,,,,,,,,,
15621,,,,,,,,,,,,,,,,,,,,
15622,,,,,,,,,,,,,,,,,,,,
15623,,,,,,,,,,,,,,,,,,,,
15624,,,,,,,,,,,,,,,,,,,,
15625,,,,,,,,,,,,,,,,,,,,
15626,,,,,,,,,,,,,,,,,,,,
15627,,,,,,,,,,,,,,,,,,,,
15628,,,,,,,,,,,,,,,,,,,,
15629,,,,,,,,,,,,,,,,,,,,
15630,,,,,,,,,,,,,,,,,,,,
15632,,,,,,,,,,,,,,,,,,,,
15633,,,,,,,,,,,,,,,,,,,,
15634,,,,,,,,,,,,,,,,,,,,
15635,,,,,,,,,,,,,,,,,,,,
15636,,,,,,,,,,,,,,,,,,,,
15637,,,,,,,,,,,,,,,,,,,,
15638,,,,,,,,,,,,,,,,,,,,
15639,,,,,,,,,,,,,,,,,,,,
15640,,,,,,,,,,,,,,,,,,,,
15642,,,,,,,,,,,,,,,,,,,,
15646,,,,,,,,,,,,,,,,,,,,
15647,,,,,,,,,,,,,,,,,,,,
15648,,,,,,,,,,,,,,,,,,,,
15649,,,,,,,,,,,,,,,,,,,,
15650,,,,,,,,,,,,,,,,,,,,
15651,,,,,,,,,,,,,,,,,,,,
15652,,,,,,,,,,,,,,,,,,,,
15654,,,,,,,,,,,,,,,,,,,,
15655,,,,,,,,,,,,,,,,,,,,
15657,,,,,,,,,,,,,,,,,,,,
15658,,,,,,,,,,,,,,,,,,,,
15659,,,,,,,,,,,,,,,,,,,,
15660,,,,,,,,,,,,,,,,,,,,
15661,,,,,,,,,,,,,,,,,,,,
15662,,,,,,,,,,,,,,,,,,,,
15663,,,,,,,,,,,,,,,,,,,,
15664,,,,,,,,,,,,,,,,,,,,
15665,,,,,,,,,,,,,,,,,,,,
15666,,,,,,,,,,,,,,,,,,,,
15667,,,,,,,,,,,,,,,,,,,,
15668,,,,,,,,,,,,,,,,,,,,
15669,,,,,,,,,,,,,,,,,,,,
15670,,,,,,,,,,,,,,,,,,,,
15671,,,,,,,,,,,,,,,,,,,,
15672,,,,,,,,,,,,,,,,,,,,
15673,,,,,,,,,,,,,,,,,,,,
15674,,,,,,,,,,,,,,,,,,,,
15675,,,,,,,,,,,,,,,,,,,,
15676,,,,,,,,,,,,,,,,,,,,
15677,,,,,,,,,,,,,,,,,,,,
15679,,,,,,,,,,,,,,,,,,,,
15680,,,,,,,,,,,,,,,,,,,,
15681,,,,,,,,,,,,,,,,,,,,
15682,,,,,,,,,,,,,,,,,,,,
15683,,,,,,,,,,,,,,,,,,,,
15684,,,,,,,,,,,,,,,,,,,,
15685,,,,,,,,,,,,,,,,,,,,
15686,,,,,,,,,,,,,,,,,,,,
15687,,,,,,,,,,,,,,,,,,,,
15688,,,,,,,,,,,,,,,,,,,,
15689,,,,,,,,,,,,,,,,,,,,
15690,,,,,,,,,,,,,,,,,,,,
15691,,,,,,,,,,,,,,,,,,,,
15692,,,,,,,,,,,,,,,,,,,,
15693,,,,,,,,,,,,,,,,,,,,
15694,,,,,,,,,,,,,,,,,,,,
15695,,,,,,,,,,,,,,,,,,,,
15696,,,,,,,,,,,,,,,,,,,,
15697,,,,,,,,,,,,,,,,,,,,
15698,,,,,,,,,,,,,,,,,,,,
15699,,,,,,,,,,,,,,,,,,,,
15700,,,,,,,,,,,,,,,,,,,,
15701,,,,,,,,,,,,,,,,,,,,
15703,,,,,,,,,,,,,,,,,,,,
15704,,,,,,,,,,,,,,,,,,,,
15705,,,,,,,,,,,,,,,,,,,,
15707,,,,,,,,,,,,,,,,,,,,
15708,,,,,,,,,,,,,,,,,,,,
15709,,,,,,,,,,,,,,,,,,,,
15710,,,,,,,,,,,,,,,,,,,,
15711,,,,,,,,,,,,,,,,,,,,
15712,,,,,,,,,,,,,,,,,,,,
15713,,,,,,,,,,,,,,,,,,,,
15714,,,,,,,,,,,,,,,,,,,,
15715,,,,,,,,,,,,,,,,,,,,
15716,,,,,,,,,,,,,,,,,,,,
15717,,,,,,,,,,,,,,,,,,,,
15718,,,,,,,,,,,,,,,,,,,,
15719,,,,,,,,,,,,,,,,,,,,
15720,,,,,,,,,,,,,,,,,,,,
15721,,,,,,,,,,,,,,,,,,,,
15722,,,,,,,,,,,,,,,,,,,,
15723,,,,,,,,,,,,,,,,,,,,
15724,,,,,,,,,,,,,,,,,,,,
15725,,,,,,,,,,,,,,,,,,,,
15726,,,,,,,,,,,,,,,,,,,,
15727,,,,,,,,,,,,,,,,,,,,
15728,,,,,,,,,,,,,,,,,,,,
15730,,,,,,,,,,,,,,,,,,,,
15731,,,,,,,,,,,,,,,,,,,,
15732,,,,,,,,,,,,,,,,,,,,
15733,,,,,,,,,,,,,,,,,,,,
15736,,,,,,,,,,,,,,,,,,,,
15737,,,,,,,,,,,,,,,,,,,,
15738,,,,,,,,,,,,,,,,,,,,
15739,,,,,,,,,,,,,,,,,,,,
15740,,,,,,,,,,,,,,,,,,,,
15741,,,,,,,,,,,,,,,,,,,,
15742,,,,,,,,,,,,,,,,,,,,
15743,,,,,,,,,,,,,,,,,,,,
15744,,,,,,,,,,,,,,,,,,,,
15745,,,,,,,,,,,,,,,,,,,,
15746,,,,,,,,,,,,,,,,,,,,
15747,,,,,,,,,,,,,,,,,,,,
15749,,,,,,,,,,,,,,,,,,,,
15750,,,,,,,,,,,,,,,,,,,,
15751,,,,,,,,,,,,,,,,,,,,
15752,,,,,,,,,,,,,,,,,,,,
15753,,,,,,,,,,,,,,,,,,,,
15754,,,,,,,,,,,,,,,,,,,,
15755,,,,,,,,,,,,,,,,,,,,
15757,,,,,,,,,,,,,,,,,,,,
15758,,,,,,,,,,,,,,,,,,,,
15759,,,,,,,,,,,,,,,,,,,,
15760,,,,,,,,,,,,,,,,,,,,
15761,,,,,,,,,,,,,,,,,,,,
15762,,,,,,,,,,,,,,,,,,,,
15763,,,,,,,,,,,,,,,,,,,,
15764,,,,,,,,,,,,,,,,,,,,
15765,,,,,,,,,,,,,,,,,,,,
15766,,,,,,,,,,,,,,,,,,,,
15767,,,,,,,,,,,,,,,,,,,,
15768,,,,,,,,,,,,,,,,,,,,
15769,,,,,,,,,,,,,,,,,,,,
15770,,,,,,,,,,,,,,,,,,,,
15771,,,,,,,,,,,,,,,,,,,,
15772,,,,,,,,,,,,,,,,,,,,
15773,,,,,,,,,,,,,,,,,,,,
15774,,,,,,,,,,,,,,,,,,,,
15775,,,,,,,,,,,,,,,,,,,,
15776,,,,,,,,,,,,,,,,,,,,
15777,,,,,,,,,,,,,,,,,,,,
15778,,,,,,,,,,,,,,,,,,,,
15779,,,,,,,,,,,,,,,,,,,,
15780,,,,,,,,,,,,,,,,,,,,
15782,,,,,,,,,,,,,,,,,,,,
15783,,,,,,,,,,,,,,,,,,,,
15784,,,,,,,,,,,,,,,,,,,,
15785,,,,,,,,,,,,,,,,,,,,
15786,,,,,,,,,,,,,,,,,,,,
15787,,,,,,,,,,,,,,,,,,,,
15788,,,,,,,,,,,,,,,,,,,,
15789,,,,,,,,,,,,,,,,,,,,
15790,,,,,,,,,,,,,,,,,,,,
15791,,,,,,,,,,,,,,,,,,,,
15793,,,,,,,,,,,,,,,,,,,,
15794,,,,,,,,,,,,,,,,,,,,
15795,,,,,,,,,,,,,,,,,,,,
15797,,,,,,,,,,,,,,,,,,,,
15798,,,,,,,,,,,,,,,,,,,,
15799,,,,,,,,,,,,,,,,,,,,
15800,,,,,,,,,,,,,,,,,,,,
15801,,,,,,,,,,,,,,,,,,,,
15802,,,,,,,,,,,,,,,,,,,,
15803,,,,,,,,,,,,,,,,,,,,
15805,,,,,,,,,,,,,,,,,,,,
15806,,,,,,,,,,,,,,,,,,,,
15807,,,,,,,,,,,,,,,,,,,,
15808,,,,,,,,,,,,,,,,,,,,
15809,,,,,,,,,,,,,,,,,,,,
15810,,,,,,,,,,,,,,,,,,,,
15811,,,,,,,,,,,,,,,,,,,,
15812,,,,,,,,,,,,,,,,,,,,
15813,,,,,,,,,,,,,,,,,,,,
15814,,,,,,,,,,,,,,,,,,,,
15816,,,,,,,,,,,,,,,,,,,,
15817,,,,,,,,,,,,,,,,,,,,
15818,,,,,,,,,,,,,,,,,,,,
15819,,,,,,,,,,,,,,,,,,,,
15820,,,,,,,,,,,,,,,,,,,,
15821,,,,,,,,,,,,,,,,,,,,
15822,,,,,,,,,,,,,,,,,,,,
15824,,,,,,,,,,,,,,,,,,,,
15825,,,,,,,,,,,,,,,,,,,,
15826,,,,,,,,,,,,,,,,,,,,
15827,,,,,,,,,,,,,,,,,,,,
15828,,,,,,,,,,,,,,,,,,,,
15830,,,,,,,,,,,,,,,,,,,,
15831,,,,,,,,,,,,,,,,,,,,
15833,,,,,,,,,,,,,,,,,,,,
15834,,,,,,,,,,,,,,,,,,,,
15835,,,,,,,,,,,,,,,,,,,,
15836,,,,,,,,,,,,,,,,,,,,
15837,,,,,,,,,,,,,,,,,,,,
15838,,,,,,,,,,,,,,,,,,,,
15840,,,,,,,,,,,,,,,,,,,,
15841,,,,,,,,,,,,,,,,,,,,
15842,,,,,,,,,,,,,,,,,,,,
15843,,,,,,,,,,,,,,,,,,,,
15844,,,,,,,,,,,,,,,,,,,,
15845,,,,,,,,,,,,,,,,,,,,
15846,,,,,,,,,,,,,,,,,,,,
15848,,,,,,,,,,,,,,,,,,,,
15849,,,,,,,,,,,,,,,,,,,,
15850,,,,,,,,,,,,,,,,,,,,
15851,,,,,,,,,,,,,,,,,,,,
15852,,,,,,,,,,,,,,,,,,,,
15853,,,,,,,,,,,,,,,,,,,,
15854,,,,,,,,,,,,,,,,,,,,
15855,,,,,,,,,,,,,,,,,,,,
15856,,,,,,,,,,,,,,,,,,,,
15857,,,,,,,,,,,,,,,,,,,,
15858,,,,,,,,,,,,,,,,,,,,
15859,,,,,,,,,,,,,,,,,,,,
15860,,,,,,,,,,,,,,,,,,,,
15861,,,,,,,,,,,,,,,,,,,,
15862,,,,,,,,,,,,,,,,,,,,
15863,,,,,,,,,,,,,,,,,,,,
15865,,,,,,,,,,,,,,,,,,,,
15866,,,,,,,,,,,,,,,,,,,,
15867,,,,,,,,,,,,,,,,,,,,
15868,,,,,,,,,,,,,,,,,,,,
15869,,,,,,,,,,,,,,,,,,,,
15870,,,,,,,,,,,,,,,,,,,,
15871,,,,,,,,,,,,,,,,,,,,
15872,,,,,,,,,,,,,,,,,,,,
15873,,,,,,,,,,,,,,,,,,,,
15874,,,,,,,,,,,,,,,,,,,,
15876,,,,,,,,,,,,,,,,,,,,
15878,,,,,,,,,,,,,,,,,,,,
15879,,,,,,,,,,,,,,,,,,,,
15880,,,,,,,,,,,,,,,,,,,,
15881,,,,,,,,,,,,,,,,,,,,
15882,,,,,,,,,,,,,,,,,,,,
15883,,,,,,,,,,,,,,,,,,,,
15884,,,,,,,,,,,,,,,,,,,,
15885,,,,,,,,,,,,,,,,,,,,
15886,,,,,,,,,,,,,,,,,,,,
15887,,,,,,,,,,,,,,,,,,,,
15888,,,,,,,,,,,,,,,,,,,,
15889,,,,,,,,,,,,,,,,,,,,
15890,,,,,,,,,,,,,,,,,,,,
15891,,,,,,,,,,,,,,,,,,,,
15892,,,,,,,,,,,,,,,,,,,,
15893,,,,,,,,,,,,,,,,,,,,
15894,,,,,,,,,,,,,,,,,,,,
15895,,,,,,,,,,,,,,,,,,,,
15896,,,,,,,,,,,,,,,,,,,,
15897,,,,,,,,,,,,,,,,,,,,
15898,,,,,,,,,,,,,,,,,,,,
15899,,,,,,,,,,,,,,,,,,,,
15900,,,,,,,,,,,,,,,,,,,,
15901,,,,,,,,,,,,,,,,,,,,
15902,,,,,,,,,,,,,,,,,,,,
15903,,,,,,,,,,,,,,,,,,,,
15904,,,,,,,,,,,,,,,,,,,,
15905,,,,,,,,,,,,,,,,,,,,
15906,,,,,,,,,,,,,,,,,,,,
15907,,,,,,,,,,,,,,,,,,,,
15908,,,,,,,,,,,,,,,,,,,,
15910,,,,,,,,,,,,,,,,,,,,
15911,,,,,,,,,,,,,,,,,,,,
15912,,,,,,,,,,,,,,,,,,,,
15913,,,,,,,,,,,,,,,,,,,,
15914,,,,,,,,,,,,,,,,,,,,
15915,,,,,,,,,,,,,,,,,,,,
15916,,,,,,,,,,,,,,,,,,,,
15917,,,,,,,,,,,,,,,,,,,,
15918,,,,,,,,,,,,,,,,,,,,
15919,,,,,,,,,,,,,,,,,,,,
15920,,,,,,,,,,,,,,,,,,,,
15921,,,,,,,,,,,,,,,,,,,,
15922,,,,,,,,,,,,,,,,,,,,
15923,,,,,,,,,,,,,,,,,,,,
15924,,,,,,,,,,,,,,,,,,,,
15925,,,,,,,,,,,,,,,,,,,,
15926,,,,,,,,,,,,,,,,,,,,
15927,,,,,,,,,,,,,,,,,,,,
15928,,,,,,,,,,,,,,,,,,,,
15929,,,,,,,,,,,,,,,,,,,,
15930,,,,,,,,,,,,,,,,,,,,
15931,,,,,,,,,,,,,,,,,,,,
15932,,,,,,,,,,,,,,,,,,,,
15934,,,,,,,,,,,,,,,,,,,,
15935,,,,,,,,,,,,,,,,,,,,
15936,,,,,,,,,,,,,,,,,,,,
15937,,,,,,,,,,,,,,,,,,,,
15938,,,,,,,,,,,,,,,,,,,,
15940,,,,,,,,,,,,,,,,,,,,
15941,,,,,,,,,,,,,,,,,,,,
15942,,,,,,,,,,,,,,,,,,,,
15944,,,,,,,,,,,,,,,,,,,,
15945,,,,,,,,,,,,,,,,,,,,
15946,,,,,,,,,,,,,,,,,,,,
15947,,,,,,,,,,,,,,,,,,,,
15948,,,,,,,,,,,,,,,,,,,,
15949,,,,,,,,,,,,,,,,,,,,
15950,,,,,,,,,,,,,,,,,,,,
15951,,,,,,,,,,,,,,,,,,,,
15953,,,,,,,,,,,,,,,,,,,,
15954,,,,,,,,,,,,,,,,,,,,
15955,,,,,,,,,,,,,,,,,,,,
15957,,,,,,,,,,,,,,,,,,,,
15958,,,,,,,,,,,,,,,,,,,,
15959,,,,,,,,,,,,,,,,,,,,
15960,,,,,,,,,,,,,,,,,,,,
15961,,,,,,,,,,,,,,,,,,,,
15962,,,,,,,,,,,,,,,,,,,,
15963,,,,,,,,,,,,,,,,,,,,
15964,,,,,,,,,,,,,,,,,,,,
15965,,,,,,,,,,,,,,,,,,,,
15966,,,,,,,,,,,,,,,,,,,,
15967,,,,,,,,,,,,,,,,,,,,
15968,,,,,,,,,,,,,,,,,,,,
15970,,,,,,,,,,,,,,,,,,,,
15971,,,,,,,,,,,,,,,,,,,,
15972,,,,,,,,,,,,,,,,,,,,
15973,,,,,,,,,,,,,,,,,,,,
15974,,,,,,,,,,,,,,,,,,,,
15975,,,,,,,,,,,,,,,,,,,,
15976,,,,,,,,,,,,,,,,,,,,
15977,,,,,,,,,,,,,,,,,,,,
15978,,,,,,,,,,,,,,,,,,,,
15979,,,,,,,,,,,,,,,,,,,,
15980,,,,,,,,,,,,,,,,,,,,
15981,,,,,,,,,,,,,,,,,,,,
15982,,,,,,,,,,,,,,,,,,,,
15983,,,,,,,,,,,,,,,,,,,,
15984,,,,,,,,,,,,,,,,,,,,
15985,,,,,,,,,,,,,,,,,,,,
15986,,,,,,,,,,,,,,,,,,,,
15987,,,,,,,,,,,,,,,,,,,,
15988,,,,,,,,,,,,,,,,,,,,
15989,,,,,,,,,,,,,,,,,,,,
15990,,,,,,,,,,,,,,,,,,,,
15992,,,,,,,,,,,,,,,,,,,,
15993,,,,,,,,,,,,,,,,,,,,
15994,,,,,,,,,,,,,,,,,,,,
15995,,,,,,,,,,,,,,,,,,,,
15996,,,,,,,,,,,,,,,,,,,,
15997,,,,,,,,,,,,,,,,,,,,
15998,,,,,,,,,,,,,,,,,,,,
15999,,,,,,,,,,,,,,,,,,,,
16000,,,,,,,,,,,,,,,,,,,,
16001,,,,,,,,,,,,,,,,,,,,
16002,,,,,,,,,,,,,,,,,,,,
16003,,,,,,,,,,,,,,,,,,,,
16004,,,,,,,,,,,,,,,,,,,,
16005,,,,,,,,,,,,,,,,,,,,
16006,,,,,,,,,,,,,,,,,,,,
16008,,,,,,,,,,,,,,,,,,,,
16009,,,,,,,,,,,,,,,,,,,,
16010,,,,,,,,,,,,,,,,,,,,
16011,,,,,,,,,,,,,,,,,,,,
16012,,,,,,,,,,,,,,,,,,,,
16013,,,,,,,,,,,,,,,,,,,,
16014,,,,,,,,,,,,,,,,,,,,
16015,,,,,,,,,,,,,,,,,,,,
16016,,,,,,,,,,,,,,,,,,,,
16017,,,,,,,,,,,,,,,,,,,,
16018,,,,,,,,,,,,,,,,,,,,
16019,,,,,,,,,,,,,,,,,,,,
16020,,,,,,,,,,,,,,,,,,,,
16021,,,,,,,,,,,,,,,,,,,,
16022,,,,,,,,,,,,,,,,,,,,
16023,,,,,,,,,,,,,,,,,,,,
16025,,,,,,,,,,,,,,,,,,,,
16026,,,,,,,,,,,,,,,,,,,,
16027,,,,,,,,,,,,,,,,,,,,
16028,,,,,,,,,,,,,,,,,,,,
16029,,,,,,,,,,,,,,,,,,,,
16030,,,,,,,,,,,,,,,,,,,,
16031,,,,,,,,,,,,,,,,,,,,
16032,,,,,,,,,,,,,,,,,,,,
16033,,,,,,,,,,,,,,,,,,,,
16034,,,,,,,,,,,,,,,,,,,,
16036,,,,,,,,,,,,,,,,,,,,
16038,,,,,,,,,,,,,,,,,,,,
16039,,,,,,,,,,,,,,,,,,,,
16041,,,,,,,,,,,,,,,,,,,,
16042,,,,,,,,,,,,,,,,,,,,
16043,,,,,,,,,,,,,,,,,,,,
16044,,,,,,,,,,,,,,,,,,,,
16045,,,,,,,,,,,,,,,,,,,,
16047,,,,,,,,,,,,,,,,,,,,
16048,,,,,,,,,,,,,,,,,,,,
16049,,,,,,,,,,,,,,,,,,,,
16050,,,,,,,,,,,,,,,,,,,,
16051,,,,,,,,,,,,,,,,,,,,
16052,,,,,,,,,,,,,,,,,,,,
16053,,,,,,,,,,,,,,,,,,,,
16054,,,,,,,,,,,,,,,,,,,,
16055,,,,,,,,,,,,,,,,,,,,
16059,,,,,,,,,,,,,,,,,,,,
16060,,,,,,,,,,,,,,,,,,,,
16061,,,,,,,,,,,,,,,,,,,,
16062,,,,,,,,,,,,,,,,,,,,
16063,,,,,,,,,,,,,,,,,,,,
16064,,,,,,,,,,,,,,,,,,,,
16065,,,,,,,,,,,,,,,,,,,,
16066,,,,,,,,,,,,,,,,,,,,
16067,,,,,,,,,,,,,,,,,,,,
16068,,,,,,,,,,,,,,,,,,,,
16069,,,,,,,,,,,,,,,,,,,,
16070,,,,,,,,,,,,,,,,,,,,
16071,,,,,,,,,,,,,,,,,,,,
16072,,,,,,,,,,,,,,,,,,,,
16073,,,,,,,,,,,,,,,,,,,,
16074,,,,,,,,,,,,,,,,,,,,
16075,,,,,,,,,,,,,,,,,,,,
16076,,,,,,,,,,,,,,,,,,,,
16077,,,,,,,,,,,,,,,,,,,,
16078,,,,,,,,,,,,,,,,,,,,
16079,,,,,,,,,,,,,,,,,,,,
16080,,,,,,,,,,,,,,,,,,,,
16081,,,,,,,,,,,,,,,,,,,,
16082,,,,,,,,,,,,,,,,,,,,
16083,,,,,,,,,,,,,,,,,,,,
16085,,,,,,,,,,,,,,,,,,,,
16086,,,,,,,,,,,,,,,,,,,,
16087,,,,,,,,,,,,,,,,,,,,
16088,,,,,,,,,,,,,,,,,,,,
16092,,,,,,,,,,,,,,,,,,,,
16093,,,,,,,,,,,,,,,,,,,,
16094,,,,,,,,,,,,,,,,,,,,
16095,,,,,,,,,,,,,,,,,,,,
16096,,,,,,,,,,,,,,,,,,,,
16097,,,,,,,,,,,,,,,,,,,,
16098,,,,,,,,,,,,,,,,,,,,
16099,,,,,,,,,,,,,,,,,,,,
16100,,,,,,,,,,,,,,,,,,,,
16102,,,,,,,,,,,,,,,,,,,,
16104,,,,,,,,,,,,,,,,,,,,
16106,,,,,,,,,,,,,,,,,,,,
16107,,,,,,,,,,,,,,,,,,,,
16108,,,,,,,,,,,,,,,,,,,,
16109,,,,,,,,,,,,,,,,,,,,
16111,,,,,,,,,,,,,,,,,,,,
16112,,,,,,,,,,,,,,,,,,,,
16113,,,,,,,,,,,,,,,,,,,,
16114,,,,,,,,,,,,,,,,,,,,
16115,,,,,,,,,,,,,,,,,,,,
16116,,,,,,,,,,,,,,,,,,,,
16117,,,,,,,,,,,,,,,,,,,,
16118,,,,,,,,,,,,,,,,,,,,
16120,,,,,,,,,,,,,,,,,,,,
16121,,,,,,,,,,,,,,,,,,,,
16122,,,,,,,,,,,,,,,,,,,,
16124,,,,,,,,,,,,,,,,,,,,
16125,,,,,,,,,,,,,,,,,,,,
16126,,,,,,,,,,,,,,,,,,,,
16127,,,,,,,,,,,,,,,,,,,,
16128,,,,,,,,,,,,,,,,,,,,
16129,,,,,,,,,,,,,,,,,,,,
16130,,,,,,,,,,,,,,,,,,,,
16131,,,,,,,,,,,,,,,,,,,,
16132,,,,,,,,,,,,,,,,,,,,
16133,,,,,,,,,,,,,,,,,,,,
16134,,,,,,,,,,,,,,,,,,,,
16135,,,,,,,,,,,,,,,,,,,,
16136,,,,,,,,,,,,,,,,,,,,
16137,,,,,,,,,,,,,,,,,,,,
16138,,,,,,,,,,,,,,,,,,,,
16139,,,,,,,,,,,,,,,,,,,,
16140,,,,,,,,,,,,,,,,,,,,
16141,,,,,,,,,,,,,,,,,,,,
16142,,,,,,,,,,,,,,,,,,,,
16143,,,,,,,,,,,,,,,,,,,,
16144,,,,,,,,,,,,,,,,,,,,
16145,,,,,,,,,,,,,,,,,,,,
16146,,,,,,,,,,,,,,,,,,,,
16147,,,,,,,,,,,,,,,,,,,,
16148,,,,,,,,,,,,,,,,,,,,
16149,,,,,,,,,,,,,,,,,,,,
16151,,,,,,,,,,,,,,,,,,,,
16152,,,,,,,,,,,,,,,,,,,,
16153,,,,,,,,,,,,,,,,,,,,
16154,,,,,,,,,,,,,,,,,,,,
16155,,,,,,,,,,,,,,,,,,,,
16156,,,,,,,,,,,,,,,,,,,,
16157,,,,,,,,,,,,,,,,,,,,
16158,,,,,,,,,,,,,,,,,,,,
16159,,,,,,,,,,,,,,,,,,,,
16160,,,,,,,,,,,,,,,,,,,,
16161,,,,,,,,,,,,,,,,,,,,
16162,,,,,,,,,,,,,,,,,,,,
16163,,,,,,,,,,,,,,,,,,,,
16164,,,,,,,,,,,,,,,,,,,,
16165,,,,,,,,,,,,,,,,,,,,
16168,,,,,,,,,,,,,,,,,,,,
16170,,,,,,,,,,,,,,,,,,,,
16172,,,,,,,,,,,,,,,,,,,,
16174,,,,,,,,,,,,,,,,,,,,
16176,,,,,,,,,,,,,,,,,,,,
16178,,,,,,,,,,,,,,,,,,,,
16179,,,,,,,,,,,,,,,,,,,,
16180,,,,,,,,,,,,,,,,,,,,
16181,,,,,,,,,,,,,,,,,,,,
16183,,,,,,,,,,,,,,,,,,,,
16184,,,,,,,,,,,,,,,,,,,,
16185,,,,,,,,,,,,,,,,,,,,
16186,,,,,,,,,,,,,,,,,,,,
16187,,,,,,,,,,,,,,,,,,,,
16188,,,,,,,,,,,,,,,,,,,,
16191,,,,,,,,,,,,,,,,,,,,
16192,,,,,,,,,,,,,,,,,,,,
16193,,,,,,,,,,,,,,,,,,,,
16195,,,,,,,,,,,,,,,,,,,,
16196,,,,,,,,,,,,,,,,,,,,
16197,,,,,,,,,,,,,,,,,,,,
16198,,,,,,,,,,,,,,,,,,,,
16200,,,,,,,,,,,,,,,,,,,,
16201,,,,,,,,,,,,,,,,,,,,
16203,,,,,,,,,,,,,,,,,,,,
16204,,,,,,,,,,,,,,,,,,,,
16205,,,,,,,,,,,,,,,,,,,,
16206,,,,,,,,,,,,,,,,,,,,
16207,,,,,,,,,,,,,,,,,,,,
16208,,,,,,,,,,,,,,,,,,,,
16209,,,,,,,,,,,,,,,,,,,,
16210,,,,,,,,,,,,,,,,,,,,
16211,,,,,,,,,,,,,,,,,,,,
16212,,,,,,,,,,,,,,,,,,,,
16213,,,,,,,,,,,,,,,,,,,,
16214,,,,,,,,,,,,,,,,,,,,
16215,,,,,,,,,,,,,,,,,,,,
16216,,,,,,,,,,,,,,,,,,,,
16217,,,,,,,,,,,,,,,,,,,,
16219,,,,,,,,,,,,,,,,,,,,
16220,,,,,,,,,,,,,,,,,,,,
16221,,,,,,,,,,,,,,,,,,,,
16222,,,,,,,,,,,,,,,,,,,,
16223,,,,,,,,,,,,,,,,,,,,
16224,,,,,,,,,,,,,,,,,,,,
16225,,,,,,,,,,,,,,,,,,,,
16226,,,,,,,,,,,,,,,,,,,,
16227,,,,,,,,,,,,,,,,,,,,
16228,,,,,,,,,,,,,,,,,,,,
16229,,,,,,,,,,,,,,,,,,,,
16231,,,,,,,,,,,,,,,,,,,,
16232,,,,,,,,,,,,,,,,,,,,
16233,,,,,,,,,,,,,,,,,,,,
16234,,,,,,,,,,,,,,,,,,,,
16235,,,,,,,,,,,,,,,,,,,,
16236,,,,,,,,,,,,,,,,,,,,
16237,,,,,,,,,,,,,,,,,,,,
16238,,,,,,,,,,,,,,,,,,,,
16242,,,,,,,,,,,,,,,,,,,,
16243,,,,,,,,,,,,,,,,,,,,
16244,,,,,,,,,,,,,,,,,,,,
16246,,,,,,,,,,,,,,,,,,,,
16254,,,,,,,,,,,,,,,,,,,,
16255,,,,,,,,,,,,,,,,,,,,
16256,,,,,,,,,,,,,,,,,,,,
16257,,,,,,,,,,,,,,,,,,,,
16258,,,,,,,,,,,,,,,,,,,,
16259,,,,,,,,,,,,,,,,,,,,
16260,,,,,,,,,,,,,,,,,,,,
16261,,,,,,,,,,,,,,,,,,,,
16262,,,,,,,,,,,,,,,,,,,,
16263,,,,,,,,,,,,,,,,,,,,
16264,,,,,,,,,,,,,,,,,,,,
16265,,,,,,,,,,,,,,,,,,,,
16266,,,,,,,,,,,,,,,,,,,,
16267,,,,,,,,,,,,,,,,,,,,
16268,,,,,,,,,,,,,,,,,,,,
16269,,,,,,,,,,,,,,,,,,,,
16270,,,,,,,,,,,,,,,,,,,,
16271,,,,,,,,,,,,,,,,,,,,
16272,,,,,,,,,,,,,,,,,,,,
16273,,,,,,,,,,,,,,,,,,,,
16275,,,,,,,,,,,,,,,,,,,,
16277,,,,,,,,,,,,,,,,,,,,
16278,,,,,,,,,,,,,,,,,,,,
16279,,,,,,,,,,,,,,,,,,,,
16280,,,,,,,,,,,,,,,,,,,,
16281,,,,,,,,,,,,,,,,,,,,
16282,,,,,,,,,,,,,,,,,,,,
16283,,,,,,,,,,,,,,,,,,,,
16284,,,,,,,,,,,,,,,,,,,,
16285,,,,,,,,,,,,,,,,,,,,
16286,,,,,,,,,,,,,,,,,,,,
16287,,,,,,,,,,,,,,,,,,,,
16288,,,,,,,,,,,,,,,,,,,,
16289,,,,,,,,,,,,,,,,,,,,
16290,,,,,,,,,,,,,,,,,,,,
16291,,,,,,,,,,,,,,,,,,,,
16292,,,,,,,,,,,,,,,,,,,,
16293,,,,,,,,,,,,,,,,,,,,
16294,,,,,,,,,,,,,,,,,,,,
16296,,,,,,,,,,,,,,,,,,,,
16297,,,,,,,,,,,,,,,,,,,,
16298,,,,,,,,,,,,,,,,,,,,
16299,,,,,,,,,,,,,,,,,,,,
16301,,,,,,,,,,,,,,,,,,,,
16302,,,,,,,,,,,,,,,,,,,,
16303,,,,,,,,,,,,,,,,,,,,
16304,,,,,,,,,,,,,,,,,,,,
16305,,,,,,,,,,,,,,,,,,,,
16306,,,,,,,,,,,,,,,,,,,,
16307,,,,,,,,,,,,,,,,,,,,
16308,,,,,,,,,,,,,,,,,,,,
16309,,,,,,,,,,,,,,,,,,,,
16310,,,,,,,,,,,,,,,,,,,,
16312,,,,,,,,,,,,,,,,,,,,
16313,,,,,,,,,,,,,,,,,,,,
16314,,,,,,,,,,,,,,,,,,,,
16315,,,,,,,,,,,,,,,,,,,,
16316,,,,,,,,,,,,,,,,,,,,
16317,,,,,,,,,,,,,,,,,,,,
16320,,,,,,,,,,,,,,,,,,,,
16321,,,,,,,,,,,,,,,,,,,,
16322,,,,,,,,,,,,,,,,,,,,
16323,,,,,,,,,,,,,,,,,,,,
16324,,,,,,,,,,,,,,,,,,,,
16325,,,,,,,,,,,,,,,,,,,,
16326,,,,,,,,,,,,,,,,,,,,
16327,,,,,,,,,,,,,,,,,,,,
16328,,,,,,,,,,,,,,,,,,,,
16329,,,,,,,,,,,,,,,,,,,,
16330,,,,,,,,,,,,,,,,,,,,
16331,,,,,,,,,,,,,,,,,,,,
16333,,,,,,,,,,,,,,,,,,,,
16334,,,,,,,,,,,,,,,,,,,,
16335,,,,,,,,,,,,,,,,,,,,
16337,,,,,,,,,,,,,,,,,,,,
16339,,,,,,,,,,,,,,,,,,,,
16340,,,,,,,,,,,,,,,,,,,,
16341,,,,,,,,,,,,,,,,,,,,
16342,,,,,,,,,,,,,,,,,,,,
16343,,,,,,,,,,,,,,,,,,,,
16344,,,,,,,,,,,,,,,,,,,,
16345,,,,,,,,,,,,,,,,,,,,
16346,,,,,,,,,,,,,,,,,,,,
16347,,,,,,,,,,,,,,,,,,,,
16348,,,,,,,,,,,,,,,,,,,,
16349,,,,,,,,,,,,,,,,,,,,
16350,,,,,,,,,,,,,,,,,,,,
16351,,,,,,,,,,,,,,,,,,,,
16352,,,,,,,,,,,,,,,,,,,,
16354,,,,,,,,,,,,,,,,,,,,
16355,,,,,,,,,,,,,,,,,,,,
16357,,,,,,,,,,,,,,,,,,,,
16358,,,,,,,,,,,,,,,,,,,,
16360,,,,,,,,,,,,,,,,,,,,
16361,,,,,,,,,,,,,,,,,,,,
16362,,,,,,,,,,,,,,,,,,,,
16363,,,,,,,,,,,,,,,,,,,,
16364,,,,,,,,,,,,,,,,,,,,
16365,,,,,,,,,,,,,,,,,,,,
16366,,,,,,,,,,,,,,,,,,,,
16367,,,,,,,,,,,,,,,,,,,,
16369,,,,,,,,,,,,,,,,,,,,
16370,,,,,,,,,,,,,,,,,,,,
16371,,,,,,,,,,,,,,,,,,,,
16372,,,,,,,,,,,,,,,,,,,,
16374,,,,,,,,,,,,,,,,,,,,
16375,,,,,,,,,,,,,,,,,,,,
16376,,,,,,,,,,,,,,,,,,,,
16377,,,,,,,,,,,,,,,,,,,,
16378,,,,,,,,,,,,,,,,,,,,
16379,,,,,,,,,,,,,,,,,,,,
16380,,,,,,,,,,,,,,,,,,,,
16381,,,,,,,,,,,,,,,,,,,,
16382,,,,,,,,,,,,,,,,,,,,
16384,,,,,,,,,,,,,,,,,,,,
16385,,,,,,,,,,,,,,,,,,,,
16386,,,,,,,,,,,,,,,,,,,,
16387,,,,,,,,,,,,,,,,,,,,
16389,,,,,,,,,,,,,,,,,,,,
16392,,,,,,,,,,,,,,,,,,,,
16393,,,,,,,,,,,,,,,,,,,,
16398,,,,,,,,,,,,,,,,,,,,
16399,,,,,,,,,,,,,,,,,,,,
16400,,,,,,,,,,,,,,,,,,,,
16401,,,,,,,,,,,,,,,,,,,,
16402,,,,,,,,,,,,,,,,,,,,
16403,,,,,,,,,,,,,,,,,,,,
16404,,,,,,,,,,,,,,,,,,,,
16405,,,,,,,,,,,,,,,,,,,,
16406,,,,,,,,,,,,,,,,,,,,
16407,,,,,,,,,,,,,,,,,,,,
16408,,,,,,,,,,,,,,,,,,,,
16409,,,,,,,,,,,,,,,,,,,,
16410,,,,,,,,,,,,,,,,,,,,
16411,,,,,,,,,,,,,,,,,,,,
16414,,,,,,,,,,,,,,,,,,,,
16415,,,,,,,,,,,,,,,,,,,,
16416,,,,,,,,,,,,,,,,,,,,
16417,,,,,,,,,,,,,,,,,,,,
16419,,,,,,,,,,,,,,,,,,,,
16420,,,,,,,,,,,,,,,,,,,,
16421,,,,,,,,,,,,,,,,,,,,
16422,,,,,,,,,,,,,,,,,,,,
16423,,,,,,,,,,,,,,,,,,,,
16424,,,,,,,,,,,,,,,,,,,,
16425,,,,,,,,,,,,,,,,,,,,
16426,,,,,,,,,,,,,,,,,,,,
16427,,,,,,,,,,,,,,,,,,,,
16428,,,,,,,,,,,,,,,,,,,,
16431,,,,,,,,,,,,,,,,,,,,
16432,,,,,,,,,,,,,,,,,,,,
16442,,,,,,,,,,,,,,,,,,,,
16443,,,,,,,,,,,,,,,,,,,,
16445,,,,,,,,,,,,,,,,,,,,
16448,,,,,,,,,,,,,,,,,,,,
16452,,,,,,,,,,,,,,,,,,,,
16453,,,,,,,,,,,,,,,,,,,,
16454,,,,,,,,,,,,,,,,,,,,
16456,,,,,,,,,,,,,,,,,,,,
16457,,,,,,,,,,,,,,,,,,,,
16458,,,,,,,,,,,,,,,,,,,,
16459,,,,,,,,,,,,,,,,,,,,
16463,,,,,,,,,,,,,,,,,,,,
16464,,,,,,,,,,,,,,,,,,,,
16465,,,,,,,,,,,,,,,,,,,,
16466,,,,,,,,,,,,,,,,,,,,
16467,,,,,,,,,,,,,,,,,,,,
16468,,,,,,,,,,,,,,,,,,,,
16469,,,,,,,,,,,,,,,,,,,,
16470,,,,,,,,,,,,,,,,,,,,
16471,,,,,,,,,,,,,,,,,,,,
16472,,,,,,,,,,,,,,,,,,,,
16473,,,,,,,,,,,,,,,,,,,,
16475,,,,,,,,,,,,,,,,,,,,
16476,,,,,,,,,,,,,,,,,,,,
16477,,,,,,,,,,,,,,,,,,,,
16478,,,,,,,,,,,,,,,,,,,,
16479,,,,,,,,,,,,,,,,,,,,
16480,,,,,,,,,,,,,,,,,,,,
16481,,,,,,,,,,,,,,,,,,,,
16482,,,,,,,,,,,,,,,,,,,,
16483,,,,,,,,,,,,,,,,,,,,
16484,,,,,,,,,,,,,,,,,,,,
16488,,,,,,,,,,,,,,,,,,,,
16491,,,,,,,,,,,,,,,,,,,,
16492,,,,,,,,,,,,,,,,,,,,
16494,,,,,,,,,,,,,,,,,,,,
16495,,,,,,,,,,,,,,,,,,,,
16496,,,,,,,,,,,,,,,,,,,,
16497,,,,,,,,,,,,,,,,,,,,
16498,,,,,,,,,,,,,,,,,,,,
16502,,,,,,,,,,,,,,,,,,,,
16503,,,,,,,,,,,,,,,,,,,,
16504,,,,,,,,,,,,,,,,,,,,
16505,,,,,,,,,,,,,,,,,,,,
16506,,,,,,,,,,,,,,,,,,,,
16507,,,,,,,,,,,,,,,,,,,,
16508,,,,,,,,,,,,,,,,,,,,
16509,,,,,,,,,,,,,,,,,,,,
16510,,,,,,,,,,,,,,,,,,,,
16511,,,,,,,,,,,,,,,,,,,,
16513,,,,,,,,,,,,,,,,,,,,
16514,,,,,,,,,,,,,,,,,,,,
16515,,,,,,,,,,,,,,,,,,,,
16516,,,,,,,,,,,,,,,,,,,,
16517,,,,,,,,,,,,,,,,,,,,
16518,,,,,,,,,,,,,,,,,,,,
16520,,,,,,,,,,,,,,,,,,,,
16521,,,,,,,,,,,,,,,,,,,,
16522,,,,,,,,,,,,,,,,,,,,
16523,,,,,,,,,,,,,,,,,,,,
16524,,,,,,,,,,,,,,,,,,,,
16525,,,,,,,,,,,,,,,,,,,,
16526,,,,,,,,,,,,,,,,,,,,
16527,,,,,,,,,,,,,,,,,,,,
16528,,,,,,,,,,,,,,,,,,,,
16529,,,,,,,,,,,,,,,,,,,,
16530,,,,,,,,,,,,,,,,,,,,
16531,,,,,,,,,,,,,,,,,,,,
16532,,,,,,,,,,,,,,,,,,,,
16533,,,,,,,,,,,,,,,,,,,,
16534,,,,,,,,,,,,,,,,,,,,
16535,,,,,,,,,,,,,,,,,,,,
16536,,,,,,,,,,,,,,,,,,,,
16537,,,,,,,,,,,,,,,,,,,,
16538,,,,,,,,,,,,,,,,,,,,
16539,,,,,,,,,,,,,,,,,,,,
16540,,,,,,,,,,,,,,,,,,,,
16541,,,,,,,,,,,,,,,,,,,,
16543,,,,,,,,,,,,,,,,,,,,
16547,,,,,,,,,,,,,,,,,,,,
16548,,,,,,,,,,,,,,,,,,,,
16549,,,,,,,,,,,,,,,,,,,,
16550,,,,,,,,,,,,,,,,,,,,
16551,,,,,,,,,,,,,,,,,,,,
16552,,,,,,,,,,,,,,,,,,,,
16555,,,,,,,,,,,,,,,,,,,,
16556,,,,,,,,,,,,,,,,,,,,
16559,,,,,,,,,,,,,,,,,,,,
16561,,,,,,,,,,,,,,,,,,,,
16562,,,,,,,,,,,,,,,,,,,,
16563,,,,,,,,,,,,,,,,,,,,
16564,,,,,,,,,,,,,,,,,,,,
16566,,,,,,,,,,,,,,,,,,,,
16567,,,,,,,,,,,,,,,,,,,,
16568,,,,,,,,,,,,,,,,,,,,
16569,,,,,,,,,,,,,,,,,,,,
16570,,,,,,,,,,,,,,,,,,,,
16571,,,,,,,,,,,,,,,,,,,,
16572,,,,,,,,,,,,,,,,,,,,
16573,,,,,,,,,,,,,,,,,,,,
16574,,,,,,,,,,,,,,,,,,,,
16575,,,,,,,,,,,,,,,,,,,,
16576,,,,,,,,,,,,,,,,,,,,
16577,,,,,,,,,,,,,,,,,,,,
16578,,,,,,,,,,,,,,,,,,,,
16579,,,,,,,,,,,,,,,,,,,,
16580,,,,,,,,,,,,,,,,,,,,
16583,,,,,,,,,,,,,,,,,,,,
16584,,,,,,,,,,,,,,,,,,,,
16586,,,,,,,,,,,,,,,,,,,,
16587,,,,,,,,,,,,,,,,,,,,
16588,,,,,,,,,,,,,,,,,,,,
16589,,,,,,,,,,,,,,,,,,,,
16590,,,,,,,,,,,,,,,,,,,,
16591,,,,,,,,,,,,,,,,,,,,
16592,,,,,,,,,,,,,,,,,,,,
16594,,,,,,,,,,,,,,,,,,,,
16595,,,,,,,,,,,,,,,,,,,,
16597,,,,,,,,,,,,,,,,,,,,
16598,,,,,,,,,,,,,,,,,,,,
16599,,,,,,,,,,,,,,,,,,,,
16600,,,,,,,,,,,,,,,,,,,,
16601,,,,,,,,,,,,,,,,,,,,
16602,,,,,,,,,,,,,,,,,,,,
16605,,,,,,,,,,,,,,,,,,,,
16606,,,,,,,,,,,,,,,,,,,,
16608,,,,,,,,,,,,,,,,,,,,
16609,,,,,,,,,,,,,,,,,,,,
16610,,,,,,,,,,,,,,,,,,,,
16611,,,,,,,,,,,,,,,,,,,,
16612,,,,,,,,,,,,,,,,,,,,
16613,,,,,,,,,,,,,,,,,,,,
16614,,,,,,,,,,,,,,,,,,,,
16615,,,,,,,,,,,,,,,,,,,,
16616,,,,,,,,,,,,,,,,,,,,
16617,,,,,,,,,,,,,,,,,,,,
16618,,,,,,,,,,,,,,,,,,,,
16619,,,,,,,,,,,,,,,,,,,,
16620,,,,,,,,,,,,,,,,,,,,
16621,,,,,,,,,,,,,,,,,,,,
16622,,,,,,,,,,,,,,,,,,,,
16623,,,,,,,,,,,,,,,,,,,,
16624,,,,,,,,,,,,,,,,,,,,
16625,,,,,,,,,,,,,,,,,,,,
16626,,,,,,,,,,,,,,,,,,,,
16628,,,,,,,,,,,,,,,,,,,,
16629,,,,,,,,,,,,,,,,,,,,
16630,,,,,,,,,,,,,,,,,,,,
16631,,,,,,,,,,,,,,,,,,,,
16632,,,,,,,,,,,,,,,,,,,,
16633,,,,,,,,,,,,,,,,,,,,
16634,,,,,,,,,,,,,,,,,,,,
16635,,,,,,,,,,,,,,,,,,,,
16636,,,,,,,,,,,,,,,,,,,,
16637,,,,,,,,,,,,,,,,,,,,
16638,,,,,,,,,,,,,,,,,,,,
16639,,,,,,,,,,,,,,,,,,,,
16640,,,,,,,,,,,,,,,,,,,,
16641,,,,,,,,,,,,,,,,,,,,
16642,,,,,,,,,,,,,,,,,,,,
16644,,,,,,,,,,,,,,,,,,,,
16646,,,,,,,,,,,,,,,,,,,,
16647,,,,,,,,,,,,,,,,,,,,
16650,,,,,,,,,,,,,,,,,,,,
16651,,,,,,,,,,,,,,,,,,,,
16652,,,,,,,,,,,,,,,,,,,,
16653,,,,,,,,,,,,,,,,,,,,
16654,,,,,,,,,,,,,,,,,,,,
16655,,,,,,,,,,,,,,,,,,,,
16656,,,,,,,,,,,,,,,,,,,,
16657,,,,,,,,,,,,,,,,,,,,
16658,,,,,,,,,,,,,,,,,,,,
16659,,,,,,,,,,,,,,,,,,,,
16660,,,,,,,,,,,,,,,,,,,,
16661,,,,,,,,,,,,,,,,,,,,
16662,,,,,,,,,,,,,,,,,,,,
16664,,,,,,,,,,,,,,,,,,,,
16665,,,,,,,,,,,,,,,,,,,,
16666,,,,,,,,,,,,,,,,,,,,
16667,,,,,,,,,,,,,,,,,,,,
16669,,,,,,,,,,,,,,,,,,,,
16671,,,,,,,,,,,,,,,,,,,,
16672,,,,,,,,,,,,,,,,,,,,
16674,,,,,,,,,,,,,,,,,,,,
16676,,,,,,,,,,,,,,,,,,,,
16677,,,,,,,,,,,,,,,,,,,,
16678,,,,,,,,,,,,,,,,,,,,
16680,,,,,,,,,,,,,,,,,,,,
16681,,,,,,,,,,,,,,,,,,,,
16682,,,,,,,,,,,,,,,,,,,,
16683,,,,,,,,,,,,,,,,,,,,
16684,,,,,,,,,,,,,,,,,,,,
16685,,,,,,,,,,,,,,,,,,,,
16686,,,,,,,,,,,,,,,,,,,,
16688,,,,,,,,,,,,,,,,,,,,
16689,,,,,,,,,,,,,,,,,,,,
16690,,,,,,,,,,,,,,,,,,,,
16691,,,,,,,,,,,,,,,,,,,,
16692,,,,,,,,,,,,,,,,,,,,
16693,,,,,,,,,,,,,,,,,,,,
16695,,,,,,,,,,,,,,,,,,,,
16696,,,,,,,,,,,,,,,,,,,,
16697,,,,,,,,,,,,,,,,,,,,
16698,,,,,,,,,,,,,,,,,,,,
16699,,,,,,,,,,,,,,,,,,,,
16700,,,,,,,,,,,,,,,,,,,,
16701,,,,,,,,,,,,,,,,,,,,
16704,,,,,,,,,,,,,,,,,,,,
16705,,,,,,,,,,,,,,,,,,,,
16706,,,,,,,,,,,,,,,,,,,,
16707,,,,,,,,,,,,,,,,,,,,
16708,,,,,,,,,,,,,,,,,,,,
16709,,,,,,,,,,,,,,,,,,,,
16710,,,,,,,,,,,,,,,,,,,,
16711,,,,,,,,,,,,,,,,,,,,
16712,,,,,,,,,,,,,,,,,,,,
16713,,,,,,,,,,,,,,,,,,,,
16714,,,,,,,,,,,,,,,,,,,,
16715,,,,,,,,,,,,,,,,,,,,
16716,,,,,,,,,,,,,,,,,,,,
16717,,,,,,,,,,,,,,,,,,,,
16718,,,,,,,,,,,,,,,,,,,,
16719,,,,,,,,,,,,,,,,,,,,
16720,,,,,,,,,,,,,,,,,,,,
16721,,,,,,,,,,,,,,,,,,,,
16723,,,,,,,,,,,,,,,,,,,,
16724,,,,,,,,,,,,,,,,,,,,
16725,,,,,,,,,,,,,,,,,,,,
16726,,,,,,,,,,,,,,,,,,,,
16727,,,,,,,,,,,,,,,,,,,,
16728,,,,,,,,,,,,,,,,,,,,
16729,,,,,,,,,,,,,,,,,,,,
16732,,,,,,,,,,,,,,,,,,,,
16733,,,,,,,,,,,,,,,,,,,,
16734,,,,,,,,,,,,,,,,,,,,
16735,,,,,,,,,,,,,,,,,,,,
16736,,,,,,,,,,,,,,,,,,,,
16738,,,,,,,,,,,,,,,,,,,,
16742,,,,,,,,,,,,,,,,,,,,
16745,,,,,,,,,,,,,,,,,,,,
16748,,,,,,,,,,,,,,,,,,,,
16750,,,,,,,,,,,,,,,,,,,,
16751,,,,,,,,,,,,,,,,,,,,
16752,,,,,,,,,,,,,,,,,,,,
16753,,,,,,,,,,,,,,,,,,,,
16754,,,,,,,,,,,,,,,,,,,,
16755,,,,,,,,,,,,,,,,,,,,
16756,,,,,,,,,,,,,,,,,,,,
16758,,,,,,,,,,,,,,,,,,,,
16759,,,,,,,,,,,,,,,,,,,,
16760,,,,,,,,,,,,,,,,,,,,
16761,,,,,,,,,,,,,,,,,,,,
16762,,,,,,,,,,,,,,,,,,,,
16763,,,,,,,,,,,,,,,,,,,,
16764,,,,,,,,,,,,,,,,,,,,
16765,,,,,,,,,,,,,,,,,,,,
16766,,,,,,,,,,,,,,,,,,,,
16768,,,,,,,,,,,,,,,,,,,,
16769,,,,,,,,,,,,,,,,,,,,
16770,,,,,,,,,,,,,,,,,,,,
16771,,,,,,,,,,,,,,,,,,,,
16772,,,,,,,,,,,,,,,,,,,,
16773,,,,,,,,,,,,,,,,,,,,
16774,,,,,,,,,,,,,,,,,,,,
16775,,,,,,,,,,,,,,,,,,,,
16776,,,,,,,,,,,,,,,,,,,,
16777,,,,,,,,,,,,,,,,,,,,
16778,,,,,,,,,,,,,,,,,,,,
16779,,,,,,,,,,,,,,,,,,,,
16780,,,,,,,,,,,,,,,,,,,,
16781,,,,,,,,,,,,,,,,,,,,
16782,,,,,,,,,,,,,,,,,,,,
16783,,,,,,,,,,,,,,,,,,,,
16786,,,,,,,,,,,,,,,,,,,,
16787,,,,,,,,,,,,,,,,,,,,
16788,,,,,,,,,,,,,,,,,,,,
16789,,,,,,,,,,,,,,,,,,,,
16790,,,,,,,,,,,,,,,,,,,,
16791,,,,,,,,,,,,,,,,,,,,
16792,,,,,,,,,,,,,,,,,,,,
16793,,,,,,,,,,,,,,,,,,,,
16794,,,,,,,,,,,,,,,,,,,,
16795,,,,,,,,,,,,,,,,,,,,
16796,,,,,,,,,,,,,,,,,,,,
16798,,,,,,,,,,,,,,,,,,,,
16799,,,,,,,,,,,,,,,,,,,,
16800,,,,,,,,,,,,,,,,,,,,
16801,,,,,,,,,,,,,,,,,,,,
16802,,,,,,,,,,,,,,,,,,,,
16803,,,,,,,,,,,,,,,,,,,,
16804,,,,,,,,,,,,,,,,,,,,
16805,,,,,,,,,,,,,,,,,,,,
16806,,,,,,,,,,,,,,,,,,,,
16807,,,,,,,,,,,,,,,,,,,,
16808,,,,,,,,,,,,,,,,,,,,
16809,,,,,,,,,,,,,,,,,,,,
16811,,,,,,,,,,,,,,,,,,,,
16812,,,,,,,,,,,,,,,,,,,,
16813,,,,,,,,,,,,,,,,,,,,
16814,,,,,,,,,,,,,,,,,,,,
16815,,,,,,,,,,,,,,,,,,,,
16816,,,,,,,,,,,,,,,,,,,,
16817,,,,,,,,,,,,,,,,,,,,
16818,,,,,,,,,,,,,,,,,,,,
16819,,,,,,,,,,,,,,,,,,,,
16820,,,,,,,,,,,,,,,,,,,,
16821,,,,,,,,,,,,,,,,,,,,
16822,,,,,,,,,,,,,,,,,,,,
16823,,,,,,,,,,,,,,,,,,,,
16824,,,,,,,,,,,,,,,,,,,,
16825,,,,,,,,,,,,,,,,,,,,
16826,,,,,,,,,,,,,,,,,,,,
16827,,,,,,,,,,,,,,,,,,,,
16828,,,,,,,,,,,,,,,,,,,,
16829,,,,,,,,,,,,,,,,,,,,
16830,,,,,,,,,,,,,,,,,,,,
16831,,,,,,,,,,,,,,,,,,,,
16832,,,,,,,,,,,,,,,,,,,,
16833,,,,,,,,,,,,,,,,,,,,
16834,,,,,,,,,,,,,,,,,,,,
16835,,,,,,,,,,,,,,,,,,,,
16836,,,,,,,,,,,,,,,,,,,,
16837,,,,,,,,,,,,,,,,,,,,
16838,,,,,,,,,,,,,,,,,,,,
16839,,,,,,,,,,,,,,,,,,,,
16842,,,,,,,,,,,,,,,,,,,,
16843,,,,,,,,,,,,,,,,,,,,
16844,,,,,,,,,,,,,,,,,,,,
16845,,,,,,,,,,,,,,,,,,,,
16846,,,,,,,,,,,,,,,,,,,,
16847,,,,,,,,,,,,,,,,,,,,
16848,,,,,,,,,,,,,,,,,,,,
16849,,,,,,,,,,,,,,,,,,,,
16850,,,,,,,,,,,,,,,,,,,,
16851,,,,,,,,,,,,,,,,,,,,
16852,,,,,,,,,,,,,,,,,,,,
16853,,,,,,,,,,,,,,,,,,,,
16854,,,,,,,,,,,,,,,,,,,,
16855,,,,,,,,,,,,,,,,,,,,
16857,,,,,,,,,,,,,,,,,,,,
16858,,,,,,,,,,,,,,,,,,,,
16860,,,,,,,,,,,,,,,,,,,,
16861,,,,,,,,,,,,,,,,,,,,
16862,,,,,,,,,,,,,,,,,,,,
16863,,,,,,,,,,,,,,,,,,,,
16864,,,,,,,,,,,,,,,,,,,,
16865,,,,,,,,,,,,,,,,,,,,
16866,,,,,,,,,,,,,,,,,,,,
16867,,,,,,,,,,,,,,,,,,,,
16868,,,,,,,,,,,,,,,,,,,,
16869,,,,,,,,,,,,,,,,,,,,
16870,,,,,,,,,,,,,,,,,,,,
16871,,,,,,,,,,,,,,,,,,,,
16872,,,,,,,,,,,,,,,,,,,,
16873,,,,,,,,,,,,,,,,,,,,
16874,,,,,,,,,,,,,,,,,,,,
16875,,,,,,,,,,,,,,,,,,,,
16876,,,,,,,,,,,,,,,,,,,,
16877,,,,,,,,,,,,,,,,,,,,
16878,,,,,,,,,,,,,,,,,,,,
16879,,,,,,,,,,,,,,,,,,,,
16880,,,,,,,,,,,,,,,,,,,,
16881,,,,,,,,,,,,,,,,,,,,
16882,,,,,,,,,,,,,,,,,,,,
16883,,,,,,,,,,,,,,,,,,,,
16884,,,,,,,,,,,,,,,,,,,,
16885,,,,,,,,,,,,,,,,,,,,
16887,,,,,,,,,,,,,,,,,,,,
16889,,,,,,,,,,,,,,,,,,,,
16890,,,,,,,,,,,,,,,,,,,,
16891,,,,,,,,,,,,,,,,,,,,
16892,,,,,,,,,,,,,,,,,,,,
16895,,,,,,,,,,,,,,,,,,,,
16897,,,,,,,,,,,,,,,,,,,,
16898,,,,,,,,,,,,,,,,,,,,
16899,,,,,,,,,,,,,,,,,,,,
16900,,,,,,,,,,,,,,,,,,,,
16901,,,,,,,,,,,,,,,,,,,,
16902,,,,,,,,,,,,,,,,,,,,
16903,,,,,,,,,,,,,,,,,,,,
16904,,,,,,,,,,,,,,,,,,,,
16905,,,,,,,,,,,,,,,,,,,,
16906,,,,,,,,,,,,,,,,,,,,
16908,,,,,,,,,,,,,,,,,,,,
16909,,,,,,,,,,,,,,,,,,,,
16910,,,,,,,,,,,,,,,,,,,,
16911,,,,,,,,,,,,,,,,,,,,
16912,,,,,,,,,,,,,,,,,,,,
16913,,,,,,,,,,,,,,,,,,,,
16914,,,,,,,,,,,,,,,,,,,,
16915,,,,,,,,,,,,,,,,,,,,
16916,,,,,,,,,,,,,,,,,,,,
16917,,,,,,,,,,,,,,,,,,,,
16918,,,,,,,,,,,,,,,,,,,,
16919,,,,,,,,,,,,,,,,,,,,
16920,,,,,,,,,,,,,,,,,,,,
16921,,,,,,,,,,,,,,,,,,,,
16922,,,,,,,,,,,,,,,,,,,,
16923,,,,,,,,,,,,,,,,,,,,
16924,,,,,,,,,,,,,,,,,,,,
16925,,,,,,,,,,,,,,,,,,,,
16926,,,,,,,,,,,,,,,,,,,,
16927,,,,,,,,,,,,,,,,,,,,
16929,,,,,,,,,,,,,,,,,,,,
16930,,,,,,,,,,,,,,,,,,,,
16931,,,,,,,,,,,,,,,,,,,,
16932,,,,,,,,,,,,,,,,,,,,
16933,,,,,,,,,,,,,,,,,,,,
16934,,,,,,,,,,,,,,,,,,,,
16935,,,,,,,,,,,,,,,,,,,,
16936,,,,,,,,,,,,,,,,,,,,
16937,,,,,,,,,,,,,,,,,,,,
16939,,,,,,,,,,,,,,,,,,,,
16940,,,,,,,,,,,,,,,,,,,,
16941,,,,,,,,,,,,,,,,,,,,
16942,,,,,,,,,,,,,,,,,,,,
16943,,,,,,,,,,,,,,,,,,,,
16944,,,,,,,,,,,,,,,,,,,,
16945,,,,,,,,,,,,,,,,,,,,
16946,,,,,,,,,,,,,,,,,,,,
16947,,,,,,,,,,,,,,,,,,,,
16948,,,,,,,,,,,,,,,,,,,,
16950,,,,,,,,,,,,,,,,,,,,
16951,,,,,,,,,,,,,,,,,,,,
16952,,,,,,,,,,,,,,,,,,,,
16953,,,,,,,,,,,,,,,,,,,,
16954,,,,,,,,,,,,,,,,,,,,
16955,,,,,,,,,,,,,,,,,,,,
16957,,,,,,,,,,,,,,,,,,,,
16958,,,,,,,,,,,,,,,,,,,,
16959,,,,,,,,,,,,,,,,,,,,
16961,,,,,,,,,,,,,,,,,,,,
16962,,,,,,,,,,,,,,,,,,,,
16963,,,,,,,,,,,,,,,,,,,,
16964,,,,,,,,,,,,,,,,,,,,
16965,,,,,,,,,,,,,,,,,,,,
16966,,,,,,,,,,,,,,,,,,,,
16967,,,,,,,,,,,,,,,,,,,,
16969,,,,,,,,,,,,,,,,,,,,
16970,,,,,,,,,,,,,,,,,,,,
16971,,,,,,,,,,,,,,,,,,,,
16972,,,,,,,,,,,,,,,,,,,,
16973,,,,,,,,,,,,,,,,,,,,
16974,,,,,,,,,,,,,,,,,,,,
16975,,,,,,,,,,,,,,,,,,,,
16976,,,,,,,,,,,,,,,,,,,,
16977,,,,,,,,,,,,,,,,,,,,
16978,,,,,,,,,,,,,,,,,,,,
16979,,,,,,,,,,,,,,,,,,,,
16980,,,,,,,,,,,,,,,,,,,,
16981,,,,,,,,,,,,,,,,,,,,
16983,,,,,,,,,,,,,,,,,,,,
16984,,,,,,,,,,,,,,,,,,,,
16985,,,,,,,,,,,,,,,,,,,,
16986,,,,,,,,,,,,,,,,,,,,
16987,,,,,,,,,,,,,,,,,,,,
16989,,,,,,,,,,,,,,,,,,,,
16990,,,,,,,,,,,,,,,,,,,,
16991,,,,,,,,,,,,,,,,,,,,
16992,,,,,,,,,,,,,,,,,,,,
16993,,,,,,,,,,,,,,,,,,,,
16994,,,,,,,,,,,,,,,,,,,,
16995,,,,,,,,,,,,,,,,,,,,
16996,,,,,,,,,,,,,,,,,,,,
16997,,,,,,,,,,,,,,,,,,,,
16998,,,,,,,,,,,,,,,,,,,,
16999,,,,,,,,,,,,,,,,,,,,
17000,,,,,,,,,,,,,,,,,,,,
17001,,,,,,,,,,,,,,,,,,,,
17002,,,,,,,,,,,,,,,,,,,,
17003,,,,,,,,,,,,,,,,,,,,
17004,,,,,,,,,,,,,,,,,,,,
17005,,,,,,,,,,,,,,,,,,,,
17006,,,,,,,,,,,,,,,,,,,,
17007,,,,,,,,,,,,,,,,,,,,
17008,,,,,,,,,,,,,,,,,,,,
17009,,,,,,,,,,,,,,,,,,,,
17010,,,,,,,,,,,,,,,,,,,,
17011,,,,,,,,,,,,,,,,,,,,
17015,,,,,,,,,,,,,,,,,,,,
17016,,,,,,,,,,,,,,,,,,,,
17017,,,,,,,,,,,,,,,,,,,,
17019,,,,,,,,,,,,,,,,,,,,
17021,,,,,,,,,,,,,,,,,,,,
17022,,,,,,,,,,,,,,,,,,,,
17026,,,,,,,,,,,,,,,,,,,,
17027,,,,,,,,,,,,,,,,,,,,
17028,,,,,,,,,,,,,,,,,,,,
17029,,,,,,,,,,,,,,,,,,,,
17030,,,,,,,,,,,,,,,,,,,,
17031,,,,,,,,,,,,,,,,,,,,
17032,,,,,,,,,,,,,,,,,,,,
17033,,,,,,,,,,,,,,,,,,,,
17034,,,,,,,,,,,,,,,,,,,,
17035,,,,,,,,,,,,,,,,,,,,
17036,,,,,,,,,,,,,,,,,,,,
17037,,,,,,,,,,,,,,,,,,,,
17038,,,,,,,,,,,,,,,,,,,,
17039,,,,,,,,,,,,,,,,,,,,
17040,,,,,,,,,,,,,,,,,,,,
17041,,,,,,,,,,,,,,,,,,,,
17043,,,,,,,,,,,,,,,,,,,,
17044,,,,,,,,,,,,,,,,,,,,
17045,,,,,,,,,,,,,,,,,,,,
17046,,,,,,,,,,,,,,,,,,,,
17047,,,,,,,,,,,,,,,,,,,,
17052,,,,,,,,,,,,,,,,,,,,
17055,,,,,,,,,,,,,,,,,,,,
17056,,,,,,,,,,,,,,,,,,,,
17057,,,,,,,,,,,,,,,,,,,,
17058,,,,,,,,,,,,,,,,,,,,
17059,,,,,,,,,,,,,,,,,,,,
17060,,,,,,,,,,,,,,,,,,,,
17061,,,,,,,,,,,,,,,,,,,,
17062,,,,,,,,,,,,,,,,,,,,
17063,,,,,,,,,,,,,,,,,,,,
17064,,,,,,,,,,,,,,,,,,,,
17065,,,,,,,,,,,,,,,,,,,,
17066,,,,,,,,,,,,,,,,,,,,
17067,,,,,,,,,,,,,,,,,,,,
17068,,,,,,,,,,,,,,,,,,,,
17069,,,,,,,,,,,,,,,,,,,,
17070,,,,,,,,,,,,,,,,,,,,
17071,,,,,,,,,,,,,,,,,,,,
17072,,,,,,,,,,,,,,,,,,,,
17073,,,,,,,,,,,,,,,,,,,,
17074,,,,,,,,,,,,,,,,,,,,
17075,,,,,,,,,,,,,,,,,,,,
17076,,,,,,,,,,,,,,,,,,,,
17077,,,,,,,,,,,,,,,,,,,,
17093,,,,,,,,,,,,,,,,,,,,
17094,,,,,,,,,,,,,,,,,,,,
17095,,,,,,,,,,,,,,,,,,,,
17097,,,,,,,,,,,,,,,,,,,,
17098,,,,,,,,,,,,,,,,,,,,
17099,,,,,,,,,,,,,,,,,,,,
17100,,,,,,,,,,,,,,,,,,,,
17101,,,,,,,,,,,,,,,,,,,,
17102,,,,,,,,,,,,,,,,,,,,
17103,,,,,,,,,,,,,,,,,,,,
17104,,,,,,,,,,,,,,,,,,,,
17105,,,,,,,,,,,,,,,,,,,,
17106,,,,,,,,,,,,,,,,,,,,
17108,,,,,,,,,,,,,,,,,,,,
17109,,,,,,,,,,,,,,,,,,,,
17110,,,,,,,,,,,,,,,,,,,,
17113,,,,,,,,,,,,,,,,,,,,
17114,,,,,,,,,,,,,,,,,,,,
17115,,,,,,,,,,,,,,,,,,,,
17116,,,,,,,,,,,,,,,,,,,,
17118,,,,,,,,,,,,,,,,,,,,
17120,,,,,,,,,,,,,,,,,,,,
17122,,,,,,,,,,,,,,,,,,,,
17123,,,,,,,,,,,,,,,,,,,,
17124,,,,,,,,,,,,,,,,,,,,
17125,,,,,,,,,,,,,,,,,,,,
17126,,,,,,,,,,,,,,,,,,,,
17127,,,,,,,,,,,,,,,,,,,,
17128,,,,,,,,,,,,,,,,,,,,
17129,,,,,,,,,,,,,,,,,,,,
17130,,,,,,,,,,,,,,,,,,,,
17131,,,,,,,,,,,,,,,,,,,,
17132,,,,,,,,,,,,,,,,,,,,
17133,,,,,,,,,,,,,,,,,,,,
17134,,,,,,,,,,,,,,,,,,,,
17135,,,,,,,,,,,,,,,,,,,,
17136,,,,,,,,,,,,,,,,,,,,
17137,,,,,,,,,,,,,,,,,,,,
17138,,,,,,,,,,,,,,,,,,,,
17139,,,,,,,,,,,,,,,,,,,,
17140,,,,,,,,,,,,,,,,,,,,
17141,,,,,,,,,,,,,,,,,,,,
17142,,,,,,,,,,,,,,,,,,,,
17143,,,,,,,,,,,,,,,,,,,,
17146,,,,,,,,,,,,,,,,,,,,
17151,,,,,,,,,,,,,,,,,,,,
17152,,,,,,,,,,,,,,,,,,,,
17160,,,,,,,,,,,,,,,,,,,,
17162,,,,,,,,,,,,,,,,,,,,
17164,,,,,,,,,,,,,,,,,,,,
17165,,,,,,,,,,,,,,,,,,,,
17166,,,,,,,,,,,,,,,,,,,,
17167,,,,,,,,,,,,,,,,,,,,
17168,,,,,,,,,,,,,,,,,,,,
17169,,,,,,,,,,,,,,,,,,,,
17170,,,,,,,,,,,,,,,,,,,,
17171,,,,,,,,,,,,,,,,,,,,
17172,,,,,,,,,,,,,,,,,,,,
17174,,,,,,,,,,,,,,,,,,,,
17176,,,,,,,,,,,,,,,,,,,,
17177,,,,,,,,,,,,,,,,,,,,
17178,,,,,,,,,,,,,,,,,,,,
17179,,,,,,,,,,,,,,,,,,,,
17180,,,,,,,,,,,,,,,,,,,,
17181,,,,,,,,,,,,,,,,,,,,
17182,,,,,,,,,,,,,,,,,,,,
17183,,,,,,,,,,,,,,,,,,,,
17184,,,,,,,,,,,,,,,,,,,,
17185,,,,,,,,,,,,,,,,,,,,
17186,,,,,,,,,,,,,,,,,,,,
17187,,,,,,,,,,,,,,,,,,,,
17188,,,,,,,,,,,,,,,,,,,,
17189,,,,,,,,,,,,,,,,,,,,
17190,,,,,,,,,,,,,,,,,,,,
17191,,,,,,,,,,,,,,,,,,,,
17192,,,,,,,,,,,,,,,,,,,,
17193,,,,,,,,,,,,,,,,,,,,
17194,,,,,,,,,,,,,,,,,,,,
17195,,,,,,,,,,,,,,,,,,,,
17196,,,,,,,,,,,,,,,,,,,,
17201,,,,,,,,,,,,,,,,,,,,
17202,,,,,,,,,,,,,,,,,,,,
17203,,,,,,,,,,,,,,,,,,,,
17206,,,,,,,,,,,,,,,,,,,,
17209,,,,,,,,,,,,,,,,,,,,
17211,,,,,,,,,,,,,,,,,,,,
17214,,,,,,,,,,,,,,,,,,,,
17215,,,,,,,,,,,,,,,,,,,,
17216,,,,,,,,,,,,,,,,,,,,
17217,,,,,,,,,,,,,,,,,,,,
17222,,,,,,,,,,,,,,,,,,,,
17223,,,,,,,,,,,,,,,,,,,,
17224,,,,,,,,,,,,,,,,,,,,
17225,,,,,,,,,,,,,,,,,,,,
17226,,,,,,,,,,,,,,,,,,,,
17228,,,,,,,,,,,,,,,,,,,,
17229,,,,,,,,,,,,,,,,,,,,
17230,,,,,,,,,,,,,,,,,,,,
17231,,,,,,,,,,,,,,,,,,,,
